<?xml version="1.0" encoding="UTF-8"?>
<kml xmlns="http://www.opengis.net/kml/2.2">
  <Document>
    <name>DeFlock ALPR Cameras -- Texas (2026-08-25) -- part 8 of 9</name>
    <description>Source: OpenStreetMap (surveillance:type=ALPR), same data DeFlock.me displays. ODbL licensed -- see https://www.openstreetmap.org/copyright</description>
    <Placemark>
      <name>ALPR</name>
      <description>OSM node: https://www.openstreetmap.org/node/14019235901
Manufacturer: Flock Safety
Direction: 332;0
Zone: traffic
Camera type: fixed</description>
      <Point>
        <coordinates>-96.9985195,32.7243997,0</coordinates>
      </Point>
    </Placemark>
    <Placemark>
      <name>ALPR</name>
      <description>OSM node: https://www.openstreetmap.org/node/14019236501
Manufacturer: Flock Safety
Direction: 226
Zone: traffic
Camera type: fixed</description>
      <Point>
        <coordinates>-96.9985108,32.7247515,0</coordinates>
      </Point>
    </Placemark>
    <Placemark>
      <name>ALPR</name>
      <description>OSM node: https://www.openstreetmap.org/node/14019236503
Manufacturer: Flock Safety
Direction: 49
Zone: traffic
Camera type: fixed</description>
      <Point>
        <coordinates>-97.0014384,32.7247449,0</coordinates>
      </Point>
    </Placemark>
    <Placemark>
      <name>ALPR</name>
      <description>OSM node: https://www.openstreetmap.org/node/14019240301
Manufacturer: Flock Safety
Direction: 244
Zone: traffic
Camera type: fixed</description>
      <Point>
        <coordinates>-96.9947809,32.7272995,0</coordinates>
      </Point>
    </Placemark>
    <Placemark>
      <name>ALPR</name>
      <description>OSM node: https://www.openstreetmap.org/node/14019240601
Manufacturer: Flock Safety
Direction: 77
Zone: traffic
Camera type: fixed</description>
      <Point>
        <coordinates>-96.995711,32.7271719,0</coordinates>
      </Point>
    </Placemark>
    <Placemark>
      <name>ALPR</name>
      <description>OSM node: https://www.openstreetmap.org/node/14019322601
Manufacturer: Flock Safety
Direction: 333
Zone: traffic
Camera type: fixed</description>
      <Point>
        <coordinates>-98.3605878,29.4490446,0</coordinates>
      </Point>
    </Placemark>
    <Placemark>
      <name>ALPR</name>
      <description>OSM node: https://www.openstreetmap.org/node/14019323601
Manufacturer: Flock Safety
Direction: 0
Zone: traffic
Camera type: fixed</description>
      <Point>
        <coordinates>-98.3797784,29.4397203,0</coordinates>
      </Point>
    </Placemark>
    <Placemark>
      <name>ALPR</name>
      <description>OSM node: https://www.openstreetmap.org/node/14019394001
Manufacturer: Flock Safety
Direction: 177
Zone: traffic
Camera type: fixed</description>
      <Point>
        <coordinates>-97.03773,32.6910495,0</coordinates>
      </Point>
    </Placemark>
    <Placemark>
      <name>ALPR</name>
      <description>OSM node: https://www.openstreetmap.org/node/14019394002
Manufacturer: Flock Safety
Direction: 168
Zone: traffic
Camera type: fixed</description>
      <Point>
        <coordinates>-97.0400732,32.6911251,0</coordinates>
      </Point>
    </Placemark>
    <Placemark>
      <name>ALPR</name>
      <description>OSM node: https://www.openstreetmap.org/node/14019394601
Manufacturer: Flock Safety
Direction: 265
Zone: traffic
Camera type: fixed</description>
      <Point>
        <coordinates>-97.0363542,32.6895888,0</coordinates>
      </Point>
    </Placemark>
    <Placemark>
      <name>ALPR</name>
      <description>OSM node: https://www.openstreetmap.org/node/14019395701
Manufacturer: Flock Safety
Direction: 271
Zone: traffic
Camera type: fixed</description>
      <Point>
        <coordinates>-97.0362328,32.685244,0</coordinates>
      </Point>
    </Placemark>
    <Placemark>
      <name>ALPR</name>
      <description>OSM node: https://www.openstreetmap.org/node/14019395702
Manufacturer: Flock Safety
Direction: 0
Zone: traffic
Camera type: fixed</description>
      <Point>
        <coordinates>-97.0368704,32.6841908,0</coordinates>
      </Point>
    </Placemark>
    <Placemark>
      <name>ALPR</name>
      <description>OSM node: https://www.openstreetmap.org/node/14019398201
Manufacturer: Flock Safety
Direction: 0
Zone: traffic
Camera type: fixed</description>
      <Point>
        <coordinates>-97.0407325,32.68424,0</coordinates>
      </Point>
    </Placemark>
    <Placemark>
      <name>ALPR</name>
      <description>OSM node: https://www.openstreetmap.org/node/14019857201
Manufacturer: Flock Safety
Direction: 133;134
Zone: traffic
Camera type: fixed</description>
      <Point>
        <coordinates>-96.549964,31.5380346,0</coordinates>
      </Point>
    </Placemark>
    <Placemark>
      <name>ALPR</name>
      <description>OSM node: https://www.openstreetmap.org/node/14019861602
Manufacturer: Flock Safety
Direction: 55;0
Zone: traffic
Camera type: fixed</description>
      <Point>
        <coordinates>-96.5420975,31.5211835,0</coordinates>
      </Point>
    </Placemark>
    <Placemark>
      <name>ALPR</name>
      <description>OSM node: https://www.openstreetmap.org/node/14019867301
Manufacturer: Flock Safety
Direction: 0;23
Zone: traffic
Camera type: fixed</description>
      <Point>
        <coordinates>-96.5444597,31.5107002,0</coordinates>
      </Point>
    </Placemark>
    <Placemark>
      <name>ALPR</name>
      <description>OSM node: https://www.openstreetmap.org/node/14019871601
Manufacturer: Flock Safety
Direction: 241
Zone: traffic
Camera type: fixed</description>
      <Point>
        <coordinates>-96.423502,32.786074,0</coordinates>
      </Point>
    </Placemark>
    <Placemark>
      <name>ALPR</name>
      <description>OSM node: https://www.openstreetmap.org/node/14019877901
Manufacturer: Flock Safety
Direction: 216;244
Zone: traffic
Camera type: fixed</description>
      <Point>
        <coordinates>-96.5023742,31.5147844,0</coordinates>
      </Point>
    </Placemark>
    <Placemark>
      <name>ALPR</name>
      <description>OSM node: https://www.openstreetmap.org/node/14019916801
Manufacturer: Flock Safety
Direction: 199
Zone: traffic
Camera type: fixed</description>
      <Point>
        <coordinates>-96.4233628,32.785109,0</coordinates>
      </Point>
    </Placemark>
    <Placemark>
      <name>ALPR</name>
      <description>OSM node: https://www.openstreetmap.org/node/14020001443
Manufacturer: Flock Safety
Direction: 129
Zone: traffic
Camera type: fixed</description>
      <Point>
        <coordinates>-98.2961507,29.5875512,0</coordinates>
      </Point>
    </Placemark>
    <Placemark>
      <name>ALPR</name>
      <description>OSM node: https://www.openstreetmap.org/node/14020042301
Manufacturer: Flock Safety
Direction: 0;329;15
Zone: traffic
Camera type: fixed</description>
      <Point>
        <coordinates>-96.51628,31.62949,0</coordinates>
      </Point>
    </Placemark>
    <Placemark>
      <name>ALPR</name>
      <description>OSM node: https://www.openstreetmap.org/node/14020063401
Manufacturer: Flock Safety
Direction: 100
Zone: traffic
Camera type: fixed</description>
      <Point>
        <coordinates>-97.9479183,26.0871859,0</coordinates>
      </Point>
    </Placemark>
    <Placemark>
      <name>ALPR</name>
      <description>OSM node: https://www.openstreetmap.org/node/14020176302
Zone: traffic
Camera type: fixed</description>
      <Point>
        <coordinates>-95.4243639,29.9970383,0</coordinates>
      </Point>
    </Placemark>
    <Placemark>
      <name>ALPR</name>
      <description>OSM node: https://www.openstreetmap.org/node/14020212201
Zone: traffic
Camera type: fixed</description>
      <Point>
        <coordinates>-95.4244044,29.9970472,0</coordinates>
      </Point>
    </Placemark>
    <Placemark>
      <name>ALPR</name>
      <description>OSM node: https://www.openstreetmap.org/node/14020213601
Zone: traffic
Camera type: fixed</description>
      <Point>
        <coordinates>-95.4242666,29.9974132,0</coordinates>
      </Point>
    </Placemark>
    <Placemark>
      <name>ALPR</name>
      <description>OSM node: https://www.openstreetmap.org/node/14020248301
Manufacturer: Flock Safety
Direction: 331
Zone: traffic
Camera type: fixed</description>
      <Point>
        <coordinates>-95.0979642,29.664592,0</coordinates>
      </Point>
    </Placemark>
    <Placemark>
      <name>ALPR</name>
      <description>OSM node: https://www.openstreetmap.org/node/14020259101
Manufacturer: Flock Safety
Direction: 101
Zone: traffic
Camera type: fixed</description>
      <Point>
        <coordinates>-95.1078301,29.6343647,0</coordinates>
      </Point>
    </Placemark>
    <Placemark>
      <name>ALPR</name>
      <description>OSM node: https://www.openstreetmap.org/node/14020266226
Manufacturer: Flock Safety
Direction: 190
Zone: traffic
Camera type: fixed</description>
      <Point>
        <coordinates>-96.6756274,30.5561048,0</coordinates>
      </Point>
    </Placemark>
    <Placemark>
      <name>ALPR</name>
      <description>OSM node: https://www.openstreetmap.org/node/14020292101
Manufacturer: Flock Safety
Direction: 205
Zone: traffic
Camera type: fixed</description>
      <Point>
        <coordinates>-94.8107511,29.2756125,0</coordinates>
      </Point>
    </Placemark>
    <Placemark>
      <name>ALPR</name>
      <description>OSM node: https://www.openstreetmap.org/node/14020392601
Manufacturer: Flock Safety
Direction: 339
Zone: traffic
Camera type: fixed</description>
      <Point>
        <coordinates>-99.7249544,33.984589,0</coordinates>
      </Point>
    </Placemark>
    <Placemark>
      <name>Lowe's ALPR</name>
      <description>OSM node: https://www.openstreetmap.org/node/14020468102
Operator: Lowe's
Manufacturer: Flock Safety
Direction: 67
Zone: traffic
Camera type: fixed</description>
      <Point>
        <coordinates>-95.6385187,30.0913701,0</coordinates>
      </Point>
    </Placemark>
    <Placemark>
      <name>ALPR</name>
      <description>OSM node: https://www.openstreetmap.org/node/14020492001
Manufacturer: Flock Safety
Direction: 46;0;141
Zone: traffic
Camera type: fixed</description>
      <Point>
        <coordinates>-96.5224162,33.1914696,0</coordinates>
      </Point>
    </Placemark>
    <Placemark>
      <name>ALPR</name>
      <description>OSM node: https://www.openstreetmap.org/node/14020519201
Manufacturer: Flock Safety
Direction: 23;150
Zone: traffic
Camera type: fixed</description>
      <Point>
        <coordinates>-96.5183807,33.191252,0</coordinates>
      </Point>
    </Placemark>
    <Placemark>
      <name>ALPR</name>
      <description>OSM node: https://www.openstreetmap.org/node/14020524201
Manufacturer: Flock Safety
Direction: 170
Zone: traffic
Camera type: fixed</description>
      <Point>
        <coordinates>-97.7867904,31.0978259,0</coordinates>
      </Point>
    </Placemark>
    <Placemark>
      <name>ALPR</name>
      <description>OSM node: https://www.openstreetmap.org/node/14020579801
Manufacturer: Flock Safety
Direction: 60
Zone: traffic
Camera type: fixed</description>
      <Point>
        <coordinates>-103.042684,34.8210808,0</coordinates>
      </Point>
    </Placemark>
    <Placemark>
      <name>ALPR</name>
      <description>OSM node: https://www.openstreetmap.org/node/14020582101
Manufacturer: Flock Safety
Direction: 145
Zone: traffic
Camera type: fixed</description>
      <Point>
        <coordinates>-102.5353223,36.5003474,0</coordinates>
      </Point>
    </Placemark>
    <Placemark>
      <name>ALPR</name>
      <description>OSM node: https://www.openstreetmap.org/node/14020616601
Zone: traffic
Camera type: fixed</description>
      <Point>
        <coordinates>-95.3892134,30.0239112,0</coordinates>
      </Point>
    </Placemark>
    <Placemark>
      <name>ALPR</name>
      <description>OSM node: https://www.openstreetmap.org/node/14020673502
Manufacturer: Flock Safety
Direction: 0
Zone: traffic
Camera type: fixed</description>
      <Point>
        <coordinates>-97.6072293,33.1964457,0</coordinates>
      </Point>
    </Placemark>
    <Placemark>
      <name>ALPR</name>
      <description>OSM node: https://www.openstreetmap.org/node/14020826001
Manufacturer: Flock Safety
Direction: 258
Zone: traffic
Camera type: fixed</description>
      <Point>
        <coordinates>-97.107252,32.7338504,0</coordinates>
      </Point>
    </Placemark>
    <Placemark>
      <name>ALPR</name>
      <description>OSM node: https://www.openstreetmap.org/node/14020849101
Manufacturer: Flock Safety
Direction: 160
Zone: traffic
Camera type: fixed</description>
      <Point>
        <coordinates>-94.4007422,29.8239264,0</coordinates>
      </Point>
    </Placemark>
    <Placemark>
      <name>ALPR</name>
      <description>OSM node: https://www.openstreetmap.org/node/14020886001
Manufacturer: Flock Safety
Direction: 178
Zone: traffic
Camera type: fixed</description>
      <Point>
        <coordinates>-95.1399989,33.0544687,0</coordinates>
      </Point>
    </Placemark>
    <Placemark>
      <name>ALPR</name>
      <description>OSM node: https://www.openstreetmap.org/node/14020910813
Manufacturer: Flock Safety
Direction: 126
Zone: traffic
Camera type: fixed</description>
      <Point>
        <coordinates>-98.0557587,32.8108154,0</coordinates>
      </Point>
    </Placemark>
    <Placemark>
      <name>ALPR</name>
      <description>OSM node: https://www.openstreetmap.org/node/14020955701
Manufacturer: Flock Safety
Direction: 255
Zone: traffic
Camera type: fixed</description>
      <Point>
        <coordinates>-96.3879805,33.1590077,0</coordinates>
      </Point>
    </Placemark>
    <Placemark>
      <name>ALPR</name>
      <description>OSM node: https://www.openstreetmap.org/node/14020970279
Manufacturer: Flock Safety
Direction: 190
Zone: traffic
Camera type: fixed</description>
      <Point>
        <coordinates>-99.5107736,27.6191973,0</coordinates>
      </Point>
    </Placemark>
    <Placemark>
      <name>ALPR</name>
      <description>OSM node: https://www.openstreetmap.org/node/14020994590
Manufacturer: Flock Safety
Direction: 30
Zone: traffic
Camera type: fixed</description>
      <Point>
        <coordinates>-99.5107286,27.6192343,0</coordinates>
      </Point>
    </Placemark>
    <Placemark>
      <name>ALPR</name>
      <description>OSM node: https://www.openstreetmap.org/node/14020994704
Manufacturer: Flock Safety
Direction: 85
Zone: traffic
Camera type: fixed</description>
      <Point>
        <coordinates>-99.4903913,27.6289765,0</coordinates>
      </Point>
    </Placemark>
    <Placemark>
      <name>ALPR</name>
      <description>OSM node: https://www.openstreetmap.org/node/14020996985
Manufacturer: Flock Safety
Direction: 200
Zone: traffic
Camera type: fixed</description>
      <Point>
        <coordinates>-99.4401527,27.7523978,0</coordinates>
      </Point>
    </Placemark>
    <Placemark>
      <name>ALPR</name>
      <description>OSM node: https://www.openstreetmap.org/node/14021016946
Manufacturer: Flock Safety
Direction: 300
Zone: traffic
Camera type: fixed</description>
      <Point>
        <coordinates>-99.5107604,27.6192148,0</coordinates>
      </Point>
    </Placemark>
    <Placemark>
      <name>ALPR</name>
      <description>OSM node: https://www.openstreetmap.org/node/14021043946
Manufacturer: Flock Safety
Direction: 12
Zone: traffic
Camera type: fixed</description>
      <Point>
        <coordinates>-99.4880876,27.6324123,0</coordinates>
      </Point>
    </Placemark>
    <Placemark>
      <name>ALPR</name>
      <description>OSM node: https://www.openstreetmap.org/node/14021048959
Manufacturer: Flock Safety
Direction: 250
Zone: traffic
Camera type: fixed</description>
      <Point>
        <coordinates>-95.0320748,29.7949536,0</coordinates>
      </Point>
    </Placemark>
    <Placemark>
      <name>ALPR</name>
      <description>OSM node: https://www.openstreetmap.org/node/14021052201
Manufacturer: Flock Safety
Direction: 325
Zone: traffic
Camera type: fixed</description>
      <Point>
        <coordinates>-96.9689056,32.9523855,0</coordinates>
      </Point>
    </Placemark>
    <Placemark>
      <name>ALPR</name>
      <description>OSM node: https://www.openstreetmap.org/node/14021052501
Manufacturer: Flock Safety
Direction: 96
Zone: traffic
Camera type: fixed</description>
      <Point>
        <coordinates>-96.9697935,32.9514538,0</coordinates>
      </Point>
    </Placemark>
    <Placemark>
      <name>ALPR</name>
      <description>OSM node: https://www.openstreetmap.org/node/14021062404
Manufacturer: Flock Safety
Direction: 290
Zone: traffic
Camera type: fixed</description>
      <Point>
        <coordinates>-95.0320946,29.7943238,0</coordinates>
      </Point>
    </Placemark>
    <Placemark>
      <name>ALPR</name>
      <description>OSM node: https://www.openstreetmap.org/node/14021065635
Manufacturer: Flock Safety
Direction: 53
Zone: traffic
Camera type: fixed</description>
      <Point>
        <coordinates>-99.3946987,27.9061531,0</coordinates>
      </Point>
    </Placemark>
    <Placemark>
      <name>ALPR</name>
      <description>OSM node: https://www.openstreetmap.org/node/14021065998
Manufacturer: Flock Safety
Direction: 340
Zone: traffic
Camera type: fixed</description>
      <Point>
        <coordinates>-99.3945505,27.9061289,0</coordinates>
      </Point>
    </Placemark>
    <Placemark>
      <name>ALPR</name>
      <description>OSM node: https://www.openstreetmap.org/node/14021066001
Manufacturer: Flock Safety
Direction: 312
Zone: traffic
Camera type: fixed</description>
      <Point>
        <coordinates>-97.153038,32.5350813,0</coordinates>
      </Point>
    </Placemark>
    <Placemark>
      <name>ALPR</name>
      <description>OSM node: https://www.openstreetmap.org/node/14021066003
Manufacturer: Motorola Solutions
Direction: 0
Zone: traffic
Camera type: fixed</description>
      <Point>
        <coordinates>-95.1255336,31.0546581,0</coordinates>
      </Point>
    </Placemark>
    <Placemark>
      <name>ALPR</name>
      <description>OSM node: https://www.openstreetmap.org/node/14021066866
Manufacturer: Flock Safety
Direction: 340
Zone: traffic
Camera type: fixed</description>
      <Point>
        <coordinates>-99.3945508,27.9061259,0</coordinates>
      </Point>
    </Placemark>
    <Placemark>
      <name>ALPR</name>
      <description>OSM node: https://www.openstreetmap.org/node/14021067251
Manufacturer: Flock Safety
Direction: 40
Zone: traffic
Camera type: fixed</description>
      <Point>
        <coordinates>-99.3947114,27.9061626,0</coordinates>
      </Point>
    </Placemark>
    <Placemark>
      <name>ALPR</name>
      <description>OSM node: https://www.openstreetmap.org/node/14021068960
Manufacturer: Flock Safety
Direction: 50
Zone: traffic
Camera type: fixed</description>
      <Point>
        <coordinates>-99.3946994,27.9061544,0</coordinates>
      </Point>
    </Placemark>
    <Placemark>
      <name>ALPR</name>
      <description>OSM node: https://www.openstreetmap.org/node/14021068961
Manufacturer: Flock Safety
Direction: 55
Zone: traffic
Camera type: fixed</description>
      <Point>
        <coordinates>-99.3947034,27.9061546,0</coordinates>
      </Point>
    </Placemark>
    <Placemark>
      <name>ALPR</name>
      <description>OSM node: https://www.openstreetmap.org/node/14021068962
Manufacturer: Flock Safety
Direction: 340
Zone: traffic
Camera type: fixed</description>
      <Point>
        <coordinates>-99.3945507,27.9061272,0</coordinates>
      </Point>
    </Placemark>
    <Placemark>
      <name>ALPR</name>
      <description>OSM node: https://www.openstreetmap.org/node/14021070785
Manufacturer: Flock Safety
Direction: 55
Zone: traffic
Camera type: fixed</description>
      <Point>
        <coordinates>-99.3947012,27.9061538,0</coordinates>
      </Point>
    </Placemark>
    <Placemark>
      <name>ALPR</name>
      <description>OSM node: https://www.openstreetmap.org/node/14021072444
Manufacturer: Flock Safety
Direction: 45
Zone: traffic
Camera type: fixed</description>
      <Point>
        <coordinates>-99.394705,27.9061579,0</coordinates>
      </Point>
    </Placemark>
    <Placemark>
      <name>ALPR</name>
      <description>OSM node: https://www.openstreetmap.org/node/14021076312
Manufacturer: Flock Safety
Direction: 340
Zone: traffic
Camera type: fixed</description>
      <Point>
        <coordinates>-99.3945522,27.9061252,0</coordinates>
      </Point>
    </Placemark>
    <Placemark>
      <name>ALPR</name>
      <description>OSM node: https://www.openstreetmap.org/node/14021076313
Manufacturer: Flock Safety
Direction: 340
Zone: traffic
Camera type: fixed</description>
      <Point>
        <coordinates>-99.3945489,27.9061273,0</coordinates>
      </Point>
    </Placemark>
    <Placemark>
      <name>ALPR</name>
      <description>OSM node: https://www.openstreetmap.org/node/14021076362
Manufacturer: Flock Safety
Direction: 320
Zone: traffic
Camera type: fixed</description>
      <Point>
        <coordinates>-105.4344779,31.1931888,0</coordinates>
      </Point>
    </Placemark>
    <Placemark>
      <name>ALPR</name>
      <description>OSM node: https://www.openstreetmap.org/node/14021078063
Manufacturer: Flock Safety
Direction: 260
Zone: traffic
Camera type: fixed</description>
      <Point>
        <coordinates>-105.4343772,31.1933142,0</coordinates>
      </Point>
    </Placemark>
    <Placemark>
      <name>ALPR</name>
      <description>OSM node: https://www.openstreetmap.org/node/14021078374
Manufacturer: Flock Safety
Direction: 150
Zone: traffic
Camera type: fixed</description>
      <Point>
        <coordinates>-99.3946448,27.9063669,0</coordinates>
      </Point>
    </Placemark>
    <Placemark>
      <name>ALPR</name>
      <description>OSM node: https://www.openstreetmap.org/node/14021079738
Manufacturer: Flock Safety
Direction: 340
Zone: traffic
Camera type: fixed</description>
      <Point>
        <coordinates>-99.394548,27.9061308,0</coordinates>
      </Point>
    </Placemark>
    <Placemark>
      <name>ALPR</name>
      <description>OSM node: https://www.openstreetmap.org/node/14021083037
Manufacturer: Flock Safety
Direction: 220
Zone: traffic
Camera type: fixed</description>
      <Point>
        <coordinates>-99.3944838,27.906347,0</coordinates>
      </Point>
    </Placemark>
    <Placemark>
      <name>ALPR</name>
      <description>OSM node: https://www.openstreetmap.org/node/14021084573
Manufacturer: Flock Safety
Direction: 320
Zone: traffic
Camera type: fixed</description>
      <Point>
        <coordinates>-105.4344748,31.1931893,0</coordinates>
      </Point>
    </Placemark>
    <Placemark>
      <name>ALPR</name>
      <description>OSM node: https://www.openstreetmap.org/node/14021085109
Manufacturer: Flock Safety
Direction: 220
Zone: traffic
Camera type: fixed</description>
      <Point>
        <coordinates>-99.3944869,27.9063489,0</coordinates>
      </Point>
    </Placemark>
    <Placemark>
      <name>ALPR</name>
      <description>OSM node: https://www.openstreetmap.org/node/14021085110
Manufacturer: Flock Safety
Direction: 20
Zone: traffic
Camera type: fixed</description>
      <Point>
        <coordinates>-99.393763,27.9052614,0</coordinates>
      </Point>
    </Placemark>
    <Placemark>
      <name>ALPR</name>
      <description>OSM node: https://www.openstreetmap.org/node/14021089205
Manufacturer: Flock Safety
Direction: 150
Zone: traffic
Camera type: fixed</description>
      <Point>
        <coordinates>-99.3946478,27.9063663,0</coordinates>
      </Point>
    </Placemark>
    <Placemark>
      <name>ALPR</name>
      <description>OSM node: https://www.openstreetmap.org/node/14021090601
Manufacturer: Flock Safety
Direction: 174
Zone: traffic
Camera type: fixed</description>
      <Point>
        <coordinates>-94.8327874,29.8319251,0</coordinates>
      </Point>
    </Placemark>
    <Placemark>
      <name>ALPR</name>
      <description>OSM node: https://www.openstreetmap.org/node/14021091180
Manufacturer: Flock Safety
Direction: 260
Zone: traffic
Camera type: fixed</description>
      <Point>
        <coordinates>-105.4343779,31.1933113,0</coordinates>
      </Point>
    </Placemark>
    <Placemark>
      <name>ALPR</name>
      <description>OSM node: https://www.openstreetmap.org/node/14021091304
Manufacturer: Flock Safety
Direction: 20
Zone: traffic
Camera type: fixed</description>
      <Point>
        <coordinates>-99.3939326,27.9052804,0</coordinates>
      </Point>
    </Placemark>
    <Placemark>
      <name>ALPR</name>
      <description>OSM node: https://www.openstreetmap.org/node/14021106801
Manufacturer: Flock Safety
Direction: 199
Zone: traffic
Camera type: fixed</description>
      <Point>
        <coordinates>-95.3443353,29.8796458,0</coordinates>
      </Point>
    </Placemark>
    <Placemark>
      <name>ALPR</name>
      <description>OSM node: https://www.openstreetmap.org/node/14021185201
Manufacturer: Flock Safety
Direction: 82
Zone: traffic
Camera type: fixed</description>
      <Point>
        <coordinates>-96.2856182,33.1525879,0</coordinates>
      </Point>
    </Placemark>
    <Placemark>
      <name>ALPR</name>
      <description>OSM node: https://www.openstreetmap.org/node/14021187601
Manufacturer: Flock Safety
Direction: 262
Zone: traffic
Camera type: fixed</description>
      <Point>
        <coordinates>-96.2848448,33.1530702,0</coordinates>
      </Point>
    </Placemark>
    <Placemark>
      <name>ALPR</name>
      <description>OSM node: https://www.openstreetmap.org/node/14021203001
Manufacturer: Flock Safety
Direction: 176
Zone: traffic
Camera type: fixed</description>
      <Point>
        <coordinates>-94.1123267,30.098213,0</coordinates>
      </Point>
    </Placemark>
    <Placemark>
      <name>ALPR</name>
      <description>OSM node: https://www.openstreetmap.org/node/14021374501
Manufacturer: Flock Safety
Direction: 301
Zone: traffic
Camera type: fixed</description>
      <Point>
        <coordinates>-96.8816704,32.6521951,0</coordinates>
      </Point>
    </Placemark>
    <Placemark>
      <name>ALPR</name>
      <description>OSM node: https://www.openstreetmap.org/node/14021378501
Manufacturer: Flock Safety
Direction: 115
Zone: traffic
Camera type: fixed</description>
      <Point>
        <coordinates>-96.8842765,32.65412,0</coordinates>
      </Point>
    </Placemark>
    <Placemark>
      <name>ALPR</name>
      <description>OSM node: https://www.openstreetmap.org/node/14021948401
Manufacturer: Flock Safety
Direction: 248;31
Zone: traffic
Camera type: fixed</description>
      <Point>
        <coordinates>-96.3475122,30.6181937,0</coordinates>
      </Point>
    </Placemark>
    <Placemark>
      <name>ALPR</name>
      <description>OSM node: https://www.openstreetmap.org/node/14022245201
Manufacturer: Flock Safety
Direction: 127
Zone: traffic
Camera type: fixed</description>
      <Point>
        <coordinates>-95.0574061,29.8188915,0</coordinates>
      </Point>
    </Placemark>
    <Placemark>
      <name>ALPR</name>
      <description>OSM node: https://www.openstreetmap.org/node/14022335601
Manufacturer: Flock Safety
Direction: 108
Zone: traffic
Camera type: fixed</description>
      <Point>
        <coordinates>-95.4329168,31.301723,0</coordinates>
      </Point>
    </Placemark>
    <Placemark>
      <name>ALPR</name>
      <description>OSM node: https://www.openstreetmap.org/node/14022336201
Manufacturer: Flock Safety
Direction: 252
Zone: traffic
Camera type: fixed</description>
      <Point>
        <coordinates>-96.5795476,33.6179696,0</coordinates>
      </Point>
    </Placemark>
    <Placemark>
      <name>ALPR</name>
      <description>OSM node: https://www.openstreetmap.org/node/14022337101
Manufacturer: Flock Safety
Direction: 80
Zone: traffic
Camera type: fixed</description>
      <Point>
        <coordinates>-96.5795476,33.6179696,0</coordinates>
      </Point>
    </Placemark>
    <Placemark>
      <name>ALPR</name>
      <description>OSM node: https://www.openstreetmap.org/node/14022340861
Manufacturer: Flock Safety
Direction: 5
Zone: traffic
Camera type: fixed</description>
      <Point>
        <coordinates>-98.0607875,29.7433867,0</coordinates>
      </Point>
    </Placemark>
    <Placemark>
      <name>ALPR</name>
      <description>OSM node: https://www.openstreetmap.org/node/14022341215
Manufacturer: Flock Safety
Direction: 350
Zone: traffic
Camera type: fixed</description>
      <Point>
        <coordinates>-98.0524598,29.7541331,0</coordinates>
      </Point>
    </Placemark>
    <Placemark>
      <name>ALPR</name>
      <description>OSM node: https://www.openstreetmap.org/node/14022361301
Manufacturer: Flock Safety
Direction: 120
Zone: traffic
Camera type: fixed</description>
      <Point>
        <coordinates>-95.2443152,31.1936987,0</coordinates>
      </Point>
    </Placemark>
    <Placemark>
      <name>ALPR</name>
      <description>OSM node: https://www.openstreetmap.org/node/14022368701
Manufacturer: Flock Safety
Direction: 160
Zone: traffic
Camera type: fixed</description>
      <Point>
        <coordinates>-95.1280425,31.0560411,0</coordinates>
      </Point>
    </Placemark>
    <Placemark>
      <name>ALPR</name>
      <description>OSM node: https://www.openstreetmap.org/node/14022434177
Manufacturer: Flock Safety
Direction: 170
Zone: traffic
Camera type: fixed</description>
      <Point>
        <coordinates>-96.4033473,30.6125739,0</coordinates>
      </Point>
    </Placemark>
    <Placemark>
      <name>ALPR</name>
      <description>OSM node: https://www.openstreetmap.org/node/14022440501
Manufacturer: Flock Safety
Direction: 188
Zone: traffic
Camera type: fixed</description>
      <Point>
        <coordinates>-96.45081,32.7008904,0</coordinates>
      </Point>
    </Placemark>
    <Placemark>
      <name>ALPR</name>
      <description>OSM node: https://www.openstreetmap.org/node/14022463694
Manufacturer: Flock Safety
Direction: 355
Zone: traffic
Camera type: fixed</description>
      <Point>
        <coordinates>-96.4029579,30.6121813,0</coordinates>
      </Point>
    </Placemark>
    <Placemark>
      <name>ALPR</name>
      <description>OSM node: https://www.openstreetmap.org/node/14022601301
Manufacturer: Flock Safety
Direction: 38
Zone: traffic
Camera type: fixed</description>
      <Point>
        <coordinates>-97.9787556,30.3575021,0</coordinates>
      </Point>
    </Placemark>
    <Placemark>
      <name>ALPR</name>
      <description>OSM node: https://www.openstreetmap.org/node/14022681101
Manufacturer: Flock Safety
Direction: 68
Zone: traffic
Camera type: fixed</description>
      <Point>
        <coordinates>-97.8939827,27.5221244,0</coordinates>
      </Point>
    </Placemark>
    <Placemark>
      <name>ALPR</name>
      <description>OSM node: https://www.openstreetmap.org/node/14022744301
Manufacturer: Flock Safety
Direction: 274
Zone: traffic
Camera type: fixed</description>
      <Point>
        <coordinates>-95.459276,30.165805,0</coordinates>
      </Point>
    </Placemark>
    <Placemark>
      <name>ALPR</name>
      <description>OSM node: https://www.openstreetmap.org/node/14022746101
Manufacturer: Flock Safety
Direction: 8
Zone: traffic
Camera type: fixed</description>
      <Point>
        <coordinates>-95.4594764,30.1656595,0</coordinates>
      </Point>
    </Placemark>
    <Placemark>
      <name>ALPR</name>
      <description>OSM node: https://www.openstreetmap.org/node/14022746102
Manufacturer: Flock Safety
Direction: 246
Zone: traffic
Camera type: fixed</description>
      <Point>
        <coordinates>-95.4594764,30.1656595,0</coordinates>
      </Point>
    </Placemark>
    <Placemark>
      <name>ALPR</name>
      <description>OSM node: https://www.openstreetmap.org/node/14022826003
Manufacturer: Flock Safety
Direction: 1
Zone: traffic
Camera type: fixed</description>
      <Point>
        <coordinates>-98.0867606,29.7195919,0</coordinates>
      </Point>
    </Placemark>
    <Placemark>
      <name>ALPR</name>
      <description>OSM node: https://www.openstreetmap.org/node/14022826801
Manufacturer: Flock Safety
Direction: 174
Zone: traffic
Camera type: fixed</description>
      <Point>
        <coordinates>-98.1308552,29.6965271,0</coordinates>
      </Point>
    </Placemark>
    <Placemark>
      <name>ALPR</name>
      <description>OSM node: https://www.openstreetmap.org/node/14022826803
Manufacturer: Flock Safety
Direction: 87
Zone: traffic
Camera type: fixed</description>
      <Point>
        <coordinates>-98.077054,29.7277664,0</coordinates>
      </Point>
    </Placemark>
    <Placemark>
      <name>ALPR</name>
      <description>OSM node: https://www.openstreetmap.org/node/14022830253
Direction: 60
Zone: police</description>
      <Point>
        <coordinates>-97.8736979,30.0209373,0</coordinates>
      </Point>
    </Placemark>
    <Placemark>
      <name>ALPR</name>
      <description>OSM node: https://www.openstreetmap.org/node/14022842654
Direction: 235
Zone: police
Camera type: fixed</description>
      <Point>
        <coordinates>-97.8724401,30.021162,0</coordinates>
      </Point>
    </Placemark>
    <Placemark>
      <name>ALPR</name>
      <description>OSM node: https://www.openstreetmap.org/node/14022861901
Manufacturer: Flock Safety
Direction: 10
Zone: traffic
Camera type: fixed</description>
      <Point>
        <coordinates>-98.3926578,30.6149737,0</coordinates>
      </Point>
    </Placemark>
    <Placemark>
      <name>ALPR</name>
      <description>OSM node: https://www.openstreetmap.org/node/14022862801
Manufacturer: Flock Safety
Direction: 199
Zone: traffic
Camera type: fixed</description>
      <Point>
        <coordinates>-98.3928484,30.6150648,0</coordinates>
      </Point>
    </Placemark>
    <Placemark>
      <name>ALPR</name>
      <description>OSM node: https://www.openstreetmap.org/node/14022884801
Manufacturer: Flock Safety
Direction: 156
Zone: traffic
Camera type: fixed</description>
      <Point>
        <coordinates>-95.0308597,29.3739817,0</coordinates>
      </Point>
    </Placemark>
    <Placemark>
      <name>ALPR</name>
      <description>OSM node: https://www.openstreetmap.org/node/14023039201
Manufacturer: Leonardo
Direction: 156
Zone: traffic
Camera type: fixed</description>
      <Point>
        <coordinates>-96.584671,33.7779002,0</coordinates>
      </Point>
    </Placemark>
    <Placemark>
      <name>ALPR</name>
      <description>OSM node: https://www.openstreetmap.org/node/14023040701
Manufacturer: Leonardo
Direction: 150
Zone: traffic
Camera type: fixed</description>
      <Point>
        <coordinates>-96.5846839,33.7768988,0</coordinates>
      </Point>
    </Placemark>
    <Placemark>
      <name>ALPR</name>
      <description>OSM node: https://www.openstreetmap.org/node/14023052102
Manufacturer: Flock Safety
Direction: 325
Zone: traffic
Camera type: fixed</description>
      <Point>
        <coordinates>-97.2176105,33.6311976,0</coordinates>
      </Point>
    </Placemark>
    <Placemark>
      <name>ALPR</name>
      <description>OSM node: https://www.openstreetmap.org/node/14023059101
Manufacturer: Leonardo
Direction: 151
Zone: traffic
Camera type: fixed</description>
      <Point>
        <coordinates>-96.6030429,33.567974,0</coordinates>
      </Point>
    </Placemark>
    <Placemark>
      <name>ALPR</name>
      <description>OSM node: https://www.openstreetmap.org/node/14023143401
Manufacturer: Flock Safety
Direction: 335
Zone: traffic
Camera type: fixed</description>
      <Point>
        <coordinates>-95.0235442,29.8770941,0</coordinates>
      </Point>
    </Placemark>
    <Placemark>
      <name>ALPR</name>
      <description>OSM node: https://www.openstreetmap.org/node/14023152601
Manufacturer: Flock Safety
Direction: 185
Zone: traffic
Camera type: fixed</description>
      <Point>
        <coordinates>-95.1571669,29.6405633,0</coordinates>
      </Point>
    </Placemark>
    <Placemark>
      <name>ALPR</name>
      <description>OSM node: https://www.openstreetmap.org/node/14023160026
Manufacturer: Flock Safety
Direction: 335
Camera type: fixed</description>
      <Point>
        <coordinates>-96.8314105,33.0453726,0</coordinates>
      </Point>
    </Placemark>
    <Placemark>
      <name>ALPR</name>
      <description>OSM node: https://www.openstreetmap.org/node/14023164702
Manufacturer: Flock Safety
Direction: 0
Zone: traffic
Camera type: fixed</description>
      <Point>
        <coordinates>-94.9765967,29.7465542,0</coordinates>
      </Point>
    </Placemark>
    <Placemark>
      <name>ALPR</name>
      <description>OSM node: https://www.openstreetmap.org/node/14023184901
Manufacturer: Flock Safety
Direction: 0
Zone: traffic
Camera type: fixed</description>
      <Point>
        <coordinates>-97.8589828,28.0403028,0</coordinates>
      </Point>
    </Placemark>
    <Placemark>
      <name>ALPR</name>
      <description>OSM node: https://www.openstreetmap.org/node/14023198201
Manufacturer: Flock Safety
Direction: 242
Zone: traffic
Camera type: fixed</description>
      <Point>
        <coordinates>-97.9113821,29.9073222,0</coordinates>
      </Point>
    </Placemark>
    <Placemark>
      <name>ALPR</name>
      <description>OSM node: https://www.openstreetmap.org/node/14023251097
Manufacturer: Flock Safety
Direction: 130
Zone: traffic
Camera type: fixed</description>
      <Point>
        <coordinates>-95.2642884,30.0195632,0</coordinates>
      </Point>
    </Placemark>
    <Placemark>
      <name>ALPR</name>
      <description>OSM node: https://www.openstreetmap.org/node/14023251098
Manufacturer: Flock Safety
Direction: 160
Zone: traffic
Camera type: fixed</description>
      <Point>
        <coordinates>-95.2631513,30.0202855,0</coordinates>
      </Point>
    </Placemark>
    <Placemark>
      <name>ALPR</name>
      <description>OSM node: https://www.openstreetmap.org/node/14023251099
Manufacturer: Flock Safety
Direction: 70
Zone: traffic
Camera type: fixed</description>
      <Point>
        <coordinates>-95.4178535,30.0228537,0</coordinates>
      </Point>
    </Placemark>
    <Placemark>
      <name>ALPR</name>
      <description>OSM node: https://www.openstreetmap.org/node/14023251100
Manufacturer: Flock Safety
Direction: 30
Zone: traffic
Camera type: fixed</description>
      <Point>
        <coordinates>-95.4283917,29.9735806,0</coordinates>
      </Point>
    </Placemark>
    <Placemark>
      <name>ALPR</name>
      <description>OSM node: https://www.openstreetmap.org/node/14023253101
Manufacturer: Flock Safety
Direction: 100
Zone: traffic
Camera type: fixed</description>
      <Point>
        <coordinates>-95.4272544,29.9730565,0</coordinates>
      </Point>
    </Placemark>
    <Placemark>
      <name>ALPR</name>
      <description>OSM node: https://www.openstreetmap.org/node/14023253102
Manufacturer: Flock Safety
Direction: 345
Zone: traffic
Camera type: fixed</description>
      <Point>
        <coordinates>-95.424851,29.9726567,0</coordinates>
      </Point>
    </Placemark>
    <Placemark>
      <name>ALPR</name>
      <description>OSM node: https://www.openstreetmap.org/node/14023253103
Manufacturer: Flock Safety
Direction: 285
Zone: traffic
Camera type: fixed</description>
      <Point>
        <coordinates>-95.4229412,29.9732225,0</coordinates>
      </Point>
    </Placemark>
    <Placemark>
      <name>ALPR</name>
      <description>OSM node: https://www.openstreetmap.org/node/14023253104
Manufacturer: Flock Safety
Direction: 180
Zone: traffic
Camera type: fixed</description>
      <Point>
        <coordinates>-95.4231292,29.9740081,0</coordinates>
      </Point>
    </Placemark>
    <Placemark>
      <name>ALPR</name>
      <description>OSM node: https://www.openstreetmap.org/node/14023253105
Manufacturer: Flock Safety
Direction: 70
Zone: traffic
Camera type: fixed</description>
      <Point>
        <coordinates>-95.2095613,29.6121475,0</coordinates>
      </Point>
    </Placemark>
    <Placemark>
      <name>ALPR</name>
      <description>OSM node: https://www.openstreetmap.org/node/14023253106
Manufacturer: Flock Safety
Direction: 165
Zone: traffic
Camera type: fixed</description>
      <Point>
        <coordinates>-95.2092426,29.6138532,0</coordinates>
      </Point>
    </Placemark>
    <Placemark>
      <name>ALPR</name>
      <description>OSM node: https://www.openstreetmap.org/node/14023253107
Manufacturer: Flock Safety
Direction: 290
Zone: traffic
Camera type: fixed</description>
      <Point>
        <coordinates>-95.2080752,29.6140393,0</coordinates>
      </Point>
    </Placemark>
    <Placemark>
      <name>ALPR</name>
      <description>OSM node: https://www.openstreetmap.org/node/14023253108
Manufacturer: Flock Safety
Direction: 0
Zone: traffic
Camera type: fixed</description>
      <Point>
        <coordinates>-95.508491,29.5279194,0</coordinates>
      </Point>
    </Placemark>
    <Placemark>
      <name>ALPR</name>
      <description>OSM node: https://www.openstreetmap.org/node/14023253109
Manufacturer: Flock Safety
Direction: 110
Zone: traffic
Camera type: fixed</description>
      <Point>
        <coordinates>-95.5630606,29.6539399,0</coordinates>
      </Point>
    </Placemark>
    <Placemark>
      <name>ALPR</name>
      <description>OSM node: https://www.openstreetmap.org/node/14023253110
Manufacturer: Flock Safety
Direction: 90
Zone: traffic
Camera type: fixed</description>
      <Point>
        <coordinates>-95.5625576,29.6546811,0</coordinates>
      </Point>
    </Placemark>
    <Placemark>
      <name>ALPR</name>
      <description>OSM node: https://www.openstreetmap.org/node/14023264301
Manufacturer: Flock Safety
Direction: 272
Zone: traffic
Camera type: fixed</description>
      <Point>
        <coordinates>-98.1404861,29.3578618,0</coordinates>
      </Point>
    </Placemark>
    <Placemark>
      <name>ALPR</name>
      <description>OSM node: https://www.openstreetmap.org/node/14023264601
Manufacturer: Flock Safety
Direction: 91
Zone: traffic
Camera type: fixed</description>
      <Point>
        <coordinates>-98.1404062,29.3578651,0</coordinates>
      </Point>
    </Placemark>
    <Placemark>
      <name>ALPR</name>
      <description>OSM node: https://www.openstreetmap.org/node/14023299157
Direction: 310
Zone: street</description>
      <Point>
        <coordinates>-95.7933754,29.8330124,0</coordinates>
      </Point>
    </Placemark>
    <Placemark>
      <name>ALPR</name>
      <description>OSM node: https://www.openstreetmap.org/node/14023314202
Manufacturer: Flock Safety
Direction: 300
Zone: traffic
Camera type: fixed</description>
      <Point>
        <coordinates>-96.7958764,32.7921643,0</coordinates>
      </Point>
    </Placemark>
    <Placemark>
      <name>ALPR</name>
      <description>OSM node: https://www.openstreetmap.org/node/14023314401
Manufacturer: Flock Safety
Direction: 257
Zone: traffic
Camera type: fixed</description>
      <Point>
        <coordinates>-95.0590108,29.4883216,0</coordinates>
      </Point>
    </Placemark>
    <Placemark>
      <name>ALPR</name>
      <description>OSM node: https://www.openstreetmap.org/node/14023314501
Manufacturer: Flock Safety
Direction: 70
Zone: traffic
Camera type: fixed</description>
      <Point>
        <coordinates>-96.7966768,32.792325,0</coordinates>
      </Point>
    </Placemark>
    <Placemark>
      <name>ALPR</name>
      <description>OSM node: https://www.openstreetmap.org/node/14023359201
Manufacturer: Flock Safety
Direction: 68
Zone: traffic
Camera type: fixed</description>
      <Point>
        <coordinates>-102.4768608,33.6021576,0</coordinates>
      </Point>
    </Placemark>
    <Placemark>
      <name>ALPR</name>
      <description>OSM node: https://www.openstreetmap.org/node/14023359301
Manufacturer: Flock Safety
Direction: 139
Zone: traffic
Camera type: fixed</description>
      <Point>
        <coordinates>-97.0014293,32.7249611,0</coordinates>
      </Point>
    </Placemark>
    <Placemark>
      <name>ALPR</name>
      <description>OSM node: https://www.openstreetmap.org/node/14023359602
Manufacturer: Flock Safety
Direction: 126
Zone: traffic
Camera type: fixed</description>
      <Point>
        <coordinates>-96.4721485,32.7513734,0</coordinates>
      </Point>
    </Placemark>
    <Placemark>
      <name>ALPR</name>
      <description>OSM node: https://www.openstreetmap.org/node/14023360601
Manufacturer: Flock Safety
Direction: 175
Zone: traffic
Camera type: fixed</description>
      <Point>
        <coordinates>-96.4673908,32.7571226,0</coordinates>
      </Point>
    </Placemark>
    <Placemark>
      <name>ALPR</name>
      <description>OSM node: https://www.openstreetmap.org/node/14023362202
Manufacturer: Flock Safety
Direction: 99
Zone: traffic
Camera type: fixed</description>
      <Point>
        <coordinates>-97.0410978,28.5176194,0</coordinates>
      </Point>
    </Placemark>
    <Placemark>
      <name>ALPR</name>
      <description>OSM node: https://www.openstreetmap.org/node/14023372601
Manufacturer: Flock Safety
Direction: 322
Zone: traffic
Camera type: fixed</description>
      <Point>
        <coordinates>-95.584009,29.8922816,0</coordinates>
      </Point>
    </Placemark>
    <Placemark>
      <name>ALPR</name>
      <description>OSM node: https://www.openstreetmap.org/node/14023373001
Manufacturer: Flock Safety
Direction: 284
Zone: traffic
Camera type: fixed</description>
      <Point>
        <coordinates>-95.5838916,29.8916823,0</coordinates>
      </Point>
    </Placemark>
    <Placemark>
      <name>ALPR</name>
      <description>OSM node: https://www.openstreetmap.org/node/14023375501
Manufacturer: Flock Safety
Direction: 226
Zone: traffic
Camera type: fixed</description>
      <Point>
        <coordinates>-97.1795918,27.874388,0</coordinates>
      </Point>
    </Placemark>
    <Placemark>
      <name>ALPR</name>
      <description>OSM node: https://www.openstreetmap.org/node/14023399101
Manufacturer: Flock Safety
Direction: 0
Zone: traffic
Camera type: fixed</description>
      <Point>
        <coordinates>-96.4507905,32.7006253,0</coordinates>
      </Point>
    </Placemark>
    <Placemark>
      <name>ALPR</name>
      <description>OSM node: https://www.openstreetmap.org/node/14023401201
Manufacturer: Flock Safety
Direction: 43
Zone: traffic
Camera type: fixed</description>
      <Point>
        <coordinates>-96.4554593,32.6875114,0</coordinates>
      </Point>
    </Placemark>
    <Placemark>
      <name>ALPR</name>
      <description>OSM node: https://www.openstreetmap.org/node/14023414001
Manufacturer: Flock Safety
Direction: 184
Zone: traffic
Camera type: fixed</description>
      <Point>
        <coordinates>-97.4341434,32.5847301,0</coordinates>
      </Point>
    </Placemark>
    <Placemark>
      <name>ALPR</name>
      <description>OSM node: https://www.openstreetmap.org/node/14023573901
Manufacturer: Flock Safety
Direction: 174
Zone: traffic
Camera type: fixed</description>
      <Point>
        <coordinates>-95.5997687,30.2202133,0</coordinates>
      </Point>
    </Placemark>
    <Placemark>
      <name>ALPR</name>
      <description>OSM node: https://www.openstreetmap.org/node/14023576001
Manufacturer: Flock Safety
Direction: 197
Zone: traffic
Camera type: fixed</description>
      <Point>
        <coordinates>-95.6256112,30.220935,0</coordinates>
      </Point>
    </Placemark>
    <Placemark>
      <name>ALPR</name>
      <description>OSM node: https://www.openstreetmap.org/node/14023660201
Manufacturer: Flock Safety
Direction: 215
Zone: traffic
Camera type: fixed</description>
      <Point>
        <coordinates>-94.9696118,29.8198007,0</coordinates>
      </Point>
    </Placemark>
    <Placemark>
      <name>ALPR</name>
      <description>OSM node: https://www.openstreetmap.org/node/14023661101
Manufacturer: Flock Safety
Direction: 52
Zone: traffic
Camera type: fixed</description>
      <Point>
        <coordinates>-94.9692447,29.8196687,0</coordinates>
      </Point>
    </Placemark>
    <Placemark>
      <name>ALPR</name>
      <description>OSM node: https://www.openstreetmap.org/node/14024024601
Manufacturer: Leonardo
Direction: 26;217
Zone: traffic
Camera type: fixed</description>
      <Point>
        <coordinates>-106.4404566,31.8105951,0</coordinates>
      </Point>
    </Placemark>
    <Placemark>
      <name>ALPR</name>
      <description>OSM node: https://www.openstreetmap.org/node/14024042801
Manufacturer: Flock Safety
Direction: 210;142;73;359;285
Zone: public
Camera type: dome</description>
      <Point>
        <coordinates>-95.7660292,29.8270273,0</coordinates>
      </Point>
    </Placemark>
    <Placemark>
      <name>ALPR</name>
      <description>OSM node: https://www.openstreetmap.org/node/14024046701
Manufacturer: Leonardo
Direction: 0;178
Zone: traffic
Camera type: fixed</description>
      <Point>
        <coordinates>-106.4409699,31.7833946,0</coordinates>
      </Point>
    </Placemark>
    <Placemark>
      <name>ALPR</name>
      <description>OSM node: https://www.openstreetmap.org/node/14024051302
Manufacturer: Leonardo
Direction: 0;183;96;265
Zone: traffic
Camera type: fixed</description>
      <Point>
        <coordinates>-106.447483,31.7654667,0</coordinates>
      </Point>
    </Placemark>
    <Placemark>
      <name>ALPR</name>
      <description>OSM node: https://www.openstreetmap.org/node/14024053301
Manufacturer: Leonardo
Direction: 136;0
Zone: traffic
Camera type: fixed</description>
      <Point>
        <coordinates>-106.444574,31.7618619,0</coordinates>
      </Point>
    </Placemark>
    <Placemark>
      <name>ALPR</name>
      <description>OSM node: https://www.openstreetmap.org/node/14024056001
Manufacturer: Leonardo
Direction: 17;190
Zone: traffic
Camera type: fixed</description>
      <Point>
        <coordinates>-106.4468545,31.7687025,0</coordinates>
      </Point>
    </Placemark>
    <Placemark>
      <name>ALPR</name>
      <description>OSM node: https://www.openstreetmap.org/node/14024060801
Manufacturer: Flock Safety
Direction: 81
Zone: traffic
Camera type: fixed</description>
      <Point>
        <coordinates>-94.9765933,29.7465295,0</coordinates>
      </Point>
    </Placemark>
    <Placemark>
      <name>ALPR</name>
      <description>OSM node: https://www.openstreetmap.org/node/14024130901
Manufacturer: Flock Safety
Direction: 286
Zone: traffic
Camera type: fixed</description>
      <Point>
        <coordinates>-98.2794306,29.5965815,0</coordinates>
      </Point>
    </Placemark>
    <Placemark>
      <name>ALPR</name>
      <description>OSM node: https://www.openstreetmap.org/node/14024137202
Manufacturer: Flock Safety
Direction: 233
Zone: traffic
Camera type: fixed</description>
      <Point>
        <coordinates>-95.0304849,29.6653362,0</coordinates>
      </Point>
    </Placemark>
    <Placemark>
      <name>ALPR</name>
      <description>OSM node: https://www.openstreetmap.org/node/14024175101
Manufacturer: Flock Safety
Direction: 55
Zone: traffic
Camera type: fixed</description>
      <Point>
        <coordinates>-95.8079161,29.5296805,0</coordinates>
      </Point>
    </Placemark>
    <Placemark>
      <name>ALPR</name>
      <description>OSM node: https://www.openstreetmap.org/node/14024175401
Manufacturer: Flock Safety
Direction: 152
Zone: traffic
Camera type: fixed</description>
      <Point>
        <coordinates>-95.8065993,29.5309503,0</coordinates>
      </Point>
    </Placemark>
    <Placemark>
      <name>ALPR</name>
      <description>OSM node: https://www.openstreetmap.org/node/14024291701
Manufacturer: Flock Safety
Direction: 34
Zone: traffic
Camera type: fixed</description>
      <Point>
        <coordinates>-94.8468643,29.865759,0</coordinates>
      </Point>
    </Placemark>
    <Placemark>
      <name>ALPR</name>
      <description>OSM node: https://www.openstreetmap.org/node/14024300402
Manufacturer: Flock Safety
Direction: 98
Zone: traffic
Camera type: fixed</description>
      <Point>
        <coordinates>-99.627399,32.4359797,0</coordinates>
      </Point>
    </Placemark>
    <Placemark>
      <name>ALPR</name>
      <description>OSM node: https://www.openstreetmap.org/node/14024325588
Manufacturer: Flock Safety
Direction: 120
Zone: traffic
Camera type: fixed</description>
      <Point>
        <coordinates>-97.6797305,26.1615369,0</coordinates>
      </Point>
    </Placemark>
    <Placemark>
      <name>ALPR</name>
      <description>OSM node: https://www.openstreetmap.org/node/14024336913
Manufacturer: Flock Safety
Direction: 110
Zone: traffic
Camera type: fixed</description>
      <Point>
        <coordinates>-97.6809092,26.1610038,0</coordinates>
      </Point>
    </Placemark>
    <Placemark>
      <name>ALPR</name>
      <description>OSM node: https://www.openstreetmap.org/node/14024398101
Manufacturer: Flock Safety
Direction: 329
Zone: traffic
Camera type: fixed</description>
      <Point>
        <coordinates>-96.4009362,32.9491207,0</coordinates>
      </Point>
    </Placemark>
    <Placemark>
      <name>ALPR</name>
      <description>OSM node: https://www.openstreetmap.org/node/14024540501
Manufacturer: Flock Safety
Direction: 191
Zone: traffic
Camera type: fixed</description>
      <Point>
        <coordinates>-96.6168946,33.5134159,0</coordinates>
      </Point>
    </Placemark>
    <Placemark>
      <name>ALPR</name>
      <description>OSM node: https://www.openstreetmap.org/node/14024586002
Manufacturer: Flock Safety
Direction: 67
Zone: traffic
Camera type: fixed</description>
      <Point>
        <coordinates>-95.6868601,30.3967728,0</coordinates>
      </Point>
    </Placemark>
    <Placemark>
      <name>ALPR</name>
      <description>OSM node: https://www.openstreetmap.org/node/14024609102
Manufacturer: Flock Safety
Direction: 276
Zone: traffic
Camera type: fixed</description>
      <Point>
        <coordinates>-95.6306783,32.7421305,0</coordinates>
      </Point>
    </Placemark>
    <Placemark>
      <name>ALPR</name>
      <description>OSM node: https://www.openstreetmap.org/node/14024674287
Manufacturer: Flock Safety
Direction: 240
Zone: traffic
Camera type: fixed</description>
      <Point>
        <coordinates>-95.774168,29.8627016,0</coordinates>
      </Point>
    </Placemark>
    <Placemark>
      <name>ALPR</name>
      <description>OSM node: https://www.openstreetmap.org/node/14024674301
Manufacturer: Flock Safety
Direction: 158
Zone: traffic
Camera type: fixed</description>
      <Point>
        <coordinates>-95.2830958,32.4510988,0</coordinates>
      </Point>
    </Placemark>
    <Placemark>
      <name>ALPR</name>
      <description>OSM node: https://www.openstreetmap.org/node/14024681198
Manufacturer: Flock Safety
Direction: 75
Zone: traffic
Camera type: fixed</description>
      <Point>
        <coordinates>-95.7744211,29.8625694,0</coordinates>
      </Point>
    </Placemark>
    <Placemark>
      <name>ALPR</name>
      <description>OSM node: https://www.openstreetmap.org/node/14024759001
Manufacturer: Flock Safety
Direction: 335
Zone: traffic
Camera type: fixed</description>
      <Point>
        <coordinates>-96.8873692,32.6478041,0</coordinates>
      </Point>
    </Placemark>
    <Placemark>
      <name>ALPR</name>
      <description>OSM node: https://www.openstreetmap.org/node/14024776601
Manufacturer: Flock Safety
Direction: 139
Zone: traffic
Camera type: fixed</description>
      <Point>
        <coordinates>-96.103833,29.3098189,0</coordinates>
      </Point>
    </Placemark>
    <Placemark>
      <name>ALPR</name>
      <description>OSM node: https://www.openstreetmap.org/node/14024793601
Manufacturer: Flock Safety
Direction: 49
Zone: traffic
Camera type: fixed</description>
      <Point>
        <coordinates>-96.5777759,33.138592,0</coordinates>
      </Point>
    </Placemark>
    <Placemark>
      <name>ALPR</name>
      <description>OSM node: https://www.openstreetmap.org/node/14024793602
Manufacturer: Flock Safety
Direction: 206
Zone: traffic
Camera type: fixed</description>
      <Point>
        <coordinates>-96.5756595,33.1418595,0</coordinates>
      </Point>
    </Placemark>
    <Placemark>
      <name>ALPR</name>
      <description>OSM node: https://www.openstreetmap.org/node/14024813401
Manufacturer: Flock Safety
Direction: 329
Zone: traffic
Camera type: fixed</description>
      <Point>
        <coordinates>-95.1525779,29.5559994,0</coordinates>
      </Point>
    </Placemark>
    <Placemark>
      <name>ALPR</name>
      <description>OSM node: https://www.openstreetmap.org/node/14024838101
Manufacturer: Flock Safety
Direction: 284
Zone: traffic
Camera type: fixed</description>
      <Point>
        <coordinates>-99.5382355,27.640307,0</coordinates>
      </Point>
    </Placemark>
    <Placemark>
      <name>The Home Depot ALPR</name>
      <description>OSM node: https://www.openstreetmap.org/node/14024848501
Operator: The Home Depot
Manufacturer: Flock Safety
Direction: 259;83
Zone: traffic
Camera type: fixed</description>
      <Point>
        <coordinates>-95.1541849,29.5560019,0</coordinates>
      </Point>
    </Placemark>
    <Placemark>
      <name>ALPR</name>
      <description>OSM node: https://www.openstreetmap.org/node/14024850801
Manufacturer: Flock Safety
Direction: 153
Zone: traffic
Camera type: fixed</description>
      <Point>
        <coordinates>-94.8938279,29.87594,0</coordinates>
      </Point>
    </Placemark>
    <Placemark>
      <name>The Home Depot ALPR</name>
      <description>OSM node: https://www.openstreetmap.org/node/14024850802
Operator: The Home Depot
Manufacturer: Flock Safety
Direction: 82
Zone: traffic
Camera type: fixed</description>
      <Point>
        <coordinates>-95.1538538,29.5560506,0</coordinates>
      </Point>
    </Placemark>
    <Placemark>
      <name>ALPR</name>
      <description>OSM node: https://www.openstreetmap.org/node/14024863401
Manufacturer: Flock Safety
Direction: 277
Zone: traffic
Camera type: fixed</description>
      <Point>
        <coordinates>-96.9085043,33.0588384,0</coordinates>
      </Point>
    </Placemark>
    <Placemark>
      <name>ALPR</name>
      <description>OSM node: https://www.openstreetmap.org/node/14024863901
Manufacturer: Flock Safety
Direction: 211
Zone: traffic
Camera type: fixed</description>
      <Point>
        <coordinates>-96.9095198,33.0599691,0</coordinates>
      </Point>
    </Placemark>
    <Placemark>
      <name>ALPR</name>
      <description>OSM node: https://www.openstreetmap.org/node/14024902601
Manufacturer: Flock Safety
Direction: 60
Zone: traffic
Camera type: fixed</description>
      <Point>
        <coordinates>-95.8079926,29.5303124,0</coordinates>
      </Point>
    </Placemark>
    <Placemark>
      <name>ALPR</name>
      <description>OSM node: https://www.openstreetmap.org/node/14024915001
Manufacturer: Flock Safety
Direction: 299
Zone: traffic
Camera type: fixed</description>
      <Point>
        <coordinates>-96.9111638,33.0116471,0</coordinates>
      </Point>
    </Placemark>
    <Placemark>
      <name>ALPR</name>
      <description>OSM node: https://www.openstreetmap.org/node/14024917101
Manufacturer: Flock Safety
Direction: 334
Zone: traffic
Camera type: fixed</description>
      <Point>
        <coordinates>-95.8007381,29.5122088,0</coordinates>
      </Point>
    </Placemark>
    <Placemark>
      <name>ALPR</name>
      <description>OSM node: https://www.openstreetmap.org/node/14024929501
Manufacturer: Flock Safety
Direction: 0
Zone: traffic
Camera type: fixed</description>
      <Point>
        <coordinates>-98.1445269,26.3353043,0</coordinates>
      </Point>
    </Placemark>
    <Placemark>
      <name>ALPR</name>
      <description>OSM node: https://www.openstreetmap.org/node/14024953001
Manufacturer: Flock Safety
Direction: 0
Zone: traffic
Camera type: fixed</description>
      <Point>
        <coordinates>-96.0925623,29.3004748,0</coordinates>
      </Point>
    </Placemark>
    <Placemark>
      <name>ALPR</name>
      <description>OSM node: https://www.openstreetmap.org/node/14024962701
Manufacturer: Flock Safety
Direction: 159
Zone: traffic
Camera type: fixed</description>
      <Point>
        <coordinates>-96.1199878,29.327557,0</coordinates>
      </Point>
    </Placemark>
    <Placemark>
      <name>ALPR</name>
      <description>OSM node: https://www.openstreetmap.org/node/14024976102
Manufacturer: Flock Safety
Direction: 90
Zone: traffic
Camera type: fixed</description>
      <Point>
        <coordinates>-98.2029049,26.1829741,0</coordinates>
      </Point>
    </Placemark>
    <Placemark>
      <name>ALPR</name>
      <description>OSM node: https://www.openstreetmap.org/node/14025058301
Manufacturer: Flock Safety
Direction: 152
Zone: traffic
Camera type: fixed</description>
      <Point>
        <coordinates>-95.1004512,29.4723012,0</coordinates>
      </Point>
    </Placemark>
    <Placemark>
      <name>ALPR</name>
      <description>OSM node: https://www.openstreetmap.org/node/14025084301
Manufacturer: Motorola Solutions
Direction: 0
Zone: traffic
Camera type: fixed</description>
      <Point>
        <coordinates>-96.8389911,32.9289265,0</coordinates>
      </Point>
    </Placemark>
    <Placemark>
      <name>ALPR</name>
      <description>OSM node: https://www.openstreetmap.org/node/14025084302
Manufacturer: Motorola Solutions
Direction: 182
Zone: traffic
Camera type: fixed</description>
      <Point>
        <coordinates>-96.839077,32.928695,0</coordinates>
      </Point>
    </Placemark>
    <Placemark>
      <name>ALPR</name>
      <description>OSM node: https://www.openstreetmap.org/node/14025084401
Manufacturer: Motorola Solutions
Direction: 0
Zone: traffic
Camera type: fixed</description>
      <Point>
        <coordinates>-96.8389543,32.9289253,0</coordinates>
      </Point>
    </Placemark>
    <Placemark>
      <name>ALPR</name>
      <description>OSM node: https://www.openstreetmap.org/node/14025085301
Manufacturer: Motorola Solutions
Direction: 0
Zone: traffic
Camera type: fixed</description>
      <Point>
        <coordinates>-96.8389206,32.9289227,0</coordinates>
      </Point>
    </Placemark>
    <Placemark>
      <name>ALPR</name>
      <description>OSM node: https://www.openstreetmap.org/node/14025085302
Manufacturer: Motorola Solutions
Direction: 0
Zone: traffic
Camera type: fixed</description>
      <Point>
        <coordinates>-96.8388529,32.928933,0</coordinates>
      </Point>
    </Placemark>
    <Placemark>
      <name>ALPR</name>
      <description>OSM node: https://www.openstreetmap.org/node/14025085303
Manufacturer: Motorola Solutions
Direction: 179
Zone: traffic
Camera type: fixed</description>
      <Point>
        <coordinates>-96.8391045,32.9286898,0</coordinates>
      </Point>
    </Placemark>
    <Placemark>
      <name>ALPR</name>
      <description>OSM node: https://www.openstreetmap.org/node/14025086801
Manufacturer: Motorola Solutions
Direction: 181
Zone: traffic
Camera type: fixed</description>
      <Point>
        <coordinates>-96.8391551,32.928686,0</coordinates>
      </Point>
    </Placemark>
    <Placemark>
      <name>ALPR</name>
      <description>OSM node: https://www.openstreetmap.org/node/14025086802
Manufacturer: Motorola Solutions
Direction: 177
Zone: traffic
Camera type: fixed</description>
      <Point>
        <coordinates>-96.8391337,32.928686,0</coordinates>
      </Point>
    </Placemark>
    <Placemark>
      <name>ALPR</name>
      <description>OSM node: https://www.openstreetmap.org/node/14025114703
Manufacturer: Flock Safety
Direction: 0
Zone: traffic
Camera type: fixed</description>
      <Point>
        <coordinates>-96.1168423,31.0297305,0</coordinates>
      </Point>
    </Placemark>
    <Placemark>
      <name>ALPR</name>
      <description>OSM node: https://www.openstreetmap.org/node/14025118901
Manufacturer: Flock Safety
Direction: 140
Zone: traffic
Camera type: fixed</description>
      <Point>
        <coordinates>-96.7751856,32.923581,0</coordinates>
      </Point>
    </Placemark>
    <Placemark>
      <name>ALPR</name>
      <description>OSM node: https://www.openstreetmap.org/node/14025128001
Manufacturer: Flock Safety
Direction: 112
Zone: traffic
Camera type: fixed</description>
      <Point>
        <coordinates>-101.4615428,32.1605774,0</coordinates>
      </Point>
    </Placemark>
    <Placemark>
      <name>ALPR</name>
      <description>OSM node: https://www.openstreetmap.org/node/14025196401
Manufacturer: Flock Safety
Direction: 52
Zone: traffic
Camera type: fixed</description>
      <Point>
        <coordinates>-97.5999636,30.5620793,0</coordinates>
      </Point>
    </Placemark>
    <Placemark>
      <name>ALPR</name>
      <description>OSM node: https://www.openstreetmap.org/node/14025200601
Manufacturer: Flock Safety
Direction: 82
Zone: traffic
Camera type: fixed</description>
      <Point>
        <coordinates>-98.7841639,29.3922167,0</coordinates>
      </Point>
    </Placemark>
    <Placemark>
      <name>ALPR</name>
      <description>OSM node: https://www.openstreetmap.org/node/14025231801
Manufacturer: Flock Safety
Direction: 338
Zone: traffic
Camera type: fixed</description>
      <Point>
        <coordinates>-97.7915429,32.7388559,0</coordinates>
      </Point>
    </Placemark>
    <Placemark>
      <name>ALPR</name>
      <description>OSM node: https://www.openstreetmap.org/node/14025266701
Manufacturer: Flock Safety
Direction: 150
Zone: traffic
Camera type: fixed</description>
      <Point>
        <coordinates>-95.2559972,29.9341828,0</coordinates>
      </Point>
    </Placemark>
    <Placemark>
      <name>ALPR</name>
      <description>OSM node: https://www.openstreetmap.org/node/14025267001
Manufacturer: Flock Safety
Direction: 339
Zone: traffic
Camera type: fixed</description>
      <Point>
        <coordinates>-95.255917,29.9341343,0</coordinates>
      </Point>
    </Placemark>
    <Placemark>
      <name>ALPR</name>
      <description>OSM node: https://www.openstreetmap.org/node/14025270601
Manufacturer: Flock Safety
Direction: 152
Zone: traffic
Camera type: fixed</description>
      <Point>
        <coordinates>-97.1491843,32.7200523,0</coordinates>
      </Point>
    </Placemark>
    <Placemark>
      <name>ALPR</name>
      <description>OSM node: https://www.openstreetmap.org/node/14025311701
Manufacturer: Flock Safety
Direction: 0
Zone: traffic
Camera type: fixed</description>
      <Point>
        <coordinates>-99.5455903,27.6419538,0</coordinates>
      </Point>
    </Placemark>
    <Placemark>
      <name>ALPR</name>
      <description>OSM node: https://www.openstreetmap.org/node/14025313201
Manufacturer: Flock Safety
Direction: 262
Zone: traffic
Camera type: fixed</description>
      <Point>
        <coordinates>-99.5448176,27.6412448,0</coordinates>
      </Point>
    </Placemark>
    <Placemark>
      <name>ALPR</name>
      <description>OSM node: https://www.openstreetmap.org/node/14025350401
Manufacturer: Flock Safety
Direction: 149
Zone: traffic
Camera type: fixed</description>
      <Point>
        <coordinates>-95.8811905,29.7751917,0</coordinates>
      </Point>
    </Placemark>
    <Placemark>
      <name>ALPR</name>
      <description>OSM node: https://www.openstreetmap.org/node/14025380201
Manufacturer: Flock Safety
Direction: 247
Zone: traffic
Camera type: fixed</description>
      <Point>
        <coordinates>-98.4941864,33.8772969,0</coordinates>
      </Point>
    </Placemark>
    <Placemark>
      <name>ALPR</name>
      <description>OSM node: https://www.openstreetmap.org/node/14025383680
Manufacturer: Flock
Direction: 345
Zone: street</description>
      <Point>
        <coordinates>-96.8139572,32.8658613,0</coordinates>
      </Point>
    </Placemark>
    <Placemark>
      <name>ALPR</name>
      <description>OSM node: https://www.openstreetmap.org/node/14025383801
Manufacturer: Flock Safety
Direction: 140
Zone: traffic
Camera type: fixed</description>
      <Point>
        <coordinates>-95.2651479,30.0723021,0</coordinates>
      </Point>
    </Placemark>
    <Placemark>
      <name>ALPR</name>
      <description>OSM node: https://www.openstreetmap.org/node/14025458901
Manufacturer: Flock Safety
Direction: 190;60
Zone: traffic
Camera type: fixed</description>
      <Point>
        <coordinates>-93.9055552,29.9610686,0</coordinates>
      </Point>
    </Placemark>
    <Placemark>
      <name>ALPR</name>
      <description>OSM node: https://www.openstreetmap.org/node/14026128301
Manufacturer: Flock Safety
Direction: 224
Zone: traffic
Camera type: fixed</description>
      <Point>
        <coordinates>-95.6536542,29.6348842,0</coordinates>
      </Point>
    </Placemark>
    <Placemark>
      <name>ALPR</name>
      <description>OSM node: https://www.openstreetmap.org/node/14026366701
Manufacturer: Flock Safety
Direction: 154
Zone: traffic
Camera type: fixed</description>
      <Point>
        <coordinates>-100.9808231,35.5182843,0</coordinates>
      </Point>
    </Placemark>
    <Placemark>
      <name>ALPR</name>
      <description>OSM node: https://www.openstreetmap.org/node/14026367201
Manufacturer: Flock Safety
Direction: 328
Zone: traffic
Camera type: fixed</description>
      <Point>
        <coordinates>-100.9896713,35.5331067,0</coordinates>
      </Point>
    </Placemark>
    <Placemark>
      <name>ALPR</name>
      <description>OSM node: https://www.openstreetmap.org/node/14026595901
Manufacturer: Flock Safety
Direction: 190
Zone: traffic
Camera type: fixed</description>
      <Point>
        <coordinates>-96.8250156,33.0774736,0</coordinates>
      </Point>
    </Placemark>
    <Placemark>
      <name>ALPR</name>
      <description>OSM node: https://www.openstreetmap.org/node/14026625403
Manufacturer: Flock Safety
Direction: 146
Zone: traffic
Camera type: fixed</description>
      <Point>
        <coordinates>-97.449375,31.1228564,0</coordinates>
      </Point>
    </Placemark>
    <Placemark>
      <name>ALPR</name>
      <description>OSM node: https://www.openstreetmap.org/node/14026713001
Manufacturer: Flock Safety
Direction: 129
Zone: traffic
Camera type: fixed</description>
      <Point>
        <coordinates>-99.5036156,27.5143768,0</coordinates>
      </Point>
    </Placemark>
    <Placemark>
      <name>ALPR</name>
      <description>OSM node: https://www.openstreetmap.org/node/14026713424
Manufacturer: Flock Safety
Direction: 53
Zone: traffic
Camera type: fixed</description>
      <Point>
        <coordinates>-99.504537,27.5088611,0</coordinates>
      </Point>
    </Placemark>
    <Placemark>
      <name>ALPR</name>
      <description>OSM node: https://www.openstreetmap.org/node/14026717202
Manufacturer: Flock Safety
Direction: 72
Zone: traffic
Camera type: fixed</description>
      <Point>
        <coordinates>-97.4455765,31.1153224,0</coordinates>
      </Point>
    </Placemark>
    <Placemark>
      <name>ALPR</name>
      <description>OSM node: https://www.openstreetmap.org/node/14026723106
Manufacturer: Flock Safety
Direction: 116
Zone: traffic
Camera type: fixed</description>
      <Point>
        <coordinates>-99.5043507,27.5079425,0</coordinates>
      </Point>
    </Placemark>
    <Placemark>
      <name>ALPR</name>
      <description>OSM node: https://www.openstreetmap.org/node/14026890401
Manufacturer: Flock Safety
Direction: 343
Zone: traffic
Camera type: fixed</description>
      <Point>
        <coordinates>-102.2673273,33.2119231,0</coordinates>
      </Point>
    </Placemark>
    <Placemark>
      <name>[Enter operator name] ALPR</name>
      <description>OSM node: https://www.openstreetmap.org/node/14027152471
Operator: [Enter operator name]
Direction: 60
Zone: public
Camera type: fixed</description>
      <Point>
        <coordinates>-95.4101569,29.8076736,0</coordinates>
      </Point>
    </Placemark>
    <Placemark>
      <name>ALPR</name>
      <description>OSM node: https://www.openstreetmap.org/node/14027218864
Manufacturer: Flock Safety
Direction: 34
Zone: traffic
Camera type: fixed</description>
      <Point>
        <coordinates>-95.0293174,29.5306797,0</coordinates>
      </Point>
    </Placemark>
    <Placemark>
      <name>ALPR</name>
      <description>OSM node: https://www.openstreetmap.org/node/14027221601
Manufacturer: Flock Safety
Direction: 287
Zone: traffic
Camera type: fixed</description>
      <Point>
        <coordinates>-96.8206221,32.8098716,0</coordinates>
      </Point>
    </Placemark>
    <Placemark>
      <name>ALPR</name>
      <description>OSM node: https://www.openstreetmap.org/node/14027230701
Manufacturer: Flock Safety
Direction: 68
Zone: traffic
Camera type: fixed</description>
      <Point>
        <coordinates>-97.9114837,29.90721,0</coordinates>
      </Point>
    </Placemark>
    <Placemark>
      <name>ALPR</name>
      <description>OSM node: https://www.openstreetmap.org/node/14027232502
Manufacturer: Flock Safety
Direction: 61
Zone: traffic
Camera type: fixed</description>
      <Point>
        <coordinates>-101.8528299,33.5051415,0</coordinates>
      </Point>
    </Placemark>
    <Placemark>
      <name>ALPR</name>
      <description>OSM node: https://www.openstreetmap.org/node/14027284201
Manufacturer: Flock Safety
Direction: 277
Zone: traffic
Camera type: fixed</description>
      <Point>
        <coordinates>-97.3646385,31.1041311,0</coordinates>
      </Point>
    </Placemark>
    <Placemark>
      <name>ALPR</name>
      <description>OSM node: https://www.openstreetmap.org/node/14027328501
Manufacturer: Flock Safety
Direction: 244
Zone: traffic
Camera type: fixed</description>
      <Point>
        <coordinates>-97.9848,30.047047,0</coordinates>
      </Point>
    </Placemark>
    <Placemark>
      <name>ALPR</name>
      <description>OSM node: https://www.openstreetmap.org/node/14027339402
Manufacturer: Flock Safety
Direction: 309
Zone: traffic
Camera type: fixed</description>
      <Point>
        <coordinates>-95.987806,31.2748398,0</coordinates>
      </Point>
    </Placemark>
    <Placemark>
      <name>ALPR</name>
      <description>OSM node: https://www.openstreetmap.org/node/14027361501
Manufacturer: Flock Safety
Direction: 41
Zone: traffic
Camera type: fixed</description>
      <Point>
        <coordinates>-96.0136937,32.9030525,0</coordinates>
      </Point>
    </Placemark>
    <Placemark>
      <name>ALPR</name>
      <description>OSM node: https://www.openstreetmap.org/node/14027387467
Manufacturer: Flock Safety
Direction: 55
Zone: traffic
Camera type: fixed</description>
      <Point>
        <coordinates>-96.7576555,33.3281227,0</coordinates>
      </Point>
    </Placemark>
    <Placemark>
      <name>ALPR</name>
      <description>OSM node: https://www.openstreetmap.org/node/14027393001
Manufacturer: Flock Safety
Direction: 294;152
Zone: traffic
Camera type: fixed</description>
      <Point>
        <coordinates>-102.371416,34.7523517,0</coordinates>
      </Point>
    </Placemark>
    <Placemark>
      <name>ALPR</name>
      <description>OSM node: https://www.openstreetmap.org/node/14027418401
Manufacturer: Flock Safety
Direction: 180
Zone: traffic
Camera type: fixed</description>
      <Point>
        <coordinates>-95.8053295,29.5307985,0</coordinates>
      </Point>
    </Placemark>
    <Placemark>
      <name>ALPR</name>
      <description>OSM node: https://www.openstreetmap.org/node/14027422901
Manufacturer: Flock Safety
Direction: 141;204;67
Zone: traffic
Camera type: fixed</description>
      <Point>
        <coordinates>-97.0423201,32.9724792,0</coordinates>
      </Point>
    </Placemark>
    <Placemark>
      <name>ALPR</name>
      <description>OSM node: https://www.openstreetmap.org/node/14027426501
Manufacturer: Genetec
Direction: 175
Zone: traffic
Camera type: fixed</description>
      <Point>
        <coordinates>-97.1164676,32.7292946,0</coordinates>
      </Point>
    </Placemark>
    <Placemark>
      <name>ALPR</name>
      <description>OSM node: https://www.openstreetmap.org/node/14027436304
Manufacturer: Flock Safety
Direction: 154
Zone: traffic
Camera type: fixed</description>
      <Point>
        <coordinates>-99.5043587,27.5240079,0</coordinates>
      </Point>
    </Placemark>
    <Placemark>
      <name>ALPR</name>
      <description>OSM node: https://www.openstreetmap.org/node/14027506301
Manufacturer: Flock Safety
Direction: 317
Zone: traffic
Camera type: fixed</description>
      <Point>
        <coordinates>-97.1378497,32.184829,0</coordinates>
      </Point>
    </Placemark>
    <Placemark>
      <name>ALPR</name>
      <description>OSM node: https://www.openstreetmap.org/node/14027537901
Manufacturer: Flock Safety
Direction: 258
Zone: traffic
Camera type: fixed</description>
      <Point>
        <coordinates>-101.7954694,35.200288,0</coordinates>
      </Point>
    </Placemark>
    <Placemark>
      <name>ALPR</name>
      <description>OSM node: https://www.openstreetmap.org/node/14027625104
Manufacturer: Flock Safety
Direction: 131
Zone: traffic
Camera type: fixed</description>
      <Point>
        <coordinates>-96.8354765,32.8096833,0</coordinates>
      </Point>
    </Placemark>
    <Placemark>
      <name>ALPR</name>
      <description>OSM node: https://www.openstreetmap.org/node/14027628410
Manufacturer: Flock Safety
Direction: 225
Zone: traffic
Camera type: fixed</description>
      <Point>
        <coordinates>-96.8354765,32.8096803,0</coordinates>
      </Point>
    </Placemark>
    <Placemark>
      <name>ALPR</name>
      <description>OSM node: https://www.openstreetmap.org/node/14027640801
Manufacturer: Flock Safety
Direction: 329
Zone: traffic
Camera type: fixed</description>
      <Point>
        <coordinates>-96.8348609,32.8199715,0</coordinates>
      </Point>
    </Placemark>
    <Placemark>
      <name>ALPR</name>
      <description>OSM node: https://www.openstreetmap.org/node/14027644501
Manufacturer: Flock Safety
Direction: 351
Zone: traffic
Camera type: fixed</description>
      <Point>
        <coordinates>-97.3984315,32.7398706,0</coordinates>
      </Point>
    </Placemark>
    <Placemark>
      <name>ALPR</name>
      <description>OSM node: https://www.openstreetmap.org/node/14027644801
Direction: 346
Zone: traffic
Camera type: fixed</description>
      <Point>
        <coordinates>-97.4080025,32.7531852,0</coordinates>
      </Point>
    </Placemark>
    <Placemark>
      <name>ALPR</name>
      <description>OSM node: https://www.openstreetmap.org/node/14027647901
Manufacturer: Motorola Solutions
Direction: 151
Zone: traffic
Camera type: fixed</description>
      <Point>
        <coordinates>-95.5782282,30.4353129,0</coordinates>
      </Point>
    </Placemark>
    <Placemark>
      <name>ALPR</name>
      <description>OSM node: https://www.openstreetmap.org/node/14027654801
Manufacturer: Flock Safety
Direction: 0
Zone: traffic
Camera type: fixed</description>
      <Point>
        <coordinates>-95.7499427,29.5406138,0</coordinates>
      </Point>
    </Placemark>
    <Placemark>
      <name>ALPR</name>
      <description>OSM node: https://www.openstreetmap.org/node/14027655801
Manufacturer: Flock Safety
Direction: 71
Zone: traffic
Camera type: fixed</description>
      <Point>
        <coordinates>-95.7583265,29.5439892,0</coordinates>
      </Point>
    </Placemark>
    <Placemark>
      <name>ALPR</name>
      <description>OSM node: https://www.openstreetmap.org/node/14027659502
Manufacturer: Flock Safety
Direction: 90
Zone: traffic
Camera type: fixed</description>
      <Point>
        <coordinates>-95.6081994,29.6025329,0</coordinates>
      </Point>
    </Placemark>
    <Placemark>
      <name>ALPR</name>
      <description>OSM node: https://www.openstreetmap.org/node/14027665201
Manufacturer: Flock Safety
Direction: 6
Zone: traffic
Camera type: fixed</description>
      <Point>
        <coordinates>-95.6044862,29.5980613,0</coordinates>
      </Point>
    </Placemark>
    <Placemark>
      <name>ALPR</name>
      <description>OSM node: https://www.openstreetmap.org/node/14027678401
Manufacturer: Flock Safety
Direction: 343
Zone: traffic
Camera type: fixed</description>
      <Point>
        <coordinates>-97.5772993,30.7914068,0</coordinates>
      </Point>
    </Placemark>
    <Placemark>
      <name>ALPR</name>
      <description>OSM node: https://www.openstreetmap.org/node/14027681902
Manufacturer: Flock Safety
Direction: 114
Zone: traffic
Camera type: fixed</description>
      <Point>
        <coordinates>-98.4942711,29.5177637,0</coordinates>
      </Point>
    </Placemark>
    <Placemark>
      <name>ALPR</name>
      <description>OSM node: https://www.openstreetmap.org/node/14027684201
Manufacturer: Flock Safety
Direction: 232
Zone: traffic
Camera type: fixed</description>
      <Point>
        <coordinates>-96.9938353,32.4934168,0</coordinates>
      </Point>
    </Placemark>
    <Placemark>
      <name>ALPR</name>
      <description>OSM node: https://www.openstreetmap.org/node/14027689701
Manufacturer: Flock Safety
Direction: 244
Zone: traffic
Camera type: fixed</description>
      <Point>
        <coordinates>-96.9940863,32.4844103,0</coordinates>
      </Point>
    </Placemark>
    <Placemark>
      <name>ALPR</name>
      <description>OSM node: https://www.openstreetmap.org/node/14027733701
Manufacturer: Flock Safety
Direction: 144
Zone: traffic
Camera type: fixed</description>
      <Point>
        <coordinates>-94.5822205,32.5223768,0</coordinates>
      </Point>
    </Placemark>
    <Placemark>
      <name>ALPR</name>
      <description>OSM node: https://www.openstreetmap.org/node/14027765001
Manufacturer: Flock Safety
Direction: 0;189
Zone: traffic
Camera type: fixed</description>
      <Point>
        <coordinates>-99.2316038,28.4644957,0</coordinates>
      </Point>
    </Placemark>
    <Placemark>
      <name>ALPR</name>
      <description>OSM node: https://www.openstreetmap.org/node/14027767601
Manufacturer: Flock Safety
Direction: 226
Zone: traffic
Camera type: fixed</description>
      <Point>
        <coordinates>-98.7400805,29.7783917,0</coordinates>
      </Point>
    </Placemark>
    <Placemark>
      <name>ALPR</name>
      <description>OSM node: https://www.openstreetmap.org/node/14027778501
Manufacturer: Flock Safety
Direction: 184
Zone: traffic
Camera type: fixed</description>
      <Point>
        <coordinates>-95.5660519,29.9270174,0</coordinates>
      </Point>
    </Placemark>
    <Placemark>
      <name>ALPR</name>
      <description>OSM node: https://www.openstreetmap.org/node/14027803103
Manufacturer: Flock Safety
Zone: traffic
Camera type: fixed</description>
      <Point>
        <coordinates>-96.6091814,30.8761201,0</coordinates>
      </Point>
    </Placemark>
    <Placemark>
      <name>ALPR</name>
      <description>OSM node: https://www.openstreetmap.org/node/14027803104
Manufacturer: Flock Safety
Zone: traffic
Camera type: fixed</description>
      <Point>
        <coordinates>-96.6076025,30.8768518,0</coordinates>
      </Point>
    </Placemark>
    <Placemark>
      <name>ALPR</name>
      <description>OSM node: https://www.openstreetmap.org/node/14027803105
Manufacturer: Flock Safety
Zone: traffic
Camera type: fixed</description>
      <Point>
        <coordinates>-96.5879355,30.8786486,0</coordinates>
      </Point>
    </Placemark>
    <Placemark>
      <name>ALPR</name>
      <description>OSM node: https://www.openstreetmap.org/node/14027803106
Manufacturer: Flock Safety
Zone: traffic
Camera type: fixed</description>
      <Point>
        <coordinates>-96.5879216,30.8783408,0</coordinates>
      </Point>
    </Placemark>
    <Placemark>
      <name>ALPR</name>
      <description>OSM node: https://www.openstreetmap.org/node/14027803107
Manufacturer: Flock Safety
Zone: traffic
Camera type: fixed</description>
      <Point>
        <coordinates>-96.5852711,30.8783156,0</coordinates>
      </Point>
    </Placemark>
    <Placemark>
      <name>ALPR</name>
      <description>OSM node: https://www.openstreetmap.org/node/14027828505
Manufacturer: Flock Safety
Direction: 134;39
Zone: traffic
Camera type: fixed</description>
      <Point>
        <coordinates>-102.3269471,33.9406293,0</coordinates>
      </Point>
    </Placemark>
    <Placemark>
      <name>ALPR</name>
      <description>OSM node: https://www.openstreetmap.org/node/14027845001
Manufacturer: Flock Safety
Direction: 267
Zone: traffic
Camera type: fixed</description>
      <Point>
        <coordinates>-96.9384533,32.6161026,0</coordinates>
      </Point>
    </Placemark>
    <Placemark>
      <name>ALPR</name>
      <description>OSM node: https://www.openstreetmap.org/node/14027846001
Manufacturer: Flock Safety
Direction: 12
Zone: traffic
Camera type: fixed</description>
      <Point>
        <coordinates>-95.0639865,29.9207225,0</coordinates>
      </Point>
    </Placemark>
    <Placemark>
      <name>ALPR</name>
      <description>OSM node: https://www.openstreetmap.org/node/14027946218
Manufacturer: Flock Safety
Direction: 257
Zone: traffic
Camera type: fixed</description>
      <Point>
        <coordinates>-96.9409699,33.259289,0</coordinates>
      </Point>
    </Placemark>
    <Placemark>
      <name>ALPR</name>
      <description>OSM node: https://www.openstreetmap.org/node/14028039001
Manufacturer: Flock Safety
Direction: 120
Zone: traffic
Camera type: fixed</description>
      <Point>
        <coordinates>-95.2774778,29.5742321,0</coordinates>
      </Point>
    </Placemark>
    <Placemark>
      <name>ALPR</name>
      <description>OSM node: https://www.openstreetmap.org/node/14028049501
Manufacturer: Flock Safety
Direction: 346
Zone: traffic
Camera type: fixed</description>
      <Point>
        <coordinates>-95.0950964,30.1645215,0</coordinates>
      </Point>
    </Placemark>
    <Placemark>
      <name>ALPR</name>
      <description>OSM node: https://www.openstreetmap.org/node/14028086001
Manufacturer: Flock Safety
Direction: 192
Zone: traffic
Camera type: fixed</description>
      <Point>
        <coordinates>-101.906413,35.1594451,0</coordinates>
      </Point>
    </Placemark>
    <Placemark>
      <name>ALPR</name>
      <description>OSM node: https://www.openstreetmap.org/node/14028086002
Manufacturer: Flock Safety
Direction: 5
Zone: traffic
Camera type: fixed</description>
      <Point>
        <coordinates>-101.9075736,35.1573559,0</coordinates>
      </Point>
    </Placemark>
    <Placemark>
      <name>ALPR</name>
      <description>OSM node: https://www.openstreetmap.org/node/14028090701
Manufacturer: Flock Safety
Direction: 0
Zone: traffic
Camera type: fixed</description>
      <Point>
        <coordinates>-101.9103049,35.1564976,0</coordinates>
      </Point>
    </Placemark>
    <Placemark>
      <name>ALPR</name>
      <description>OSM node: https://www.openstreetmap.org/node/14028097201
Manufacturer: Flock Safety
Direction: 201
Zone: traffic
Camera type: fixed</description>
      <Point>
        <coordinates>-101.9101671,35.1591861,0</coordinates>
      </Point>
    </Placemark>
    <Placemark>
      <name>ALPR</name>
      <description>OSM node: https://www.openstreetmap.org/node/14028286301
Manufacturer: Flock Safety
Direction: 225
Zone: traffic
Camera type: fixed</description>
      <Point>
        <coordinates>-94.8474862,29.865601,0</coordinates>
      </Point>
    </Placemark>
    <Placemark>
      <name>ALPR</name>
      <description>OSM node: https://www.openstreetmap.org/node/14028641402
Manufacturer: Leonardo
Direction: 82;267
Zone: traffic
Camera type: fixed</description>
      <Point>
        <coordinates>-106.5450414,31.9046227,0</coordinates>
      </Point>
    </Placemark>
    <Placemark>
      <name>ALPR</name>
      <description>OSM node: https://www.openstreetmap.org/node/14028642701
Manufacturer: Flock Safety
Direction: 328;135
Zone: traffic
Camera type: fixed</description>
      <Point>
        <coordinates>-99.510276,27.517256,0</coordinates>
      </Point>
    </Placemark>
    <Placemark>
      <name>ALPR</name>
      <description>OSM node: https://www.openstreetmap.org/node/14028642702
Manufacturer: Leonardo
Direction: 130;303
Zone: traffic
Camera type: fixed</description>
      <Point>
        <coordinates>-106.5237226,31.9070768,0</coordinates>
      </Point>
    </Placemark>
    <Placemark>
      <name>ALPR</name>
      <description>OSM node: https://www.openstreetmap.org/node/14028644901
Manufacturer: Leonardo
Direction: 47
Zone: traffic
Camera type: fixed</description>
      <Point>
        <coordinates>-106.5231192,31.9062019,0</coordinates>
      </Point>
    </Placemark>
    <Placemark>
      <name>ALPR</name>
      <description>OSM node: https://www.openstreetmap.org/node/14028645201
Manufacturer: Leonardo
Direction: 0
Zone: traffic
Camera type: fixed</description>
      <Point>
        <coordinates>-106.5263873,31.9074838,0</coordinates>
      </Point>
    </Placemark>
    <Placemark>
      <name>ALPR</name>
      <description>OSM node: https://www.openstreetmap.org/node/14028645601
Manufacturer: Leonardo
Direction: 0
Zone: traffic
Camera type: fixed</description>
      <Point>
        <coordinates>-106.5329676,31.9071167,0</coordinates>
      </Point>
    </Placemark>
    <Placemark>
      <name>ALPR</name>
      <description>OSM node: https://www.openstreetmap.org/node/14028645602
Manufacturer: Leonardo
Direction: 39;251
Zone: traffic
Camera type: fixed</description>
      <Point>
        <coordinates>-106.5390963,31.9060879,0</coordinates>
      </Point>
    </Placemark>
    <Placemark>
      <name>ALPR</name>
      <description>OSM node: https://www.openstreetmap.org/node/14028749301
Manufacturer: Flock Safety
Direction: 323
Zone: traffic
Camera type: fixed</description>
      <Point>
        <coordinates>-97.8631329,27.4619457,0</coordinates>
      </Point>
    </Placemark>
    <Placemark>
      <name>ALPR</name>
      <description>OSM node: https://www.openstreetmap.org/node/14028750201
Manufacturer: Flock Safety
Direction: 145
Zone: traffic
Camera type: fixed</description>
      <Point>
        <coordinates>-97.8560108,27.436897,0</coordinates>
      </Point>
    </Placemark>
    <Placemark>
      <name>ALPR</name>
      <description>OSM node: https://www.openstreetmap.org/node/14028768801
Manufacturer: Flock Safety
Direction: 101
Zone: traffic
Camera type: fixed</description>
      <Point>
        <coordinates>-97.4820233,31.0550107,0</coordinates>
      </Point>
    </Placemark>
    <Placemark>
      <name>ALPR</name>
      <description>OSM node: https://www.openstreetmap.org/node/14028804901
Manufacturer: Flock Safety
Direction: 107
Zone: traffic
Camera type: fixed</description>
      <Point>
        <coordinates>-106.4125575,31.7853136,0</coordinates>
      </Point>
    </Placemark>
    <Placemark>
      <name>ALPR</name>
      <description>OSM node: https://www.openstreetmap.org/node/14028860101
Manufacturer: Flock Safety
Direction: 0
Zone: traffic
Camera type: fixed</description>
      <Point>
        <coordinates>-102.1618925,32.0565839,0</coordinates>
      </Point>
    </Placemark>
    <Placemark>
      <name>ALPR</name>
      <description>OSM node: https://www.openstreetmap.org/node/14028864703
Manufacturer: Flock Safety
Direction: 62
Zone: traffic
Camera type: fixed</description>
      <Point>
        <coordinates>-102.1567281,32.0614912,0</coordinates>
      </Point>
    </Placemark>
    <Placemark>
      <name>ALPR</name>
      <description>OSM node: https://www.openstreetmap.org/node/14028879202
Manufacturer: Flock Safety
Direction: 324
Zone: traffic
Camera type: fixed</description>
      <Point>
        <coordinates>-102.1631648,32.0562104,0</coordinates>
      </Point>
    </Placemark>
    <Placemark>
      <name>ALPR</name>
      <description>OSM node: https://www.openstreetmap.org/node/14028888301
Manufacturer: Flock Safety
Direction: 322
Zone: traffic
Camera type: fixed</description>
      <Point>
        <coordinates>-98.9638512,32.0832305,0</coordinates>
      </Point>
    </Placemark>
    <Placemark>
      <name>ALPR</name>
      <description>OSM node: https://www.openstreetmap.org/node/14028894002
Manufacturer: Flock Safety
Direction: 236
Zone: traffic
Camera type: fixed</description>
      <Point>
        <coordinates>-94.5839231,32.5146623,0</coordinates>
      </Point>
    </Placemark>
    <Placemark>
      <name>Lowe's ALPR</name>
      <description>OSM node: https://www.openstreetmap.org/node/14028904701
Operator: Lowe's
Manufacturer: Flock Safety
Direction: 181
Zone: traffic
Camera type: fixed</description>
      <Point>
        <coordinates>-98.4283041,29.3494516,0</coordinates>
      </Point>
    </Placemark>
    <Placemark>
      <name>ALPR</name>
      <description>OSM node: https://www.openstreetmap.org/node/14029065101
Manufacturer: Flock Safety
Direction: 210
Zone: traffic
Camera type: fixed</description>
      <Point>
        <coordinates>-97.0841205,32.4428516,0</coordinates>
      </Point>
    </Placemark>
    <Placemark>
      <name>ALPR</name>
      <description>OSM node: https://www.openstreetmap.org/node/14029074501
Manufacturer: Flock Safety
Direction: 61
Zone: traffic
Camera type: fixed</description>
      <Point>
        <coordinates>-97.0995457,32.8354389,0</coordinates>
      </Point>
    </Placemark>
    <Placemark>
      <name>ALPR</name>
      <description>OSM node: https://www.openstreetmap.org/node/14029146601
Manufacturer: Flock Safety
Direction: 61
Zone: traffic
Camera type: fixed</description>
      <Point>
        <coordinates>-98.4748591,29.3039065,0</coordinates>
      </Point>
    </Placemark>
    <Placemark>
      <name>ALPR</name>
      <description>OSM node: https://www.openstreetmap.org/node/14029149001
Manufacturer: Flock Safety
Direction: 335
Zone: traffic
Camera type: fixed</description>
      <Point>
        <coordinates>-98.4761231,29.3041082,0</coordinates>
      </Point>
    </Placemark>
    <Placemark>
      <name>ALPR</name>
      <description>OSM node: https://www.openstreetmap.org/node/14029195701
Manufacturer: Flock Safety
Direction: 328
Zone: traffic
Camera type: fixed</description>
      <Point>
        <coordinates>-98.4397368,29.7425152,0</coordinates>
      </Point>
    </Placemark>
    <Placemark>
      <name>ALPR</name>
      <description>OSM node: https://www.openstreetmap.org/node/14029253801
Manufacturer: Flock Safety
Direction: 202
Zone: traffic
Camera type: fixed</description>
      <Point>
        <coordinates>-98.4738247,29.3047376,0</coordinates>
      </Point>
    </Placemark>
    <Placemark>
      <name>ALPR</name>
      <description>OSM node: https://www.openstreetmap.org/node/14029262501
Manufacturer: Flock Safety
Direction: 0
Zone: traffic
Camera type: fixed</description>
      <Point>
        <coordinates>-98.6261696,33.1202218,0</coordinates>
      </Point>
    </Placemark>
    <Placemark>
      <name>ALPR</name>
      <description>OSM node: https://www.openstreetmap.org/node/14029329301
Manufacturer: Flock Safety
Direction: 243
Zone: traffic
Camera type: fixed</description>
      <Point>
        <coordinates>-96.946494,33.6541777,0</coordinates>
      </Point>
    </Placemark>
    <Placemark>
      <name>ALPR</name>
      <description>OSM node: https://www.openstreetmap.org/node/14029343201
Manufacturer: Flock Safety
Direction: 0
Zone: traffic
Camera type: fixed</description>
      <Point>
        <coordinates>-97.4698564,31.1148548,0</coordinates>
      </Point>
    </Placemark>
    <Placemark>
      <name>ALPR</name>
      <description>OSM node: https://www.openstreetmap.org/node/14029402501
Manufacturer: Flock Safety
Direction: 257
Zone: traffic
Camera type: fixed</description>
      <Point>
        <coordinates>-96.7497292,32.8638476,0</coordinates>
      </Point>
    </Placemark>
    <Placemark>
      <name>ALPR</name>
      <description>OSM node: https://www.openstreetmap.org/node/14029404101
Manufacturer: Flock Safety
Direction: 267
Zone: traffic
Camera type: fixed</description>
      <Point>
        <coordinates>-95.3322713,29.9516819,0</coordinates>
      </Point>
    </Placemark>
    <Placemark>
      <name>ALPR</name>
      <description>OSM node: https://www.openstreetmap.org/node/14029417001
Manufacturer: Flock Safety
Direction: 80
Zone: traffic
Camera type: fixed</description>
      <Point>
        <coordinates>-96.8788721,32.720278,0</coordinates>
      </Point>
    </Placemark>
    <Placemark>
      <name>ALPR</name>
      <description>OSM node: https://www.openstreetmap.org/node/14029485301
Manufacturer: Flock Safety
Direction: 151
Zone: traffic
Camera type: fixed</description>
      <Point>
        <coordinates>-98.987151,32.4212636,0</coordinates>
      </Point>
    </Placemark>
    <Placemark>
      <name>ALPR</name>
      <description>OSM node: https://www.openstreetmap.org/node/14029615401
Manufacturer: Flock Safety
Direction: 244
Zone: traffic
Camera type: fixed</description>
      <Point>
        <coordinates>-96.7594204,32.8670106,0</coordinates>
      </Point>
    </Placemark>
    <Placemark>
      <name>ALPR</name>
      <description>OSM node: https://www.openstreetmap.org/node/14029674801
Manufacturer: Flock Safety
Direction: 254
Zone: traffic
Camera type: fixed</description>
      <Point>
        <coordinates>-98.7700083,31.2036268,0</coordinates>
      </Point>
    </Placemark>
    <Placemark>
      <name>ALPR</name>
      <description>OSM node: https://www.openstreetmap.org/node/14029784702
Manufacturer: Flock Safety
Direction: 237
Zone: traffic
Camera type: fixed</description>
      <Point>
        <coordinates>-97.0468698,32.800036,0</coordinates>
      </Point>
    </Placemark>
    <Placemark>
      <name>ALPR</name>
      <description>OSM node: https://www.openstreetmap.org/node/14029837701
Manufacturer: Flock Safety
Direction: 308
Zone: traffic
Camera type: fixed</description>
      <Point>
        <coordinates>-95.1306652,33.0913336,0</coordinates>
      </Point>
    </Placemark>
    <Placemark>
      <name>ALPR</name>
      <description>OSM node: https://www.openstreetmap.org/node/14029867401
Manufacturer: Neology, Inc.
Direction: 0
Zone: traffic
Camera type: fixed</description>
      <Point>
        <coordinates>-99.8366049,28.9404228,0</coordinates>
      </Point>
    </Placemark>
    <Placemark>
      <name>ALPR</name>
      <description>OSM node: https://www.openstreetmap.org/node/14029881301
Manufacturer: Flock Safety
Direction: 190
Zone: traffic
Camera type: fixed</description>
      <Point>
        <coordinates>-100.4815561,28.6997723,0</coordinates>
      </Point>
    </Placemark>
    <Placemark>
      <name>ALPR</name>
      <description>OSM node: https://www.openstreetmap.org/node/14029882001
Manufacturer: Flock Safety
Direction: 160
Zone: traffic
Camera type: fixed</description>
      <Point>
        <coordinates>-100.4823783,28.6998623,0</coordinates>
      </Point>
    </Placemark>
    <Placemark>
      <name>ALPR</name>
      <description>OSM node: https://www.openstreetmap.org/node/14029896701
Manufacturer: Flock Safety
Direction: 42
Zone: traffic
Camera type: fixed</description>
      <Point>
        <coordinates>-94.3484728,32.7699984,0</coordinates>
      </Point>
    </Placemark>
    <Placemark>
      <name>ALPR</name>
      <description>OSM node: https://www.openstreetmap.org/node/14029897801
Manufacturer: Flock Safety
Direction: 121
Zone: traffic
Camera type: fixed</description>
      <Point>
        <coordinates>-94.3563499,32.7685428,0</coordinates>
      </Point>
    </Placemark>
    <Placemark>
      <name>ALPR</name>
      <description>OSM node: https://www.openstreetmap.org/node/14029900901
Manufacturer: Flock
Direction: 0-360
Zone: traffic
Camera type: Traffic Light</description>
      <Point>
        <coordinates>-99.4673732,27.5602726,0</coordinates>
      </Point>
    </Placemark>
    <Placemark>
      <name>ALPR</name>
      <description>OSM node: https://www.openstreetmap.org/node/14029913502
Manufacturer: Flock Safety
Direction: 87
Zone: traffic
Camera type: fixed</description>
      <Point>
        <coordinates>-101.9139482,35.1994285,0</coordinates>
      </Point>
    </Placemark>
    <Placemark>
      <name>ALPR</name>
      <description>OSM node: https://www.openstreetmap.org/node/14029915601
Manufacturer: Flock Safety
Direction: 245
Zone: traffic
Camera type: fixed</description>
      <Point>
        <coordinates>-95.6372128,30.0368614,0</coordinates>
      </Point>
    </Placemark>
    <Placemark>
      <name>ALPR</name>
      <description>OSM node: https://www.openstreetmap.org/node/14029928001
Manufacturer: Flock Safety
Direction: 66
Zone: traffic
Camera type: fixed</description>
      <Point>
        <coordinates>-94.93156,29.3971588,0</coordinates>
      </Point>
    </Placemark>
    <Placemark>
      <name>ALPR</name>
      <description>OSM node: https://www.openstreetmap.org/node/14029977301
Manufacturer: Flock Safety
Direction: 31
Zone: traffic
Camera type: fixed</description>
      <Point>
        <coordinates>-96.6634472,33.1516405,0</coordinates>
      </Point>
    </Placemark>
    <Placemark>
      <name>ALPR</name>
      <description>OSM node: https://www.openstreetmap.org/node/14029999002
Manufacturer: Flock Safety
Direction: 0
Zone: traffic
Camera type: fixed</description>
      <Point>
        <coordinates>-94.391086,31.6565526,0</coordinates>
      </Point>
    </Placemark>
    <Placemark>
      <name>ALPR</name>
      <description>OSM node: https://www.openstreetmap.org/node/14030133801
Manufacturer: Flock Safety
Direction: 0
Zone: traffic
Camera type: fixed</description>
      <Point>
        <coordinates>-97.1924311,31.4240909,0</coordinates>
      </Point>
    </Placemark>
    <Placemark>
      <name>ALPR</name>
      <description>OSM node: https://www.openstreetmap.org/node/14030138232
Manufacturer: Flock Safety
Direction: 50
Zone: traffic
Camera type: fixed</description>
      <Point>
        <coordinates>-95.3796796,29.6275642,0</coordinates>
      </Point>
    </Placemark>
    <Placemark>
      <name>ALPR</name>
      <description>OSM node: https://www.openstreetmap.org/node/14030238701
Manufacturer: Flock Safety
Direction: 249
Zone: traffic
Camera type: fixed</description>
      <Point>
        <coordinates>-95.3059121,29.6209139,0</coordinates>
      </Point>
    </Placemark>
    <Placemark>
      <name>ALPR</name>
      <description>OSM node: https://www.openstreetmap.org/node/14030288001
Manufacturer: Axis Communications
Direction: 0
Zone: traffic
Camera type: fixed</description>
      <Point>
        <coordinates>-95.3891378,30.0239467,0</coordinates>
      </Point>
    </Placemark>
    <Placemark>
      <name>ALPR</name>
      <description>OSM node: https://www.openstreetmap.org/node/14030289601
Direction: 0
Zone: traffic
Camera type: fixed</description>
      <Point>
        <coordinates>-95.389172,30.0240621,0</coordinates>
      </Point>
    </Placemark>
    <Placemark>
      <name>ALPR</name>
      <description>OSM node: https://www.openstreetmap.org/node/14030385501
Manufacturer: Flock Safety
Direction: 50
Zone: traffic
Camera type: fixed</description>
      <Point>
        <coordinates>-97.2299986,33.6349766,0</coordinates>
      </Point>
    </Placemark>
    <Placemark>
      <name>ALPR</name>
      <description>OSM node: https://www.openstreetmap.org/node/14030385502
Manufacturer: Flock Safety
Direction: 150
Zone: traffic
Camera type: fixed</description>
      <Point>
        <coordinates>-97.2261875,33.6430766,0</coordinates>
      </Point>
    </Placemark>
    <Placemark>
      <name>ALPR</name>
      <description>OSM node: https://www.openstreetmap.org/node/14030438001
Manufacturer: Flock Safety
Direction: 257
Zone: traffic
Camera type: fixed</description>
      <Point>
        <coordinates>-96.6986748,33.1986863,0</coordinates>
      </Point>
    </Placemark>
    <Placemark>
      <name>ALPR</name>
      <description>OSM node: https://www.openstreetmap.org/node/14030438502
Manufacturer: Flock Safety
Direction: 257
Zone: traffic
Camera type: fixed</description>
      <Point>
        <coordinates>-96.6986748,33.1986863,0</coordinates>
      </Point>
    </Placemark>
    <Placemark>
      <name>ALPR</name>
      <description>OSM node: https://www.openstreetmap.org/node/14030956301
Manufacturer: Flock Safety
Direction: 144
Zone: traffic
Camera type: fixed</description>
      <Point>
        <coordinates>-99.7251186,33.9840426,0</coordinates>
      </Point>
    </Placemark>
    <Placemark>
      <name>ALPR</name>
      <description>OSM node: https://www.openstreetmap.org/node/14031066801
Manufacturer: Flock Safety
Direction: 105
Zone: traffic
Camera type: fixed</description>
      <Point>
        <coordinates>-96.7094177,30.5460286,0</coordinates>
      </Point>
    </Placemark>
    <Placemark>
      <name>ALPR</name>
      <description>OSM node: https://www.openstreetmap.org/node/14031164301
Manufacturer: Flock Safety
Direction: 0
Zone: traffic
Camera type: fixed</description>
      <Point>
        <coordinates>-98.1712896,26.2956397,0</coordinates>
      </Point>
    </Placemark>
    <Placemark>
      <name>ALPR</name>
      <description>OSM node: https://www.openstreetmap.org/node/14031166501
Manufacturer: Flock Safety
Direction: 76
Zone: traffic
Camera type: fixed</description>
      <Point>
        <coordinates>-98.1837163,26.2969019,0</coordinates>
      </Point>
    </Placemark>
    <Placemark>
      <name>ALPR</name>
      <description>OSM node: https://www.openstreetmap.org/node/14031336349
Manufacturer: Flock Safety
Direction: 75
Zone: traffic
Camera type: fixed</description>
      <Point>
        <coordinates>-95.5144508,29.6674438,0</coordinates>
      </Point>
    </Placemark>
    <Placemark>
      <name>ALPR</name>
      <description>OSM node: https://www.openstreetmap.org/node/14031336350
Manufacturer: Flock Safety
Direction: 280
Zone: traffic
Camera type: fixed</description>
      <Point>
        <coordinates>-95.5047416,29.7135632,0</coordinates>
      </Point>
    </Placemark>
    <Placemark>
      <name>ALPR</name>
      <description>OSM node: https://www.openstreetmap.org/node/14031405603
Manufacturer: Flock Safety
Direction: 343
Zone: traffic
Camera type: fixed</description>
      <Point>
        <coordinates>-95.3232059,29.7655984,0</coordinates>
      </Point>
    </Placemark>
    <Placemark>
      <name>ALPR</name>
      <description>OSM node: https://www.openstreetmap.org/node/14031529701
Manufacturer: Flock Safety
Direction: 230
Zone: traffic
Camera type: fixed</description>
      <Point>
        <coordinates>-95.7116181,30.3886877,0</coordinates>
      </Point>
    </Placemark>
    <Placemark>
      <name>ALPR</name>
      <description>OSM node: https://www.openstreetmap.org/node/14031531202
Manufacturer: Flock Safety
Direction: 317
Zone: traffic
Camera type: fixed</description>
      <Point>
        <coordinates>-93.995798,30.9118241,0</coordinates>
      </Point>
    </Placemark>
    <Placemark>
      <name>ALPR</name>
      <description>OSM node: https://www.openstreetmap.org/node/14031561802
Manufacturer: Flock Safety
Direction: 16
Zone: traffic
Camera type: fixed</description>
      <Point>
        <coordinates>-96.4275089,33.0379888,0</coordinates>
      </Point>
    </Placemark>
    <Placemark>
      <name>ALPR</name>
      <description>OSM node: https://www.openstreetmap.org/node/14031670801
Manufacturer: Flock Safety
Direction: 151;344
Zone: traffic
Camera type: fixed</description>
      <Point>
        <coordinates>-95.6969057,29.5465486,0</coordinates>
      </Point>
    </Placemark>
    <Placemark>
      <name>ALPR</name>
      <description>OSM node: https://www.openstreetmap.org/node/14031678201
Manufacturer: Flock Safety
Direction: 108
Zone: traffic
Camera type: fixed</description>
      <Point>
        <coordinates>-96.5383052,32.934407,0</coordinates>
      </Point>
    </Placemark>
    <Placemark>
      <name>ALPR</name>
      <description>OSM node: https://www.openstreetmap.org/node/14031728597
Manufacturer: Flock Safety
Zone: traffic
Camera type: fixed</description>
      <Point>
        <coordinates>-95.4815524,29.8754769,0</coordinates>
      </Point>
    </Placemark>
    <Placemark>
      <name>ALPR</name>
      <description>OSM node: https://www.openstreetmap.org/node/14031901002
Manufacturer: Flock Safety
Direction: 266
Zone: traffic
Camera type: fixed</description>
      <Point>
        <coordinates>-98.9156219,29.9853221,0</coordinates>
      </Point>
    </Placemark>
    <Placemark>
      <name>ALPR</name>
      <description>OSM node: https://www.openstreetmap.org/node/14031911101
Manufacturer: Flock Safety
Direction: 46
Zone: traffic
Camera type: fixed</description>
      <Point>
        <coordinates>-94.2361266,30.2235885,0</coordinates>
      </Point>
    </Placemark>
    <Placemark>
      <name>ALPR</name>
      <description>OSM node: https://www.openstreetmap.org/node/14031986901
Manufacturer: Flock Safety
Direction: 0
Zone: traffic
Camera type: fixed</description>
      <Point>
        <coordinates>-96.530991,33.3159595,0</coordinates>
      </Point>
    </Placemark>
    <Placemark>
      <name>ALPR</name>
      <description>OSM node: https://www.openstreetmap.org/node/14031988101
Manufacturer: Flock Safety
Direction: 0;0;160
Zone: traffic
Camera type: fixed</description>
      <Point>
        <coordinates>-96.5311732,33.3162797,0</coordinates>
      </Point>
    </Placemark>
    <Placemark>
      <name>ALPR</name>
      <description>OSM node: https://www.openstreetmap.org/node/14032024401
Manufacturer: Flock Safety
Direction: 9
Zone: traffic
Camera type: fixed</description>
      <Point>
        <coordinates>-96.4745992,32.8007973,0</coordinates>
      </Point>
    </Placemark>
    <Placemark>
      <name>ALPR</name>
      <description>OSM node: https://www.openstreetmap.org/node/14032024801
Manufacturer: Flock Safety
Direction: 21
Zone: traffic
Camera type: fixed</description>
      <Point>
        <coordinates>-96.4771101,32.8029772,0</coordinates>
      </Point>
    </Placemark>
    <Placemark>
      <name>ALPR</name>
      <description>OSM node: https://www.openstreetmap.org/node/14032025001
Manufacturer: Flock Safety
Direction: 20
Zone: traffic
Camera type: fixed</description>
      <Point>
        <coordinates>-96.4789826,32.8046195,0</coordinates>
      </Point>
    </Placemark>
    <Placemark>
      <name>ALPR</name>
      <description>OSM node: https://www.openstreetmap.org/node/14032029001
Manufacturer: Flock Safety
Direction: 207
Zone: traffic
Camera type: fixed</description>
      <Point>
        <coordinates>-96.4771249,32.8022949,0</coordinates>
      </Point>
    </Placemark>
    <Placemark>
      <name>ALPR</name>
      <description>OSM node: https://www.openstreetmap.org/node/14032029002
Manufacturer: Flock Safety
Direction: 204
Zone: traffic
Camera type: fixed</description>
      <Point>
        <coordinates>-96.4799396,32.8048219,0</coordinates>
      </Point>
    </Placemark>
    <Placemark>
      <name>ALPR</name>
      <description>OSM node: https://www.openstreetmap.org/node/14032031001
Manufacturer: Flock Safety
Direction: 16
Zone: traffic
Camera type: fixed</description>
      <Point>
        <coordinates>-96.4810993,32.8064472,0</coordinates>
      </Point>
    </Placemark>
    <Placemark>
      <name>ALPR</name>
      <description>OSM node: https://www.openstreetmap.org/node/14032074201
Manufacturer: Flock Safety
Direction: 312
Zone: traffic
Camera type: fixed</description>
      <Point>
        <coordinates>-95.8354867,32.1571749,0</coordinates>
      </Point>
    </Placemark>
    <Placemark>
      <name>ALPR</name>
      <description>OSM node: https://www.openstreetmap.org/node/14032074401
Manufacturer: Flock Safety
Direction: 127
Zone: traffic
Camera type: fixed</description>
      <Point>
        <coordinates>-95.8363944,32.158134,0</coordinates>
      </Point>
    </Placemark>
    <Placemark>
      <name>ALPR</name>
      <description>OSM node: https://www.openstreetmap.org/node/14032093501
Manufacturer: Flock Safety
Direction: 137
Zone: traffic
Camera type: fixed</description>
      <Point>
        <coordinates>-95.8522922,32.2295836,0</coordinates>
      </Point>
    </Placemark>
    <Placemark>
      <name>ALPR</name>
      <description>OSM node: https://www.openstreetmap.org/node/14032098201
Manufacturer: Flock Safety
Direction: 107
Zone: traffic
Camera type: fixed</description>
      <Point>
        <coordinates>-95.8835763,32.2249079,0</coordinates>
      </Point>
    </Placemark>
    <Placemark>
      <name>ALPR</name>
      <description>OSM node: https://www.openstreetmap.org/node/14032152201
Manufacturer: Flock Safety
Direction: 287
Zone: traffic
Camera type: fixed</description>
      <Point>
        <coordinates>-98.7632745,29.8293393,0</coordinates>
      </Point>
    </Placemark>
    <Placemark>
      <name>ALPR</name>
      <description>OSM node: https://www.openstreetmap.org/node/14032156801
Manufacturer: Flock Safety
Direction: 269
Zone: traffic
Camera type: fixed</description>
      <Point>
        <coordinates>-98.5127983,29.1419824,0</coordinates>
      </Point>
    </Placemark>
    <Placemark>
      <name>ALPR</name>
      <description>OSM node: https://www.openstreetmap.org/node/14032163816
Manufacturer: Flock Safety
Zone: traffic
Camera type: fixed</description>
      <Point>
        <coordinates>-98.4231241,29.6691281,0</coordinates>
      </Point>
    </Placemark>
    <Placemark>
      <name>ALPR</name>
      <description>OSM node: https://www.openstreetmap.org/node/14032195601
Manufacturer: Flock Safety
Direction: 120
Zone: traffic
Camera type: fixed</description>
      <Point>
        <coordinates>-96.9748223,33.1449961,0</coordinates>
      </Point>
    </Placemark>
    <Placemark>
      <name>ALPR</name>
      <description>OSM node: https://www.openstreetmap.org/node/14032247401
Manufacturer: Flock Safety
Direction: 189
Zone: traffic
Camera type: fixed</description>
      <Point>
        <coordinates>-98.268831,30.6005914,0</coordinates>
      </Point>
    </Placemark>
    <Placemark>
      <name>ALPR</name>
      <description>OSM node: https://www.openstreetmap.org/node/14032307501
Manufacturer: Flock Safety
Direction: 0
Zone: traffic
Camera type: fixed</description>
      <Point>
        <coordinates>-95.1731382,29.8039875,0</coordinates>
      </Point>
    </Placemark>
    <Placemark>
      <name>ALPR</name>
      <description>OSM node: https://www.openstreetmap.org/node/14032311401
Manufacturer: Flock Safety
Direction: 0
Zone: traffic
Camera type: fixed</description>
      <Point>
        <coordinates>-95.1768527,29.7925399,0</coordinates>
      </Point>
    </Placemark>
    <Placemark>
      <name>ALPR</name>
      <description>OSM node: https://www.openstreetmap.org/node/14032317401
Manufacturer: Flock Safety
Direction: 68
Zone: traffic
Camera type: fixed</description>
      <Point>
        <coordinates>-95.7155053,29.6277031,0</coordinates>
      </Point>
    </Placemark>
    <Placemark>
      <name>ALPR</name>
      <description>OSM node: https://www.openstreetmap.org/node/14032582401
Manufacturer: Flock Safety
Direction: 52
Zone: traffic
Camera type: fixed</description>
      <Point>
        <coordinates>-95.7109084,29.6540564,0</coordinates>
      </Point>
    </Placemark>
    <Placemark>
      <name>ALPR</name>
      <description>OSM node: https://www.openstreetmap.org/node/14032684501
Manufacturer: Flock Safety
Direction: 37
Zone: traffic
Camera type: fixed</description>
      <Point>
        <coordinates>-95.7157959,29.6436137,0</coordinates>
      </Point>
    </Placemark>
    <Placemark>
      <name>ALPR</name>
      <description>OSM node: https://www.openstreetmap.org/node/14032689801
Manufacturer: Flock Safety
Direction: 165
Zone: traffic
Camera type: fixed</description>
      <Point>
        <coordinates>-95.3583233,32.8917753,0</coordinates>
      </Point>
    </Placemark>
    <Placemark>
      <name>ALPR</name>
      <description>OSM node: https://www.openstreetmap.org/node/14038408301
Manufacturer: Flock Safety
Direction: 330
Zone: traffic
Camera type: fixed</description>
      <Point>
        <coordinates>-98.754038,29.8176243,0</coordinates>
      </Point>
    </Placemark>
    <Placemark>
      <name>ALPR</name>
      <description>OSM node: https://www.openstreetmap.org/node/14038512401
Manufacturer: Flock Safety
Direction: 303;6
Zone: traffic
Camera type: fixed</description>
      <Point>
        <coordinates>-96.9201701,28.8213929,0</coordinates>
      </Point>
    </Placemark>
    <Placemark>
      <name>ALPR</name>
      <description>OSM node: https://www.openstreetmap.org/node/14038512402
Manufacturer: Flock Safety
Direction: 315;121;220
Zone: traffic
Camera type: fixed</description>
      <Point>
        <coordinates>-96.9184378,28.8226436,0</coordinates>
      </Point>
    </Placemark>
    <Placemark>
      <name>ALPR</name>
      <description>OSM node: https://www.openstreetmap.org/node/14038517201
Manufacturer: Flock Safety
Direction: 282;16
Zone: traffic
Camera type: fixed</description>
      <Point>
        <coordinates>-96.2764383,29.1772656,0</coordinates>
      </Point>
    </Placemark>
    <Placemark>
      <name>ALPR</name>
      <description>OSM node: https://www.openstreetmap.org/node/14038518701
Manufacturer: Flock Safety
Direction: 142;231
Zone: traffic
Camera type: fixed</description>
      <Point>
        <coordinates>-96.2755982,29.1762507,0</coordinates>
      </Point>
    </Placemark>
    <Placemark>
      <name>ALPR</name>
      <description>OSM node: https://www.openstreetmap.org/node/14038593401
Manufacturer: Flock Safety
Direction: 236
Zone: traffic
Camera type: fixed</description>
      <Point>
        <coordinates>-97.9296772,33.3068141,0</coordinates>
      </Point>
    </Placemark>
    <Placemark>
      <name>ALPR</name>
      <description>OSM node: https://www.openstreetmap.org/node/14038597101
Manufacturer: Flock Safety
Direction: 24
Zone: traffic
Camera type: fixed</description>
      <Point>
        <coordinates>-98.6238426,29.4994718,0</coordinates>
      </Point>
    </Placemark>
    <Placemark>
      <name>ALPR</name>
      <description>OSM node: https://www.openstreetmap.org/node/14038624302
Manufacturer: Flock Safety
Direction: 37
Zone: traffic
Camera type: fixed</description>
      <Point>
        <coordinates>-98.6088475,29.4970443,0</coordinates>
      </Point>
    </Placemark>
    <Placemark>
      <name>ALPR</name>
      <description>OSM node: https://www.openstreetmap.org/node/14038663902
Manufacturer: Flock Safety
Direction: 210
Zone: traffic
Camera type: fixed</description>
      <Point>
        <coordinates>-98.4731884,29.2942877,0</coordinates>
      </Point>
    </Placemark>
    <Placemark>
      <name>ALPR</name>
      <description>OSM node: https://www.openstreetmap.org/node/14038813001
Manufacturer: Flock Safety
Direction: 162
Zone: traffic
Camera type: fixed</description>
      <Point>
        <coordinates>-95.4420184,30.076167,0</coordinates>
      </Point>
    </Placemark>
    <Placemark>
      <name>ALPR</name>
      <description>OSM node: https://www.openstreetmap.org/node/14038817101
Manufacturer: Flock Safety
Direction: 0
Zone: traffic
Camera type: fixed</description>
      <Point>
        <coordinates>-95.4419414,30.0757424,0</coordinates>
      </Point>
    </Placemark>
    <Placemark>
      <name>ALPR</name>
      <description>OSM node: https://www.openstreetmap.org/node/14038825601
Manufacturer: Flock Safety
Direction: 64
Zone: traffic
Camera type: fixed</description>
      <Point>
        <coordinates>-96.9928194,33.011975,0</coordinates>
      </Point>
    </Placemark>
    <Placemark>
      <name>ALPR</name>
      <description>OSM node: https://www.openstreetmap.org/node/14038833201
Manufacturer: Flock Safety
Direction: 332
Zone: traffic
Camera type: fixed</description>
      <Point>
        <coordinates>-96.9848482,33.0166697,0</coordinates>
      </Point>
    </Placemark>
    <Placemark>
      <name>ALPR</name>
      <description>OSM node: https://www.openstreetmap.org/node/14039653001
Manufacturer: Flock Safety
Direction: 159;83
Zone: traffic
Camera type: fixed</description>
      <Point>
        <coordinates>-97.4114576,32.9639251,0</coordinates>
      </Point>
    </Placemark>
    <Placemark>
      <name>ALPR</name>
      <description>OSM node: https://www.openstreetmap.org/node/14039663501
Manufacturer: Flock Safety
Direction: 72
Zone: traffic
Camera type: fixed</description>
      <Point>
        <coordinates>-95.8817751,32.8976336,0</coordinates>
      </Point>
    </Placemark>
    <Placemark>
      <name>ALPR</name>
      <description>OSM node: https://www.openstreetmap.org/node/14039702401
Manufacturer: Flock Safety
Direction: 53
Zone: traffic
Camera type: fixed</description>
      <Point>
        <coordinates>-100.835336,34.0121065,0</coordinates>
      </Point>
    </Placemark>
    <Placemark>
      <name>ALPR</name>
      <description>OSM node: https://www.openstreetmap.org/node/14039711902
Manufacturer: Flock Safety
Direction: 35
Zone: traffic
Camera type: fixed</description>
      <Point>
        <coordinates>-100.8359415,34.0239779,0</coordinates>
      </Point>
    </Placemark>
    <Placemark>
      <name>ALPR</name>
      <description>OSM node: https://www.openstreetmap.org/node/14039726870
Manufacturer: Flock Safety
Direction: 175
Zone: traffic
Camera type: fixed</description>
      <Point>
        <coordinates>-95.644233,30.1161424,0</coordinates>
      </Point>
    </Placemark>
    <Placemark>
      <name>ALPR</name>
      <description>OSM node: https://www.openstreetmap.org/node/14039728444
Manufacturer: Flock Safety
Direction: 30
Zone: traffic
Camera type: fixed</description>
      <Point>
        <coordinates>-95.6537492,30.1346539,0</coordinates>
      </Point>
    </Placemark>
    <Placemark>
      <name>ALPR</name>
      <description>OSM node: https://www.openstreetmap.org/node/14039747307
Manufacturer: Flock Safety
Direction: 115
Zone: traffic
Camera type: fixed</description>
      <Point>
        <coordinates>-95.6520991,30.1361913,0</coordinates>
      </Point>
    </Placemark>
    <Placemark>
      <name>ALPR</name>
      <description>OSM node: https://www.openstreetmap.org/node/14039747668
Manufacturer: Flock Safety
Direction: 285
Zone: traffic
Camera type: fixed</description>
      <Point>
        <coordinates>-95.6520498,30.1362699,0</coordinates>
      </Point>
    </Placemark>
    <Placemark>
      <name>ALPR</name>
      <description>OSM node: https://www.openstreetmap.org/node/14039750301
Manufacturer: Flock Safety
Direction: 230
Zone: traffic
Camera type: fixed</description>
      <Point>
        <coordinates>-95.5460347,29.4965117,0</coordinates>
      </Point>
    </Placemark>
    <Placemark>
      <name>ALPR</name>
      <description>OSM node: https://www.openstreetmap.org/node/14039750302
Manufacturer: Flock Safety
Direction: 0
Zone: traffic
Camera type: fixed</description>
      <Point>
        <coordinates>-94.4210371,31.976637,0</coordinates>
      </Point>
    </Placemark>
    <Placemark>
      <name>ALPR</name>
      <description>OSM node: https://www.openstreetmap.org/node/14039754501
Manufacturer: Flock Safety
Direction: 0
Zone: traffic
Camera type: fixed</description>
      <Point>
        <coordinates>-94.3730579,32.0324028,0</coordinates>
      </Point>
    </Placemark>
    <Placemark>
      <name>ALPR</name>
      <description>OSM node: https://www.openstreetmap.org/node/14039791301
Manufacturer: Flock Safety
Direction: 179
Zone: traffic
Camera type: fixed</description>
      <Point>
        <coordinates>-102.4714799,36.0154233,0</coordinates>
      </Point>
    </Placemark>
    <Placemark>
      <name>ALPR</name>
      <description>OSM node: https://www.openstreetmap.org/node/14039963004
Manufacturer: Flock Safety
Direction: 274
Zone: traffic
Camera type: fixed</description>
      <Point>
        <coordinates>-97.6064972,31.0890432,0</coordinates>
      </Point>
    </Placemark>
    <Placemark>
      <name>ALPR</name>
      <description>OSM node: https://www.openstreetmap.org/node/14039963005
Manufacturer: Motorola Solutions
Direction: 0
Zone: traffic
Camera type: fixed</description>
      <Point>
        <coordinates>-97.5975421,31.0866623,0</coordinates>
      </Point>
    </Placemark>
    <Placemark>
      <name>ALPR</name>
      <description>OSM node: https://www.openstreetmap.org/node/14039996802
Manufacturer: Flock Safety
Direction: 172
Zone: traffic
Camera type: fixed</description>
      <Point>
        <coordinates>-97.7194308,32.780367,0</coordinates>
      </Point>
    </Placemark>
    <Placemark>
      <name>ALPR</name>
      <description>OSM node: https://www.openstreetmap.org/node/14040014901
Manufacturer: Flock Safety
Direction: 280
Zone: traffic
Camera type: fixed</description>
      <Point>
        <coordinates>-95.2375565,30.141989,0</coordinates>
      </Point>
    </Placemark>
    <Placemark>
      <name>ALPR</name>
      <description>OSM node: https://www.openstreetmap.org/node/14040051101
Manufacturer: Flock Safety
Direction: 246;196
Zone: traffic
Camera type: fixed</description>
      <Point>
        <coordinates>-96.6833503,33.085689,0</coordinates>
      </Point>
    </Placemark>
    <Placemark>
      <name>ALPR</name>
      <description>OSM node: https://www.openstreetmap.org/node/14040051701
Manufacturer: Flock Safety
Direction: 337
Zone: traffic
Camera type: fixed</description>
      <Point>
        <coordinates>-94.946923,29.3983454,0</coordinates>
      </Point>
    </Placemark>
    <Placemark>
      <name>ALPR</name>
      <description>OSM node: https://www.openstreetmap.org/node/14040091201
Manufacturer: Flock Safety
Direction: 189
Zone: traffic
Camera type: fixed</description>
      <Point>
        <coordinates>-96.1887422,30.87282,0</coordinates>
      </Point>
    </Placemark>
    <Placemark>
      <name>ALPR</name>
      <description>OSM node: https://www.openstreetmap.org/node/14040093601
Manufacturer: Flock Safety
Direction: 203
Zone: traffic
Camera type: fixed</description>
      <Point>
        <coordinates>-95.1371426,33.0687163,0</coordinates>
      </Point>
    </Placemark>
    <Placemark>
      <name>ALPR</name>
      <description>OSM node: https://www.openstreetmap.org/node/14040120501
Manufacturer: Flock Safety
Direction: 221
Zone: traffic
Camera type: fixed</description>
      <Point>
        <coordinates>-96.7758876,32.7948053,0</coordinates>
      </Point>
    </Placemark>
    <Placemark>
      <name>ALPR</name>
      <description>OSM node: https://www.openstreetmap.org/node/14040184801
Manufacturer: Flock Safety
Direction: 341
Zone: traffic
Camera type: fixed</description>
      <Point>
        <coordinates>-96.5312403,32.8927408,0</coordinates>
      </Point>
    </Placemark>
    <Placemark>
      <name>ALPR</name>
      <description>OSM node: https://www.openstreetmap.org/node/14040236201
Manufacturer: Flock Safety
Direction: 324
Zone: traffic
Camera type: fixed</description>
      <Point>
        <coordinates>-96.1469836,29.750086,0</coordinates>
      </Point>
    </Placemark>
    <Placemark>
      <name>ALPR</name>
      <description>OSM node: https://www.openstreetmap.org/node/14040236202
Manufacturer: Flock Safety
Direction: 147
Zone: traffic
Camera type: fixed</description>
      <Point>
        <coordinates>-96.1458273,29.7441396,0</coordinates>
      </Point>
    </Placemark>
    <Placemark>
      <name>ALPR</name>
      <description>OSM node: https://www.openstreetmap.org/node/14040236801
Manufacturer: Flock Safety
Direction: 150
Zone: traffic
Camera type: fixed</description>
      <Point>
        <coordinates>-96.1473933,29.7503611,0</coordinates>
      </Point>
    </Placemark>
    <Placemark>
      <name>ALPR</name>
      <description>OSM node: https://www.openstreetmap.org/node/14040254701
Manufacturer: Flock Safety
Direction: 277
Zone: traffic
Camera type: fixed</description>
      <Point>
        <coordinates>-95.6139596,30.7536064,0</coordinates>
      </Point>
    </Placemark>
    <Placemark>
      <name>ALPR</name>
      <description>OSM node: https://www.openstreetmap.org/node/14040255201
Manufacturer: Flock Safety
Direction: 336
Zone: traffic
Camera type: fixed</description>
      <Point>
        <coordinates>-96.5093606,32.9191915,0</coordinates>
      </Point>
    </Placemark>
    <Placemark>
      <name>ALPR</name>
      <description>OSM node: https://www.openstreetmap.org/node/14040298801
Manufacturer: Flock Safety
Direction: 289
Zone: traffic
Camera type: fixed</description>
      <Point>
        <coordinates>-95.1722493,30.0355512,0</coordinates>
      </Point>
    </Placemark>
    <Placemark>
      <name>ALPR</name>
      <description>OSM node: https://www.openstreetmap.org/node/14040331601
Manufacturer: Genetec
Direction: 0
Zone: traffic
Camera type: fixed</description>
      <Point>
        <coordinates>-93.9417763,29.9418784,0</coordinates>
      </Point>
    </Placemark>
    <Placemark>
      <name>ALPR</name>
      <description>OSM node: https://www.openstreetmap.org/node/14040331602
Manufacturer: Genetec
Direction: 228
Zone: traffic
Camera type: fixed</description>
      <Point>
        <coordinates>-93.9417763,29.9418784,0</coordinates>
      </Point>
    </Placemark>
    <Placemark>
      <name>ALPR</name>
      <description>OSM node: https://www.openstreetmap.org/node/14040332101
Manufacturer: Genetec
Direction: 78
Zone: traffic
Camera type: fixed</description>
      <Point>
        <coordinates>-93.9417763,29.9418784,0</coordinates>
      </Point>
    </Placemark>
    <Placemark>
      <name>ALPR</name>
      <description>OSM node: https://www.openstreetmap.org/node/14040332301
Manufacturer: Genetec
Direction: 157
Zone: traffic
Camera type: fixed</description>
      <Point>
        <coordinates>-93.9417763,29.9418784,0</coordinates>
      </Point>
    </Placemark>
    <Placemark>
      <name>ALPR</name>
      <description>OSM node: https://www.openstreetmap.org/node/14040332401
Manufacturer: Genetec
Direction: 287
Zone: traffic
Camera type: fixed</description>
      <Point>
        <coordinates>-93.9417763,29.9418784,0</coordinates>
      </Point>
    </Placemark>
    <Placemark>
      <name>ALPR</name>
      <description>OSM node: https://www.openstreetmap.org/node/14040352201
Manufacturer: Flock Safety
Direction: 332
Zone: traffic
Camera type: fixed</description>
      <Point>
        <coordinates>-102.3110201,31.2008492,0</coordinates>
      </Point>
    </Placemark>
    <Placemark>
      <name>ALPR</name>
      <description>OSM node: https://www.openstreetmap.org/node/14040362801
Manufacturer: Flock Safety
Direction: 171
Zone: traffic
Camera type: fixed</description>
      <Point>
        <coordinates>-97.1571431,31.4833124,0</coordinates>
      </Point>
    </Placemark>
    <Placemark>
      <name>ALPR</name>
      <description>OSM node: https://www.openstreetmap.org/node/14040376101
Manufacturer: Flock Safety
Direction: 0
Zone: traffic
Camera type: fixed</description>
      <Point>
        <coordinates>-95.217981,29.5877238,0</coordinates>
      </Point>
    </Placemark>
    <Placemark>
      <name>ALPR</name>
      <description>OSM node: https://www.openstreetmap.org/node/14040379101
Manufacturer: Flock Safety
Direction: 157
Zone: traffic
Camera type: fixed</description>
      <Point>
        <coordinates>-95.2114577,29.5963657,0</coordinates>
      </Point>
    </Placemark>
    <Placemark>
      <name>ALPR</name>
      <description>OSM node: https://www.openstreetmap.org/node/14040388801
Manufacturer: Flock Safety
Direction: 172
Zone: traffic
Camera type: fixed</description>
      <Point>
        <coordinates>-95.2950982,29.5886169,0</coordinates>
      </Point>
    </Placemark>
    <Placemark>
      <name>ALPR</name>
      <description>OSM node: https://www.openstreetmap.org/node/14040434701
Manufacturer: Flock Safety
Direction: 64
Zone: traffic
Camera type: fixed</description>
      <Point>
        <coordinates>-95.9011053,29.7717809,0</coordinates>
      </Point>
    </Placemark>
    <Placemark>
      <name>ALPR</name>
      <description>OSM node: https://www.openstreetmap.org/node/14040442201
Manufacturer: Flock Safety
Direction: 276
Zone: traffic
Camera type: fixed</description>
      <Point>
        <coordinates>-97.0155602,32.6682453,0</coordinates>
      </Point>
    </Placemark>
    <Placemark>
      <name>ALPR</name>
      <description>OSM node: https://www.openstreetmap.org/node/14040446701
Manufacturer: Flock Safety
Direction: 140
Zone: traffic
Camera type: fixed</description>
      <Point>
        <coordinates>-96.1359299,32.3303313,0</coordinates>
      </Point>
    </Placemark>
    <Placemark>
      <name>ALPR</name>
      <description>OSM node: https://www.openstreetmap.org/node/14040551301
Manufacturer: Flock Safety
Direction: 173;174
Zone: traffic
Camera type: fixed</description>
      <Point>
        <coordinates>-101.3976652,35.6391852,0</coordinates>
      </Point>
    </Placemark>
    <Placemark>
      <name>ALPR</name>
      <description>OSM node: https://www.openstreetmap.org/node/14040564511
Manufacturer: Flock Safety
Direction: 142
Zone: traffic
Camera type: fixed</description>
      <Point>
        <coordinates>-96.9045965,32.8954473,0</coordinates>
      </Point>
    </Placemark>
    <Placemark>
      <name>ALPR</name>
      <description>OSM node: https://www.openstreetmap.org/node/14040601301
Manufacturer: Flock Safety
Direction: 269
Zone: traffic
Camera type: fixed</description>
      <Point>
        <coordinates>-100.4627997,28.7204427,0</coordinates>
      </Point>
    </Placemark>
    <Placemark>
      <name>ALPR</name>
      <description>OSM node: https://www.openstreetmap.org/node/14040602502
Direction: 0
Zone: traffic
Camera type: fixed</description>
      <Point>
        <coordinates>-100.5037802,28.7060834,0</coordinates>
      </Point>
    </Placemark>
    <Placemark>
      <name>ALPR</name>
      <description>OSM node: https://www.openstreetmap.org/node/14040605501
Direction: 0
Zone: traffic
Camera type: fixed</description>
      <Point>
        <coordinates>-100.5007177,28.7069825,0</coordinates>
      </Point>
    </Placemark>
    <Placemark>
      <name>ALPR</name>
      <description>OSM node: https://www.openstreetmap.org/node/14040608101
Direction: 49
Zone: traffic
Camera type: fixed</description>
      <Point>
        <coordinates>-100.4984665,28.7084418,0</coordinates>
      </Point>
    </Placemark>
    <Placemark>
      <name>ALPR</name>
      <description>OSM node: https://www.openstreetmap.org/node/14040608102
Direction: 181
Zone: traffic
Camera type: fixed</description>
      <Point>
        <coordinates>-100.4804172,28.6997536,0</coordinates>
      </Point>
    </Placemark>
    <Placemark>
      <name>ALPR</name>
      <description>OSM node: https://www.openstreetmap.org/node/14040616801
Direction: 90
Zone: traffic
Camera type: fixed</description>
      <Point>
        <coordinates>-100.4829073,28.6999009,0</coordinates>
      </Point>
    </Placemark>
    <Placemark>
      <name>ALPR</name>
      <description>OSM node: https://www.openstreetmap.org/node/14040617202
Direction: 145
Zone: traffic
Camera type: fixed</description>
      <Point>
        <coordinates>-100.4834106,28.7083253,0</coordinates>
      </Point>
    </Placemark>
    <Placemark>
      <name>ALPR</name>
      <description>OSM node: https://www.openstreetmap.org/node/14040618001
Direction: 238
Zone: traffic
Camera type: fixed</description>
      <Point>
        <coordinates>-100.4771466,28.7090266,0</coordinates>
      </Point>
    </Placemark>
    <Placemark>
      <name>ALPR</name>
      <description>OSM node: https://www.openstreetmap.org/node/14040618003
Direction: 49
Zone: traffic
Camera type: fixed</description>
      <Point>
        <coordinates>-100.4956279,28.7380811,0</coordinates>
      </Point>
    </Placemark>
    <Placemark>
      <name>ALPR</name>
      <description>OSM node: https://www.openstreetmap.org/node/14040618803
Manufacturer: Flock Safety
Direction: 194
Zone: traffic
Camera type: fixed</description>
      <Point>
        <coordinates>-100.4552133,28.7310977,0</coordinates>
      </Point>
    </Placemark>
    <Placemark>
      <name>ALPR</name>
      <description>OSM node: https://www.openstreetmap.org/node/14040619804
Manufacturer: Flock Safety
Direction: 0
Zone: traffic
Camera type: fixed</description>
      <Point>
        <coordinates>-100.4604132,28.7259109,0</coordinates>
      </Point>
    </Placemark>
    <Placemark>
      <name>ALPR</name>
      <description>OSM node: https://www.openstreetmap.org/node/14040627501
Direction: 0
Zone: traffic
Camera type: fixed</description>
      <Point>
        <coordinates>-100.4847016,28.6980095,0</coordinates>
      </Point>
    </Placemark>
    <Placemark>
      <name>ALPR</name>
      <description>OSM node: https://www.openstreetmap.org/node/14040627502
Manufacturer: Flock Safety
Direction: 43
Zone: traffic
Camera type: fixed</description>
      <Point>
        <coordinates>-100.4301361,28.7054754,0</coordinates>
      </Point>
    </Placemark>
    <Placemark>
      <name>ALPR</name>
      <description>OSM node: https://www.openstreetmap.org/node/14040628501
Direction: 304
Zone: traffic
Camera type: fixed</description>
      <Point>
        <coordinates>-100.4544234,28.6696793,0</coordinates>
      </Point>
    </Placemark>
    <Placemark>
      <name>ALPR</name>
      <description>OSM node: https://www.openstreetmap.org/node/14040629801
Manufacturer: Flock Safety
Direction: 190
Zone: traffic
Camera type: fixed</description>
      <Point>
        <coordinates>-100.4408526,28.7421825,0</coordinates>
      </Point>
    </Placemark>
    <Placemark>
      <name>ALPR</name>
      <description>OSM node: https://www.openstreetmap.org/node/14040629802
Direction: 254
Zone: traffic
Camera type: fixed</description>
      <Point>
        <coordinates>-100.5024275,28.6993918,0</coordinates>
      </Point>
    </Placemark>
    <Placemark>
      <name>ALPR</name>
      <description>OSM node: https://www.openstreetmap.org/node/14040629803
Direction: 241
Zone: traffic
Camera type: fixed</description>
      <Point>
        <coordinates>-100.5006566,28.7030603,0</coordinates>
      </Point>
    </Placemark>
    <Placemark>
      <name>ALPR</name>
      <description>OSM node: https://www.openstreetmap.org/node/14040630301
Direction: 157
Zone: traffic
Camera type: fixed</description>
      <Point>
        <coordinates>-100.5023237,28.6993681,0</coordinates>
      </Point>
    </Placemark>
    <Placemark>
      <name>ALPR</name>
      <description>OSM node: https://www.openstreetmap.org/node/14040630901
Direction: 144
Zone: traffic
Camera type: fixed</description>
      <Point>
        <coordinates>-100.500476,28.7027059,0</coordinates>
      </Point>
    </Placemark>
    <Placemark>
      <name>ALPR</name>
      <description>OSM node: https://www.openstreetmap.org/node/14040631202
Direction: 52
Zone: traffic
Camera type: fixed</description>
      <Point>
        <coordinates>-100.5001058,28.7028881,0</coordinates>
      </Point>
    </Placemark>
    <Placemark>
      <name>ALPR</name>
      <description>OSM node: https://www.openstreetmap.org/node/14040633901
Direction: 87
Zone: traffic
Camera type: fixed</description>
      <Point>
        <coordinates>-100.4857161,28.7060009,0</coordinates>
      </Point>
    </Placemark>
    <Placemark>
      <name>ALPR</name>
      <description>OSM node: https://www.openstreetmap.org/node/14040637401
Manufacturer: Flock Safety
Direction: 199
Zone: traffic
Camera type: fixed</description>
      <Point>
        <coordinates>-99.7998746,29.1838745,0</coordinates>
      </Point>
    </Placemark>
    <Placemark>
      <name>ALPR</name>
      <description>OSM node: https://www.openstreetmap.org/node/14040642501
Direction: 127
Zone: traffic
Camera type: fixed</description>
      <Point>
        <coordinates>-100.4765519,28.7079427,0</coordinates>
      </Point>
    </Placemark>
    <Placemark>
      <name>ALPR</name>
      <description>OSM node: https://www.openstreetmap.org/node/14040642701
Manufacturer: Flock Safety
Direction: 267
Zone: traffic
Camera type: fixed</description>
      <Point>
        <coordinates>-94.9829878,29.8177641,0</coordinates>
      </Point>
    </Placemark>
    <Placemark>
      <name>ALPR</name>
      <description>OSM node: https://www.openstreetmap.org/node/14040642702
Direction: 335
Zone: traffic
Camera type: fixed</description>
      <Point>
        <coordinates>-100.4762314,28.7093776,0</coordinates>
      </Point>
    </Placemark>
    <Placemark>
      <name>ALPR</name>
      <description>OSM node: https://www.openstreetmap.org/node/14040642801
Manufacturer: Flock Safety
Direction: 86
Zone: traffic
Camera type: fixed</description>
      <Point>
        <coordinates>-94.98302,29.8177013,0</coordinates>
      </Point>
    </Placemark>
    <Placemark>
      <name>ALPR</name>
      <description>OSM node: https://www.openstreetmap.org/node/14040793001
Manufacturer: Flock Safety
Direction: 137
Zone: traffic
Camera type: fixed</description>
      <Point>
        <coordinates>-97.4117618,32.9662495,0</coordinates>
      </Point>
    </Placemark>
    <Placemark>
      <name>ALPR</name>
      <description>OSM node: https://www.openstreetmap.org/node/14040907101
Manufacturer: Flock Safety
Direction: 276
Zone: traffic
Camera type: fixed</description>
      <Point>
        <coordinates>-96.4701215,31.6753045,0</coordinates>
      </Point>
    </Placemark>
    <Placemark>
      <name>ALPR</name>
      <description>OSM node: https://www.openstreetmap.org/node/14041328101
Manufacturer: Flock Safety
Direction: 264
Zone: traffic
Camera type: fixed</description>
      <Point>
        <coordinates>-95.1681499,33.0499164,0</coordinates>
      </Point>
    </Placemark>
    <Placemark>
      <name>ALPR</name>
      <description>OSM node: https://www.openstreetmap.org/node/14041355929
Manufacturer: Flock Safety
Direction: 75
Zone: traffic
Camera type: fixed</description>
      <Point>
        <coordinates>-95.7745802,29.8671418,0</coordinates>
      </Point>
    </Placemark>
    <Placemark>
      <name>ALPR</name>
      <description>OSM node: https://www.openstreetmap.org/node/14041362201
Manufacturer: Flock Safety
Direction: 103
Zone: traffic
Camera type: fixed</description>
      <Point>
        <coordinates>-96.4784978,32.7829634,0</coordinates>
      </Point>
    </Placemark>
    <Placemark>
      <name>ALPR</name>
      <description>OSM node: https://www.openstreetmap.org/node/14041363003
Manufacturer: Flock Safety
Direction: 249
Zone: traffic
Camera type: fixed</description>
      <Point>
        <coordinates>-96.7145083,32.9009631,0</coordinates>
      </Point>
    </Placemark>
    <Placemark>
      <name>ALPR</name>
      <description>OSM node: https://www.openstreetmap.org/node/14041363601
Manufacturer: Flock Safety
Direction: 195
Zone: traffic
Camera type: fixed</description>
      <Point>
        <coordinates>-96.4701819,32.8306632,0</coordinates>
      </Point>
    </Placemark>
    <Placemark>
      <name>ALPR</name>
      <description>OSM node: https://www.openstreetmap.org/node/14041367401
Manufacturer: Flock Safety
Direction: 70
Zone: traffic
Camera type: fixed</description>
      <Point>
        <coordinates>-96.7131587,32.903198,0</coordinates>
      </Point>
    </Placemark>
    <Placemark>
      <name>ALPR</name>
      <description>OSM node: https://www.openstreetmap.org/node/14041367802
Manufacturer: Flock Safety
Direction: 77
Zone: traffic
Camera type: fixed</description>
      <Point>
        <coordinates>-96.7117964,32.90127,0</coordinates>
      </Point>
    </Placemark>
    <Placemark>
      <name>ALPR</name>
      <description>OSM node: https://www.openstreetmap.org/node/14041468002
Manufacturer: Flock Safety
Direction: 328
Zone: traffic
Camera type: fixed</description>
      <Point>
        <coordinates>-97.1777592,33.2715878,0</coordinates>
      </Point>
    </Placemark>
    <Placemark>
      <name>ALPR</name>
      <description>OSM node: https://www.openstreetmap.org/node/14041538601
Manufacturer: Flock Safety
Direction: 82
Zone: traffic
Camera type: fixed</description>
      <Point>
        <coordinates>-97.0733544,32.6731771,0</coordinates>
      </Point>
    </Placemark>
    <Placemark>
      <name>ALPR</name>
      <description>OSM node: https://www.openstreetmap.org/node/14041596201
Manufacturer: Axis Communications
Direction: 42
Zone: traffic
Camera type: fixed</description>
      <Point>
        <coordinates>-97.8399474,30.2370412,0</coordinates>
      </Point>
    </Placemark>
    <Placemark>
      <name>ALPR</name>
      <description>OSM node: https://www.openstreetmap.org/node/14041618701
Manufacturer: Flock Safety
Direction: 300
Zone: traffic
Camera type: fixed</description>
      <Point>
        <coordinates>-97.5824887,32.738154,0</coordinates>
      </Point>
    </Placemark>
    <Placemark>
      <name>ALPR</name>
      <description>OSM node: https://www.openstreetmap.org/node/14041641802
Manufacturer: Flock Safety
Direction: 76
Zone: traffic
Camera type: fixed</description>
      <Point>
        <coordinates>-97.6557202,30.4960118,0</coordinates>
      </Point>
    </Placemark>
    <Placemark>
      <name>ALPR</name>
      <description>OSM node: https://www.openstreetmap.org/node/14041664001
Manufacturer: Flock Safety
Direction: 0
Zone: traffic
Camera type: fixed</description>
      <Point>
        <coordinates>-97.3936713,27.7295002,0</coordinates>
      </Point>
    </Placemark>
    <Placemark>
      <name>ALPR</name>
      <description>OSM node: https://www.openstreetmap.org/node/14041664002
Manufacturer: Motorola Solutions
Direction: 311
Zone: traffic
Camera type: fixed</description>
      <Point>
        <coordinates>-97.3786573,27.7258106,0</coordinates>
      </Point>
    </Placemark>
    <Placemark>
      <name>ALPR</name>
      <description>OSM node: https://www.openstreetmap.org/node/14041901301
Manufacturer: Flock Safety
Direction: 298
Zone: traffic
Camera type: fixed</description>
      <Point>
        <coordinates>-98.2309096,29.4992317,0</coordinates>
      </Point>
    </Placemark>
    <Placemark>
      <name>ALPR</name>
      <description>OSM node: https://www.openstreetmap.org/node/14041902401
Manufacturer: Flock Safety
Direction: 298
Zone: traffic
Camera type: fixed</description>
      <Point>
        <coordinates>-98.2308539,29.4992288,0</coordinates>
      </Point>
    </Placemark>
    <Placemark>
      <name>ALPR</name>
      <description>OSM node: https://www.openstreetmap.org/node/14041902901
Manufacturer: Flock Safety
Direction: 86
Zone: traffic
Camera type: fixed</description>
      <Point>
        <coordinates>-98.2563105,29.539537,0</coordinates>
      </Point>
    </Placemark>
    <Placemark>
      <name>ALPR</name>
      <description>OSM node: https://www.openstreetmap.org/node/14041929701
Manufacturer: Flock Safety
Direction: 198
Zone: traffic
Camera type: fixed</description>
      <Point>
        <coordinates>-98.7148525,29.4853468,0</coordinates>
      </Point>
    </Placemark>
    <Placemark>
      <name>ALPR</name>
      <description>OSM node: https://www.openstreetmap.org/node/14041945102
Manufacturer: Flock Safety
Direction: 151
Zone: traffic
Camera type: fixed</description>
      <Point>
        <coordinates>-98.3504873,29.5508439,0</coordinates>
      </Point>
    </Placemark>
    <Placemark>
      <name>ALPR</name>
      <description>OSM node: https://www.openstreetmap.org/node/14042000401
Manufacturer: Flock Safety
Direction: 294
Zone: traffic
Camera type: fixed</description>
      <Point>
        <coordinates>-95.8101768,29.781964,0</coordinates>
      </Point>
    </Placemark>
    <Placemark>
      <name>ALPR</name>
      <description>OSM node: https://www.openstreetmap.org/node/14042003401
Manufacturer: Flock Safety
Direction: 158
Zone: traffic
Camera type: fixed</description>
      <Point>
        <coordinates>-95.8118175,29.6171254,0</coordinates>
      </Point>
    </Placemark>
    <Placemark>
      <name>ALPR</name>
      <description>OSM node: https://www.openstreetmap.org/node/14042082101
Manufacturer: Flock Safety
Direction: 163
Zone: traffic
Camera type: fixed</description>
      <Point>
        <coordinates>-96.7612537,32.9320819,0</coordinates>
      </Point>
    </Placemark>
    <Placemark>
      <name>ALPR</name>
      <description>OSM node: https://www.openstreetmap.org/node/14042135838
Manufacturer: Flock Safety
Direction: 345
Zone: traffic
Camera type: fixed</description>
      <Point>
        <coordinates>-95.740712,29.9165713,0</coordinates>
      </Point>
    </Placemark>
    <Placemark>
      <name>ALPR</name>
      <description>OSM node: https://www.openstreetmap.org/node/14042202977
Manufacturer: Flock Safety
Direction: 93
Camera type: fixed</description>
      <Point>
        <coordinates>-95.1570945,29.4317369,0</coordinates>
      </Point>
    </Placemark>
    <Placemark>
      <name>ALPR</name>
      <description>OSM node: https://www.openstreetmap.org/node/14042227701
Manufacturer: Flock Safety
Direction: 306
Zone: traffic
Camera type: fixed</description>
      <Point>
        <coordinates>-102.1730437,32.1141364,0</coordinates>
      </Point>
    </Placemark>
    <Placemark>
      <name>ALPR</name>
      <description>OSM node: https://www.openstreetmap.org/node/14042228201
Manufacturer: Flock Safety
Direction: 202
Zone: traffic
Camera type: fixed</description>
      <Point>
        <coordinates>-102.1731196,32.1143777,0</coordinates>
      </Point>
    </Placemark>
    <Placemark>
      <name>ALPR</name>
      <description>OSM node: https://www.openstreetmap.org/node/14042231201
Manufacturer: Flock Safety
Direction: 189
Zone: traffic
Camera type: fixed</description>
      <Point>
        <coordinates>-96.5314267,32.8913965,0</coordinates>
      </Point>
    </Placemark>
    <Placemark>
      <name>ALPR</name>
      <description>OSM node: https://www.openstreetmap.org/node/14042246701
Manufacturer: Flock Safety
Direction: 105
Zone: traffic
Camera type: fixed</description>
      <Point>
        <coordinates>-97.8742806,30.0413713,0</coordinates>
      </Point>
    </Placemark>
    <Placemark>
      <name>ALPR</name>
      <description>OSM node: https://www.openstreetmap.org/node/14042259002
Manufacturer: Flock Safety
Direction: 170
Zone: traffic
Camera type: fixed</description>
      <Point>
        <coordinates>-94.7681492,29.3102837,0</coordinates>
      </Point>
    </Placemark>
    <Placemark>
      <name>ALPR</name>
      <description>OSM node: https://www.openstreetmap.org/node/14042308304
Manufacturer: Flock Safety
Direction: 154
Zone: traffic
Camera type: fixed</description>
      <Point>
        <coordinates>-96.9426245,32.614271,0</coordinates>
      </Point>
    </Placemark>
    <Placemark>
      <name>ALPR</name>
      <description>OSM node: https://www.openstreetmap.org/node/14042384301
Manufacturer: Flock Safety
Direction: 0
Zone: traffic
Camera type: fixed</description>
      <Point>
        <coordinates>-97.313488,32.7460201,0</coordinates>
      </Point>
    </Placemark>
    <Placemark>
      <name>ALPR</name>
      <description>OSM node: https://www.openstreetmap.org/node/14042401401
Manufacturer: Flock Safety
Direction: 359
Zone: traffic
Camera type: fixed</description>
      <Point>
        <coordinates>-98.745915,29.7944309,0</coordinates>
      </Point>
    </Placemark>
    <Placemark>
      <name>ALPR</name>
      <description>OSM node: https://www.openstreetmap.org/node/14042410201
Manufacturer: Flock Safety
Direction: 141
Zone: traffic
Camera type: fixed</description>
      <Point>
        <coordinates>-102.0523891,31.9044652,0</coordinates>
      </Point>
    </Placemark>
    <Placemark>
      <name>ALPR</name>
      <description>OSM node: https://www.openstreetmap.org/node/14042429702
Manufacturer: Flock Safety
Direction: 0;0;0;0;0;0
Zone: traffic
Camera type: fixed</description>
      <Point>
        <coordinates>-96.7158509,32.8574583,0</coordinates>
      </Point>
    </Placemark>
    <Placemark>
      <name>ALPR</name>
      <description>OSM node: https://www.openstreetmap.org/node/14042433102
Manufacturer: Flock Safety
Direction: 0;0;0;0;0
Zone: traffic
Camera type: fixed</description>
      <Point>
        <coordinates>-96.7176714,32.8616162,0</coordinates>
      </Point>
    </Placemark>
    <Placemark>
      <name>ALPR</name>
      <description>OSM node: https://www.openstreetmap.org/node/14042433103
Manufacturer: Leonardo
Direction: 148
Zone: traffic
Camera type: fixed</description>
      <Point>
        <coordinates>-96.7197184,32.8612035,0</coordinates>
      </Point>
    </Placemark>
    <Placemark>
      <name>ALPR</name>
      <description>OSM node: https://www.openstreetmap.org/node/14042438601
Manufacturer: Flock Safety
Direction: 236
Zone: traffic
Camera type: fixed</description>
      <Point>
        <coordinates>-95.6367475,30.0286631,0</coordinates>
      </Point>
    </Placemark>
    <Placemark>
      <name>ALPR</name>
      <description>OSM node: https://www.openstreetmap.org/node/14042439101
Manufacturer: Flock Safety
Direction: 0
Zone: traffic
Camera type: fixed</description>
      <Point>
        <coordinates>-95.869116,30.3406938,0</coordinates>
      </Point>
    </Placemark>
    <Placemark>
      <name>ALPR</name>
      <description>OSM node: https://www.openstreetmap.org/node/14042439601
Manufacturer: Genetec
Direction: 163
Zone: traffic
Camera type: fixed</description>
      <Point>
        <coordinates>-101.8457598,31.556689,0</coordinates>
      </Point>
    </Placemark>
    <Placemark>
      <name>ALPR</name>
      <description>OSM node: https://www.openstreetmap.org/node/14042440301
Manufacturer: Flock Safety
Direction: 184
Zone: traffic
Camera type: fixed</description>
      <Point>
        <coordinates>-95.8692354,30.340902,0</coordinates>
      </Point>
    </Placemark>
    <Placemark>
      <name>ALPR</name>
      <description>OSM node: https://www.openstreetmap.org/node/14042449201
Manufacturer: Motorola Solutions
Direction: 178
Zone: traffic
Camera type: fixed</description>
      <Point>
        <coordinates>-96.0515906,30.408149,0</coordinates>
      </Point>
    </Placemark>
    <Placemark>
      <name>ALPR</name>
      <description>OSM node: https://www.openstreetmap.org/node/14042530801
Manufacturer: Flock Safety
Direction: 353
Zone: traffic
Camera type: fixed</description>
      <Point>
        <coordinates>-95.5867152,29.6352321,0</coordinates>
      </Point>
    </Placemark>
    <Placemark>
      <name>ALPR</name>
      <description>OSM node: https://www.openstreetmap.org/node/14044206101
Manufacturer: Flock Safety
Direction: 173
Zone: traffic
Camera type: fixed</description>
      <Point>
        <coordinates>-95.58555,29.6411783,0</coordinates>
      </Point>
    </Placemark>
    <Placemark>
      <name>ALPR</name>
      <description>OSM node: https://www.openstreetmap.org/node/14044380701
Manufacturer: Flock Safety
Direction: 282
Zone: traffic
Camera type: fixed</description>
      <Point>
        <coordinates>-95.9250108,32.9812839,0</coordinates>
      </Point>
    </Placemark>
    <Placemark>
      <name>ALPR</name>
      <description>OSM node: https://www.openstreetmap.org/node/14044381301
Manufacturer: Flock Safety
Direction: 13
Zone: traffic
Camera type: fixed</description>
      <Point>
        <coordinates>-103.0742803,31.867876,0</coordinates>
      </Point>
    </Placemark>
    <Placemark>
      <name>ALPR</name>
      <description>OSM node: https://www.openstreetmap.org/node/14044391801
Manufacturer: Flock Safety
Direction: 352
Zone: traffic
Camera type: fixed</description>
      <Point>
        <coordinates>-95.8188021,29.5324534,0</coordinates>
      </Point>
    </Placemark>
    <Placemark>
      <name>ALPR</name>
      <description>OSM node: https://www.openstreetmap.org/node/14044408908
Manufacturer: Flock Safety
Direction: 70
Zone: traffic
Camera type: fixed</description>
      <Point>
        <coordinates>-94.9813419,29.8122328,0</coordinates>
      </Point>
    </Placemark>
    <Placemark>
      <name>ALPR</name>
      <description>OSM node: https://www.openstreetmap.org/node/14044408909
Manufacturer: Flock Safety
Direction: 250
Zone: traffic
Camera type: fixed</description>
      <Point>
        <coordinates>-94.9813514,29.8123846,0</coordinates>
      </Point>
    </Placemark>
    <Placemark>
      <name>ALPR</name>
      <description>OSM node: https://www.openstreetmap.org/node/14044408910
Manufacturer: Flock Safety
Direction: 165
Zone: traffic
Camera type: fixed</description>
      <Point>
        <coordinates>-94.9946009,29.8204176,0</coordinates>
      </Point>
    </Placemark>
    <Placemark>
      <name>ALPR</name>
      <description>OSM node: https://www.openstreetmap.org/node/14044408911
Manufacturer: Flock Safety
Direction: 195
Zone: traffic
Camera type: fixed</description>
      <Point>
        <coordinates>-94.9944857,29.8200066,0</coordinates>
      </Point>
    </Placemark>
    <Placemark>
      <name>ALPR</name>
      <description>OSM node: https://www.openstreetmap.org/node/14044408912
Manufacturer: Flock Safety
Direction: 165
Zone: traffic
Camera type: fixed</description>
      <Point>
        <coordinates>-94.9963963,29.8199004,0</coordinates>
      </Point>
    </Placemark>
    <Placemark>
      <name>ALPR</name>
      <description>OSM node: https://www.openstreetmap.org/node/14044408913
Manufacturer: Flock Safety
Direction: 345
Zone: traffic
Camera type: fixed</description>
      <Point>
        <coordinates>-94.99628,29.8197781,0</coordinates>
      </Point>
    </Placemark>
    <Placemark>
      <name>ALPR</name>
      <description>OSM node: https://www.openstreetmap.org/node/14044408914
Manufacturer: Flock Safety
Direction: 345
Zone: traffic
Camera type: fixed</description>
      <Point>
        <coordinates>-94.9943498,29.8198147,0</coordinates>
      </Point>
    </Placemark>
    <Placemark>
      <name>ALPR</name>
      <description>OSM node: https://www.openstreetmap.org/node/14044408915
Manufacturer: Flock Safety
Direction: 225
Zone: traffic
Camera type: fixed</description>
      <Point>
        <coordinates>-94.9965111,29.8128821,0</coordinates>
      </Point>
    </Placemark>
    <Placemark>
      <name>ALPR</name>
      <description>OSM node: https://www.openstreetmap.org/node/14044408916
Manufacturer: Flock Safety
Direction: 345
Zone: traffic
Camera type: fixed</description>
      <Point>
        <coordinates>-94.9965146,29.8129975,0</coordinates>
      </Point>
    </Placemark>
    <Placemark>
      <name>ALPR</name>
      <description>OSM node: https://www.openstreetmap.org/node/14044408917
Manufacturer: Flock Safety
Direction: 60
Zone: traffic
Camera type: fixed</description>
      <Point>
        <coordinates>-94.9977482,29.8213325,0</coordinates>
      </Point>
    </Placemark>
    <Placemark>
      <name>ALPR</name>
      <description>OSM node: https://www.openstreetmap.org/node/14044521601
Manufacturer: Flock Safety
Direction: 0;34
Zone: traffic
Camera type: fixed</description>
      <Point>
        <coordinates>-96.8531433,31.3093516,0</coordinates>
      </Point>
    </Placemark>
    <Placemark>
      <name>ALPR</name>
      <description>OSM node: https://www.openstreetmap.org/node/14044531301
Manufacturer: Flock Safety
Direction: 292
Zone: traffic
Camera type: fixed</description>
      <Point>
        <coordinates>-96.9084045,31.3055943,0</coordinates>
      </Point>
    </Placemark>
    <Placemark>
      <name>ALPR</name>
      <description>OSM node: https://www.openstreetmap.org/node/14044843701
Manufacturer: Flock Safety
Direction: 242
Zone: traffic
Camera type: fixed</description>
      <Point>
        <coordinates>-96.589719,33.3099472,0</coordinates>
      </Point>
    </Placemark>
    <Placemark>
      <name>ALPR</name>
      <description>OSM node: https://www.openstreetmap.org/node/14044844001
Manufacturer: Flock Safety
Direction: 227
Zone: traffic
Camera type: fixed</description>
      <Point>
        <coordinates>-96.5898339,33.3092117,0</coordinates>
      </Point>
    </Placemark>
    <Placemark>
      <name>ALPR</name>
      <description>OSM node: https://www.openstreetmap.org/node/14044853201
Manufacturer: Flock Safety
Direction: 127
Zone: traffic
Camera type: fixed</description>
      <Point>
        <coordinates>-97.0747937,31.27454,0</coordinates>
      </Point>
    </Placemark>
    <Placemark>
      <name>ALPR</name>
      <description>OSM node: https://www.openstreetmap.org/node/14044866301
Manufacturer: Flock Safety
Direction: 27
Zone: traffic
Camera type: fixed</description>
      <Point>
        <coordinates>-97.0018826,31.1358357,0</coordinates>
      </Point>
    </Placemark>
    <Placemark>
      <name>ALPR</name>
      <description>OSM node: https://www.openstreetmap.org/node/14044872201
Manufacturer: Flock Safety
Direction: 227
Zone: traffic
Camera type: fixed</description>
      <Point>
        <coordinates>-96.9872128,31.0835132,0</coordinates>
      </Point>
    </Placemark>
    <Placemark>
      <name>ALPR</name>
      <description>OSM node: https://www.openstreetmap.org/node/14045140501
Manufacturer: Flock Safety
Direction: 185;0
Zone: traffic
Camera type: fixed</description>
      <Point>
        <coordinates>-99.4663441,27.4754994,0</coordinates>
      </Point>
    </Placemark>
    <Placemark>
      <name>ALPR</name>
      <description>OSM node: https://www.openstreetmap.org/node/14045345602
Manufacturer: Flock Safety
Direction: 178
Zone: traffic
Camera type: fixed</description>
      <Point>
        <coordinates>-95.2622363,29.6183607,0</coordinates>
      </Point>
    </Placemark>
    <Placemark>
      <name>ALPR</name>
      <description>OSM node: https://www.openstreetmap.org/node/14045356301
Manufacturer: Flock Safety
Direction: 210
Zone: traffic
Camera type: fixed</description>
      <Point>
        <coordinates>-96.9925506,33.0155074,0</coordinates>
      </Point>
    </Placemark>
    <Placemark>
      <name>ALPR</name>
      <description>OSM node: https://www.openstreetmap.org/node/14045357001
Manufacturer: Flock Safety
Direction: 308
Zone: traffic
Camera type: fixed</description>
      <Point>
        <coordinates>-96.9925578,33.0160272,0</coordinates>
      </Point>
    </Placemark>
    <Placemark>
      <name>ALPR</name>
      <description>OSM node: https://www.openstreetmap.org/node/14045654401
Manufacturer: Flock Safety
Direction: 75
Zone: traffic
Camera type: fixed</description>
      <Point>
        <coordinates>-96.9918641,33.0190983,0</coordinates>
      </Point>
    </Placemark>
    <Placemark>
      <name>ALPR</name>
      <description>OSM node: https://www.openstreetmap.org/node/14045697801
Manufacturer: Flock Safety
Direction: 132
Zone: traffic
Camera type: fixed</description>
      <Point>
        <coordinates>-96.9893038,32.9965541,0</coordinates>
      </Point>
    </Placemark>
    <Placemark>
      <name>ALPR</name>
      <description>OSM node: https://www.openstreetmap.org/node/14045698701
Manufacturer: Flock Safety
Direction: 302
Zone: traffic
Camera type: fixed</description>
      <Point>
        <coordinates>-96.9881272,32.9974391,0</coordinates>
      </Point>
    </Placemark>
    <Placemark>
      <name>ALPR</name>
      <description>OSM node: https://www.openstreetmap.org/node/14045699301
Manufacturer: Flock Safety
Direction: 140
Zone: traffic
Camera type: fixed</description>
      <Point>
        <coordinates>-96.988116,32.9970353,0</coordinates>
      </Point>
    </Placemark>
    <Placemark>
      <name>ALPR</name>
      <description>OSM node: https://www.openstreetmap.org/node/14045701401
Manufacturer: Flock Safety
Direction: 69
Zone: traffic
Camera type: fixed</description>
      <Point>
        <coordinates>-96.9896104,32.9994889,0</coordinates>
      </Point>
    </Placemark>
    <Placemark>
      <name>ALPR</name>
      <description>OSM node: https://www.openstreetmap.org/node/14045702901
Manufacturer: Flock Safety
Direction: 69
Zone: traffic
Camera type: fixed</description>
      <Point>
        <coordinates>-96.9895644,32.9987196,0</coordinates>
      </Point>
    </Placemark>
    <Placemark>
      <name>ALPR</name>
      <description>OSM node: https://www.openstreetmap.org/node/14045804401
Manufacturer: Flock Safety
Direction: 178
Zone: traffic
Camera type: fixed</description>
      <Point>
        <coordinates>-97.1863196,33.164535,0</coordinates>
      </Point>
    </Placemark>
    <Placemark>
      <name>ALPR</name>
      <description>OSM node: https://www.openstreetmap.org/node/14045818501
Manufacturer: Flock Safety
Direction: 0
Zone: traffic
Camera type: fixed</description>
      <Point>
        <coordinates>-97.5257947,25.9824256,0</coordinates>
      </Point>
    </Placemark>
    <Placemark>
      <name>ALPR</name>
      <description>OSM node: https://www.openstreetmap.org/node/14045819601
Manufacturer: Flock Safety
Direction: 155
Zone: traffic
Camera type: fixed</description>
      <Point>
        <coordinates>-97.5259155,25.9828912,0</coordinates>
      </Point>
    </Placemark>
    <Placemark>
      <name>ALPR</name>
      <description>OSM node: https://www.openstreetmap.org/node/14045820701
Manufacturer: Flock Safety
Direction: 290
Zone: traffic
Camera type: fixed</description>
      <Point>
        <coordinates>-97.5183406,25.978575,0</coordinates>
      </Point>
    </Placemark>
    <Placemark>
      <name>ALPR</name>
      <description>OSM node: https://www.openstreetmap.org/node/14045866701
Manufacturer: Flock Safety
Direction: 120
Zone: traffic
Camera type: fixed</description>
      <Point>
        <coordinates>-96.9055812,33.0591006,0</coordinates>
      </Point>
    </Placemark>
    <Placemark>
      <name>ALPR</name>
      <description>OSM node: https://www.openstreetmap.org/node/14045889526
Manufacturer: Flock Safety
Direction: 355</description>
      <Point>
        <coordinates>-95.4608967,29.5078653,0</coordinates>
      </Point>
    </Placemark>
    <Placemark>
      <name>ALPR</name>
      <description>OSM node: https://www.openstreetmap.org/node/14046009701
Manufacturer: Flock Safety
Direction: 113
Zone: traffic
Camera type: fixed</description>
      <Point>
        <coordinates>-97.0815279,33.1672224,0</coordinates>
      </Point>
    </Placemark>
    <Placemark>
      <name>ALPR</name>
      <description>OSM node: https://www.openstreetmap.org/node/14046015001
Manufacturer: Flock Safety
Direction: 156
Zone: traffic
Camera type: fixed</description>
      <Point>
        <coordinates>-97.1616086,32.7212179,0</coordinates>
      </Point>
    </Placemark>
    <Placemark>
      <name>ALPR</name>
      <description>OSM node: https://www.openstreetmap.org/node/14046015801
Manufacturer: Flock Safety
Direction: 335
Zone: traffic
Camera type: fixed</description>
      <Point>
        <coordinates>-100.9089137,29.4585306,0</coordinates>
      </Point>
    </Placemark>
    <Placemark>
      <name>ALPR</name>
      <description>OSM node: https://www.openstreetmap.org/node/14046029401
Manufacturer: Flock Safety
Direction: 335
Zone: traffic
Camera type: fixed</description>
      <Point>
        <coordinates>-96.4342933,32.8599111,0</coordinates>
      </Point>
    </Placemark>
    <Placemark>
      <name>ALPR</name>
      <description>OSM node: https://www.openstreetmap.org/node/14046030501
Manufacturer: Flock Safety
Direction: 112
Zone: traffic
Camera type: fixed</description>
      <Point>
        <coordinates>-96.4342934,32.8599115,0</coordinates>
      </Point>
    </Placemark>
    <Placemark>
      <name>ALPR</name>
      <description>OSM node: https://www.openstreetmap.org/node/14046037655
Manufacturer: Flock Safety
Direction: 20
Zone: traffic
Camera type: fixed</description>
      <Point>
        <coordinates>-95.6232525,30.0676604,0</coordinates>
      </Point>
    </Placemark>
    <Placemark>
      <name>ALPR</name>
      <description>OSM node: https://www.openstreetmap.org/node/14046046101
Manufacturer: Flock Safety
Direction: 182
Zone: traffic
Camera type: fixed</description>
      <Point>
        <coordinates>-100.826159,29.7218779,0</coordinates>
      </Point>
    </Placemark>
    <Placemark>
      <name>ALPR</name>
      <description>OSM node: https://www.openstreetmap.org/node/14046067401
Manufacturer: Flock Safety
Direction: 62
Zone: traffic
Camera type: fixed</description>
      <Point>
        <coordinates>-96.665156,33.1962149,0</coordinates>
      </Point>
    </Placemark>
    <Placemark>
      <name>ALPR</name>
      <description>OSM node: https://www.openstreetmap.org/node/14046156701
Manufacturer: Flock Safety
Direction: 204
Zone: traffic
Camera type: fixed</description>
      <Point>
        <coordinates>-97.5032,25.9359965,0</coordinates>
      </Point>
    </Placemark>
    <Placemark>
      <name>ALPR</name>
      <description>OSM node: https://www.openstreetmap.org/node/14046157201
Manufacturer: Flock Safety
Direction: 135
Zone: traffic
Camera type: fixed</description>
      <Point>
        <coordinates>-97.5031798,25.9361066,0</coordinates>
      </Point>
    </Placemark>
    <Placemark>
      <name>ALPR</name>
      <description>OSM node: https://www.openstreetmap.org/node/14046157901
Manufacturer: Flock Safety
Direction: 36
Zone: traffic
Camera type: fixed</description>
      <Point>
        <coordinates>-97.5032742,25.9361126,0</coordinates>
      </Point>
    </Placemark>
    <Placemark>
      <name>ALPR</name>
      <description>OSM node: https://www.openstreetmap.org/node/14046158001
Manufacturer: Flock Safety
Direction: 288
Zone: traffic
Camera type: fixed</description>
      <Point>
        <coordinates>-97.5032906,25.9360338,0</coordinates>
      </Point>
    </Placemark>
    <Placemark>
      <name>ALPR</name>
      <description>OSM node: https://www.openstreetmap.org/node/14046282601
Manufacturer: Flock Safety
Direction: 95
Zone: traffic
Camera type: fixed</description>
      <Point>
        <coordinates>-95.6130099,29.7669882,0</coordinates>
      </Point>
    </Placemark>
    <Placemark>
      <name>ALPR</name>
      <description>OSM node: https://www.openstreetmap.org/node/14046284501
Manufacturer: Flock Safety
Direction: 267
Zone: traffic
Camera type: fixed</description>
      <Point>
        <coordinates>-95.7047962,29.9933369,0</coordinates>
      </Point>
    </Placemark>
    <Placemark>
      <name>ALPR</name>
      <description>OSM node: https://www.openstreetmap.org/node/14046290901
Manufacturer: Flock Safety
Direction: 244
Zone: traffic
Camera type: fixed</description>
      <Point>
        <coordinates>-96.5493358,33.2602446,0</coordinates>
      </Point>
    </Placemark>
    <Placemark>
      <name>ALPR</name>
      <description>OSM node: https://www.openstreetmap.org/node/14046292301
Manufacturer: Flock Safety
Direction: 49
Zone: traffic
Camera type: fixed</description>
      <Point>
        <coordinates>-99.7655018,30.5204374,0</coordinates>
      </Point>
    </Placemark>
    <Placemark>
      <name>ALPR</name>
      <description>OSM node: https://www.openstreetmap.org/node/14046338501
Manufacturer: Flock Safety
Direction: 58
Zone: traffic
Camera type: fixed</description>
      <Point>
        <coordinates>-95.1839908,29.7917662,0</coordinates>
      </Point>
    </Placemark>
    <Placemark>
      <name>ALPR</name>
      <description>OSM node: https://www.openstreetmap.org/node/14046345701
Manufacturer: Flock Safety
Direction: 22
Zone: traffic
Camera type: fixed</description>
      <Point>
        <coordinates>-95.1783264,29.7994355,0</coordinates>
      </Point>
    </Placemark>
    <Placemark>
      <name>ALPR</name>
      <description>OSM node: https://www.openstreetmap.org/node/14046348601
Manufacturer: Flock Safety
Direction: 0
Zone: traffic
Camera type: fixed</description>
      <Point>
        <coordinates>-95.1733635,29.8081001,0</coordinates>
      </Point>
    </Placemark>
    <Placemark>
      <name>ALPR</name>
      <description>OSM node: https://www.openstreetmap.org/node/14046354201
Manufacturer: Flock Safety
Direction: 0
Zone: traffic
Camera type: fixed</description>
      <Point>
        <coordinates>-98.1518674,29.3581314,0</coordinates>
      </Point>
    </Placemark>
    <Placemark>
      <name>ALPR</name>
      <description>OSM node: https://www.openstreetmap.org/node/14046423801
Manufacturer: Flock Safety
Direction: 164
Zone: traffic
Camera type: fixed</description>
      <Point>
        <coordinates>-95.1732099,29.8053418,0</coordinates>
      </Point>
    </Placemark>
    <Placemark>
      <name>ALPR</name>
      <description>OSM node: https://www.openstreetmap.org/node/14046437901
Manufacturer: Flock Safety
Direction: 0
Zone: traffic
Camera type: fixed</description>
      <Point>
        <coordinates>-95.1742034,29.7974499,0</coordinates>
      </Point>
    </Placemark>
    <Placemark>
      <name>ALPR</name>
      <description>OSM node: https://www.openstreetmap.org/node/14046794914
Direction: 240
Zone: street</description>
      <Point>
        <coordinates>-95.8740157,29.7775582,0</coordinates>
      </Point>
    </Placemark>
    <Placemark>
      <name>ALPR</name>
      <description>OSM node: https://www.openstreetmap.org/node/14046813902
Manufacturer: Flock Safety
Direction: 0;0
Zone: traffic
Camera type: fixed</description>
      <Point>
        <coordinates>-97.7914377,30.2315559,0</coordinates>
      </Point>
    </Placemark>
    <Placemark>
      <name>ALPR</name>
      <description>OSM node: https://www.openstreetmap.org/node/14046844501
Manufacturer: Flock Safety
Direction: 81
Zone: traffic
Camera type: fixed</description>
      <Point>
        <coordinates>-95.5212989,30.2276995,0</coordinates>
      </Point>
    </Placemark>
    <Placemark>
      <name>Lowe's ALPR</name>
      <description>OSM node: https://www.openstreetmap.org/node/14046865901
Operator: Lowe's
Manufacturer: Flock Safety
Direction: 155
Zone: traffic
Camera type: fixed</description>
      <Point>
        <coordinates>-96.8030941,33.1071251,0</coordinates>
      </Point>
    </Placemark>
    <Placemark>
      <name>ALPR</name>
      <description>OSM node: https://www.openstreetmap.org/node/14046873201
Manufacturer: Flock Safety
Direction: 109
Zone: traffic
Camera type: fixed</description>
      <Point>
        <coordinates>-95.2533102,32.6209794,0</coordinates>
      </Point>
    </Placemark>
    <Placemark>
      <name>ALPR</name>
      <description>OSM node: https://www.openstreetmap.org/node/14046893401
Manufacturer: Flock Safety
Direction: 19
Zone: traffic
Camera type: fixed</description>
      <Point>
        <coordinates>-95.6835982,30.409125,0</coordinates>
      </Point>
    </Placemark>
    <Placemark>
      <name>ALPR</name>
      <description>OSM node: https://www.openstreetmap.org/node/14046897001
Manufacturer: Flock Safety
Direction: 296
Zone: traffic
Camera type: fixed</description>
      <Point>
        <coordinates>-95.8467917,29.7279098,0</coordinates>
      </Point>
    </Placemark>
    <Placemark>
      <name>ALPR</name>
      <description>OSM node: https://www.openstreetmap.org/node/14046985201
Manufacturer: Flock Safety
Direction: 54
Zone: traffic
Camera type: fixed</description>
      <Point>
        <coordinates>-96.0206422,29.774447,0</coordinates>
      </Point>
    </Placemark>
    <Placemark>
      <name>ALPR</name>
      <description>OSM node: https://www.openstreetmap.org/node/14047036601
Manufacturer: Flock Safety
Direction: 359
Zone: traffic
Camera type: fixed</description>
      <Point>
        <coordinates>-101.8704826,33.5486726,0</coordinates>
      </Point>
    </Placemark>
    <Placemark>
      <name>ALPR</name>
      <description>OSM node: https://www.openstreetmap.org/node/14047158902
Manufacturer: Flock Safety
Direction: 182
Zone: traffic
Camera type: fixed</description>
      <Point>
        <coordinates>-101.8553642,33.5634095,0</coordinates>
      </Point>
    </Placemark>
    <Placemark>
      <name>ALPR</name>
      <description>OSM node: https://www.openstreetmap.org/node/14047158903
Manufacturer: Flock Safety
Direction: 267
Zone: traffic
Camera type: fixed</description>
      <Point>
        <coordinates>-101.8478931,33.584532,0</coordinates>
      </Point>
    </Placemark>
    <Placemark>
      <name>ALPR</name>
      <description>OSM node: https://www.openstreetmap.org/node/14047181302
Manufacturer: Flock Safety
Direction: 8
Zone: traffic
Camera type: fixed</description>
      <Point>
        <coordinates>-101.8427671,33.598409,0</coordinates>
      </Point>
    </Placemark>
    <Placemark>
      <name>ALPR</name>
      <description>OSM node: https://www.openstreetmap.org/node/14047200001
Manufacturer: Flock Safety
Direction: 168
Zone: traffic
Camera type: fixed</description>
      <Point>
        <coordinates>-95.1567032,33.0640838,0</coordinates>
      </Point>
    </Placemark>
    <Placemark>
      <name>ALPR</name>
      <description>OSM node: https://www.openstreetmap.org/node/14047311701
Manufacturer: Flock Safety
Direction: 0;0;0
Zone: traffic
Camera type: fixed</description>
      <Point>
        <coordinates>-97.7916952,30.2315516,0</coordinates>
      </Point>
    </Placemark>
    <Placemark>
      <name>ALPR</name>
      <description>OSM node: https://www.openstreetmap.org/node/14047312501
Manufacturer: Flock Safety
Direction: 96
Zone: traffic
Camera type: fixed</description>
      <Point>
        <coordinates>-95.7486416,29.6645271,0</coordinates>
      </Point>
    </Placemark>
    <Placemark>
      <name>ALPR</name>
      <description>OSM node: https://www.openstreetmap.org/node/14047312503
Manufacturer: Flock Safety
Direction: 98
Zone: traffic
Camera type: fixed</description>
      <Point>
        <coordinates>-95.7430029,29.6613882,0</coordinates>
      </Point>
    </Placemark>
    <Placemark>
      <name>ALPR</name>
      <description>OSM node: https://www.openstreetmap.org/node/14047312701
Manufacturer: Flock Safety
Direction: 187
Zone: traffic
Camera type: fixed</description>
      <Point>
        <coordinates>-95.749279,29.6639139,0</coordinates>
      </Point>
    </Placemark>
    <Placemark>
      <name>ALPR</name>
      <description>OSM node: https://www.openstreetmap.org/node/14047312702
Manufacturer: Flock Safety
Direction: 211
Zone: traffic
Camera type: fixed</description>
      <Point>
        <coordinates>-95.743698,29.6610169,0</coordinates>
      </Point>
    </Placemark>
    <Placemark>
      <name>ALPR</name>
      <description>OSM node: https://www.openstreetmap.org/node/14047314801
Manufacturer: Flock Safety
Direction: 47
Zone: traffic
Camera type: fixed</description>
      <Point>
        <coordinates>-95.7433463,29.6614093,0</coordinates>
      </Point>
    </Placemark>
    <Placemark>
      <name>ALPR</name>
      <description>OSM node: https://www.openstreetmap.org/node/14047317701
Manufacturer: Flock Safety
Direction: 238
Zone: traffic
Camera type: fixed</description>
      <Point>
        <coordinates>-106.3327398,31.7960834,0</coordinates>
      </Point>
    </Placemark>
    <Placemark>
      <name>ALPR</name>
      <description>OSM node: https://www.openstreetmap.org/node/14047325801
Manufacturer: Flock Safety
Direction: 249
Zone: traffic
Camera type: fixed</description>
      <Point>
        <coordinates>-95.7391625,29.6529561,0</coordinates>
      </Point>
    </Placemark>
    <Placemark>
      <name>ALPR</name>
      <description>OSM node: https://www.openstreetmap.org/node/14047330601
Manufacturer: Flock Safety
Direction: 287
Zone: traffic
Camera type: fixed</description>
      <Point>
        <coordinates>-95.7421778,29.6482613,0</coordinates>
      </Point>
    </Placemark>
    <Placemark>
      <name>ALPR</name>
      <description>OSM node: https://www.openstreetmap.org/node/14047338301
Manufacturer: Flock Safety
Direction: 253
Zone: traffic
Camera type: fixed</description>
      <Point>
        <coordinates>-101.8165931,33.3999034,0</coordinates>
      </Point>
    </Placemark>
    <Placemark>
      <name>ALPR</name>
      <description>OSM node: https://www.openstreetmap.org/node/14047343002
Manufacturer: Flock Safety
Direction: 50
Zone: traffic
Camera type: fixed</description>
      <Point>
        <coordinates>-98.3374128,29.4897932,0</coordinates>
      </Point>
    </Placemark>
    <Placemark>
      <name>ALPR</name>
      <description>OSM node: https://www.openstreetmap.org/node/14047343701
Manufacturer: Flock Safety
Direction: 233
Zone: traffic
Camera type: fixed</description>
      <Point>
        <coordinates>-98.3368474,29.4893775,0</coordinates>
      </Point>
    </Placemark>
    <Placemark>
      <name>ALPR</name>
      <description>OSM node: https://www.openstreetmap.org/node/14047343702
Manufacturer: Flock Safety
Direction: 359
Zone: traffic
Camera type: fixed</description>
      <Point>
        <coordinates>-98.3374128,29.4897932,0</coordinates>
      </Point>
    </Placemark>
    <Placemark>
      <name>ALPR</name>
      <description>OSM node: https://www.openstreetmap.org/node/14047343703
Manufacturer: Flock Safety
Direction: 92
Zone: traffic
Camera type: fixed</description>
      <Point>
        <coordinates>-106.4225499,31.8553938,0</coordinates>
      </Point>
    </Placemark>
    <Placemark>
      <name>ALPR</name>
      <description>OSM node: https://www.openstreetmap.org/node/14047354701
Manufacturer: Flock Safety
Direction: 0
Zone: traffic
Camera type: fixed</description>
      <Point>
        <coordinates>-106.4226512,31.8554347,0</coordinates>
      </Point>
    </Placemark>
    <Placemark>
      <name>ALPR</name>
      <description>OSM node: https://www.openstreetmap.org/node/14047355901
Manufacturer: Flock Safety
Direction: 181
Zone: traffic
Camera type: fixed</description>
      <Point>
        <coordinates>-106.4229342,31.8553399,0</coordinates>
      </Point>
    </Placemark>
    <Placemark>
      <name>ALPR</name>
      <description>OSM node: https://www.openstreetmap.org/node/14047357901
Manufacturer: Flock Safety
Direction: 268
Zone: traffic
Camera type: fixed</description>
      <Point>
        <coordinates>-106.423075,31.8553838,0</coordinates>
      </Point>
    </Placemark>
    <Placemark>
      <name>ALPR</name>
      <description>OSM node: https://www.openstreetmap.org/node/14047372401
Manufacturer: Flock Safety
Direction: 210
Zone: traffic
Camera type: fixed</description>
      <Point>
        <coordinates>-97.0801772,31.808015,0</coordinates>
      </Point>
    </Placemark>
    <Placemark>
      <name>ALPR</name>
      <description>OSM node: https://www.openstreetmap.org/node/14047376601
Manufacturer: Flock Safety
Direction: 177
Zone: traffic
Camera type: fixed</description>
      <Point>
        <coordinates>-95.3126481,32.3979836,0</coordinates>
      </Point>
    </Placemark>
    <Placemark>
      <name>ALPR</name>
      <description>OSM node: https://www.openstreetmap.org/node/14047387801
Direction: 148
Zone: traffic
Camera type: fixed</description>
      <Point>
        <coordinates>-100.4872253,28.6957485,0</coordinates>
      </Point>
    </Placemark>
    <Placemark>
      <name>ALPR</name>
      <description>OSM node: https://www.openstreetmap.org/node/14047387901
Manufacturer: Flock Safety
Direction: 202
Zone: traffic
Camera type: fixed</description>
      <Point>
        <coordinates>-98.6478181,29.6924122,0</coordinates>
      </Point>
    </Placemark>
    <Placemark>
      <name>ALPR</name>
      <description>OSM node: https://www.openstreetmap.org/node/14047395002
Manufacturer: Flock Safety
Direction: 0
Zone: traffic
Camera type: fixed</description>
      <Point>
        <coordinates>-97.7702045,30.2480108,0</coordinates>
      </Point>
    </Placemark>
    <Placemark>
      <name>ALPR</name>
      <description>OSM node: https://www.openstreetmap.org/node/14047402902
Manufacturer: Genetec
Direction: 142
Zone: traffic
Camera type: fixed</description>
      <Point>
        <coordinates>-97.7596555,30.2421573,0</coordinates>
      </Point>
    </Placemark>
    <Placemark>
      <name>ALPR</name>
      <description>OSM node: https://www.openstreetmap.org/node/14047402903
Manufacturer: Genetec
Direction: 295
Zone: traffic
Camera type: fixed</description>
      <Point>
        <coordinates>-97.7595552,30.2420925,0</coordinates>
      </Point>
    </Placemark>
    <Placemark>
      <name>ALPR</name>
      <description>OSM node: https://www.openstreetmap.org/node/14047402904
Manufacturer: Genetec
Direction: 217
Zone: traffic
Camera type: fixed</description>
      <Point>
        <coordinates>-97.7595658,30.2421632,0</coordinates>
      </Point>
    </Placemark>
    <Placemark>
      <name>ALPR</name>
      <description>OSM node: https://www.openstreetmap.org/node/14047414501
Manufacturer: Genetec
Direction: 44
Zone: traffic
Camera type: fixed</description>
      <Point>
        <coordinates>-97.7596659,30.2420778,0</coordinates>
      </Point>
    </Placemark>
    <Placemark>
      <name>ALPR</name>
      <description>OSM node: https://www.openstreetmap.org/node/14047445001
Manufacturer: Flock Safety
Direction: 172
Zone: traffic
Camera type: fixed</description>
      <Point>
        <coordinates>-96.1513877,31.3497685,0</coordinates>
      </Point>
    </Placemark>
    <Placemark>
      <name>ALPR</name>
      <description>OSM node: https://www.openstreetmap.org/node/14047457301
Manufacturer: Flock Safety
Direction: 181
Zone: traffic
Camera type: fixed</description>
      <Point>
        <coordinates>-96.6825383,32.9732999,0</coordinates>
      </Point>
    </Placemark>
    <Placemark>
      <name>ALPR</name>
      <description>OSM node: https://www.openstreetmap.org/node/14047465101
Manufacturer: Flock Safety
Direction: 166
Zone: traffic
Camera type: fixed</description>
      <Point>
        <coordinates>-96.6997952,32.9752281,0</coordinates>
      </Point>
    </Placemark>
    <Placemark>
      <name>ALPR</name>
      <description>OSM node: https://www.openstreetmap.org/node/14047465102
Manufacturer: Flock Safety
Direction: 0
Zone: traffic
Camera type: fixed</description>
      <Point>
        <coordinates>-96.6997798,32.9852652,0</coordinates>
      </Point>
    </Placemark>
    <Placemark>
      <name>ALPR</name>
      <description>OSM node: https://www.openstreetmap.org/node/14047465301
Manufacturer: Flock Safety
Direction: 176
Zone: traffic
Camera type: fixed</description>
      <Point>
        <coordinates>-96.6997862,32.9823214,0</coordinates>
      </Point>
    </Placemark>
    <Placemark>
      <name>ALPR</name>
      <description>OSM node: https://www.openstreetmap.org/node/14047483003
Manufacturer: Flock Safety
Direction: 211
Zone: traffic
Camera type: fixed</description>
      <Point>
        <coordinates>-95.7006804,29.860784,0</coordinates>
      </Point>
    </Placemark>
    <Placemark>
      <name>ALPR</name>
      <description>OSM node: https://www.openstreetmap.org/node/14047484901
Manufacturer: Flock Safety
Direction: 224
Zone: traffic
Camera type: fixed</description>
      <Point>
        <coordinates>-95.7002495,29.8587016,0</coordinates>
      </Point>
    </Placemark>
    <Placemark>
      <name>ALPR</name>
      <description>OSM node: https://www.openstreetmap.org/node/14047518501
Manufacturer: Flock Safety
Direction: 105
Zone: traffic
Camera type: fixed</description>
      <Point>
        <coordinates>-98.2804695,32.2876579,0</coordinates>
      </Point>
    </Placemark>
    <Placemark>
      <name>ALPR</name>
      <description>OSM node: https://www.openstreetmap.org/node/14047553801
Manufacturer: Motorola Solutions
Direction: 62
Zone: traffic
Camera type: fixed</description>
      <Point>
        <coordinates>-95.6329321,30.0893186,0</coordinates>
      </Point>
    </Placemark>
    <Placemark>
      <name>ALPR</name>
      <description>OSM node: https://www.openstreetmap.org/node/14047558001
Manufacturer: Flock Safety
Direction: 311
Zone: traffic
Camera type: fixed</description>
      <Point>
        <coordinates>-95.6372703,30.0875189,0</coordinates>
      </Point>
    </Placemark>
    <Placemark>
      <name>ALPR</name>
      <description>OSM node: https://www.openstreetmap.org/node/14047561301
Manufacturer: Axis Communications
Direction: 67
Zone: traffic
Camera type: fixed</description>
      <Point>
        <coordinates>-96.3369702,32.9740216,0</coordinates>
      </Point>
    </Placemark>
    <Placemark>
      <name>ALPR</name>
      <description>OSM node: https://www.openstreetmap.org/node/14047607801
Manufacturer: Flock Safety
Direction: 134
Zone: traffic
Camera type: fixed</description>
      <Point>
        <coordinates>-99.467913,27.5165748,0</coordinates>
      </Point>
    </Placemark>
    <Placemark>
      <name>ALPR</name>
      <description>OSM node: https://www.openstreetmap.org/node/14047614101
Manufacturer: Flock Safety
Direction: 0
Zone: traffic
Camera type: fixed</description>
      <Point>
        <coordinates>-97.7673113,30.2777249,0</coordinates>
      </Point>
    </Placemark>
    <Placemark>
      <name>ALPR</name>
      <description>OSM node: https://www.openstreetmap.org/node/14047642101
Manufacturer: Flock Safety
Direction: 86;197
Zone: traffic
Camera type: fixed</description>
      <Point>
        <coordinates>-98.7504988,29.4411991,0</coordinates>
      </Point>
    </Placemark>
    <Placemark>
      <name>ALPR</name>
      <description>OSM node: https://www.openstreetmap.org/node/14047693901
Manufacturer: Flock Safety
Direction: 68
Zone: traffic
Camera type: fixed</description>
      <Point>
        <coordinates>-96.6655367,33.1963972,0</coordinates>
      </Point>
    </Placemark>
    <Placemark>
      <name>ALPR</name>
      <description>OSM node: https://www.openstreetmap.org/node/14047812901
Manufacturer: Flock Safety
Direction: 168
Zone: traffic
Camera type: fixed</description>
      <Point>
        <coordinates>-97.0097143,32.9153465,0</coordinates>
      </Point>
    </Placemark>
    <Placemark>
      <name>ALPR</name>
      <description>OSM node: https://www.openstreetmap.org/node/14047851301
Manufacturer: Flock Safety
Direction: 99
Zone: traffic
Camera type: fixed</description>
      <Point>
        <coordinates>-95.5746111,29.5639824,0</coordinates>
      </Point>
    </Placemark>
    <Placemark>
      <name>ALPR</name>
      <description>OSM node: https://www.openstreetmap.org/node/14047851701
Manufacturer: Flock Safety
Direction: 269
Zone: traffic
Camera type: fixed</description>
      <Point>
        <coordinates>-95.5741178,29.5641052,0</coordinates>
      </Point>
    </Placemark>
    <Placemark>
      <name>ALPR</name>
      <description>OSM node: https://www.openstreetmap.org/node/14047919001
Manufacturer: Leonardo
Direction: 38
Zone: traffic
Camera type: fixed</description>
      <Point>
        <coordinates>-99.2033616,30.0726245,0</coordinates>
      </Point>
    </Placemark>
    <Placemark>
      <name>ALPR</name>
      <description>OSM node: https://www.openstreetmap.org/node/14047928401
Manufacturer: Flock Safety
Direction: 1
Zone: traffic
Camera type: fixed</description>
      <Point>
        <coordinates>-97.1623885,32.7130373,0</coordinates>
      </Point>
    </Placemark>
    <Placemark>
      <name>ALPR</name>
      <description>OSM node: https://www.openstreetmap.org/node/14047940801
Manufacturer: Flock Safety
Direction: 254
Zone: traffic
Camera type: fixed</description>
      <Point>
        <coordinates>-98.7080792,29.5993206,0</coordinates>
      </Point>
    </Placemark>
    <Placemark>
      <name>ALPR</name>
      <description>OSM node: https://www.openstreetmap.org/node/14047941001
Manufacturer: Flock Safety
Direction: 74
Zone: traffic
Camera type: fixed</description>
      <Point>
        <coordinates>-98.7078771,29.5991718,0</coordinates>
      </Point>
    </Placemark>
    <Placemark>
      <name>ALPR</name>
      <description>OSM node: https://www.openstreetmap.org/node/14047960501
Manufacturer: Flock Safety
Direction: 120
Zone: traffic
Camera type: fixed</description>
      <Point>
        <coordinates>-97.2967617,30.5905923,0</coordinates>
      </Point>
    </Placemark>
    <Placemark>
      <name>ALPR</name>
      <description>OSM node: https://www.openstreetmap.org/node/14048078201
Manufacturer: Flock Safety
Direction: 293
Zone: traffic
Camera type: fixed</description>
      <Point>
        <coordinates>-98.645183,29.7485579,0</coordinates>
      </Point>
    </Placemark>
    <Placemark>
      <name>ALPR</name>
      <description>OSM node: https://www.openstreetmap.org/node/14048078801
Manufacturer: Flock Safety
Direction: 83
Zone: traffic
Camera type: fixed</description>
      <Point>
        <coordinates>-98.6437936,29.7476109,0</coordinates>
      </Point>
    </Placemark>
    <Placemark>
      <name>ALPR</name>
      <description>OSM node: https://www.openstreetmap.org/node/14048139701
Manufacturer: Flock Safety
Direction: 74
Zone: traffic
Camera type: fixed</description>
      <Point>
        <coordinates>-95.7559518,29.6642648,0</coordinates>
      </Point>
    </Placemark>
    <Placemark>
      <name>ALPR</name>
      <description>OSM node: https://www.openstreetmap.org/node/14048708601
Manufacturer: Flock Safety
Direction: 83
Zone: traffic
Camera type: fixed</description>
      <Point>
        <coordinates>-96.6647401,32.748591,0</coordinates>
      </Point>
    </Placemark>
    <Placemark>
      <name>ALPR</name>
      <description>OSM node: https://www.openstreetmap.org/node/14049118773
Manufacturer: Flock Safety
Direction: 240
Zone: traffic
Camera type: fixed</description>
      <Point>
        <coordinates>-95.3907613,29.705931,0</coordinates>
      </Point>
    </Placemark>
    <Placemark>
      <name>ALPR</name>
      <description>OSM node: https://www.openstreetmap.org/node/14049118774
Manufacturer: Flock Safety
Direction: 90
Zone: traffic
Camera type: fixed</description>
      <Point>
        <coordinates>-95.3745685,29.7056425,0</coordinates>
      </Point>
    </Placemark>
    <Placemark>
      <name>ALPR</name>
      <description>OSM node: https://www.openstreetmap.org/node/14049127902
Manufacturer: Flock Safety
Direction: 285
Zone: traffic
Camera type: fixed</description>
      <Point>
        <coordinates>-97.1194635,31.4798014,0</coordinates>
      </Point>
    </Placemark>
    <Placemark>
      <name>ALPR</name>
      <description>OSM node: https://www.openstreetmap.org/node/14049180901
Manufacturer: Flock Safety
Direction: 301
Zone: traffic
Camera type: fixed</description>
      <Point>
        <coordinates>-99.1174915,30.0695554,0</coordinates>
      </Point>
    </Placemark>
    <Placemark>
      <name>ALPR</name>
      <description>OSM node: https://www.openstreetmap.org/node/14049180902
Manufacturer: Flock Safety
Direction: 168
Zone: traffic
Camera type: fixed</description>
      <Point>
        <coordinates>-99.1174659,30.0695297,0</coordinates>
      </Point>
    </Placemark>
    <Placemark>
      <name>ALPR</name>
      <description>OSM node: https://www.openstreetmap.org/node/14049276301
Manufacturer: Flock Safety
Direction: 341
Zone: traffic
Camera type: fixed</description>
      <Point>
        <coordinates>-95.7733545,29.5616894,0</coordinates>
      </Point>
    </Placemark>
    <Placemark>
      <name>ALPR</name>
      <description>OSM node: https://www.openstreetmap.org/node/14049278101
Manufacturer: Flock Safety
Direction: 320
Zone: traffic
Camera type: fixed</description>
      <Point>
        <coordinates>-94.8959321,29.8969994,0</coordinates>
      </Point>
    </Placemark>
    <Placemark>
      <name>ALPR</name>
      <description>OSM node: https://www.openstreetmap.org/node/14049282704
Manufacturer: Flock Safety
Direction: 348
Zone: traffic
Camera type: fixed</description>
      <Point>
        <coordinates>-101.8836928,35.1528719,0</coordinates>
      </Point>
    </Placemark>
    <Placemark>
      <name>ALPR</name>
      <description>OSM node: https://www.openstreetmap.org/node/14049305702
Manufacturer: Flock Safety
Direction: 267
Zone: traffic
Camera type: fixed</description>
      <Point>
        <coordinates>-98.2732079,29.5521523,0</coordinates>
      </Point>
    </Placemark>
    <Placemark>
      <name>ALPR</name>
      <description>OSM node: https://www.openstreetmap.org/node/14049314201
Manufacturer: Flock Safety
Direction: 73
Zone: traffic
Camera type: fixed</description>
      <Point>
        <coordinates>-96.5515355,32.7023592,0</coordinates>
      </Point>
    </Placemark>
    <Placemark>
      <name>ALPR</name>
      <description>OSM node: https://www.openstreetmap.org/node/14049335801
Manufacturer: Flock Safety
Direction: 215
Zone: traffic
Camera type: fixed</description>
      <Point>
        <coordinates>-101.8204771,33.5788799,0</coordinates>
      </Point>
    </Placemark>
    <Placemark>
      <name>ALPR</name>
      <description>OSM node: https://www.openstreetmap.org/node/14049599301
Manufacturer: Flock Safety
Direction: 178
Zone: traffic
Camera type: fixed</description>
      <Point>
        <coordinates>-97.071458,32.7846749,0</coordinates>
      </Point>
    </Placemark>
    <Placemark>
      <name>ALPR</name>
      <description>OSM node: https://www.openstreetmap.org/node/14049653502
Manufacturer: Flock Safety
Direction: 154
Zone: traffic
Camera type: fixed</description>
      <Point>
        <coordinates>-97.1944747,33.1000647,0</coordinates>
      </Point>
    </Placemark>
    <Placemark>
      <name>ALPR</name>
      <description>OSM node: https://www.openstreetmap.org/node/14049664501
Manufacturer: Flock Safety
Direction: 294;205
Zone: traffic
Camera type: fixed</description>
      <Point>
        <coordinates>-95.2980544,29.6977459,0</coordinates>
      </Point>
    </Placemark>
    <Placemark>
      <name>ALPR</name>
      <description>OSM node: https://www.openstreetmap.org/node/14049666001
Manufacturer: Flock Safety
Direction: 170
Zone: traffic
Camera type: fixed</description>
      <Point>
        <coordinates>-97.2171363,32.7976508,0</coordinates>
      </Point>
    </Placemark>
    <Placemark>
      <name>ALPR</name>
      <description>OSM node: https://www.openstreetmap.org/node/14049666401
Manufacturer: Flock Safety
Direction: 184
Zone: traffic
Camera type: fixed</description>
      <Point>
        <coordinates>-95.2981387,29.6986061,0</coordinates>
      </Point>
    </Placemark>
    <Placemark>
      <name>ALPR</name>
      <description>OSM node: https://www.openstreetmap.org/node/14049667301
Manufacturer: Flock Safety
Direction: 0
Zone: traffic
Camera type: fixed</description>
      <Point>
        <coordinates>-97.9851356,30.1278072,0</coordinates>
      </Point>
    </Placemark>
    <Placemark>
      <name>ALPR</name>
      <description>OSM node: https://www.openstreetmap.org/node/14049667401
Manufacturer: Flock Safety
Direction: 184
Zone: traffic
Camera type: fixed</description>
      <Point>
        <coordinates>-95.2981387,29.6986061,0</coordinates>
      </Point>
    </Placemark>
    <Placemark>
      <name>ALPR</name>
      <description>OSM node: https://www.openstreetmap.org/node/14049667601
Manufacturer: Flock Safety
Direction: 296
Zone: traffic
Camera type: fixed</description>
      <Point>
        <coordinates>-95.2971746,29.698435,0</coordinates>
      </Point>
    </Placemark>
    <Placemark>
      <name>ALPR</name>
      <description>OSM node: https://www.openstreetmap.org/node/14049668101
Manufacturer: Flock Safety
Direction: 164
Zone: traffic
Camera type: fixed</description>
      <Point>
        <coordinates>-97.9851937,30.1281939,0</coordinates>
      </Point>
    </Placemark>
    <Placemark>
      <name>ALPR</name>
      <description>OSM node: https://www.openstreetmap.org/node/14049674701
Manufacturer: Flock Safety
Direction: 233
Zone: traffic
Camera type: fixed</description>
      <Point>
        <coordinates>-101.9360205,35.0704052,0</coordinates>
      </Point>
    </Placemark>
    <Placemark>
      <name>ALPR</name>
      <description>OSM node: https://www.openstreetmap.org/node/14049703802
Manufacturer: Flock Safety
Direction: 126;99
Zone: traffic
Camera type: fixed</description>
      <Point>
        <coordinates>-97.0889418,32.9551487,0</coordinates>
      </Point>
    </Placemark>
    <Placemark>
      <name>ALPR</name>
      <description>OSM node: https://www.openstreetmap.org/node/14049705001
Manufacturer: Flock Safety
Direction: 70
Zone: traffic
Camera type: fixed</description>
      <Point>
        <coordinates>-97.1503501,32.6861029,0</coordinates>
      </Point>
    </Placemark>
    <Placemark>
      <name>ALPR</name>
      <description>OSM node: https://www.openstreetmap.org/node/14049710801
Manufacturer: Flock Safety
Direction: 17
Zone: traffic
Camera type: fixed</description>
      <Point>
        <coordinates>-97.1613302,32.6978064,0</coordinates>
      </Point>
    </Placemark>
    <Placemark>
      <name>ALPR</name>
      <description>OSM node: https://www.openstreetmap.org/node/14049812501
Manufacturer: Flock Safety
Direction: 127
Zone: traffic
Camera type: fixed</description>
      <Point>
        <coordinates>-94.8963954,29.8967208,0</coordinates>
      </Point>
    </Placemark>
    <Placemark>
      <name>ALPR</name>
      <description>OSM node: https://www.openstreetmap.org/node/14049831601
Manufacturer: Flock Safety
Direction: 322
Zone: traffic
Camera type: fixed</description>
      <Point>
        <coordinates>-95.3887694,29.7211734,0</coordinates>
      </Point>
    </Placemark>
    <Placemark>
      <name>ALPR</name>
      <description>OSM node: https://www.openstreetmap.org/node/14049924301
Manufacturer: Flock Safety
Direction: 188
Zone: traffic
Camera type: fixed</description>
      <Point>
        <coordinates>-98.2663536,29.6107242,0</coordinates>
      </Point>
    </Placemark>
    <Placemark>
      <name>ALPR</name>
      <description>OSM node: https://www.openstreetmap.org/node/14049968001
Manufacturer: Flock Safety
Direction: 129
Zone: traffic
Camera type: fixed</description>
      <Point>
        <coordinates>-97.3694227,27.7085448,0</coordinates>
      </Point>
    </Placemark>
    <Placemark>
      <name>The Home Depot ALPR</name>
      <description>OSM node: https://www.openstreetmap.org/node/14049999801
Operator: The Home Depot
Manufacturer: Flock Safety
Direction: 300
Zone: traffic
Camera type: fixed</description>
      <Point>
        <coordinates>-98.4407848,29.3535144,0</coordinates>
      </Point>
    </Placemark>
    <Placemark>
      <name>ALPR</name>
      <description>OSM node: https://www.openstreetmap.org/node/14050015001
Manufacturer: Flock Safety
Direction: 224
Zone: traffic
Camera type: fixed</description>
      <Point>
        <coordinates>-97.4319232,25.9721624,0</coordinates>
      </Point>
    </Placemark>
    <Placemark>
      <name>ALPR</name>
      <description>OSM node: https://www.openstreetmap.org/node/14050015601
Manufacturer: Flock Safety
Direction: 316
Zone: traffic
Camera type: fixed</description>
      <Point>
        <coordinates>-97.432007,25.9717509,0</coordinates>
      </Point>
    </Placemark>
    <Placemark>
      <name>ALPR</name>
      <description>OSM node: https://www.openstreetmap.org/node/14050016201
Manufacturer: Flock Safety
Direction: 123
Zone: traffic
Camera type: fixed</description>
      <Point>
        <coordinates>-97.4323358,25.9720812,0</coordinates>
      </Point>
    </Placemark>
    <Placemark>
      <name>ALPR</name>
      <description>OSM node: https://www.openstreetmap.org/node/14050019101
Manufacturer: Flock Safety
Direction: 178
Zone: traffic
Camera type: fixed</description>
      <Point>
        <coordinates>-97.3630724,25.9733041,0</coordinates>
      </Point>
    </Placemark>
    <Placemark>
      <name>ALPR</name>
      <description>OSM node: https://www.openstreetmap.org/node/14050019102
Manufacturer: Flock Safety
Direction: 305
Zone: traffic
Camera type: fixed</description>
      <Point>
        <coordinates>-96.2548496,30.5582208,0</coordinates>
      </Point>
    </Placemark>
    <Placemark>
      <name>ALPR</name>
      <description>OSM node: https://www.openstreetmap.org/node/14050020501
Manufacturer: Flock Safety
Direction: 253
Zone: traffic
Camera type: fixed</description>
      <Point>
        <coordinates>-97.3630858,25.9732213,0</coordinates>
      </Point>
    </Placemark>
    <Placemark>
      <name>ALPR</name>
      <description>OSM node: https://www.openstreetmap.org/node/14050021501
Manufacturer: Flock Safety
Direction: 59
Zone: traffic
Camera type: fixed</description>
      <Point>
        <coordinates>-97.3630312,25.9732345,0</coordinates>
      </Point>
    </Placemark>
    <Placemark>
      <name>ALPR</name>
      <description>OSM node: https://www.openstreetmap.org/node/14050045101
Manufacturer: Flock Safety
Direction: 258
Zone: traffic
Camera type: fixed</description>
      <Point>
        <coordinates>-95.7432401,29.6111341,0</coordinates>
      </Point>
    </Placemark>
    <Placemark>
      <name>ALPR</name>
      <description>OSM node: https://www.openstreetmap.org/node/14050045401
Manufacturer: Flock Safety
Direction: 238
Zone: traffic
Camera type: fixed</description>
      <Point>
        <coordinates>-95.7430039,29.607667,0</coordinates>
      </Point>
    </Placemark>
    <Placemark>
      <name>ALPR</name>
      <description>OSM node: https://www.openstreetmap.org/node/14050085901
Manufacturer: Flock Safety
Direction: 203
Zone: traffic
Camera type: fixed</description>
      <Point>
        <coordinates>-96.8416839,31.8095255,0</coordinates>
      </Point>
    </Placemark>
    <Placemark>
      <name>ALPR</name>
      <description>OSM node: https://www.openstreetmap.org/node/14050152602
Manufacturer: Axis Communications
Direction: 285
Zone: traffic
Camera type: fixed</description>
      <Point>
        <coordinates>-106.4455182,31.8290766,0</coordinates>
      </Point>
    </Placemark>
    <Placemark>
      <name>ALPR</name>
      <description>OSM node: https://www.openstreetmap.org/node/14050152603
Manufacturer: Leonardo
Direction: 0;271;93;200
Zone: traffic
Camera type: fixed</description>
      <Point>
        <coordinates>-106.4458957,31.8284641,0</coordinates>
      </Point>
    </Placemark>
    <Placemark>
      <name>ALPR</name>
      <description>OSM node: https://www.openstreetmap.org/node/14050152802
Manufacturer: Leonardo
Direction: 0;101;182;267
Zone: traffic
Camera type: fixed</description>
      <Point>
        <coordinates>-106.4459302,31.8300179,0</coordinates>
      </Point>
    </Placemark>
    <Placemark>
      <name>ALPR</name>
      <description>OSM node: https://www.openstreetmap.org/node/14050152803
Manufacturer: Leonardo
Direction: 93;359;263;181
Zone: traffic
Camera type: fixed</description>
      <Point>
        <coordinates>-106.4459016,31.8291557,0</coordinates>
      </Point>
    </Placemark>
    <Placemark>
      <name>ALPR</name>
      <description>OSM node: https://www.openstreetmap.org/node/14050156101
Manufacturer: Axis Communications
Direction: 264
Zone: traffic
Camera type: fixed</description>
      <Point>
        <coordinates>-106.4455044,31.82866,0</coordinates>
      </Point>
    </Placemark>
    <Placemark>
      <name>ALPR</name>
      <description>OSM node: https://www.openstreetmap.org/node/14050156102
Manufacturer: Axis Communications
Direction: 272
Zone: traffic
Camera type: fixed</description>
      <Point>
        <coordinates>-106.4455061,31.8298395,0</coordinates>
      </Point>
    </Placemark>
    <Placemark>
      <name>ALPR</name>
      <description>OSM node: https://www.openstreetmap.org/node/14050156103
Manufacturer: Motorola Solutions
Direction: 112;243
Zone: traffic
Camera type: fixed</description>
      <Point>
        <coordinates>-106.4391271,31.8126287,0</coordinates>
      </Point>
    </Placemark>
    <Placemark>
      <name>ALPR</name>
      <description>OSM node: https://www.openstreetmap.org/node/14050215101
Manufacturer: Flock Safety
Direction: 124
Zone: traffic
Camera type: fixed</description>
      <Point>
        <coordinates>-97.3183234,31.0267091,0</coordinates>
      </Point>
    </Placemark>
    <Placemark>
      <name>ALPR</name>
      <description>OSM node: https://www.openstreetmap.org/node/14050215401
Manufacturer: Flock Safety
Direction: 278
Zone: traffic
Camera type: fixed</description>
      <Point>
        <coordinates>-97.3183234,31.0267091,0</coordinates>
      </Point>
    </Placemark>
    <Placemark>
      <name>ALPR</name>
      <description>OSM node: https://www.openstreetmap.org/node/14050308901
Manufacturer: Flock Safety
Direction: 170
Zone: traffic
Camera type: fixed</description>
      <Point>
        <coordinates>-95.799646,29.7050661,0</coordinates>
      </Point>
    </Placemark>
    <Placemark>
      <name>ALPR</name>
      <description>OSM node: https://www.openstreetmap.org/node/14050466302
Manufacturer: Flock Safety
Direction: 27
Zone: traffic
Camera type: fixed</description>
      <Point>
        <coordinates>-95.8232735,29.8573276,0</coordinates>
      </Point>
    </Placemark>
    <Placemark>
      <name>ALPR</name>
      <description>OSM node: https://www.openstreetmap.org/node/14050479301
Manufacturer: Flock Safety
Direction: 202
Zone: traffic
Camera type: fixed</description>
      <Point>
        <coordinates>-95.821174,29.8601113,0</coordinates>
      </Point>
    </Placemark>
    <Placemark>
      <name>ALPR</name>
      <description>OSM node: https://www.openstreetmap.org/node/14050793602
Manufacturer: Flock Safety
Direction: 0
Zone: traffic
Camera type: fixed</description>
      <Point>
        <coordinates>-97.3420386,32.893519,0</coordinates>
      </Point>
    </Placemark>
    <Placemark>
      <name>ALPR</name>
      <description>OSM node: https://www.openstreetmap.org/node/14050896901
Manufacturer: Flock Safety
Direction: 12
Zone: traffic
Camera type: fixed</description>
      <Point>
        <coordinates>-97.3435714,32.8941182,0</coordinates>
      </Point>
    </Placemark>
    <Placemark>
      <name>ALPR</name>
      <description>OSM node: https://www.openstreetmap.org/node/14050905501
Manufacturer: Flock Safety
Direction: 138
Zone: traffic
Camera type: fixed</description>
      <Point>
        <coordinates>-95.3578715,29.7655395,0</coordinates>
      </Point>
    </Placemark>
    <Placemark>
      <name>ALPR</name>
      <description>OSM node: https://www.openstreetmap.org/node/14050920101
Manufacturer: Flock Safety
Direction: 0
Zone: traffic
Camera type: fixed</description>
      <Point>
        <coordinates>-97.3423901,32.6934796,0</coordinates>
      </Point>
    </Placemark>
    <Placemark>
      <name>ALPR</name>
      <description>OSM node: https://www.openstreetmap.org/node/14051478701
Manufacturer: Flock Safety
Direction: 194
Zone: traffic
Camera type: fixed</description>
      <Point>
        <coordinates>-98.430318,27.5865935,0</coordinates>
      </Point>
    </Placemark>
    <Placemark>
      <name>ALPR</name>
      <description>OSM node: https://www.openstreetmap.org/node/14051593401
Manufacturer: Flock Safety
Direction: 73
Zone: traffic
Camera type: fixed</description>
      <Point>
        <coordinates>-95.6415667,29.5845091,0</coordinates>
      </Point>
    </Placemark>
    <Placemark>
      <name>ALPR</name>
      <description>OSM node: https://www.openstreetmap.org/node/14051594201
Manufacturer: Flock Safety
Direction: 32
Zone: traffic
Camera type: fixed</description>
      <Point>
        <coordinates>-95.641468,29.5843754,0</coordinates>
      </Point>
    </Placemark>
    <Placemark>
      <name>ALPR</name>
      <description>OSM node: https://www.openstreetmap.org/node/14051705602
Manufacturer: Flock Safety
Direction: 154
Zone: traffic
Camera type: fixed</description>
      <Point>
        <coordinates>-98.3666763,29.5457862,0</coordinates>
      </Point>
    </Placemark>
    <Placemark>
      <name>ALPR</name>
      <description>OSM node: https://www.openstreetmap.org/node/14051705703
Manufacturer: Flock Safety
Direction: 216
Zone: traffic
Camera type: fixed</description>
      <Point>
        <coordinates>-98.3666942,29.5457749,0</coordinates>
      </Point>
    </Placemark>
    <Placemark>
      <name>ALPR</name>
      <description>OSM node: https://www.openstreetmap.org/node/14051715201
Manufacturer: Flock Safety
Direction: 147
Zone: traffic
Camera type: fixed</description>
      <Point>
        <coordinates>-100.4649117,28.7089766,0</coordinates>
      </Point>
    </Placemark>
    <Placemark>
      <name>Simon Property Group ALPR</name>
      <description>OSM node: https://www.openstreetmap.org/node/14051750002
Operator: Simon Property Group
Manufacturer: Flock Safety
Direction: 232
Zone: traffic
Camera type: fixed</description>
      <Point>
        <coordinates>-97.5394995,25.9418057,0</coordinates>
      </Point>
    </Placemark>
    <Placemark>
      <name>ALPR</name>
      <description>OSM node: https://www.openstreetmap.org/node/14051750003
Manufacturer: Flock Safety
Direction: 51
Zone: traffic
Camera type: fixed</description>
      <Point>
        <coordinates>-97.5398447,25.9416709,0</coordinates>
      </Point>
    </Placemark>
    <Placemark>
      <name>ALPR</name>
      <description>OSM node: https://www.openstreetmap.org/node/14051753701
Manufacturer: Flock Safety
Direction: 338
Zone: traffic
Camera type: fixed</description>
      <Point>
        <coordinates>-106.47874,31.7574383,0</coordinates>
      </Point>
    </Placemark>
    <Placemark>
      <name>ALPR</name>
      <description>OSM node: https://www.openstreetmap.org/node/14051759601
Manufacturer: Flock Safety
Direction: 136
Zone: traffic
Camera type: fixed</description>
      <Point>
        <coordinates>-97.5397331,25.9418465,0</coordinates>
      </Point>
    </Placemark>
    <Placemark>
      <name>ALPR</name>
      <description>OSM node: https://www.openstreetmap.org/node/14051781076
Manufacturer: Flock Safety
Direction: 75
Zone: traffic
Camera type: fixed</description>
      <Point>
        <coordinates>-102.1622691,35.6913422,0</coordinates>
      </Point>
    </Placemark>
    <Placemark>
      <name>ALPR</name>
      <description>OSM node: https://www.openstreetmap.org/node/14051813801
Manufacturer: Flock Safety
Direction: 124
Zone: traffic
Camera type: fixed</description>
      <Point>
        <coordinates>-95.0568423,30.0388584,0</coordinates>
      </Point>
    </Placemark>
    <Placemark>
      <name>ALPR</name>
      <description>OSM node: https://www.openstreetmap.org/node/14051819101
Manufacturer: Flock Safety
Direction: 329
Zone: traffic
Camera type: fixed</description>
      <Point>
        <coordinates>-95.0608432,30.0467904,0</coordinates>
      </Point>
    </Placemark>
    <Placemark>
      <name>ALPR</name>
      <description>OSM node: https://www.openstreetmap.org/node/14051820701
Manufacturer: Flock Safety
Direction: 262
Zone: traffic
Camera type: fixed</description>
      <Point>
        <coordinates>-95.3922051,29.5588536,0</coordinates>
      </Point>
    </Placemark>
    <Placemark>
      <name>ALPR</name>
      <description>OSM node: https://www.openstreetmap.org/node/14051823901
Manufacturer: Flock Safety
Direction: 288
Zone: traffic
Camera type: fixed</description>
      <Point>
        <coordinates>-96.7940094,32.799756,0</coordinates>
      </Point>
    </Placemark>
    <Placemark>
      <name>ALPR</name>
      <description>OSM node: https://www.openstreetmap.org/node/14051839502
Manufacturer: Flock Safety
Direction: 61
Zone: traffic
Camera type: fixed</description>
      <Point>
        <coordinates>-97.0469669,32.7797625,0</coordinates>
      </Point>
    </Placemark>
    <Placemark>
      <name>ALPR</name>
      <description>OSM node: https://www.openstreetmap.org/node/14051842401
Manufacturer: Flock Safety
Direction: 294
Zone: traffic
Camera type: fixed</description>
      <Point>
        <coordinates>-97.0470577,32.7797306,0</coordinates>
      </Point>
    </Placemark>
    <Placemark>
      <name>ALPR</name>
      <description>OSM node: https://www.openstreetmap.org/node/14051846601
Manufacturer: Flock Safety
Direction: 243
Zone: traffic
Camera type: fixed</description>
      <Point>
        <coordinates>-95.5617825,29.5521541,0</coordinates>
      </Point>
    </Placemark>
    <Placemark>
      <name>ALPR</name>
      <description>OSM node: https://www.openstreetmap.org/node/14051846801
Manufacturer: Flock Safety
Direction: 81
Zone: traffic
Camera type: fixed</description>
      <Point>
        <coordinates>-97.0290381,32.7798266,0</coordinates>
      </Point>
    </Placemark>
    <Placemark>
      <name>ALPR</name>
      <description>OSM node: https://www.openstreetmap.org/node/14051851401
Manufacturer: Flock Safety
Direction: 196
Zone: traffic
Camera type: fixed</description>
      <Point>
        <coordinates>-97.0282905,32.77204,0</coordinates>
      </Point>
    </Placemark>
    <Placemark>
      <name>ALPR</name>
      <description>OSM node: https://www.openstreetmap.org/node/14051854101
Manufacturer: Flock Safety
Direction: 16
Zone: traffic
Camera type: fixed</description>
      <Point>
        <coordinates>-97.0281984,32.7717734,0</coordinates>
      </Point>
    </Placemark>
    <Placemark>
      <name>ALPR</name>
      <description>OSM node: https://www.openstreetmap.org/node/14051856501
Manufacturer: Flock Safety
Direction: 55
Zone: traffic
Camera type: fixed</description>
      <Point>
        <coordinates>-95.4172137,29.5456669,0</coordinates>
      </Point>
    </Placemark>
    <Placemark>
      <name>ALPR</name>
      <description>OSM node: https://www.openstreetmap.org/node/14051857901
Manufacturer: Flock Safety
Direction: 329
Zone: traffic
Camera type: fixed</description>
      <Point>
        <coordinates>-97.0445205,32.7709782,0</coordinates>
      </Point>
    </Placemark>
    <Placemark>
      <name>ALPR</name>
      <description>OSM node: https://www.openstreetmap.org/node/14051860701
Manufacturer: Flock Safety
Direction: 142
Zone: traffic
Camera type: fixed</description>
      <Point>
        <coordinates>-97.04482,32.7710815,0</coordinates>
      </Point>
    </Placemark>
    <Placemark>
      <name>ALPR</name>
      <description>OSM node: https://www.openstreetmap.org/node/14051917701
Manufacturer: Flock Safety
Direction: 41
Zone: traffic
Camera type: fixed</description>
      <Point>
        <coordinates>-96.7750165,32.7953571,0</coordinates>
      </Point>
    </Placemark>
    <Placemark>
      <name>ALPR</name>
      <description>OSM node: https://www.openstreetmap.org/node/14051947502
Manufacturer: Flock Safety
Direction: 41
Zone: traffic
Camera type: fixed</description>
      <Point>
        <coordinates>-97.7288896,30.0898449,0</coordinates>
      </Point>
    </Placemark>
    <Placemark>
      <name>ALPR</name>
      <description>OSM node: https://www.openstreetmap.org/node/14051947504
Manufacturer: Flock Safety
Direction: 309
Zone: traffic
Camera type: fixed</description>
      <Point>
        <coordinates>-96.7721587,32.6948656,0</coordinates>
      </Point>
    </Placemark>
    <Placemark>
      <name>ALPR</name>
      <description>OSM node: https://www.openstreetmap.org/node/14051953701
Manufacturer: Flock Safety
Direction: 326
Zone: traffic
Camera type: fixed</description>
      <Point>
        <coordinates>-96.7677377,32.6962178,0</coordinates>
      </Point>
    </Placemark>
    <Placemark>
      <name>ALPR</name>
      <description>OSM node: https://www.openstreetmap.org/node/14052023301
Manufacturer: Flock Safety
Direction: 95
Zone: traffic
Camera type: fixed</description>
      <Point>
        <coordinates>-98.4244521,30.6559576,0</coordinates>
      </Point>
    </Placemark>
    <Placemark>
      <name>ALPR</name>
      <description>OSM node: https://www.openstreetmap.org/node/14052028101
Manufacturer: Flock Safety
Direction: 296
Zone: traffic
Camera type: fixed</description>
      <Point>
        <coordinates>-98.3361399,29.4944414,0</coordinates>
      </Point>
    </Placemark>
    <Placemark>
      <name>ALPR</name>
      <description>OSM node: https://www.openstreetmap.org/node/14052034801
Manufacturer: Flock Safety
Direction: 175
Zone: traffic
Camera type: fixed</description>
      <Point>
        <coordinates>-97.6568926,30.4209554,0</coordinates>
      </Point>
    </Placemark>
    <Placemark>
      <name>ALPR</name>
      <description>OSM node: https://www.openstreetmap.org/node/14052058201
Manufacturer: Flock Safety
Direction: 176
Zone: traffic
Camera type: fixed</description>
      <Point>
        <coordinates>-96.949677,32.6202738,0</coordinates>
      </Point>
    </Placemark>
    <Placemark>
      <name>ALPR</name>
      <description>OSM node: https://www.openstreetmap.org/node/14052076301
Manufacturer: Flock Safety
Direction: 314
Zone: traffic
Camera type: fixed</description>
      <Point>
        <coordinates>-95.163748,29.9985559,0</coordinates>
      </Point>
    </Placemark>
    <Placemark>
      <name>ALPR</name>
      <description>OSM node: https://www.openstreetmap.org/node/14052121402
Manufacturer: Flock Safety
Direction: 31
Zone: traffic
Camera type: fixed</description>
      <Point>
        <coordinates>-96.2884213,30.6565087,0</coordinates>
      </Point>
    </Placemark>
    <Placemark>
      <name>ALPR</name>
      <description>OSM node: https://www.openstreetmap.org/node/14052156701
Manufacturer: Flock Safety
Direction: 359
Zone: traffic
Camera type: fixed</description>
      <Point>
        <coordinates>-97.4986801,25.9222712,0</coordinates>
      </Point>
    </Placemark>
    <Placemark>
      <name>ALPR</name>
      <description>OSM node: https://www.openstreetmap.org/node/14052157301
Manufacturer: Flock Safety
Direction: 213
Zone: traffic
Camera type: fixed</description>
      <Point>
        <coordinates>-97.4985862,25.9227246,0</coordinates>
      </Point>
    </Placemark>
    <Placemark>
      <name>ALPR</name>
      <description>OSM node: https://www.openstreetmap.org/node/14052180901
Manufacturer: Flock Safety
Direction: 153
Zone: traffic
Camera type: fixed</description>
      <Point>
        <coordinates>-96.6106049,33.2386018,0</coordinates>
      </Point>
    </Placemark>
    <Placemark>
      <name>ALPR</name>
      <description>OSM node: https://www.openstreetmap.org/node/14052184701
Manufacturer: Flock Safety
Direction: 0
Zone: traffic
Camera type: fixed</description>
      <Point>
        <coordinates>-98.4308463,29.0032106,0</coordinates>
      </Point>
    </Placemark>
    <Placemark>
      <name>ALPR</name>
      <description>OSM node: https://www.openstreetmap.org/node/14052213201
Manufacturer: Flock Safety
Direction: 343
Zone: traffic
Camera type: fixed</description>
      <Point>
        <coordinates>-96.8382681,32.8870573,0</coordinates>
      </Point>
    </Placemark>
    <Placemark>
      <name>ALPR</name>
      <description>OSM node: https://www.openstreetmap.org/node/14052216801
Manufacturer: Flock Safety
Direction: 0;187;0;0;0;0;0;177
Zone: traffic
Camera type: fixed</description>
      <Point>
        <coordinates>-96.0715231,32.2985268,0</coordinates>
      </Point>
    </Placemark>
    <Placemark>
      <name>ALPR</name>
      <description>OSM node: https://www.openstreetmap.org/node/14052252801
Manufacturer: Motorola Solutions
Direction: 113
Zone: traffic
Camera type: fixed</description>
      <Point>
        <coordinates>-96.7672456,33.0191384,0</coordinates>
      </Point>
    </Placemark>
    <Placemark>
      <name>ALPR</name>
      <description>OSM node: https://www.openstreetmap.org/node/14052266202
Manufacturer: Motorola Solutions
Direction: 250
Zone: traffic
Camera type: fixed</description>
      <Point>
        <coordinates>-106.4195478,31.9182108,0</coordinates>
      </Point>
    </Placemark>
    <Placemark>
      <name>ALPR</name>
      <description>OSM node: https://www.openstreetmap.org/node/14052274901
Manufacturer: Flock Safety
Direction: 325
Zone: traffic
Camera type: fixed</description>
      <Point>
        <coordinates>-106.4220771,31.920723,0</coordinates>
      </Point>
    </Placemark>
    <Placemark>
      <name>ALPR</name>
      <description>OSM node: https://www.openstreetmap.org/node/14052312301
Manufacturer: Flock Safety
Direction: 0
Zone: traffic
Camera type: fixed</description>
      <Point>
        <coordinates>-96.9085296,32.680711,0</coordinates>
      </Point>
    </Placemark>
    <Placemark>
      <name>ALPR</name>
      <description>OSM node: https://www.openstreetmap.org/node/14052336505
Manufacturer: Motorola Solutions
Direction: 0
Zone: traffic
Camera type: fixed</description>
      <Point>
        <coordinates>-97.0149049,32.9732199,0</coordinates>
      </Point>
    </Placemark>
    <Placemark>
      <name>ALPR</name>
      <description>OSM node: https://www.openstreetmap.org/node/14052339801
Manufacturer: Motorola Solutions
Direction: 179
Zone: traffic
Camera type: fixed</description>
      <Point>
        <coordinates>-97.0109341,32.9545733,0</coordinates>
      </Point>
    </Placemark>
    <Placemark>
      <name>ALPR</name>
      <description>OSM node: https://www.openstreetmap.org/node/14052352401
Manufacturer: Flock Safety
Direction: 41
Zone: traffic
Camera type: fixed</description>
      <Point>
        <coordinates>-96.9373788,33.2188735,0</coordinates>
      </Point>
    </Placemark>
    <Placemark>
      <name>ALPR</name>
      <description>OSM node: https://www.openstreetmap.org/node/14052364501
Manufacturer: Flock Safety
Direction: 222
Zone: traffic
Camera type: fixed</description>
      <Point>
        <coordinates>-100.6403214,35.2279058,0</coordinates>
      </Point>
    </Placemark>
    <Placemark>
      <name>ALPR</name>
      <description>OSM node: https://www.openstreetmap.org/node/14052390101
Manufacturer: Flock Safety
Direction: 87
Zone: traffic
Camera type: fixed</description>
      <Point>
        <coordinates>-97.3673726,31.0317163,0</coordinates>
      </Point>
    </Placemark>
    <Placemark>
      <name>ALPR</name>
      <description>OSM node: https://www.openstreetmap.org/node/14052396501
Manufacturer: Flock Safety
Direction: 0
Zone: traffic
Camera type: fixed</description>
      <Point>
        <coordinates>-97.0198453,32.7605619,0</coordinates>
      </Point>
    </Placemark>
    <Placemark>
      <name>ALPR</name>
      <description>OSM node: https://www.openstreetmap.org/node/14052413401
Manufacturer: Flock Safety
Direction: 0
Zone: traffic
Camera type: fixed</description>
      <Point>
        <coordinates>-96.4831189,32.8000134,0</coordinates>
      </Point>
    </Placemark>
    <Placemark>
      <name>ALPR</name>
      <description>OSM node: https://www.openstreetmap.org/node/14052413601
Manufacturer: Flock Safety
Direction: 173
Zone: traffic
Camera type: fixed</description>
      <Point>
        <coordinates>-96.4831949,32.800318,0</coordinates>
      </Point>
    </Placemark>
    <Placemark>
      <name>ALPR</name>
      <description>OSM node: https://www.openstreetmap.org/node/14052413602
Manufacturer: Flock Safety
Direction: 235
Zone: traffic
Camera type: fixed</description>
      <Point>
        <coordinates>-97.0431693,32.6659134,0</coordinates>
      </Point>
    </Placemark>
    <Placemark>
      <name>ALPR</name>
      <description>OSM node: https://www.openstreetmap.org/node/14052416501
Manufacturer: Flock Safety
Direction: 56
Zone: traffic
Camera type: fixed</description>
      <Point>
        <coordinates>-96.4897127,32.7989302,0</coordinates>
      </Point>
    </Placemark>
    <Placemark>
      <name>ALPR</name>
      <description>OSM node: https://www.openstreetmap.org/node/14052416502
Manufacturer: Flock Safety
Direction: 77
Zone: traffic
Camera type: fixed</description>
      <Point>
        <coordinates>-97.0418271,32.6628304,0</coordinates>
      </Point>
    </Placemark>
    <Placemark>
      <name>ALPR</name>
      <description>OSM node: https://www.openstreetmap.org/node/14052416503
Manufacturer: Flock Safety
Direction: 257
Zone: traffic
Camera type: fixed</description>
      <Point>
        <coordinates>-97.0421883,32.6629093,0</coordinates>
      </Point>
    </Placemark>
    <Placemark>
      <name>ALPR</name>
      <description>OSM node: https://www.openstreetmap.org/node/14052416602
Manufacturer: Flock Safety
Direction: 244
Zone: traffic
Camera type: fixed</description>
      <Point>
        <coordinates>-96.489519,32.7990384,0</coordinates>
      </Point>
    </Placemark>
    <Placemark>
      <name>ALPR</name>
      <description>OSM node: https://www.openstreetmap.org/node/14052416603
Manufacturer: Flock Safety
Direction: 63
Zone: traffic
Camera type: fixed</description>
      <Point>
        <coordinates>-96.4897166,32.7996839,0</coordinates>
      </Point>
    </Placemark>
    <Placemark>
      <name>ALPR</name>
      <description>OSM node: https://www.openstreetmap.org/node/14052419302
Manufacturer: Motorola Solutions
Direction: 0
Zone: traffic
Camera type: fixed</description>
      <Point>
        <coordinates>-97.0420238,32.6628673,0</coordinates>
      </Point>
    </Placemark>
    <Placemark>
      <name>ALPR</name>
      <description>OSM node: https://www.openstreetmap.org/node/14052419401
Manufacturer: Flock Safety
Direction: 273
Zone: traffic
Camera type: fixed</description>
      <Point>
        <coordinates>-98.1445332,26.3354341,0</coordinates>
      </Point>
    </Placemark>
    <Placemark>
      <name>ALPR</name>
      <description>OSM node: https://www.openstreetmap.org/node/14052421401
Manufacturer: Flock Safety
Direction: 241
Zone: traffic
Camera type: fixed</description>
      <Point>
        <coordinates>-96.4894893,32.7997919,0</coordinates>
      </Point>
    </Placemark>
    <Placemark>
      <name>ALPR</name>
      <description>OSM node: https://www.openstreetmap.org/node/14052421402
Manufacturer: Flock Safety
Direction: 51
Zone: traffic
Camera type: fixed</description>
      <Point>
        <coordinates>-97.0434822,32.6679396,0</coordinates>
      </Point>
    </Placemark>
    <Placemark>
      <name>ALPR</name>
      <description>OSM node: https://www.openstreetmap.org/node/14052421501
Manufacturer: Motorola Solutions
Direction: 339
Zone: traffic
Camera type: fixed</description>
      <Point>
        <coordinates>-97.0428971,32.6658701,0</coordinates>
      </Point>
    </Placemark>
    <Placemark>
      <name>ALPR</name>
      <description>OSM node: https://www.openstreetmap.org/node/14052421502
Manufacturer: Flock Safety
Direction: 68
Zone: traffic
Camera type: fixed</description>
      <Point>
        <coordinates>-96.4897284,32.8022751,0</coordinates>
      </Point>
    </Placemark>
    <Placemark>
      <name>ALPR</name>
      <description>OSM node: https://www.openstreetmap.org/node/14052421901
Manufacturer: Flock Safety
Direction: 209
Zone: traffic
Camera type: fixed</description>
      <Point>
        <coordinates>-97.0398381,32.6556154,0</coordinates>
      </Point>
    </Placemark>
    <Placemark>
      <name>ALPR</name>
      <description>OSM node: https://www.openstreetmap.org/node/14052424101
Manufacturer: Flock Safety
Direction: 347
Zone: traffic
Camera type: fixed</description>
      <Point>
        <coordinates>-97.0398069,32.6556547,0</coordinates>
      </Point>
    </Placemark>
    <Placemark>
      <name>ALPR</name>
      <description>OSM node: https://www.openstreetmap.org/node/14052426601
Manufacturer: Flock Safety
Direction: 216
Zone: traffic
Camera type: fixed</description>
      <Point>
        <coordinates>-97.0440155,32.6680575,0</coordinates>
      </Point>
    </Placemark>
    <Placemark>
      <name>ALPR</name>
      <description>OSM node: https://www.openstreetmap.org/node/14052426701
Manufacturer: Motorola Solutions
Direction: 344
Zone: traffic
Camera type: fixed</description>
      <Point>
        <coordinates>-97.0437626,32.6679948,0</coordinates>
      </Point>
    </Placemark>
    <Placemark>
      <name>ALPR</name>
      <description>OSM node: https://www.openstreetmap.org/node/14052429201
Manufacturer: Flock Safety
Direction: 157
Zone: traffic
Camera type: fixed</description>
      <Point>
        <coordinates>-98.6232914,29.577672,0</coordinates>
      </Point>
    </Placemark>
    <Placemark>
      <name>ALPR</name>
      <description>OSM node: https://www.openstreetmap.org/node/14052440601
Manufacturer: Flock Safety
Direction: 334
Zone: traffic
Camera type: fixed</description>
      <Point>
        <coordinates>-97.0309533,32.6691203,0</coordinates>
      </Point>
    </Placemark>
    <Placemark>
      <name>ALPR</name>
      <description>OSM node: https://www.openstreetmap.org/node/14052441801
Manufacturer: Flock Safety
Direction: 99
Zone: traffic
Camera type: fixed</description>
      <Point>
        <coordinates>-101.4558529,34.1199302,0</coordinates>
      </Point>
    </Placemark>
    <Placemark>
      <name>ALPR</name>
      <description>OSM node: https://www.openstreetmap.org/node/14052441803
Manufacturer: Flock Safety
Direction: 22
Zone: traffic
Camera type: fixed</description>
      <Point>
        <coordinates>-106.5821113,31.9968916,0</coordinates>
      </Point>
    </Placemark>
    <Placemark>
      <name>ALPR</name>
      <description>OSM node: https://www.openstreetmap.org/node/14052443101
Manufacturer: Flock Safety
Direction: 188
Zone: traffic
Camera type: fixed</description>
      <Point>
        <coordinates>-106.5935018,32.0005251,0</coordinates>
      </Point>
    </Placemark>
    <Placemark>
      <name>ALPR</name>
      <description>OSM node: https://www.openstreetmap.org/node/14052444301
Manufacturer: Flock Safety
Direction: 246
Zone: traffic
Camera type: fixed</description>
      <Point>
        <coordinates>-101.430672,34.1120773,0</coordinates>
      </Point>
    </Placemark>
    <Placemark>
      <name>ALPR</name>
      <description>OSM node: https://www.openstreetmap.org/node/14052520501
Manufacturer: Flock Safety
Direction: 160
Zone: traffic
Camera type: fixed</description>
      <Point>
        <coordinates>-97.6648513,30.6809227,0</coordinates>
      </Point>
    </Placemark>
    <Placemark>
      <name>ALPR</name>
      <description>OSM node: https://www.openstreetmap.org/node/14052547101
Manufacturer: Flock Safety
Direction: 301
Zone: traffic
Camera type: fixed</description>
      <Point>
        <coordinates>-95.5817525,29.5736982,0</coordinates>
      </Point>
    </Placemark>
    <Placemark>
      <name>ALPR</name>
      <description>OSM node: https://www.openstreetmap.org/node/14052548201
Manufacturer: Flock Safety
Direction: 246
Zone: traffic
Camera type: fixed</description>
      <Point>
        <coordinates>-95.5894497,29.5722689,0</coordinates>
      </Point>
    </Placemark>
    <Placemark>
      <name>ALPR</name>
      <description>OSM node: https://www.openstreetmap.org/node/14052549601
Manufacturer: Flock Safety
Direction: 103
Zone: traffic
Camera type: fixed</description>
      <Point>
        <coordinates>-99.0115347,30.0523026,0</coordinates>
      </Point>
    </Placemark>
    <Placemark>
      <name>ALPR</name>
      <description>OSM node: https://www.openstreetmap.org/node/14052580701
Manufacturer: Flock Safety
Direction: 110
Zone: traffic
Camera type: fixed</description>
      <Point>
        <coordinates>-95.0467548,32.2406566,0</coordinates>
      </Point>
    </Placemark>
    <Placemark>
      <name>ALPR</name>
      <description>OSM node: https://www.openstreetmap.org/node/14052595902
Manufacturer: Flock Safety
Direction: 92
Zone: traffic
Camera type: fixed</description>
      <Point>
        <coordinates>-95.0101766,29.5106,0</coordinates>
      </Point>
    </Placemark>
    <Placemark>
      <name>ALPR</name>
      <description>OSM node: https://www.openstreetmap.org/node/14052603301
Manufacturer: Flock Safety
Direction: 50
Zone: traffic
Camera type: fixed</description>
      <Point>
        <coordinates>-97.7286706,30.0887034,0</coordinates>
      </Point>
    </Placemark>
    <Placemark>
      <name>ALPR</name>
      <description>OSM node: https://www.openstreetmap.org/node/14052628401
Manufacturer: Flock Safety
Direction: 0
Zone: traffic
Camera type: fixed</description>
      <Point>
        <coordinates>-96.7619564,32.8114499,0</coordinates>
      </Point>
    </Placemark>
    <Placemark>
      <name>ALPR</name>
      <description>OSM node: https://www.openstreetmap.org/node/14053262601
Manufacturer: Flock Safety
Direction: 196
Zone: traffic
Camera type: fixed</description>
      <Point>
        <coordinates>-102.8061462,32.9439734,0</coordinates>
      </Point>
    </Placemark>
    <Placemark>
      <name>ALPR</name>
      <description>OSM node: https://www.openstreetmap.org/node/14053262602
Manufacturer: Flock Safety
Direction: 228
Zone: traffic
Camera type: fixed</description>
      <Point>
        <coordinates>-102.8187927,33.0517579,0</coordinates>
      </Point>
    </Placemark>
    <Placemark>
      <name>ALPR</name>
      <description>OSM node: https://www.openstreetmap.org/node/14053266901
Manufacturer: Flock Safety
Direction: 301
Zone: traffic
Camera type: fixed</description>
      <Point>
        <coordinates>-102.8186801,33.0806891,0</coordinates>
      </Point>
    </Placemark>
    <Placemark>
      <name>ALPR</name>
      <description>OSM node: https://www.openstreetmap.org/node/14053268901
Manufacturer: Flock Safety
Direction: 232
Zone: traffic
Camera type: fixed</description>
      <Point>
        <coordinates>-102.6894672,33.1820662,0</coordinates>
      </Point>
    </Placemark>
    <Placemark>
      <name>ALPR</name>
      <description>OSM node: https://www.openstreetmap.org/node/14053658701
Manufacturer: Flock Safety
Direction: 346
Zone: traffic
Camera type: fixed</description>
      <Point>
        <coordinates>-95.1877367,30.0577361,0</coordinates>
      </Point>
    </Placemark>
    <Placemark>
      <name>ALPR</name>
      <description>OSM node: https://www.openstreetmap.org/node/14053730301
Manufacturer: Flock Safety
Direction: 170
Zone: traffic
Camera type: fixed</description>
      <Point>
        <coordinates>-96.8154848,32.8517298,0</coordinates>
      </Point>
    </Placemark>
    <Placemark>
      <name>ALPR</name>
      <description>OSM node: https://www.openstreetmap.org/node/14053733501
Manufacturer: Flock Safety
Direction: 74
Zone: traffic
Camera type: fixed</description>
      <Point>
        <coordinates>-96.8384556,32.8512493,0</coordinates>
      </Point>
    </Placemark>
    <Placemark>
      <name>ALPR</name>
      <description>OSM node: https://www.openstreetmap.org/node/14053774901
Manufacturer: Flock Safety
Direction: 34
Zone: traffic
Camera type: fixed</description>
      <Point>
        <coordinates>-95.6208001,29.597126,0</coordinates>
      </Point>
    </Placemark>
    <Placemark>
      <name>ALPR</name>
      <description>OSM node: https://www.openstreetmap.org/node/14053798701
Manufacturer: Flock Safety
Direction: 197
Zone: traffic
Camera type: fixed</description>
      <Point>
        <coordinates>-97.1253822,31.4786725,0</coordinates>
      </Point>
    </Placemark>
    <Placemark>
      <name>ALPR</name>
      <description>OSM node: https://www.openstreetmap.org/node/14054162101
Manufacturer: Flock Safety
Direction: 181
Zone: traffic
Camera type: fixed</description>
      <Point>
        <coordinates>-97.4025361,30.8950176,0</coordinates>
      </Point>
    </Placemark>
    <Placemark>
      <name>ALPR</name>
      <description>OSM node: https://www.openstreetmap.org/node/14054245272
Direction: 245
Zone: street</description>
      <Point>
        <coordinates>-97.3656305,30.3597878,0</coordinates>
      </Point>
    </Placemark>
    <Placemark>
      <name>ALPR</name>
      <description>OSM node: https://www.openstreetmap.org/node/14054271101
Manufacturer: Flock Safety
Direction: 49
Zone: traffic
Camera type: fixed</description>
      <Point>
        <coordinates>-95.6963601,30.3217828,0</coordinates>
      </Point>
    </Placemark>
    <Placemark>
      <name>ALPR</name>
      <description>OSM node: https://www.openstreetmap.org/node/14054281826
Direction: 190
Zone: street</description>
      <Point>
        <coordinates>-97.3984774,30.3738774,0</coordinates>
      </Point>
    </Placemark>
    <Placemark>
      <name>ALPR</name>
      <description>OSM node: https://www.openstreetmap.org/node/14054324601
Manufacturer: Flock Safety
Direction: 261
Zone: traffic
Camera type: fixed</description>
      <Point>
        <coordinates>-95.9942548,29.8251019,0</coordinates>
      </Point>
    </Placemark>
    <Placemark>
      <name>ALPR</name>
      <description>OSM node: https://www.openstreetmap.org/node/14054343401
Manufacturer: Flock Safety
Direction: 80
Zone: traffic
Camera type: fixed</description>
      <Point>
        <coordinates>-95.8799051,29.7859333,0</coordinates>
      </Point>
    </Placemark>
    <Placemark>
      <name>ALPR</name>
      <description>OSM node: https://www.openstreetmap.org/node/14054394002
Manufacturer: Flock Safety
Direction: 0
Zone: traffic
Camera type: fixed</description>
      <Point>
        <coordinates>-99.7642456,32.4740234,0</coordinates>
      </Point>
    </Placemark>
    <Placemark>
      <name>ALPR</name>
      <description>OSM node: https://www.openstreetmap.org/node/14054394401
Manufacturer: Flock Safety
Direction: 0
Zone: traffic
Camera type: fixed</description>
      <Point>
        <coordinates>-99.7642309,32.4739637,0</coordinates>
      </Point>
    </Placemark>
    <Placemark>
      <name>ALPR</name>
      <description>OSM node: https://www.openstreetmap.org/node/14054418701
Manufacturer: Flock Safety
Direction: 351
Zone: traffic
Camera type: fixed</description>
      <Point>
        <coordinates>-97.1111206,32.7226354,0</coordinates>
      </Point>
    </Placemark>
    <Placemark>
      <name>ALPR</name>
      <description>OSM node: https://www.openstreetmap.org/node/14054419901
Manufacturer: Flock Safety
Direction: 327
Zone: traffic
Camera type: fixed</description>
      <Point>
        <coordinates>-95.5019567,29.6000029,0</coordinates>
      </Point>
    </Placemark>
    <Placemark>
      <name>ALPR</name>
      <description>OSM node: https://www.openstreetmap.org/node/14054421901
Manufacturer: Flock Safety
Direction: 27
Zone: traffic
Camera type: fixed</description>
      <Point>
        <coordinates>-95.4923781,29.5911112,0</coordinates>
      </Point>
    </Placemark>
    <Placemark>
      <name>ALPR</name>
      <description>OSM node: https://www.openstreetmap.org/node/14054427202
Manufacturer: Flock Safety
Direction: 165
Zone: traffic
Camera type: fixed</description>
      <Point>
        <coordinates>-95.6995128,29.9774794,0</coordinates>
      </Point>
    </Placemark>
    <Placemark>
      <name>ALPR</name>
      <description>OSM node: https://www.openstreetmap.org/node/14054435202
Manufacturer: Flock Safety
Direction: 271
Zone: traffic
Camera type: fixed</description>
      <Point>
        <coordinates>-96.7340749,32.9754397,0</coordinates>
      </Point>
    </Placemark>
    <Placemark>
      <name>ALPR</name>
      <description>OSM node: https://www.openstreetmap.org/node/14054466201
Manufacturer: Flock Safety
Direction: 258
Zone: traffic
Camera type: fixed</description>
      <Point>
        <coordinates>-95.938953,30.0712363,0</coordinates>
      </Point>
    </Placemark>
    <Placemark>
      <name>ALPR</name>
      <description>OSM node: https://www.openstreetmap.org/node/14054540801
Manufacturer: Flock Safety
Direction: 253
Zone: traffic
Camera type: fixed</description>
      <Point>
        <coordinates>-97.0857691,32.7717273,0</coordinates>
      </Point>
    </Placemark>
    <Placemark>
      <name>ALPR</name>
      <description>OSM node: https://www.openstreetmap.org/node/14054577102
Manufacturer: Flock Safety
Direction: 111
Zone: traffic
Camera type: fixed</description>
      <Point>
        <coordinates>-97.6657338,30.6791438,0</coordinates>
      </Point>
    </Placemark>
    <Placemark>
      <name>ALPR</name>
      <description>OSM node: https://www.openstreetmap.org/node/14054697670
Direction: 280
Zone: traffic
Camera type: fixed</description>
      <Point>
        <coordinates>-97.0962144,32.7964878,0</coordinates>
      </Point>
    </Placemark>
    <Placemark>
      <name>ALPR</name>
      <description>OSM node: https://www.openstreetmap.org/node/14054697671
Direction: 100
Zone: traffic
Camera type: fixed</description>
      <Point>
        <coordinates>-97.0961983,32.7964855,0</coordinates>
      </Point>
    </Placemark>
    <Placemark>
      <name>ALPR</name>
      <description>OSM node: https://www.openstreetmap.org/node/14054767401
Manufacturer: Flock Safety
Direction: 280
Zone: traffic
Camera type: fixed</description>
      <Point>
        <coordinates>-95.6059755,31.7581825,0</coordinates>
      </Point>
    </Placemark>
    <Placemark>
      <name>ALPR</name>
      <description>OSM node: https://www.openstreetmap.org/node/14054770677
Direction: 275;260;235
Zone: traffic
Camera type: fixed</description>
      <Point>
        <coordinates>-97.0971513,32.8037137,0</coordinates>
      </Point>
    </Placemark>
    <Placemark>
      <name>ALPR</name>
      <description>OSM node: https://www.openstreetmap.org/node/14054790469
Direction: 90
Zone: traffic
Camera type: fixed</description>
      <Point>
        <coordinates>-97.096209,32.7986793,0</coordinates>
      </Point>
    </Placemark>
    <Placemark>
      <name>ALPR</name>
      <description>OSM node: https://www.openstreetmap.org/node/14054790470
Direction: 270
Zone: traffic
Camera type: fixed</description>
      <Point>
        <coordinates>-97.0818071,32.8113091,0</coordinates>
      </Point>
    </Placemark>
    <Placemark>
      <name>ALPR</name>
      <description>OSM node: https://www.openstreetmap.org/node/14054790471
Direction: 110
Zone: traffic
Camera type: fixed</description>
      <Point>
        <coordinates>-97.0818112,32.8114269,0</coordinates>
      </Point>
    </Placemark>
    <Placemark>
      <name>ALPR</name>
      <description>OSM node: https://www.openstreetmap.org/node/14054790472
Direction: 0;90;180;270;135
Zone: traffic
Camera type: fixed</description>
      <Point>
        <coordinates>-97.0766172,32.8134655,0</coordinates>
      </Point>
    </Placemark>
    <Placemark>
      <name>ALPR</name>
      <description>OSM node: https://www.openstreetmap.org/node/14054812101
Manufacturer: Flock Safety
Direction: 36
Zone: traffic
Camera type: fixed</description>
      <Point>
        <coordinates>-96.7844776,32.7115038,0</coordinates>
      </Point>
    </Placemark>
    <Placemark>
      <name>ALPR</name>
      <description>OSM node: https://www.openstreetmap.org/node/14054812701
Manufacturer: Flock Safety
Direction: 38
Zone: traffic
Camera type: fixed</description>
      <Point>
        <coordinates>-96.7990487,32.7047621,0</coordinates>
      </Point>
    </Placemark>
    <Placemark>
      <name>ALPR</name>
      <description>OSM node: https://www.openstreetmap.org/node/14054902401
Manufacturer: Flock Safety
Direction: 324
Zone: traffic
Camera type: fixed</description>
      <Point>
        <coordinates>-101.8823244,32.0311248,0</coordinates>
      </Point>
    </Placemark>
    <Placemark>
      <name>ALPR</name>
      <description>OSM node: https://www.openstreetmap.org/node/14054921101
Manufacturer: Flock Safety
Direction: 65
Zone: traffic
Camera type: fixed</description>
      <Point>
        <coordinates>-95.5032174,29.6204434,0</coordinates>
      </Point>
    </Placemark>
    <Placemark>
      <name>ALPR</name>
      <description>OSM node: https://www.openstreetmap.org/node/14054940301
Manufacturer: Flock Safety
Direction: 11
Zone: traffic
Camera type: fixed</description>
      <Point>
        <coordinates>-96.9350774,32.5998428,0</coordinates>
      </Point>
    </Placemark>
    <Placemark>
      <name>ALPR</name>
      <description>OSM node: https://www.openstreetmap.org/node/14054965601
Manufacturer: Flock Safety
Direction: 0
Zone: traffic
Camera type: fixed</description>
      <Point>
        <coordinates>-95.7574287,30.2069568,0</coordinates>
      </Point>
    </Placemark>
    <Placemark>
      <name>ALPR</name>
      <description>OSM node: https://www.openstreetmap.org/node/14054966002
Manufacturer: Flock Safety
Direction: 0
Zone: traffic
Camera type: fixed</description>
      <Point>
        <coordinates>-94.0243887,30.9145128,0</coordinates>
      </Point>
    </Placemark>
    <Placemark>
      <name>ALPR</name>
      <description>OSM node: https://www.openstreetmap.org/node/14054979701
Manufacturer: Flock Safety
Direction: 30
Zone: traffic
Camera type: fixed</description>
      <Point>
        <coordinates>-96.3460444,30.6176217,0</coordinates>
      </Point>
    </Placemark>
    <Placemark>
      <name>ALPR</name>
      <description>OSM node: https://www.openstreetmap.org/node/14054984101
Direction: 138
Zone: traffic
Camera type: fixed</description>
      <Point>
        <coordinates>-100.4901558,28.737838,0</coordinates>
      </Point>
    </Placemark>
    <Placemark>
      <name>ALPR</name>
      <description>OSM node: https://www.openstreetmap.org/node/14055000701
Manufacturer: Flock Safety
Direction: 192
Zone: traffic
Camera type: fixed</description>
      <Point>
        <coordinates>-94.9941422,29.7580572,0</coordinates>
      </Point>
    </Placemark>
    <Placemark>
      <name>ALPR</name>
      <description>OSM node: https://www.openstreetmap.org/node/14055047201
Manufacturer: Axis Communications
Direction: 259
Zone: traffic
Camera type: fixed</description>
      <Point>
        <coordinates>-97.79749,30.2154422,0</coordinates>
      </Point>
    </Placemark>
    <Placemark>
      <name>ALPR</name>
      <description>OSM node: https://www.openstreetmap.org/node/14055048101
Manufacturer: Flock Safety
Direction: 126
Zone: traffic
Camera type: fixed</description>
      <Point>
        <coordinates>-97.7379732,30.2646691,0</coordinates>
      </Point>
    </Placemark>
    <Placemark>
      <name>ALPR</name>
      <description>OSM node: https://www.openstreetmap.org/node/14055060501
Manufacturer: Flock Safety
Direction: 346
Zone: traffic
Camera type: fixed</description>
      <Point>
        <coordinates>-95.7294491,29.8461192,0</coordinates>
      </Point>
    </Placemark>
    <Placemark>
      <name>ALPR</name>
      <description>OSM node: https://www.openstreetmap.org/node/14055087801
Manufacturer: Flock Safety
Direction: 0
Zone: traffic
Camera type: fixed</description>
      <Point>
        <coordinates>-97.7688196,30.5609293,0</coordinates>
      </Point>
    </Placemark>
    <Placemark>
      <name>ALPR</name>
      <description>OSM node: https://www.openstreetmap.org/node/14055088501
Manufacturer: Flock Safety
Direction: 0
Zone: traffic
Camera type: fixed</description>
      <Point>
        <coordinates>-97.8074341,30.5323176,0</coordinates>
      </Point>
    </Placemark>
    <Placemark>
      <name>ALPR</name>
      <description>OSM node: https://www.openstreetmap.org/node/14055091802
Manufacturer: Flock Safety
Direction: 259
Zone: traffic
Camera type: fixed</description>
      <Point>
        <coordinates>-96.9565668,33.4868566,0</coordinates>
      </Point>
    </Placemark>
    <Placemark>
      <name>ALPR</name>
      <description>OSM node: https://www.openstreetmap.org/node/14055107101
Manufacturer: Flock Safety
Direction: 208
Zone: traffic
Camera type: fixed</description>
      <Point>
        <coordinates>-97.7936631,32.7422968,0</coordinates>
      </Point>
    </Placemark>
    <Placemark>
      <name>ALPR</name>
      <description>OSM node: https://www.openstreetmap.org/node/14055109101
Manufacturer: Flock Safety
Direction: 33
Zone: traffic
Camera type: fixed</description>
      <Point>
        <coordinates>-97.793983,32.7389192,0</coordinates>
      </Point>
    </Placemark>
    <Placemark>
      <name>ALPR</name>
      <description>OSM node: https://www.openstreetmap.org/node/14055110301
Manufacturer: Flock Safety
Direction: 336
Zone: traffic
Camera type: fixed</description>
      <Point>
        <coordinates>-97.7927165,32.7389111,0</coordinates>
      </Point>
    </Placemark>
    <Placemark>
      <name>ALPR</name>
      <description>OSM node: https://www.openstreetmap.org/node/14055112801
Manufacturer: Flock Safety
Direction: 128
Zone: traffic
Camera type: fixed</description>
      <Point>
        <coordinates>-97.7899936,32.7421085,0</coordinates>
      </Point>
    </Placemark>
    <Placemark>
      <name>ALPR</name>
      <description>OSM node: https://www.openstreetmap.org/node/14055115901
Manufacturer: Flock Safety
Direction: 147
Zone: traffic
Camera type: fixed</description>
      <Point>
        <coordinates>-97.7921802,32.7425398,0</coordinates>
      </Point>
    </Placemark>
    <Placemark>
      <name>ALPR</name>
      <description>OSM node: https://www.openstreetmap.org/node/14055119602
Manufacturer: Flock Safety
Direction: 242
Zone: traffic
Camera type: fixed</description>
      <Point>
        <coordinates>-96.8864599,32.8271752,0</coordinates>
      </Point>
    </Placemark>
    <Placemark>
      <name>ALPR</name>
      <description>OSM node: https://www.openstreetmap.org/node/14055119702
Manufacturer: Flock Safety
Direction: 92
Zone: traffic
Camera type: fixed</description>
      <Point>
        <coordinates>-97.7881802,32.7405582,0</coordinates>
      </Point>
    </Placemark>
    <Placemark>
      <name>ALPR</name>
      <description>OSM node: https://www.openstreetmap.org/node/14055120501
Manufacturer: Flock Safety
Direction: 229
Zone: traffic
Camera type: fixed</description>
      <Point>
        <coordinates>-97.6062568,28.5242741,0</coordinates>
      </Point>
    </Placemark>
    <Placemark>
      <name>ALPR</name>
      <description>OSM node: https://www.openstreetmap.org/node/14055120504
Manufacturer: Flock Safety
Direction: 315
Zone: traffic
Camera type: fixed</description>
      <Point>
        <coordinates>-97.535097,28.0731221,0</coordinates>
      </Point>
    </Placemark>
    <Placemark>
      <name>ALPR</name>
      <description>OSM node: https://www.openstreetmap.org/node/14055120801
Manufacturer: Flock Safety
Direction: 76
Zone: traffic
Camera type: fixed</description>
      <Point>
        <coordinates>-96.7957413,32.8039684,0</coordinates>
      </Point>
    </Placemark>
    <Placemark>
      <name>ALPR</name>
      <description>OSM node: https://www.openstreetmap.org/node/14055120802
Manufacturer: Flock Safety
Direction: 164
Zone: traffic
Camera type: fixed</description>
      <Point>
        <coordinates>-97.7895072,32.739777,0</coordinates>
      </Point>
    </Placemark>
    <Placemark>
      <name>ALPR</name>
      <description>OSM node: https://www.openstreetmap.org/node/14055123001
Manufacturer: Flock Safety
Direction: 47
Zone: traffic
Camera type: fixed</description>
      <Point>
        <coordinates>-96.7898679,32.8024757,0</coordinates>
      </Point>
    </Placemark>
    <Placemark>
      <name>Lowe's ALPR</name>
      <description>OSM node: https://www.openstreetmap.org/node/14055127401
Operator: Lowe's
Manufacturer: Flock Safety
Direction: 334
Zone: traffic
Camera type: fixed</description>
      <Point>
        <coordinates>-96.8280053,32.8298128,0</coordinates>
      </Point>
    </Placemark>
    <Placemark>
      <name>ALPR</name>
      <description>OSM node: https://www.openstreetmap.org/node/14055139201
Manufacturer: Flock Safety
Direction: 74
Zone: traffic
Camera type: fixed</description>
      <Point>
        <coordinates>-96.4124477,32.936218,0</coordinates>
      </Point>
    </Placemark>
    <Placemark>
      <name>ALPR</name>
      <description>OSM node: https://www.openstreetmap.org/node/14055140001
Manufacturer: Flock Safety
Direction: 314;210
Zone: traffic
Camera type: fixed</description>
      <Point>
        <coordinates>-99.4940683,27.5426928,0</coordinates>
      </Point>
    </Placemark>
    <Placemark>
      <name>ALPR</name>
      <description>OSM node: https://www.openstreetmap.org/node/14055144101
Manufacturer: Flock Safety
Direction: 155
Zone: traffic
Camera type: fixed</description>
      <Point>
        <coordinates>-95.3165932,29.6982433,0</coordinates>
      </Point>
    </Placemark>
    <Placemark>
      <name>ALPR</name>
      <description>OSM node: https://www.openstreetmap.org/node/14055170701
Manufacturer: Flock Safety
Direction: 17
Zone: traffic
Camera type: fixed</description>
      <Point>
        <coordinates>-97.380152,31.0783808,0</coordinates>
      </Point>
    </Placemark>
    <Placemark>
      <name>ALPR</name>
      <description>OSM node: https://www.openstreetmap.org/node/14055170702
Manufacturer: Flock Safety
Direction: 21
Zone: traffic
Camera type: fixed</description>
      <Point>
        <coordinates>-97.3785099,31.0779725,0</coordinates>
      </Point>
    </Placemark>
    <Placemark>
      <name>ALPR</name>
      <description>OSM node: https://www.openstreetmap.org/node/14055181301
Manufacturer: Flock Safety
Direction: 334
Zone: traffic
Camera type: fixed</description>
      <Point>
        <coordinates>-97.693582,30.5379202,0</coordinates>
      </Point>
    </Placemark>
    <Placemark>
      <name>Lowe's ALPR</name>
      <description>OSM node: https://www.openstreetmap.org/node/14055203401
Operator: Lowe's
Manufacturer: Flock Safety
Direction: 0
Zone: traffic
Camera type: fixed</description>
      <Point>
        <coordinates>-98.6673995,29.5461054,0</coordinates>
      </Point>
    </Placemark>
    <Placemark>
      <name>ALPR</name>
      <description>OSM node: https://www.openstreetmap.org/node/14055355401
Manufacturer: Flock Safety
Direction: 0
Zone: traffic
Camera type: fixed</description>
      <Point>
        <coordinates>-95.5886245,29.7058362,0</coordinates>
      </Point>
    </Placemark>
    <Placemark>
      <name>ALPR</name>
      <description>OSM node: https://www.openstreetmap.org/node/14055357401
Manufacturer: Flock Safety
Direction: 18
Zone: traffic
Camera type: fixed</description>
      <Point>
        <coordinates>-95.5886572,29.705995,0</coordinates>
      </Point>
    </Placemark>
    <Placemark>
      <name>ALPR</name>
      <description>OSM node: https://www.openstreetmap.org/node/14055445175
Manufacturer: Flock Safety
Direction: 30
Zone: traffic
Camera type: fixed</description>
      <Point>
        <coordinates>-95.244756,29.5771592,0</coordinates>
      </Point>
    </Placemark>
    <Placemark>
      <name>ALPR</name>
      <description>OSM node: https://www.openstreetmap.org/node/14055445176
Manufacturer: Flock Safety
Direction: 210
Zone: traffic
Camera type: fixed</description>
      <Point>
        <coordinates>-95.2448548,29.5772646,0</coordinates>
      </Point>
    </Placemark>
    <Placemark>
      <name>ALPR</name>
      <description>OSM node: https://www.openstreetmap.org/node/14055493415
Manufacturer: Flock Safety
Direction: 165
Zone: traffic
Camera type: fixed</description>
      <Point>
        <coordinates>-95.439144,29.7410151,0</coordinates>
      </Point>
    </Placemark>
    <Placemark>
      <name>ALPR</name>
      <description>OSM node: https://www.openstreetmap.org/node/14055493416
Manufacturer: Flock Safety
Direction: 165
Zone: traffic
Camera type: fixed</description>
      <Point>
        <coordinates>-95.4399716,29.7408682,0</coordinates>
      </Point>
    </Placemark>
    <Placemark>
      <name>ALPR</name>
      <description>OSM node: https://www.openstreetmap.org/node/14055523401
Manufacturer: Flock Safety
Direction: 181
Zone: traffic
Camera type: fixed</description>
      <Point>
        <coordinates>-95.4550278,30.0577659,0</coordinates>
      </Point>
    </Placemark>
    <Placemark>
      <name>ALPR</name>
      <description>OSM node: https://www.openstreetmap.org/node/14055574801
Manufacturer: Flock Safety
Direction: 29
Zone: traffic
Camera type: fixed</description>
      <Point>
        <coordinates>-100.6095961,35.2339046,0</coordinates>
      </Point>
    </Placemark>
    <Placemark>
      <name>ALPR</name>
      <description>OSM node: https://www.openstreetmap.org/node/14056008201
Manufacturer: Flock Safety
Direction: 47
Zone: traffic
Camera type: fixed</description>
      <Point>
        <coordinates>-95.1653483,29.8080562,0</coordinates>
      </Point>
    </Placemark>
    <Placemark>
      <name>ALPR</name>
      <description>OSM node: https://www.openstreetmap.org/node/14056008202
Manufacturer: Flock Safety
Direction: 45
Zone: traffic
Camera type: fixed</description>
      <Point>
        <coordinates>-95.166867,29.8077638,0</coordinates>
      </Point>
    </Placemark>
    <Placemark>
      <name>ALPR</name>
      <description>OSM node: https://www.openstreetmap.org/node/14056193901
Manufacturer: Flock Safety
Direction: 253
Zone: traffic
Camera type: fixed</description>
      <Point>
        <coordinates>-99.7187111,33.9841691,0</coordinates>
      </Point>
    </Placemark>
    <Placemark>
      <name>ALPR</name>
      <description>OSM node: https://www.openstreetmap.org/node/14056213101
Manufacturer: Flock Safety
Direction: 253
Zone: traffic
Camera type: fixed</description>
      <Point>
        <coordinates>-96.9805275,30.9189917,0</coordinates>
      </Point>
    </Placemark>
    <Placemark>
      <name>ALPR</name>
      <description>OSM node: https://www.openstreetmap.org/node/14056214201
Manufacturer: Flock Safety
Direction: 28
Zone: traffic
Camera type: fixed</description>
      <Point>
        <coordinates>-97.4113415,32.8021628,0</coordinates>
      </Point>
    </Placemark>
    <Placemark>
      <name>ALPR</name>
      <description>OSM node: https://www.openstreetmap.org/node/14056240301
Manufacturer: Flock Safety
Direction: 336
Zone: traffic
Camera type: fixed</description>
      <Point>
        <coordinates>-95.0877932,29.6802969,0</coordinates>
      </Point>
    </Placemark>
    <Placemark>
      <name>ALPR</name>
      <description>OSM node: https://www.openstreetmap.org/node/14056321001
Manufacturer: Flock Safety
Direction: 140
Zone: traffic
Camera type: fixed</description>
      <Point>
        <coordinates>-95.5468244,29.6151167,0</coordinates>
      </Point>
    </Placemark>
    <Placemark>
      <name>ALPR</name>
      <description>OSM node: https://www.openstreetmap.org/node/14056341301
Manufacturer: Flock Safety
Direction: 2
Zone: traffic
Camera type: fixed</description>
      <Point>
        <coordinates>-95.5847688,29.5771991,0</coordinates>
      </Point>
    </Placemark>
    <Placemark>
      <name>ALPR</name>
      <description>OSM node: https://www.openstreetmap.org/node/14056420804
Manufacturer: Flock Safety
Direction: 95
Zone: traffic
Camera type: fixed</description>
      <Point>
        <coordinates>-97.3964127,27.6640108,0</coordinates>
      </Point>
    </Placemark>
    <Placemark>
      <name>ALPR</name>
      <description>OSM node: https://www.openstreetmap.org/node/14056421401
Manufacturer: Flock Safety
Direction: 202
Zone: traffic
Camera type: fixed</description>
      <Point>
        <coordinates>-97.6870269,30.4920356,0</coordinates>
      </Point>
    </Placemark>
    <Placemark>
      <name>ALPR</name>
      <description>OSM node: https://www.openstreetmap.org/node/14056434101
Manufacturer: Flock Safety
Direction: 199
Zone: traffic
Camera type: fixed</description>
      <Point>
        <coordinates>-97.3845748,27.6606274,0</coordinates>
      </Point>
    </Placemark>
    <Placemark>
      <name>ALPR</name>
      <description>OSM node: https://www.openstreetmap.org/node/14056440501
Manufacturer: Flock Safety
Direction: 211
Zone: traffic
Camera type: fixed</description>
      <Point>
        <coordinates>-102.3621227,31.9795873,0</coordinates>
      </Point>
    </Placemark>
    <Placemark>
      <name>ALPR</name>
      <description>OSM node: https://www.openstreetmap.org/node/14056469601
Manufacturer: Flock Safety
Direction: 57;306
Zone: traffic
Camera type: fixed</description>
      <Point>
        <coordinates>-101.9830333,35.1889223,0</coordinates>
      </Point>
    </Placemark>
    <Placemark>
      <name>ALPR</name>
      <description>OSM node: https://www.openstreetmap.org/node/14056511501
Manufacturer: Genetec
Direction: 115;273
Zone: traffic
Camera type: fixed</description>
      <Point>
        <coordinates>-96.3030104,33.0098596,0</coordinates>
      </Point>
    </Placemark>
    <Placemark>
      <name>ALPR</name>
      <description>OSM node: https://www.openstreetmap.org/node/14056537002
Manufacturer: Flock Safety
Direction: 20;164
Zone: traffic
Camera type: fixed</description>
      <Point>
        <coordinates>-96.8191575,32.8520338,0</coordinates>
      </Point>
    </Placemark>
    <Placemark>
      <name>ALPR</name>
      <description>OSM node: https://www.openstreetmap.org/node/14056555801
Manufacturer: Flock Safety
Direction: 165
Zone: traffic
Camera type: fixed</description>
      <Point>
        <coordinates>-94.1888648,32.3616044,0</coordinates>
      </Point>
    </Placemark>
    <Placemark>
      <name>ALPR</name>
      <description>OSM node: https://www.openstreetmap.org/node/14056595301
Manufacturer: Flock Safety
Direction: 275
Zone: traffic
Camera type: fixed</description>
      <Point>
        <coordinates>-98.9548226,33.4579706,0</coordinates>
      </Point>
    </Placemark>
    <Placemark>
      <name>ALPR</name>
      <description>OSM node: https://www.openstreetmap.org/node/14056605301
Manufacturer: Flock Safety
Direction: 261
Zone: traffic
Camera type: fixed</description>
      <Point>
        <coordinates>-95.557941,29.71182,0</coordinates>
      </Point>
    </Placemark>
    <Placemark>
      <name>ALPR</name>
      <description>OSM node: https://www.openstreetmap.org/node/14056609601
Manufacturer: Flock Safety
Direction: 128
Zone: traffic
Camera type: fixed</description>
      <Point>
        <coordinates>-99.1623911,33.8334187,0</coordinates>
      </Point>
    </Placemark>
    <Placemark>
      <name>ALPR</name>
      <description>OSM node: https://www.openstreetmap.org/node/14056623801
Manufacturer: Genetec
Direction: 97
Zone: traffic
Camera type: fixed</description>
      <Point>
        <coordinates>-100.2803884,34.4545001,0</coordinates>
      </Point>
    </Placemark>
    <Placemark>
      <name>ALPR</name>
      <description>OSM node: https://www.openstreetmap.org/node/14056654101
Manufacturer: Flock Safety
Direction: 247
Zone: traffic
Camera type: fixed</description>
      <Point>
        <coordinates>-98.4369243,29.7997833,0</coordinates>
      </Point>
    </Placemark>
    <Placemark>
      <name>ALPR</name>
      <description>OSM node: https://www.openstreetmap.org/node/14056677102
Manufacturer: Flock Safety
Direction: 169
Zone: traffic
Camera type: fixed</description>
      <Point>
        <coordinates>-94.4453785,32.3900227,0</coordinates>
      </Point>
    </Placemark>
    <Placemark>
      <name>ALPR</name>
      <description>OSM node: https://www.openstreetmap.org/node/14056689801
Manufacturer: Flock Safety
Direction: 178
Zone: traffic
Camera type: fixed</description>
      <Point>
        <coordinates>-97.3071795,27.8995865,0</coordinates>
      </Point>
    </Placemark>
    <Placemark>
      <name>ALPR</name>
      <description>OSM node: https://www.openstreetmap.org/node/14056735201
Manufacturer: Flock Safety
Direction: 284
Zone: traffic
Camera type: fixed</description>
      <Point>
        <coordinates>-102.5410412,36.0786299,0</coordinates>
      </Point>
    </Placemark>
    <Placemark>
      <name>ALPR</name>
      <description>OSM node: https://www.openstreetmap.org/node/14056811603
Manufacturer: Flock Safety
Direction: 196
Zone: traffic
Camera type: fixed</description>
      <Point>
        <coordinates>-95.6108063,31.7818055,0</coordinates>
      </Point>
    </Placemark>
    <Placemark>
      <name>The Home Depot ALPR</name>
      <description>OSM node: https://www.openstreetmap.org/node/14056846102
Operator: The Home Depot
Manufacturer: Flock Safety
Direction: 279
Zone: traffic
Camera type: fixed</description>
      <Point>
        <coordinates>-95.6067032,29.9196655,0</coordinates>
      </Point>
    </Placemark>
    <Placemark>
      <name>ALPR</name>
      <description>OSM node: https://www.openstreetmap.org/node/14056852001
Manufacturer: Flock Safety
Direction: 353
Zone: traffic
Camera type: fixed</description>
      <Point>
        <coordinates>-101.8729852,35.1914361,0</coordinates>
      </Point>
    </Placemark>
    <Placemark>
      <name>ALPR</name>
      <description>OSM node: https://www.openstreetmap.org/node/14056858001
Manufacturer: Flock Safety
Direction: 258
Zone: traffic
Camera type: fixed</description>
      <Point>
        <coordinates>-100.6709584,33.6176018,0</coordinates>
      </Point>
    </Placemark>
    <Placemark>
      <name>ALPR</name>
      <description>OSM node: https://www.openstreetmap.org/node/14056863501
Manufacturer: Flock Safety
Direction: 326
Zone: traffic
Camera type: fixed</description>
      <Point>
        <coordinates>-98.5106455,29.6624079,0</coordinates>
      </Point>
    </Placemark>
    <Placemark>
      <name>ALPR</name>
      <description>OSM node: https://www.openstreetmap.org/node/14056866201
Manufacturer: Flock Safety
Direction: 21
Zone: traffic
Camera type: fixed</description>
      <Point>
        <coordinates>-98.5105668,29.6624139,0</coordinates>
      </Point>
    </Placemark>
    <Placemark>
      <name>ALPR</name>
      <description>OSM node: https://www.openstreetmap.org/node/14056867701
Manufacturer: Flock Safety
Direction: 154
Zone: traffic
Camera type: fixed</description>
      <Point>
        <coordinates>-98.5105498,29.662345,0</coordinates>
      </Point>
    </Placemark>
    <Placemark>
      <name>ALPR</name>
      <description>OSM node: https://www.openstreetmap.org/node/14056868201
Manufacturer: Flock Safety
Direction: 206
Zone: traffic
Camera type: fixed</description>
      <Point>
        <coordinates>-98.5106285,29.6623356,0</coordinates>
      </Point>
    </Placemark>
    <Placemark>
      <name>ALPR</name>
      <description>OSM node: https://www.openstreetmap.org/node/14056868301
Manufacturer: Flock Safety
Direction: 14
Zone: traffic
Camera type: fixed</description>
      <Point>
        <coordinates>-98.5069383,29.6626369,0</coordinates>
      </Point>
    </Placemark>
    <Placemark>
      <name>ALPR</name>
      <description>OSM node: https://www.openstreetmap.org/node/14056868501
Manufacturer: Flock Safety
Direction: 326
Zone: traffic
Camera type: fixed</description>
      <Point>
        <coordinates>-98.5070098,29.6626245,0</coordinates>
      </Point>
    </Placemark>
    <Placemark>
      <name>ALPR</name>
      <description>OSM node: https://www.openstreetmap.org/node/14056869201
Manufacturer: Flock Safety
Direction: 139
Zone: traffic
Camera type: fixed</description>
      <Point>
        <coordinates>-98.506932,29.6625724,0</coordinates>
      </Point>
    </Placemark>
    <Placemark>
      <name>ALPR</name>
      <description>OSM node: https://www.openstreetmap.org/node/14056869701
Manufacturer: Flock Safety
Direction: 216
Zone: traffic
Camera type: fixed</description>
      <Point>
        <coordinates>-98.5069973,29.6625701,0</coordinates>
      </Point>
    </Placemark>
    <Placemark>
      <name>ALPR</name>
      <description>OSM node: https://www.openstreetmap.org/node/14056892701
Manufacturer: Flock Safety
Direction: 236
Zone: traffic
Camera type: fixed</description>
      <Point>
        <coordinates>-96.2807467,32.7234975,0</coordinates>
      </Point>
    </Placemark>
    <Placemark>
      <name>ALPR</name>
      <description>OSM node: https://www.openstreetmap.org/node/14056897101
Manufacturer: Flock Safety
Direction: 60
Zone: traffic
Camera type: fixed</description>
      <Point>
        <coordinates>-96.2807669,32.7233917,0</coordinates>
      </Point>
    </Placemark>
    <Placemark>
      <name>ALPR</name>
      <description>OSM node: https://www.openstreetmap.org/node/14056900301
Manufacturer: Flock Safety
Direction: 332
Zone: traffic
Camera type: fixed</description>
      <Point>
        <coordinates>-96.2784255,32.7230197,0</coordinates>
      </Point>
    </Placemark>
    <Placemark>
      <name>ALPR</name>
      <description>OSM node: https://www.openstreetmap.org/node/14056912501
Manufacturer: Flock Safety
Direction: 233
Zone: traffic
Camera type: fixed</description>
      <Point>
        <coordinates>-94.8087727,29.8446522,0</coordinates>
      </Point>
    </Placemark>
    <Placemark>
      <name>ALPR</name>
      <description>OSM node: https://www.openstreetmap.org/node/14056915901
Manufacturer: Flock Safety
Direction: 242
Zone: traffic
Camera type: fixed</description>
      <Point>
        <coordinates>-97.0623935,32.7790904,0</coordinates>
      </Point>
    </Placemark>
    <Placemark>
      <name>ALPR</name>
      <description>OSM node: https://www.openstreetmap.org/node/14056933901
Manufacturer: Flock Safety
Direction: 199
Zone: traffic
Camera type: fixed</description>
      <Point>
        <coordinates>-96.3404409,32.7117045,0</coordinates>
      </Point>
    </Placemark>
    <Placemark>
      <name>ALPR</name>
      <description>OSM node: https://www.openstreetmap.org/node/14056958701
Manufacturer: Flock Safety
Direction: 227
Zone: traffic
Camera type: fixed</description>
      <Point>
        <coordinates>-97.4173964,25.8624567,0</coordinates>
      </Point>
    </Placemark>
    <Placemark>
      <name>ALPR</name>
      <description>OSM node: https://www.openstreetmap.org/node/14056985101
Manufacturer: Flock Safety
Direction: 269
Zone: traffic
Camera type: fixed</description>
      <Point>
        <coordinates>-97.3849187,27.654286,0</coordinates>
      </Point>
    </Placemark>
    <Placemark>
      <name>ALPR</name>
      <description>OSM node: https://www.openstreetmap.org/node/14057001001
Manufacturer: Flock Safety
Direction: 113
Zone: traffic
Camera type: fixed</description>
      <Point>
        <coordinates>-93.7867563,30.1414709,0</coordinates>
      </Point>
    </Placemark>
    <Placemark>
      <name>ALPR</name>
      <description>OSM node: https://www.openstreetmap.org/node/14057033501
Manufacturer: Flock Safety
Direction: 277
Zone: traffic
Camera type: fixed</description>
      <Point>
        <coordinates>-96.8216328,32.8512857,0</coordinates>
      </Point>
    </Placemark>
    <Placemark>
      <name>ALPR</name>
      <description>OSM node: https://www.openstreetmap.org/node/14057035901
Manufacturer: Flock Safety
Direction: 148
Zone: traffic
Camera type: fixed</description>
      <Point>
        <coordinates>-98.0650248,27.7772796,0</coordinates>
      </Point>
    </Placemark>
    <Placemark>
      <name>ALPR</name>
      <description>OSM node: https://www.openstreetmap.org/node/14057038002
Manufacturer: Flock Safety
Direction: 61
Zone: traffic
Camera type: fixed</description>
      <Point>
        <coordinates>-97.9098959,27.7815864,0</coordinates>
      </Point>
    </Placemark>
    <Placemark>
      <name>ALPR</name>
      <description>OSM node: https://www.openstreetmap.org/node/14057041901
Manufacturer: Flock Safety
Direction: 343
Zone: traffic
Camera type: fixed</description>
      <Point>
        <coordinates>-97.6802366,27.8002895,0</coordinates>
      </Point>
    </Placemark>
    <Placemark>
      <name>ALPR</name>
      <description>OSM node: https://www.openstreetmap.org/node/14057043502
Manufacturer: Motorola Solutions
Direction: 77
Zone: traffic
Camera type: fixed</description>
      <Point>
        <coordinates>-98.0359524,27.7709903,0</coordinates>
      </Point>
    </Placemark>
    <Placemark>
      <name>ALPR</name>
      <description>OSM node: https://www.openstreetmap.org/node/14057043901
Manufacturer: Flock Safety
Direction: 112
Zone: traffic
Camera type: fixed</description>
      <Point>
        <coordinates>-97.6826787,27.7993046,0</coordinates>
      </Point>
    </Placemark>
    <Placemark>
      <name>ALPR</name>
      <description>OSM node: https://www.openstreetmap.org/node/14057046301
Manufacturer: Flock Safety
Direction: 331
Zone: traffic
Camera type: fixed</description>
      <Point>
        <coordinates>-98.0178457,27.7850291,0</coordinates>
      </Point>
    </Placemark>
    <Placemark>
      <name>ALPR</name>
      <description>OSM node: https://www.openstreetmap.org/node/14057052401
Manufacturer: Motorola Solutions
Direction: 34
Zone: traffic
Camera type: fixed</description>
      <Point>
        <coordinates>-98.0359837,27.771071,0</coordinates>
      </Point>
    </Placemark>
    <Placemark>
      <name>ALPR</name>
      <description>OSM node: https://www.openstreetmap.org/node/14057058201
Manufacturer: Flock Safety
Direction: 254
Zone: traffic
Camera type: fixed</description>
      <Point>
        <coordinates>-95.2049878,29.9342067,0</coordinates>
      </Point>
    </Placemark>
    <Placemark>
      <name>ALPR</name>
      <description>OSM node: https://www.openstreetmap.org/node/14057077501
Manufacturer: Flock Safety
Direction: 42
Zone: traffic
Camera type: fixed</description>
      <Point>
        <coordinates>-95.1938157,29.922691,0</coordinates>
      </Point>
    </Placemark>
    <Placemark>
      <name>ALPR</name>
      <description>OSM node: https://www.openstreetmap.org/node/14057114601
Manufacturer: Flock Safety
Direction: 206
Zone: traffic
Camera type: fixed</description>
      <Point>
        <coordinates>-97.4069245,32.7670258,0</coordinates>
      </Point>
    </Placemark>
    <Placemark>
      <name>ALPR</name>
      <description>OSM node: https://www.openstreetmap.org/node/14057181002
Manufacturer: Flock Safety
Direction: 309
Zone: traffic
Camera type: fixed</description>
      <Point>
        <coordinates>-94.340803,32.1975181,0</coordinates>
      </Point>
    </Placemark>
    <Placemark>
      <name>ALPR</name>
      <description>OSM node: https://www.openstreetmap.org/node/14057188804
Manufacturer: Flock Safety
Direction: 0
Zone: traffic
Camera type: fixed</description>
      <Point>
        <coordinates>-97.4345027,32.7062279,0</coordinates>
      </Point>
    </Placemark>
    <Placemark>
      <name>ALPR</name>
      <description>OSM node: https://www.openstreetmap.org/node/14057188805
Manufacturer: Flock Safety
Direction: 0
Zone: traffic
Camera type: fixed</description>
      <Point>
        <coordinates>-97.4345308,32.7062657,0</coordinates>
      </Point>
    </Placemark>
    <Placemark>
      <name>ALPR</name>
      <description>OSM node: https://www.openstreetmap.org/node/14057272401
Manufacturer: Flock Safety
Direction: 245
Zone: traffic
Camera type: fixed</description>
      <Point>
        <coordinates>-95.1418314,29.6818189,0</coordinates>
      </Point>
    </Placemark>
    <Placemark>
      <name>ALPR</name>
      <description>OSM node: https://www.openstreetmap.org/node/14057280801
Manufacturer: Flock Safety
Direction: 263
Zone: traffic
Camera type: fixed</description>
      <Point>
        <coordinates>-99.7187552,33.9902564,0</coordinates>
      </Point>
    </Placemark>
    <Placemark>
      <name>ALPR</name>
      <description>OSM node: https://www.openstreetmap.org/node/14057297201
Manufacturer: Flock Safety
Direction: 261
Zone: traffic
Camera type: fixed</description>
      <Point>
        <coordinates>-100.6180304,30.8551399,0</coordinates>
      </Point>
    </Placemark>
    <Placemark>
      <name>ALPR</name>
      <description>OSM node: https://www.openstreetmap.org/node/14057326601
Manufacturer: Flock Safety
Direction: 160
Zone: traffic
Camera type: fixed</description>
      <Point>
        <coordinates>-96.9765452,32.8507422,0</coordinates>
      </Point>
    </Placemark>
    <Placemark>
      <name>ALPR</name>
      <description>OSM node: https://www.openstreetmap.org/node/14057333901
Manufacturer: Flock Safety
Direction: 4
Zone: traffic
Camera type: fixed</description>
      <Point>
        <coordinates>-95.6027952,31.7898941,0</coordinates>
      </Point>
    </Placemark>
    <Placemark>
      <name>ALPR</name>
      <description>OSM node: https://www.openstreetmap.org/node/14057374501
Manufacturer: Flock Safety
Direction: 162
Zone: traffic
Camera type: fixed</description>
      <Point>
        <coordinates>-96.9920994,32.8606043,0</coordinates>
      </Point>
    </Placemark>
    <Placemark>
      <name>ALPR</name>
      <description>OSM node: https://www.openstreetmap.org/node/14057391901
Manufacturer: Flock Safety
Direction: 133
Zone: traffic
Camera type: fixed</description>
      <Point>
        <coordinates>-97.7299116,32.2513744,0</coordinates>
      </Point>
    </Placemark>
    <Placemark>
      <name>ALPR</name>
      <description>OSM node: https://www.openstreetmap.org/node/14057420201
Manufacturer: Flock Safety
Direction: 0
Zone: traffic
Camera type: fixed</description>
      <Point>
        <coordinates>-96.7939681,32.7695982,0</coordinates>
      </Point>
    </Placemark>
    <Placemark>
      <name>ALPR</name>
      <description>OSM node: https://www.openstreetmap.org/node/14057471501
Manufacturer: Flock Safety
Direction: 107
Zone: traffic
Camera type: fixed</description>
      <Point>
        <coordinates>-96.4055171,33.6356954,0</coordinates>
      </Point>
    </Placemark>
    <Placemark>
      <name>ALPR</name>
      <description>OSM node: https://www.openstreetmap.org/node/14057471801
Manufacturer: Flock Safety
Direction: 358
Zone: traffic
Camera type: fixed</description>
      <Point>
        <coordinates>-96.6827484,32.967763,0</coordinates>
      </Point>
    </Placemark>
    <Placemark>
      <name>ALPR</name>
      <description>OSM node: https://www.openstreetmap.org/node/14057472101
Manufacturer: Flock Safety
Direction: 0
Zone: traffic
Camera type: fixed</description>
      <Point>
        <coordinates>-96.6825615,32.9637908,0</coordinates>
      </Point>
    </Placemark>
    <Placemark>
      <name>ALPR</name>
      <description>OSM node: https://www.openstreetmap.org/node/14057473701
Manufacturer: Flock Safety
Direction: 42
Zone: traffic
Camera type: fixed</description>
      <Point>
        <coordinates>-96.9092594,33.2433163,0</coordinates>
      </Point>
    </Placemark>
    <Placemark>
      <name>ALPR</name>
      <description>OSM node: https://www.openstreetmap.org/node/14057473702
Manufacturer: Flock Safety
Direction: 74
Zone: traffic
Camera type: fixed</description>
      <Point>
        <coordinates>-96.9097646,33.2431839,0</coordinates>
      </Point>
    </Placemark>
    <Placemark>
      <name>ALPR</name>
      <description>OSM node: https://www.openstreetmap.org/node/14057478101
Manufacturer: Flock Safety
Direction: 0
Zone: traffic
Camera type: fixed</description>
      <Point>
        <coordinates>-97.7492522,32.1523715,0</coordinates>
      </Point>
    </Placemark>
    <Placemark>
      <name>ALPR</name>
      <description>OSM node: https://www.openstreetmap.org/node/14057489401
Manufacturer: Flock Safety
Direction: 93
Zone: traffic
Camera type: fixed</description>
      <Point>
        <coordinates>-96.7066348,32.9754401,0</coordinates>
      </Point>
    </Placemark>
    <Placemark>
      <name>ALPR</name>
      <description>OSM node: https://www.openstreetmap.org/node/14057492801
Manufacturer: Flock Safety
Direction: 194
Zone: traffic
Camera type: fixed</description>
      <Point>
        <coordinates>-96.6997334,32.9680337,0</coordinates>
      </Point>
    </Placemark>
    <Placemark>
      <name>ALPR</name>
      <description>OSM node: https://www.openstreetmap.org/node/14057493101
Manufacturer: Flock Safety
Direction: 72
Zone: traffic
Camera type: fixed</description>
      <Point>
        <coordinates>-98.5605624,29.8270917,0</coordinates>
      </Point>
    </Placemark>
    <Placemark>
      <name>ALPR</name>
      <description>OSM node: https://www.openstreetmap.org/node/14057579501
Manufacturer: Flock Safety
Direction: 5
Zone: traffic
Camera type: fixed</description>
      <Point>
        <coordinates>-93.9484263,29.9146107,0</coordinates>
      </Point>
    </Placemark>
    <Placemark>
      <name>ALPR</name>
      <description>OSM node: https://www.openstreetmap.org/node/14057720602
Manufacturer: Flock Safety
Direction: 0
Zone: traffic
Camera type: fixed</description>
      <Point>
        <coordinates>-96.743796,33.0409768,0</coordinates>
      </Point>
    </Placemark>
    <Placemark>
      <name>ALPR</name>
      <description>OSM node: https://www.openstreetmap.org/node/14057720802
Manufacturer: Flock Safety
Direction: 174
Zone: traffic
Camera type: fixed</description>
      <Point>
        <coordinates>-96.7438116,33.0411578,0</coordinates>
      </Point>
    </Placemark>
    <Placemark>
      <name>ALPR</name>
      <description>OSM node: https://www.openstreetmap.org/node/14057721601
Manufacturer: Flock Safety
Direction: 99
Zone: traffic
Camera type: fixed</description>
      <Point>
        <coordinates>-96.74391,33.0411406,0</coordinates>
      </Point>
    </Placemark>
    <Placemark>
      <name>ALPR</name>
      <description>OSM node: https://www.openstreetmap.org/node/14058308001
Manufacturer: Flock Safety
Direction: 140
Zone: traffic
Camera type: fixed</description>
      <Point>
        <coordinates>-98.5270205,29.5462226,0</coordinates>
      </Point>
    </Placemark>
    <Placemark>
      <name>ALPR</name>
      <description>OSM node: https://www.openstreetmap.org/node/14058309201
Manufacturer: Flock Safety
Direction: 356
Zone: traffic
Camera type: fixed</description>
      <Point>
        <coordinates>-98.5270868,29.5461829,0</coordinates>
      </Point>
    </Placemark>
    <Placemark>
      <name>ALPR</name>
      <description>OSM node: https://www.openstreetmap.org/node/14058548701
Manufacturer: Flock Safety
Direction: 149
Zone: traffic
Camera type: fixed</description>
      <Point>
        <coordinates>-96.7746436,32.9878126,0</coordinates>
      </Point>
    </Placemark>
    <Placemark>
      <name>ALPR</name>
      <description>OSM node: https://www.openstreetmap.org/node/14058549501
Manufacturer: Flock Safety
Direction: 150
Zone: traffic
Camera type: fixed</description>
      <Point>
        <coordinates>-96.7735183,32.987697,0</coordinates>
      </Point>
    </Placemark>
    <Placemark>
      <name>ALPR</name>
      <description>OSM node: https://www.openstreetmap.org/node/14058803001
Manufacturer: Flock Safety
Direction: 151
Zone: traffic
Camera type: fixed</description>
      <Point>
        <coordinates>-100.8065672,35.440081,0</coordinates>
      </Point>
    </Placemark>
    <Placemark>
      <name>ALPR</name>
      <description>OSM node: https://www.openstreetmap.org/node/14058936002
Manufacturer: Flock Safety
Direction: 203
Zone: traffic
Camera type: fixed</description>
      <Point>
        <coordinates>-96.6825862,32.9605115,0</coordinates>
      </Point>
    </Placemark>
    <Placemark>
      <name>ALPR</name>
      <description>OSM node: https://www.openstreetmap.org/node/14058960101
Manufacturer: Flock Safety
Direction: 213
Zone: traffic
Camera type: fixed</description>
      <Point>
        <coordinates>-96.6554676,32.9645572,0</coordinates>
      </Point>
    </Placemark>
    <Placemark>
      <name>ALPR</name>
      <description>OSM node: https://www.openstreetmap.org/node/14059310601
Manufacturer: Flock Safety
Direction: 194
Zone: traffic
Camera type: fixed</description>
      <Point>
        <coordinates>-96.6821481,32.985285,0</coordinates>
      </Point>
    </Placemark>
    <Placemark>
      <name>ALPR</name>
      <description>OSM node: https://www.openstreetmap.org/node/14059318086
Direction: 250;280
Zone: traffic
Camera type: fixed</description>
      <Point>
        <coordinates>-97.0961804,32.7892741,0</coordinates>
      </Point>
    </Placemark>
    <Placemark>
      <name>ALPR</name>
      <description>OSM node: https://www.openstreetmap.org/node/14059318087
Direction: 265
Zone: traffic
Camera type: fixed</description>
      <Point>
        <coordinates>-97.0967035,32.792238,0</coordinates>
      </Point>
    </Placemark>
    <Placemark>
      <name>ALPR</name>
      <description>OSM node: https://www.openstreetmap.org/node/14059754001
Manufacturer: Flock Safety
Direction: 282
Zone: traffic
Camera type: fixed</description>
      <Point>
        <coordinates>-96.6995916,32.9605408,0</coordinates>
      </Point>
    </Placemark>
    <Placemark>
      <name>ALPR</name>
      <description>OSM node: https://www.openstreetmap.org/node/14059755101
Manufacturer: Flock Safety
Direction: 90
Zone: traffic
Camera type: fixed</description>
      <Point>
        <coordinates>-96.7053334,32.9607102,0</coordinates>
      </Point>
    </Placemark>
    <Placemark>
      <name>ALPR</name>
      <description>OSM node: https://www.openstreetmap.org/node/14059759101
Manufacturer: Flock Safety
Direction: 246
Zone: traffic
Camera type: fixed</description>
      <Point>
        <coordinates>-96.7062285,32.9678848,0</coordinates>
      </Point>
    </Placemark>
    <Placemark>
      <name>ALPR</name>
      <description>OSM node: https://www.openstreetmap.org/node/14059759601
Manufacturer: Flock Safety
Direction: 101
Zone: traffic
Camera type: fixed</description>
      <Point>
        <coordinates>-96.6849762,32.4331843,0</coordinates>
      </Point>
    </Placemark>
    <Placemark>
      <name>ALPR</name>
      <description>OSM node: https://www.openstreetmap.org/node/14059762902
Manufacturer: Flock Safety
Direction: 111
Zone: traffic
Camera type: fixed</description>
      <Point>
        <coordinates>-96.7131903,32.9976864,0</coordinates>
      </Point>
    </Placemark>
    <Placemark>
      <name>ALPR</name>
      <description>OSM node: https://www.openstreetmap.org/node/14059779801
Manufacturer: Flock Safety
Direction: 183
Zone: traffic
Camera type: fixed</description>
      <Point>
        <coordinates>-96.7086611,32.9974526,0</coordinates>
      </Point>
    </Placemark>
    <Placemark>
      <name>ALPR</name>
      <description>OSM node: https://www.openstreetmap.org/node/14059781001
Manufacturer: Flock Safety
Direction: 103
Zone: traffic
Camera type: fixed</description>
      <Point>
        <coordinates>-96.7096907,32.997402,0</coordinates>
      </Point>
    </Placemark>
    <Placemark>
      <name>ALPR</name>
      <description>OSM node: https://www.openstreetmap.org/node/14059835301
Manufacturer: Flock Safety
Direction: 151
Zone: traffic
Camera type: fixed</description>
      <Point>
        <coordinates>-95.6785384,29.7080392,0</coordinates>
      </Point>
    </Placemark>
    <Placemark>
      <name>ALPR</name>
      <description>OSM node: https://www.openstreetmap.org/node/14059844401
Manufacturer: Flock Safety
Direction: 64
Zone: traffic
Camera type: fixed</description>
      <Point>
        <coordinates>-95.2021341,29.9341245,0</coordinates>
      </Point>
    </Placemark>
    <Placemark>
      <name>ALPR</name>
      <description>OSM node: https://www.openstreetmap.org/node/14059875101
Manufacturer: Flock Safety
Direction: 102
Zone: traffic
Camera type: fixed</description>
      <Point>
        <coordinates>-96.9737211,32.6641705,0</coordinates>
      </Point>
    </Placemark>
    <Placemark>
      <name>ALPR</name>
      <description>OSM node: https://www.openstreetmap.org/node/14059875201
Manufacturer: Flock Safety
Direction: 60
Zone: traffic
Camera type: fixed</description>
      <Point>
        <coordinates>-96.9735875,32.6622523,0</coordinates>
      </Point>
    </Placemark>
    <Placemark>
      <name>ALPR</name>
      <description>OSM node: https://www.openstreetmap.org/node/14059883001
Manufacturer: Flock Safety
Direction: 45
Zone: traffic
Camera type: fixed</description>
      <Point>
        <coordinates>-94.8798036,31.2901347,0</coordinates>
      </Point>
    </Placemark>
    <Placemark>
      <name>ALPR</name>
      <description>OSM node: https://www.openstreetmap.org/node/14059898501
Manufacturer: Flock Safety
Direction: 53
Zone: traffic
Camera type: fixed</description>
      <Point>
        <coordinates>-98.6937321,29.4048007,0</coordinates>
      </Point>
    </Placemark>
    <Placemark>
      <name>ALPR</name>
      <description>OSM node: https://www.openstreetmap.org/node/14059899201
Manufacturer: Flock Safety
Direction: 226
Zone: traffic
Camera type: fixed</description>
      <Point>
        <coordinates>-98.6936094,29.4048865,0</coordinates>
      </Point>
    </Placemark>
    <Placemark>
      <name>ALPR</name>
      <description>OSM node: https://www.openstreetmap.org/node/14059959502
Manufacturer: Flock Safety
Direction: 168
Zone: traffic
Camera type: fixed</description>
      <Point>
        <coordinates>-95.9932763,31.2369644,0</coordinates>
      </Point>
    </Placemark>
    <Placemark>
      <name>ALPR</name>
      <description>OSM node: https://www.openstreetmap.org/node/14059985902
Manufacturer: Flock Safety
Direction: 41
Zone: traffic
Camera type: fixed</description>
      <Point>
        <coordinates>-98.1296869,29.5731089,0</coordinates>
      </Point>
    </Placemark>
    <Placemark>
      <name>ALPR</name>
      <description>OSM node: https://www.openstreetmap.org/node/14060072601
Manufacturer: Flock Safety
Direction: 71
Zone: traffic
Camera type: fixed</description>
      <Point>
        <coordinates>-97.2257832,33.1160108,0</coordinates>
      </Point>
    </Placemark>
    <Placemark>
      <name>ALPR</name>
      <description>OSM node: https://www.openstreetmap.org/node/14060147102
Manufacturer: Flock Safety
Direction: 67
Zone: traffic
Camera type: fixed</description>
      <Point>
        <coordinates>-95.5180816,29.6281187,0</coordinates>
      </Point>
    </Placemark>
    <Placemark>
      <name>ALPR</name>
      <description>OSM node: https://www.openstreetmap.org/node/14060189601
Manufacturer: Flock Safety
Direction: 0
Zone: traffic
Camera type: fixed</description>
      <Point>
        <coordinates>-95.354383,29.7729547,0</coordinates>
      </Point>
    </Placemark>
    <Placemark>
      <name>ALPR</name>
      <description>OSM node: https://www.openstreetmap.org/node/14060191201
Manufacturer: Flock Safety
Direction: 333
Zone: traffic
Camera type: fixed</description>
      <Point>
        <coordinates>-97.9988631,33.6289992,0</coordinates>
      </Point>
    </Placemark>
    <Placemark>
      <name>ALPR</name>
      <description>OSM node: https://www.openstreetmap.org/node/14060209301
Manufacturer: Flock Safety
Direction: 293
Zone: traffic
Camera type: fixed</description>
      <Point>
        <coordinates>-94.8325215,29.8625045,0</coordinates>
      </Point>
    </Placemark>
    <Placemark>
      <name>ALPR</name>
      <description>OSM node: https://www.openstreetmap.org/node/14060222101
Manufacturer: Flock Safety
Direction: 72
Zone: traffic
Camera type: fixed</description>
      <Point>
        <coordinates>-96.6350098,33.2290684,0</coordinates>
      </Point>
    </Placemark>
    <Placemark>
      <name>ALPR</name>
      <description>OSM node: https://www.openstreetmap.org/node/14060224201
Manufacturer: Flock Safety
Direction: 214
Zone: traffic
Camera type: fixed</description>
      <Point>
        <coordinates>-93.7439492,30.3037698,0</coordinates>
      </Point>
    </Placemark>
    <Placemark>
      <name>ALPR</name>
      <description>OSM node: https://www.openstreetmap.org/node/14060255201
Manufacturer: Flock Safety
Direction: 278
Zone: traffic
Camera type: fixed</description>
      <Point>
        <coordinates>-97.3865622,27.651656,0</coordinates>
      </Point>
    </Placemark>
    <Placemark>
      <name>ALPR</name>
      <description>OSM node: https://www.openstreetmap.org/node/14060286601
Manufacturer: Flock Safety
Direction: 47
Zone: traffic
Camera type: fixed</description>
      <Point>
        <coordinates>-96.7802226,32.8027932,0</coordinates>
      </Point>
    </Placemark>
    <Placemark>
      <name>ALPR</name>
      <description>OSM node: https://www.openstreetmap.org/node/14060312701
Manufacturer: Flock Safety
Direction: 298
Zone: traffic
Camera type: fixed</description>
      <Point>
        <coordinates>-96.7135862,32.9088676,0</coordinates>
      </Point>
    </Placemark>
    <Placemark>
      <name>ALPR</name>
      <description>OSM node: https://www.openstreetmap.org/node/14060338201
Manufacturer: Flock Safety
Direction: 161
Zone: traffic
Camera type: fixed</description>
      <Point>
        <coordinates>-97.340425,32.6857935,0</coordinates>
      </Point>
    </Placemark>
    <Placemark>
      <name>ALPR</name>
      <description>OSM node: https://www.openstreetmap.org/node/14060339402
Manufacturer: Flock Safety
Direction: 266
Zone: traffic
Camera type: fixed</description>
      <Point>
        <coordinates>-97.2216187,33.2691028,0</coordinates>
      </Point>
    </Placemark>
    <Placemark>
      <name>ALPR</name>
      <description>OSM node: https://www.openstreetmap.org/node/14060340401
Manufacturer: Flock Safety
Direction: 57
Zone: traffic
Camera type: fixed</description>
      <Point>
        <coordinates>-97.3527851,32.6614003,0</coordinates>
      </Point>
    </Placemark>
    <Placemark>
      <name>ALPR</name>
      <description>OSM node: https://www.openstreetmap.org/node/14060340501
Manufacturer: Flock Safety
Direction: 220
Zone: traffic
Camera type: fixed</description>
      <Point>
        <coordinates>-97.2308252,33.2640586,0</coordinates>
      </Point>
    </Placemark>
    <Placemark>
      <name>ALPR</name>
      <description>OSM node: https://www.openstreetmap.org/node/14060341601
Manufacturer: Flock Safety
Direction: 158
Zone: traffic
Camera type: fixed</description>
      <Point>
        <coordinates>-97.2206522,33.2771402,0</coordinates>
      </Point>
    </Placemark>
    <Placemark>
      <name>ALPR</name>
      <description>OSM node: https://www.openstreetmap.org/node/14060350293
Manufacturer: Flock Safety
Direction: 120
Zone: traffic
Camera type: fixed</description>
      <Point>
        <coordinates>-94.2882601,32.3431711,0</coordinates>
      </Point>
    </Placemark>
    <Placemark>
      <name>ALPR</name>
      <description>OSM node: https://www.openstreetmap.org/node/14060366101
Manufacturer: Flock Safety
Direction: 328
Zone: traffic
Camera type: fixed</description>
      <Point>
        <coordinates>-95.620081,32.7405161,0</coordinates>
      </Point>
    </Placemark>
    <Placemark>
      <name>ALPR</name>
      <description>OSM node: https://www.openstreetmap.org/node/14060439601
Manufacturer: Flock Safety
Direction: 95
Zone: traffic
Camera type: fixed</description>
      <Point>
        <coordinates>-98.2660612,30.6188128,0</coordinates>
      </Point>
    </Placemark>
    <Placemark>
      <name>ALPR</name>
      <description>OSM node: https://www.openstreetmap.org/node/14060444584
Manufacturer: Flock Safety
Direction: 360
Zone: traffic</description>
      <Point>
        <coordinates>-95.4855276,32.6129395,0</coordinates>
      </Point>
    </Placemark>
    <Placemark>
      <name>ALPR</name>
      <description>OSM node: https://www.openstreetmap.org/node/14060446801
Manufacturer: Flock Safety
Direction: 74;278;0;176;115;217
Zone: traffic
Camera type: fixed</description>
      <Point>
        <coordinates>-96.3832424,33.6553698,0</coordinates>
      </Point>
    </Placemark>
    <Placemark>
      <name>ALPR</name>
      <description>OSM node: https://www.openstreetmap.org/node/14060452501
Manufacturer: Flock Safety
Direction: 0
Zone: traffic
Camera type: fixed</description>
      <Point>
        <coordinates>-97.8448242,30.0364618,0</coordinates>
      </Point>
    </Placemark>
    <Placemark>
      <name>ALPR</name>
      <description>OSM node: https://www.openstreetmap.org/node/14060473501
Manufacturer: Flock Safety
Direction: 65
Zone: traffic
Camera type: fixed</description>
      <Point>
        <coordinates>-97.1620655,33.1574748,0</coordinates>
      </Point>
    </Placemark>
    <Placemark>
      <name>ALPR</name>
      <description>OSM node: https://www.openstreetmap.org/node/14060497101
Manufacturer: Flock Safety
Direction: 69
Zone: traffic
Camera type: fixed</description>
      <Point>
        <coordinates>-95.6185391,30.0082774,0</coordinates>
      </Point>
    </Placemark>
    <Placemark>
      <name>ALPR</name>
      <description>OSM node: https://www.openstreetmap.org/node/14060534001
Manufacturer: Flock Safety
Direction: 318
Zone: traffic
Camera type: fixed</description>
      <Point>
        <coordinates>-97.6828982,28.2470341,0</coordinates>
      </Point>
    </Placemark>
    <Placemark>
      <name>ALPR</name>
      <description>OSM node: https://www.openstreetmap.org/node/14060555201
Manufacturer: Flock Safety
Direction: 81;291
Zone: traffic
Camera type: fixed</description>
      <Point>
        <coordinates>-97.781636,30.0721023,0</coordinates>
      </Point>
    </Placemark>
    <Placemark>
      <name>ALPR</name>
      <description>OSM node: https://www.openstreetmap.org/node/14060574601
Manufacturer: Flock Safety
Direction: 326
Zone: traffic
Camera type: fixed</description>
      <Point>
        <coordinates>-98.2737923,30.5563651,0</coordinates>
      </Point>
    </Placemark>
    <Placemark>
      <name>ALPR</name>
      <description>OSM node: https://www.openstreetmap.org/node/14060591601
Manufacturer: Flock Safety
Direction: 31
Zone: traffic
Camera type: fixed</description>
      <Point>
        <coordinates>-96.4766061,32.1170975,0</coordinates>
      </Point>
    </Placemark>
    <Placemark>
      <name>ALPR</name>
      <description>OSM node: https://www.openstreetmap.org/node/14060723701
Manufacturer: Flock Safety
Direction: 43
Zone: traffic
Camera type: fixed</description>
      <Point>
        <coordinates>-95.4596389,29.814009,0</coordinates>
      </Point>
    </Placemark>
    <Placemark>
      <name>ALPR</name>
      <description>OSM node: https://www.openstreetmap.org/node/14060725501
Manufacturer: Flock Safety
Direction: 0
Zone: traffic
Camera type: fixed</description>
      <Point>
        <coordinates>-95.4609292,29.8130235,0</coordinates>
      </Point>
    </Placemark>
    <Placemark>
      <name>ALPR</name>
      <description>OSM node: https://www.openstreetmap.org/node/14060729101
Manufacturer: Flock Safety
Direction: 283
Zone: traffic
Camera type: fixed</description>
      <Point>
        <coordinates>-95.4617738,29.8138727,0</coordinates>
      </Point>
    </Placemark>
    <Placemark>
      <name>ALPR</name>
      <description>OSM node: https://www.openstreetmap.org/node/14061358901
Manufacturer: Flock Safety
Direction: 45
Zone: traffic
Camera type: fixed</description>
      <Point>
        <coordinates>-94.0800597,32.0485963,0</coordinates>
      </Point>
    </Placemark>
    <Placemark>
      <name>ALPR</name>
      <description>OSM node: https://www.openstreetmap.org/node/14061423246
Direction: 135</description>
      <Point>
        <coordinates>-96.7068005,33.1321207,0</coordinates>
      </Point>
    </Placemark>
    <Placemark>
      <name>ALPR</name>
      <description>OSM node: https://www.openstreetmap.org/node/14061423247
Direction: 335</description>
      <Point>
        <coordinates>-96.7060616,33.1314461,0</coordinates>
      </Point>
    </Placemark>
    <Placemark>
      <name>ALPR</name>
      <description>OSM node: https://www.openstreetmap.org/node/14061424008
Direction: 145</description>
      <Point>
        <coordinates>-96.6899868,33.1375759,0</coordinates>
      </Point>
    </Placemark>
    <Placemark>
      <name>ALPR</name>
      <description>OSM node: https://www.openstreetmap.org/node/14061424009
Direction: 330</description>
      <Point>
        <coordinates>-96.6896092,33.1371271,0</coordinates>
      </Point>
    </Placemark>
    <Placemark>
      <name>ALPR</name>
      <description>OSM node: https://www.openstreetmap.org/node/14061442701
Manufacturer: Flock Safety
Direction: 72
Zone: traffic
Camera type: fixed</description>
      <Point>
        <coordinates>-95.7707707,30.3007895,0</coordinates>
      </Point>
    </Placemark>
    <Placemark>
      <name>ALPR</name>
      <description>OSM node: https://www.openstreetmap.org/node/14061443001
Manufacturer: Flock Safety
Direction: 253
Zone: traffic
Camera type: fixed</description>
      <Point>
        <coordinates>-95.7702398,30.3009431,0</coordinates>
      </Point>
    </Placemark>
    <Placemark>
      <name>ALPR</name>
      <description>OSM node: https://www.openstreetmap.org/node/14061822303
Manufacturer: Flock Safety
Direction: 145
Zone: traffic
Camera type: fixed</description>
      <Point>
        <coordinates>-97.1387022,32.7504702,0</coordinates>
      </Point>
    </Placemark>
    <Placemark>
      <name>ALPR</name>
      <description>OSM node: https://www.openstreetmap.org/node/14061913102
Manufacturer: Flock Safety
Direction: 0
Zone: traffic
Camera type: fixed</description>
      <Point>
        <coordinates>-96.7960395,33.0102751,0</coordinates>
      </Point>
    </Placemark>
    <Placemark>
      <name>ALPR</name>
      <description>OSM node: https://www.openstreetmap.org/node/14062094601
Manufacturer: Flock Safety
Direction: 203
Zone: traffic
Camera type: fixed</description>
      <Point>
        <coordinates>-96.366873,30.6339879,0</coordinates>
      </Point>
    </Placemark>
    <Placemark>
      <name>ALPR</name>
      <description>OSM node: https://www.openstreetmap.org/node/14062100001
Manufacturer: Flock Safety
Direction: 49
Zone: traffic
Camera type: fixed</description>
      <Point>
        <coordinates>-95.0644551,29.4282867,0</coordinates>
      </Point>
    </Placemark>
    <Placemark>
      <name>ALPR</name>
      <description>OSM node: https://www.openstreetmap.org/node/14062149401
Manufacturer: Flock Safety
Direction: 157
Zone: traffic
Camera type: fixed</description>
      <Point>
        <coordinates>-97.6479866,32.6607584,0</coordinates>
      </Point>
    </Placemark>
    <Placemark>
      <name>ALPR</name>
      <description>OSM node: https://www.openstreetmap.org/node/14062154601
Manufacturer: Flock Safety
Direction: 130
Zone: traffic
Camera type: fixed</description>
      <Point>
        <coordinates>-94.2967998,32.5332806,0</coordinates>
      </Point>
    </Placemark>
    <Placemark>
      <name>ALPR</name>
      <description>OSM node: https://www.openstreetmap.org/node/14062162301
Manufacturer: Flock Safety
Direction: 160
Zone: traffic
Camera type: fixed</description>
      <Point>
        <coordinates>-97.6554342,32.6678162,0</coordinates>
      </Point>
    </Placemark>
    <Placemark>
      <name>ALPR</name>
      <description>OSM node: https://www.openstreetmap.org/node/14062287102
Manufacturer: Flock Safety
Direction: 207
Zone: traffic
Camera type: fixed</description>
      <Point>
        <coordinates>-98.2440527,29.5754421,0</coordinates>
      </Point>
    </Placemark>
    <Placemark>
      <name>ALPR</name>
      <description>OSM node: https://www.openstreetmap.org/node/14062303501
Manufacturer: Flock Safety
Direction: 19
Zone: traffic
Camera type: fixed</description>
      <Point>
        <coordinates>-95.6425231,29.6093486,0</coordinates>
      </Point>
    </Placemark>
    <Placemark>
      <name>ALPR</name>
      <description>OSM node: https://www.openstreetmap.org/node/14062348827
Manufacturer: Flock Safety
Direction: 340
Zone: traffic
Camera type: fixed</description>
      <Point>
        <coordinates>-98.9036895,29.9878545,0</coordinates>
      </Point>
    </Placemark>
    <Placemark>
      <name>ALPR</name>
      <description>OSM node: https://www.openstreetmap.org/node/14062384201
Manufacturer: Flock Safety
Direction: 293
Zone: traffic
Camera type: fixed</description>
      <Point>
        <coordinates>-95.6409997,29.6080428,0</coordinates>
      </Point>
    </Placemark>
    <Placemark>
      <name>ALPR</name>
      <description>OSM node: https://www.openstreetmap.org/node/14062527301
Manufacturer: Flock Safety
Direction: 0
Zone: traffic
Camera type: fixed</description>
      <Point>
        <coordinates>-95.1713386,29.797568,0</coordinates>
      </Point>
    </Placemark>
    <Placemark>
      <name>ALPR</name>
      <description>OSM node: https://www.openstreetmap.org/node/14062550401
Manufacturer: Flock Safety
Direction: 322
Zone: traffic
Camera type: fixed</description>
      <Point>
        <coordinates>-94.8139879,29.8864074,0</coordinates>
      </Point>
    </Placemark>
    <Placemark>
      <name>ALPR</name>
      <description>OSM node: https://www.openstreetmap.org/node/14062550901
Manufacturer: Flock Safety
Direction: 126
Zone: traffic
Camera type: fixed</description>
      <Point>
        <coordinates>-94.8142117,29.8862895,0</coordinates>
      </Point>
    </Placemark>
    <Placemark>
      <name>ALPR</name>
      <description>OSM node: https://www.openstreetmap.org/node/14062575402
Manufacturer: Flock Safety
Direction: 27;277
Zone: traffic
Camera type: fixed</description>
      <Point>
        <coordinates>-100.5461779,28.8636938,0</coordinates>
      </Point>
    </Placemark>
    <Placemark>
      <name>ALPR</name>
      <description>OSM node: https://www.openstreetmap.org/node/14062578601
Manufacturer: Flock Safety
Direction: 180
Zone: traffic
Camera type: fixed</description>
      <Point>
        <coordinates>-97.6882167,30.6008084,0</coordinates>
      </Point>
    </Placemark>
    <Placemark>
      <name>ALPR</name>
      <description>OSM node: https://www.openstreetmap.org/node/14062615102
Manufacturer: Flock Safety
Direction: 355
Zone: traffic
Camera type: fixed</description>
      <Point>
        <coordinates>-100.8229082,29.3313662,0</coordinates>
      </Point>
    </Placemark>
    <Placemark>
      <name>ALPR</name>
      <description>OSM node: https://www.openstreetmap.org/node/14062619401
Manufacturer: Flock Safety
Direction: 168
Zone: traffic
Camera type: fixed</description>
      <Point>
        <coordinates>-100.820692,29.3645373,0</coordinates>
      </Point>
    </Placemark>
    <Placemark>
      <name>ALPR</name>
      <description>OSM node: https://www.openstreetmap.org/node/14062660402
Manufacturer: Flock Safety
Direction: 0
Zone: traffic
Camera type: fixed</description>
      <Point>
        <coordinates>-95.3853827,29.6142026,0</coordinates>
      </Point>
    </Placemark>
    <Placemark>
      <name>ALPR</name>
      <description>OSM node: https://www.openstreetmap.org/node/14062664201
Manufacturer: Flock Safety
Direction: 34
Zone: traffic
Camera type: fixed</description>
      <Point>
        <coordinates>-100.5395952,32.4331878,0</coordinates>
      </Point>
    </Placemark>
    <Placemark>
      <name>ALPR</name>
      <description>OSM node: https://www.openstreetmap.org/node/14062739702
Manufacturer: Flock Safety
Direction: 102
Zone: traffic
Camera type: fixed</description>
      <Point>
        <coordinates>-96.390845,31.9088025,0</coordinates>
      </Point>
    </Placemark>
    <Placemark>
      <name>ALPR</name>
      <description>OSM node: https://www.openstreetmap.org/node/14062748701
Manufacturer: Flock Safety
Direction: 197
Zone: traffic
Camera type: fixed</description>
      <Point>
        <coordinates>-106.4343755,31.8624281,0</coordinates>
      </Point>
    </Placemark>
    <Placemark>
      <name>ALPR</name>
      <description>OSM node: https://www.openstreetmap.org/node/14062757202
Manufacturer: Flock Safety
Direction: 248
Zone: traffic
Camera type: fixed</description>
      <Point>
        <coordinates>-96.8863102,32.8951116,0</coordinates>
      </Point>
    </Placemark>
    <Placemark>
      <name>ALPR</name>
      <description>OSM node: https://www.openstreetmap.org/node/14062758401
Manufacturer: Flock Safety
Direction: 110
Zone: traffic
Camera type: fixed</description>
      <Point>
        <coordinates>-96.8875768,32.8950941,0</coordinates>
      </Point>
    </Placemark>
    <Placemark>
      <name>ALPR</name>
      <description>OSM node: https://www.openstreetmap.org/node/14062758403
Manufacturer: Flock Safety
Direction: 308
Zone: traffic
Camera type: fixed</description>
      <Point>
        <coordinates>-96.886299,32.8942362,0</coordinates>
      </Point>
    </Placemark>
    <Placemark>
      <name>ALPR</name>
      <description>OSM node: https://www.openstreetmap.org/node/14062759801
Manufacturer: Flock Safety
Direction: 40
Zone: traffic
Camera type: fixed</description>
      <Point>
        <coordinates>-96.8875149,32.8942107,0</coordinates>
      </Point>
    </Placemark>
    <Placemark>
      <name>ALPR</name>
      <description>OSM node: https://www.openstreetmap.org/node/14062842760
Manufacturer: Flock Safety
Zone: traffic
Camera type: fixed</description>
      <Point>
        <coordinates>-97.9837355,30.1171575,0</coordinates>
      </Point>
    </Placemark>
    <Placemark>
      <name>ALPR</name>
      <description>OSM node: https://www.openstreetmap.org/node/14062844504
Manufacturer: Flock Safety
Direction: 61
Zone: traffic
Camera type: fixed</description>
      <Point>
        <coordinates>-94.8459767,29.2575621,0</coordinates>
      </Point>
    </Placemark>
    <Placemark>
      <name>ALPR</name>
      <description>OSM node: https://www.openstreetmap.org/node/14062844505
Manufacturer: Flock Safety
Direction: 48
Zone: traffic
Camera type: fixed</description>
      <Point>
        <coordinates>-94.8294364,29.2761944,0</coordinates>
      </Point>
    </Placemark>
    <Placemark>
      <name>ALPR</name>
      <description>OSM node: https://www.openstreetmap.org/node/14062846801
Manufacturer: Flock Safety
Direction: 335
Zone: traffic
Camera type: fixed</description>
      <Point>
        <coordinates>-94.8013638,29.2910179,0</coordinates>
      </Point>
    </Placemark>
    <Placemark>
      <name>ALPR</name>
      <description>OSM node: https://www.openstreetmap.org/node/14062853701
Manufacturer: Genetec
Direction: 315
Zone: traffic
Camera type: fixed</description>
      <Point>
        <coordinates>-95.4069475,29.7814056,0</coordinates>
      </Point>
    </Placemark>
    <Placemark>
      <name>ALPR</name>
      <description>OSM node: https://www.openstreetmap.org/node/14062853702
Manufacturer: Genetec
Direction: 322
Zone: traffic
Camera type: fixed</description>
      <Point>
        <coordinates>-95.4080598,29.7813896,0</coordinates>
      </Point>
    </Placemark>
    <Placemark>
      <name>ALPR</name>
      <description>OSM node: https://www.openstreetmap.org/node/14062853901
Manufacturer: Genetec
Direction: 130
Zone: traffic
Camera type: fixed</description>
      <Point>
        <coordinates>-95.4070173,29.7814064,0</coordinates>
      </Point>
    </Placemark>
    <Placemark>
      <name>ALPR</name>
      <description>OSM node: https://www.openstreetmap.org/node/14062854601
Manufacturer: Genetec
Direction: 127
Zone: traffic
Camera type: fixed</description>
      <Point>
        <coordinates>-95.4081305,29.781385,0</coordinates>
      </Point>
    </Placemark>
    <Placemark>
      <name>ALPR</name>
      <description>OSM node: https://www.openstreetmap.org/node/14062854727
Manufacturer: Flock Safety
Direction: 210
Zone: traffic
Camera type: fixed</description>
      <Point>
        <coordinates>-97.9835626,30.1171446,0</coordinates>
      </Point>
    </Placemark>
    <Placemark>
      <name>ALPR</name>
      <description>OSM node: https://www.openstreetmap.org/node/14062878401
Manufacturer: Flock Safety
Direction: 172
Zone: traffic
Camera type: fixed</description>
      <Point>
        <coordinates>-97.1879198,32.4302723,0</coordinates>
      </Point>
    </Placemark>
    <Placemark>
      <name>ALPR</name>
      <description>OSM node: https://www.openstreetmap.org/node/14062989401
Manufacturer: Flock Safety
Direction: 109
Zone: traffic
Camera type: fixed</description>
      <Point>
        <coordinates>-98.1521138,28.377046,0</coordinates>
      </Point>
    </Placemark>
    <Placemark>
      <name>ALPR</name>
      <description>OSM node: https://www.openstreetmap.org/node/14063020701
Manufacturer: Flock Safety
Direction: 37
Zone: traffic
Camera type: fixed</description>
      <Point>
        <coordinates>-95.2732946,29.4144355,0</coordinates>
      </Point>
    </Placemark>
    <Placemark>
      <name>ALPR</name>
      <description>OSM node: https://www.openstreetmap.org/node/14063021001
Manufacturer: Flock Safety
Direction: 201
Zone: traffic
Camera type: fixed</description>
      <Point>
        <coordinates>-95.2669011,29.4214114,0</coordinates>
      </Point>
    </Placemark>
    <Placemark>
      <name>ALPR</name>
      <description>OSM node: https://www.openstreetmap.org/node/14063022901
Manufacturer: Flock Safety
Direction: 66
Zone: traffic
Camera type: fixed</description>
      <Point>
        <coordinates>-95.2564138,29.4234354,0</coordinates>
      </Point>
    </Placemark>
    <Placemark>
      <name>ALPR</name>
      <description>OSM node: https://www.openstreetmap.org/node/14063038601
Manufacturer: Flock Safety
Direction: 22
Zone: traffic
Camera type: fixed</description>
      <Point>
        <coordinates>-95.4483045,30.0624751,0</coordinates>
      </Point>
    </Placemark>
    <Placemark>
      <name>ALPR</name>
      <description>OSM node: https://www.openstreetmap.org/node/14063064301
Manufacturer: Flock Safety
Direction: 219
Zone: traffic
Camera type: fixed</description>
      <Point>
        <coordinates>-95.1585795,32.8631372,0</coordinates>
      </Point>
    </Placemark>
    <Placemark>
      <name>ALPR</name>
      <description>OSM node: https://www.openstreetmap.org/node/14063077501
Manufacturer: Flock Safety
Direction: 177
Zone: traffic
Camera type: fixed</description>
      <Point>
        <coordinates>-95.5436429,30.3776613,0</coordinates>
      </Point>
    </Placemark>
    <Placemark>
      <name>ALPR</name>
      <description>OSM node: https://www.openstreetmap.org/node/14063077502
Manufacturer: Flock Safety
Direction: 72
Zone: traffic
Camera type: fixed</description>
      <Point>
        <coordinates>-95.5430601,30.3800634,0</coordinates>
      </Point>
    </Placemark>
    <Placemark>
      <name>ALPR</name>
      <description>OSM node: https://www.openstreetmap.org/node/14063079101
Manufacturer: Flock Safety
Direction: 261
Zone: traffic
Camera type: fixed</description>
      <Point>
        <coordinates>-95.5428811,30.380353,0</coordinates>
      </Point>
    </Placemark>
    <Placemark>
      <name>ALPR</name>
      <description>OSM node: https://www.openstreetmap.org/node/14063096301
Manufacturer: Flock Safety
Direction: 258
Zone: traffic
Camera type: fixed</description>
      <Point>
        <coordinates>-95.524404,29.7697208,0</coordinates>
      </Point>
    </Placemark>
    <Placemark>
      <name>ALPR</name>
      <description>OSM node: https://www.openstreetmap.org/node/14063286601
Manufacturer: Flock Safety
Direction: 0
Zone: traffic
Camera type: fixed</description>
      <Point>
        <coordinates>-95.7972031,29.7480365,0</coordinates>
      </Point>
    </Placemark>
    <Placemark>
      <name>ALPR</name>
      <description>OSM node: https://www.openstreetmap.org/node/14063857301
Manufacturer: Flock Safety
Direction: 213
Zone: traffic
Camera type: fixed</description>
      <Point>
        <coordinates>-97.3581278,27.8531638,0</coordinates>
      </Point>
    </Placemark>
    <Placemark>
      <name>ALPR</name>
      <description>OSM node: https://www.openstreetmap.org/node/14063879402
Manufacturer: Flock Safety
Direction: 85
Zone: traffic
Camera type: fixed</description>
      <Point>
        <coordinates>-96.6991924,32.9853117,0</coordinates>
      </Point>
    </Placemark>
    <Placemark>
      <name>ALPR</name>
      <description>OSM node: https://www.openstreetmap.org/node/14064115202
Manufacturer: Flock Safety
Direction: 240
Zone: traffic
Camera type: fixed</description>
      <Point>
        <coordinates>-96.6485814,32.7196377,0</coordinates>
      </Point>
    </Placemark>
    <Placemark>
      <name>ALPR</name>
      <description>OSM node: https://www.openstreetmap.org/node/14064116601
Manufacturer: Flock Safety
Direction: 339
Zone: traffic
Camera type: fixed</description>
      <Point>
        <coordinates>-96.6482187,32.719748,0</coordinates>
      </Point>
    </Placemark>
    <Placemark>
      <name>ALPR</name>
      <description>OSM node: https://www.openstreetmap.org/node/14064116901
Manufacturer: Flock Safety
Direction: 167
Zone: traffic
Camera type: fixed</description>
      <Point>
        <coordinates>-96.6485613,32.7192632,0</coordinates>
      </Point>
    </Placemark>
    <Placemark>
      <name>ALPR</name>
      <description>OSM node: https://www.openstreetmap.org/node/14064153601
Manufacturer: Flock Safety
Direction: 246
Zone: traffic
Camera type: fixed</description>
      <Point>
        <coordinates>-95.8145005,30.1896455,0</coordinates>
      </Point>
    </Placemark>
    <Placemark>
      <name>ALPR</name>
      <description>OSM node: https://www.openstreetmap.org/node/14064158202
Manufacturer: Flock Safety
Direction: 66
Zone: traffic
Camera type: fixed</description>
      <Point>
        <coordinates>-97.0691278,32.8503687,0</coordinates>
      </Point>
    </Placemark>
    <Placemark>
      <name>ALPR</name>
      <description>OSM node: https://www.openstreetmap.org/node/14064172701
Manufacturer: Flock Safety
Direction: 204
Zone: traffic
Camera type: fixed</description>
      <Point>
        <coordinates>-97.0678251,32.8480453,0</coordinates>
      </Point>
    </Placemark>
    <Placemark>
      <name>ALPR</name>
      <description>OSM node: https://www.openstreetmap.org/node/14064256701
Manufacturer: Flock Safety
Direction: 170
Zone: traffic
Camera type: fixed</description>
      <Point>
        <coordinates>-96.8698361,32.2755738,0</coordinates>
      </Point>
    </Placemark>
    <Placemark>
      <name>ALPR</name>
      <description>OSM node: https://www.openstreetmap.org/node/14064314702
Manufacturer: Flock Safety
Direction: 270
Zone: traffic
Camera type: fixed</description>
      <Point>
        <coordinates>-98.8105889,29.8871224,0</coordinates>
      </Point>
    </Placemark>
    <Placemark>
      <name>ALPR</name>
      <description>OSM node: https://www.openstreetmap.org/node/14064442101
Manufacturer: Flock Safety
Direction: 111
Zone: traffic
Camera type: fixed</description>
      <Point>
        <coordinates>-97.1093824,31.9429731,0</coordinates>
      </Point>
    </Placemark>
    <Placemark>
      <name>ALPR</name>
      <description>OSM node: https://www.openstreetmap.org/node/14064458301
Manufacturer: Flock Safety
Direction: 183
Zone: traffic
Camera type: fixed</description>
      <Point>
        <coordinates>-97.0345352,33.0899855,0</coordinates>
      </Point>
    </Placemark>
    <Placemark>
      <name>ALPR</name>
      <description>OSM node: https://www.openstreetmap.org/node/14064503901
Manufacturer: Flock Safety
Direction: 86
Zone: traffic
Camera type: fixed</description>
      <Point>
        <coordinates>-97.1800947,32.9766636,0</coordinates>
      </Point>
    </Placemark>
    <Placemark>
      <name>ALPR</name>
      <description>OSM node: https://www.openstreetmap.org/node/14064508901
Manufacturer: Flock Safety
Direction: 346
Zone: traffic
Camera type: fixed</description>
      <Point>
        <coordinates>-97.1698772,32.9708172,0</coordinates>
      </Point>
    </Placemark>
    <Placemark>
      <name>ALPR</name>
      <description>OSM node: https://www.openstreetmap.org/node/14064635401
Manufacturer: Flock Safety
Direction: 258
Zone: traffic
Camera type: fixed</description>
      <Point>
        <coordinates>-96.6587674,32.7489672,0</coordinates>
      </Point>
    </Placemark>
    <Placemark>
      <name>ALPR</name>
      <description>OSM node: https://www.openstreetmap.org/node/14064689001
Manufacturer: Flock Safety
Direction: 58
Zone: traffic
Camera type: fixed</description>
      <Point>
        <coordinates>-98.7456436,30.1097644,0</coordinates>
      </Point>
    </Placemark>
    <Placemark>
      <name>ALPR</name>
      <description>OSM node: https://www.openstreetmap.org/node/14064700103
Manufacturer: Flock Safety
Direction: 114
Zone: traffic
Camera type: fixed</description>
      <Point>
        <coordinates>-96.7584617,31.1862258,0</coordinates>
      </Point>
    </Placemark>
    <Placemark>
      <name>ALPR</name>
      <description>OSM node: https://www.openstreetmap.org/node/14064728502
Manufacturer: Flock Safety
Direction: 0
Zone: traffic
Camera type: fixed</description>
      <Point>
        <coordinates>-94.9504861,30.6747869,0</coordinates>
      </Point>
    </Placemark>
    <Placemark>
      <name>ALPR</name>
      <description>OSM node: https://www.openstreetmap.org/node/14064740301
Manufacturer: Flock Safety
Direction: 24
Zone: traffic
Camera type: fixed</description>
      <Point>
        <coordinates>-97.3860673,31.090449,0</coordinates>
      </Point>
    </Placemark>
    <Placemark>
      <name>ALPR</name>
      <description>OSM node: https://www.openstreetmap.org/node/14064774003
Manufacturer: Motorola Solutions
Direction: 259
Zone: traffic
Camera type: fixed</description>
      <Point>
        <coordinates>-97.2310839,31.3235528,0</coordinates>
      </Point>
    </Placemark>
    <Placemark>
      <name>ALPR</name>
      <description>OSM node: https://www.openstreetmap.org/node/14064797802
Manufacturer: Flock Safety
Direction: 154
Zone: traffic
Camera type: fixed</description>
      <Point>
        <coordinates>-96.7009993,32.7624516,0</coordinates>
      </Point>
    </Placemark>
    <Placemark>
      <name>ALPR</name>
      <description>OSM node: https://www.openstreetmap.org/node/14064817027
Direction: 90
Zone: traffic</description>
      <Point>
        <coordinates>-95.6449278,32.797351,0</coordinates>
      </Point>
    </Placemark>
    <Placemark>
      <name>ALPR</name>
      <description>OSM node: https://www.openstreetmap.org/node/14064829529
Manufacturer: Flock Safety
Direction: 165
Zone: traffic
Camera type: fixed</description>
      <Point>
        <coordinates>-95.0326682,29.6509706,0</coordinates>
      </Point>
    </Placemark>
    <Placemark>
      <name>ALPR</name>
      <description>OSM node: https://www.openstreetmap.org/node/14064849401
Manufacturer: Flock Safety
Direction: 201
Zone: traffic
Camera type: fixed</description>
      <Point>
        <coordinates>-96.4433654,30.0756428,0</coordinates>
      </Point>
    </Placemark>
    <Placemark>
      <name>ALPR</name>
      <description>OSM node: https://www.openstreetmap.org/node/14064907901
Manufacturer: Flock Safety
Direction: 329
Zone: traffic
Camera type: fixed</description>
      <Point>
        <coordinates>-96.6829299,32.8789658,0</coordinates>
      </Point>
    </Placemark>
    <Placemark>
      <name>ALPR</name>
      <description>OSM node: https://www.openstreetmap.org/node/14064907902
Manufacturer: Flock Safety
Direction: 151
Zone: traffic
Camera type: fixed</description>
      <Point>
        <coordinates>-96.6832106,32.8787435,0</coordinates>
      </Point>
    </Placemark>
    <Placemark>
      <name>ALPR</name>
      <description>OSM node: https://www.openstreetmap.org/node/14064914403
Manufacturer: Flock Safety
Direction: 82
Zone: traffic
Camera type: fixed</description>
      <Point>
        <coordinates>-96.6891473,32.7780823,0</coordinates>
      </Point>
    </Placemark>
    <Placemark>
      <name>ALPR</name>
      <description>OSM node: https://www.openstreetmap.org/node/14064940801
Manufacturer: Flock Safety
Direction: 178
Zone: traffic
Camera type: fixed</description>
      <Point>
        <coordinates>-99.0911888,28.9125627,0</coordinates>
      </Point>
    </Placemark>
    <Placemark>
      <name>ALPR</name>
      <description>OSM node: https://www.openstreetmap.org/node/14064947101
Manufacturer: Flock Safety
Direction: 59
Zone: traffic
Camera type: fixed</description>
      <Point>
        <coordinates>-96.7219062,32.8943469,0</coordinates>
      </Point>
    </Placemark>
    <Placemark>
      <name>ALPR</name>
      <description>OSM node: https://www.openstreetmap.org/node/14064953401
Manufacturer: Flock Safety
Direction: 50
Zone: traffic
Camera type: fixed</description>
      <Point>
        <coordinates>-96.868355,32.819512,0</coordinates>
      </Point>
    </Placemark>
    <Placemark>
      <name>ALPR</name>
      <description>OSM node: https://www.openstreetmap.org/node/14064983101
Manufacturer: Flock Safety
Direction: 0
Zone: traffic
Camera type: fixed</description>
      <Point>
        <coordinates>-96.7862749,32.8282479,0</coordinates>
      </Point>
    </Placemark>
    <Placemark>
      <name>ALPR</name>
      <description>OSM node: https://www.openstreetmap.org/node/14065007501
Manufacturer: Flock Safety
Direction: 201
Zone: traffic
Camera type: fixed</description>
      <Point>
        <coordinates>-97.8450952,30.3039454,0</coordinates>
      </Point>
    </Placemark>
    <Placemark>
      <name>ALPR</name>
      <description>OSM node: https://www.openstreetmap.org/node/14065039475
Manufacturer: Flock Safety
Direction: 45
Zone: traffic
Camera type: fixed</description>
      <Point>
        <coordinates>-96.8212306,32.5900556,0</coordinates>
      </Point>
    </Placemark>
    <Placemark>
      <name>ALPR</name>
      <description>OSM node: https://www.openstreetmap.org/node/14065043801
Manufacturer: Flock Safety
Direction: 325
Zone: traffic
Camera type: fixed</description>
      <Point>
        <coordinates>-96.8372057,32.8219441,0</coordinates>
      </Point>
    </Placemark>
    <Placemark>
      <name>ALPR</name>
      <description>OSM node: https://www.openstreetmap.org/node/14065050902
Manufacturer: Flock Safety
Direction: 11
Zone: traffic
Camera type: fixed</description>
      <Point>
        <coordinates>-97.7364363,30.2593686,0</coordinates>
      </Point>
    </Placemark>
    <Placemark>
      <name>ALPR</name>
      <description>OSM node: https://www.openstreetmap.org/node/14065057401
Manufacturer: Flock Safety
Direction: 0
Zone: traffic
Camera type: fixed</description>
      <Point>
        <coordinates>-97.7363592,30.2603772,0</coordinates>
      </Point>
    </Placemark>
    <Placemark>
      <name>ALPR</name>
      <description>OSM node: https://www.openstreetmap.org/node/14065065617
Manufacturer: Flock Safety
Direction: 50
Zone: traffic
Camera type: fixed</description>
      <Point>
        <coordinates>-96.8053152,32.6151306,0</coordinates>
      </Point>
    </Placemark>
    <Placemark>
      <name>ALPR</name>
      <description>OSM node: https://www.openstreetmap.org/node/14065079401
Manufacturer: Flock Safety
Direction: 337
Zone: traffic
Camera type: fixed</description>
      <Point>
        <coordinates>-94.4262053,30.7937347,0</coordinates>
      </Point>
    </Placemark>
    <Placemark>
      <name>ALPR</name>
      <description>OSM node: https://www.openstreetmap.org/node/14065117102
Manufacturer: Flock Safety
Direction: 112
Zone: traffic
Camera type: fixed</description>
      <Point>
        <coordinates>-95.2216353,33.1887439,0</coordinates>
      </Point>
    </Placemark>
    <Placemark>
      <name>ALPR</name>
      <description>OSM node: https://www.openstreetmap.org/node/14065117105
Manufacturer: Flock Safety
Direction: 343
Zone: traffic
Camera type: fixed</description>
      <Point>
        <coordinates>-95.2215128,33.1886594,0</coordinates>
      </Point>
    </Placemark>
    <Placemark>
      <name>ALPR</name>
      <description>OSM node: https://www.openstreetmap.org/node/14065118302
Manufacturer: Flock Safety
Direction: 183
Zone: traffic
Camera type: fixed</description>
      <Point>
        <coordinates>-95.2219337,33.1893361,0</coordinates>
      </Point>
    </Placemark>
    <Placemark>
      <name>ALPR</name>
      <description>OSM node: https://www.openstreetmap.org/node/14065124001
Manufacturer: Flock Safety
Direction: 263
Zone: traffic
Camera type: fixed</description>
      <Point>
        <coordinates>-95.2130951,33.188561,0</coordinates>
      </Point>
    </Placemark>
    <Placemark>
      <name>ALPR</name>
      <description>OSM node: https://www.openstreetmap.org/node/14065176901
Manufacturer: Flock Safety
Direction: 339
Zone: traffic
Camera type: fixed</description>
      <Point>
        <coordinates>-96.9900883,33.2904473,0</coordinates>
      </Point>
    </Placemark>
    <Placemark>
      <name>ALPR</name>
      <description>OSM node: https://www.openstreetmap.org/node/14065215601
Manufacturer: Flock Safety
Direction: 0
Zone: traffic
Camera type: fixed</description>
      <Point>
        <coordinates>-95.0856336,29.653038,0</coordinates>
      </Point>
    </Placemark>
    <Placemark>
      <name>ALPR</name>
      <description>OSM node: https://www.openstreetmap.org/node/14065218802
Manufacturer: Flock Safety
Direction: 167
Zone: traffic
Camera type: fixed</description>
      <Point>
        <coordinates>-95.1593885,30.0552904,0</coordinates>
      </Point>
    </Placemark>
    <Placemark>
      <name>ALPR</name>
      <description>OSM node: https://www.openstreetmap.org/node/14065249201
Manufacturer: Flock Safety
Direction: 178
Zone: traffic
Camera type: fixed</description>
      <Point>
        <coordinates>-95.1583635,29.6412104,0</coordinates>
      </Point>
    </Placemark>
    <Placemark>
      <name>ALPR</name>
      <description>OSM node: https://www.openstreetmap.org/node/14065255201
Manufacturer: Flock Safety
Direction: 111
Zone: traffic
Camera type: fixed</description>
      <Point>
        <coordinates>-97.108086,32.7853128,0</coordinates>
      </Point>
    </Placemark>
    <Placemark>
      <name>ALPR</name>
      <description>OSM node: https://www.openstreetmap.org/node/14065281401
Manufacturer: Motorola Solutions
Direction: 311;173
Zone: traffic
Camera type: fixed</description>
      <Point>
        <coordinates>-97.3932851,31.4166182,0</coordinates>
      </Point>
    </Placemark>
    <Placemark>
      <name>ALPR</name>
      <description>OSM node: https://www.openstreetmap.org/node/14065293401
Manufacturer: Axis Communications
Direction: 0;67;139;211;286
Zone: traffic
Camera type: fixed</description>
      <Point>
        <coordinates>-97.3612237,31.308225,0</coordinates>
      </Point>
    </Placemark>
    <Placemark>
      <name>ALPR</name>
      <description>OSM node: https://www.openstreetmap.org/node/14065299601
Manufacturer: Flock Safety
Direction: 290
Zone: traffic
Camera type: fixed</description>
      <Point>
        <coordinates>-93.9099595,29.909913,0</coordinates>
      </Point>
    </Placemark>
    <Placemark>
      <name>ALPR</name>
      <description>OSM node: https://www.openstreetmap.org/node/14065342101
Manufacturer: Flock Safety
Direction: 262
Zone: traffic
Camera type: fixed</description>
      <Point>
        <coordinates>-97.9717885,29.5609488,0</coordinates>
      </Point>
    </Placemark>
    <Placemark>
      <name>ALPR</name>
      <description>OSM node: https://www.openstreetmap.org/node/14065359202
Manufacturer: Flock Safety
Direction: 0
Zone: traffic
Camera type: fixed</description>
      <Point>
        <coordinates>-96.4481799,32.6824984,0</coordinates>
      </Point>
    </Placemark>
    <Placemark>
      <name>ALPR</name>
      <description>OSM node: https://www.openstreetmap.org/node/14065363601
Manufacturer: Flock Safety
Direction: 90
Zone: traffic
Camera type: fixed</description>
      <Point>
        <coordinates>-97.1781247,33.6035584,0</coordinates>
      </Point>
    </Placemark>
    <Placemark>
      <name>ALPR</name>
      <description>OSM node: https://www.openstreetmap.org/node/14065462829
Manufacturer: Flock Safety
Direction: 75
Zone: traffic
Camera type: fixed</description>
      <Point>
        <coordinates>-95.4231375,29.7612596,0</coordinates>
      </Point>
    </Placemark>
    <Placemark>
      <name>ALPR</name>
      <description>OSM node: https://www.openstreetmap.org/node/14065478001
Manufacturer: Flock Safety
Direction: 243
Zone: traffic
Camera type: fixed</description>
      <Point>
        <coordinates>-97.7677661,31.0568662,0</coordinates>
      </Point>
    </Placemark>
    <Placemark>
      <name>ALPR</name>
      <description>OSM node: https://www.openstreetmap.org/node/14065572410
Manufacturer: Flock Safety
Direction: 55
Zone: traffic
Camera type: fixed</description>
      <Point>
        <coordinates>-102.1010113,31.9973549,0</coordinates>
      </Point>
    </Placemark>
    <Placemark>
      <name>ALPR</name>
      <description>OSM node: https://www.openstreetmap.org/node/14065578701
Manufacturer: Flock Safety
Direction: 160
Zone: traffic
Camera type: fixed</description>
      <Point>
        <coordinates>-95.0312488,33.8597461,0</coordinates>
      </Point>
    </Placemark>
    <Placemark>
      <name>ALPR</name>
      <description>OSM node: https://www.openstreetmap.org/node/14065592803
Manufacturer: Flock Safety
Direction: 325
Zone: traffic
Camera type: fixed</description>
      <Point>
        <coordinates>-101.8967371,32.0271875,0</coordinates>
      </Point>
    </Placemark>
    <Placemark>
      <name>ALPR</name>
      <description>OSM node: https://www.openstreetmap.org/node/14065715401
Manufacturer: Flock Safety
Direction: 196
Zone: traffic
Camera type: fixed</description>
      <Point>
        <coordinates>-98.6712787,29.4184997,0</coordinates>
      </Point>
    </Placemark>
    <Placemark>
      <name>ALPR</name>
      <description>OSM node: https://www.openstreetmap.org/node/14065718201
Manufacturer: Flock Safety
Direction: 135
Zone: traffic
Camera type: fixed</description>
      <Point>
        <coordinates>-98.6713633,29.4180693,0</coordinates>
      </Point>
    </Placemark>
    <Placemark>
      <name>ALPR</name>
      <description>OSM node: https://www.openstreetmap.org/node/14065861401
Manufacturer: Flock Safety
Direction: 89
Zone: traffic
Camera type: fixed</description>
      <Point>
        <coordinates>-98.5716166,27.877169,0</coordinates>
      </Point>
    </Placemark>
    <Placemark>
      <name>ALPR</name>
      <description>OSM node: https://www.openstreetmap.org/node/14065864802
Manufacturer: Flock Safety
Direction: 320
Zone: traffic
Camera type: fixed</description>
      <Point>
        <coordinates>-98.6179138,27.8888019,0</coordinates>
      </Point>
    </Placemark>
    <Placemark>
      <name>ALPR</name>
      <description>OSM node: https://www.openstreetmap.org/node/14066038501
Manufacturer: Flock Safety
Direction: 76
Zone: traffic
Camera type: fixed</description>
      <Point>
        <coordinates>-96.7451457,32.7827727,0</coordinates>
      </Point>
    </Placemark>
    <Placemark>
      <name>ALPR</name>
      <description>OSM node: https://www.openstreetmap.org/node/14066177301
Manufacturer: Flock Safety
Direction: 77
Zone: traffic
Camera type: fixed</description>
      <Point>
        <coordinates>-98.883616,29.9712969,0</coordinates>
      </Point>
    </Placemark>
    <Placemark>
      <name>ALPR</name>
      <description>OSM node: https://www.openstreetmap.org/node/14066254201
Manufacturer: Flock Safety
Direction: 311
Zone: traffic
Camera type: fixed</description>
      <Point>
        <coordinates>-96.0386828,29.9504201,0</coordinates>
      </Point>
    </Placemark>
    <Placemark>
      <name>Lowe's ALPR</name>
      <description>OSM node: https://www.openstreetmap.org/node/14066304606
Operator: Lowe's
Manufacturer: Flock Safety
Direction: 284
Zone: traffic
Camera type: fixed</description>
      <Point>
        <coordinates>-95.3912429,32.4760425,0</coordinates>
      </Point>
    </Placemark>
    <Placemark>
      <name>ALPR</name>
      <description>OSM node: https://www.openstreetmap.org/node/14066498201
Manufacturer: Flock Safety
Direction: 243
Zone: traffic
Camera type: fixed</description>
      <Point>
        <coordinates>-96.9379238,32.9943247,0</coordinates>
      </Point>
    </Placemark>
    <Placemark>
      <name>ALPR</name>
      <description>OSM node: https://www.openstreetmap.org/node/14066498202
Manufacturer: Motorola Solutions
Direction: 359
Zone: traffic
Camera type: fixed</description>
      <Point>
        <coordinates>-96.9378317,32.9939055,0</coordinates>
      </Point>
    </Placemark>
    <Placemark>
      <name>ALPR</name>
      <description>OSM node: https://www.openstreetmap.org/node/14066528201
Manufacturer: Motorola Solutions
Direction: 125
Zone: traffic
Camera type: fixed</description>
      <Point>
        <coordinates>-97.0659119,33.0352154,0</coordinates>
      </Point>
    </Placemark>
    <Placemark>
      <name>ALPR</name>
      <description>OSM node: https://www.openstreetmap.org/node/14066533201
Manufacturer: Motorola Solutions
Direction: 232
Zone: traffic
Camera type: fixed</description>
      <Point>
        <coordinates>-97.0449016,33.0421302,0</coordinates>
      </Point>
    </Placemark>
    <Placemark>
      <name>ALPR</name>
      <description>OSM node: https://www.openstreetmap.org/node/14066666201
Manufacturer: Flock Safety
Direction: 156
Zone: traffic
Camera type: fixed</description>
      <Point>
        <coordinates>-96.9737244,33.0067694,0</coordinates>
      </Point>
    </Placemark>
    <Placemark>
      <name>ALPR</name>
      <description>OSM node: https://www.openstreetmap.org/node/14066666901
Manufacturer: Flock Safety
Direction: 104
Zone: traffic
Camera type: fixed</description>
      <Point>
        <coordinates>-96.7221342,32.7794947,0</coordinates>
      </Point>
    </Placemark>
    <Placemark>
      <name>ALPR</name>
      <description>OSM node: https://www.openstreetmap.org/node/14066670001
Manufacturer: Flock Safety
Direction: 0
Zone: traffic
Camera type: fixed</description>
      <Point>
        <coordinates>-96.9706663,33.008155,0</coordinates>
      </Point>
    </Placemark>
    <Placemark>
      <name>ALPR</name>
      <description>OSM node: https://www.openstreetmap.org/node/14066671502
Manufacturer: Motorola Solutions
Direction: 285
Zone: traffic
Camera type: fixed</description>
      <Point>
        <coordinates>-96.9613891,33.0135163,0</coordinates>
      </Point>
    </Placemark>
    <Placemark>
      <name>ALPR</name>
      <description>OSM node: https://www.openstreetmap.org/node/14066678401
Manufacturer: Flock Safety
Direction: 136
Zone: traffic
Camera type: fixed</description>
      <Point>
        <coordinates>-96.7616062,32.793495,0</coordinates>
      </Point>
    </Placemark>
    <Placemark>
      <name>ALPR</name>
      <description>OSM node: https://www.openstreetmap.org/node/14066688201
Manufacturer: Flock Safety
Direction: 38;0;304;250;212;0
Zone: traffic
Camera type: fixed</description>
      <Point>
        <coordinates>-96.7421484,32.7764625,0</coordinates>
      </Point>
    </Placemark>
    <Placemark>
      <name>ALPR</name>
      <description>OSM node: https://www.openstreetmap.org/node/14066757901
Manufacturer: Flock Safety
Direction: 152
Zone: traffic
Camera type: fixed</description>
      <Point>
        <coordinates>-96.0697839,29.5179164,0</coordinates>
      </Point>
    </Placemark>
    <Placemark>
      <name>ALPR</name>
      <description>OSM node: https://www.openstreetmap.org/node/14066780001
Manufacturer: Flock Safety
Direction: 170
Zone: traffic
Camera type: fixed</description>
      <Point>
        <coordinates>-97.045601,33.1297114,0</coordinates>
      </Point>
    </Placemark>
    <Placemark>
      <name>ALPR</name>
      <description>OSM node: https://www.openstreetmap.org/node/14066809287
Manufacturer: Flock Safety
Direction: 330
Zone: traffic
Camera type: fixed</description>
      <Point>
        <coordinates>-95.7833587,29.8745394,0</coordinates>
      </Point>
    </Placemark>
    <Placemark>
      <name>ALPR</name>
      <description>OSM node: https://www.openstreetmap.org/node/14066809288
Manufacturer: Flock Safety
Direction: 155
Zone: traffic
Camera type: fixed</description>
      <Point>
        <coordinates>-95.7836367,29.8747346,0</coordinates>
      </Point>
    </Placemark>
    <Placemark>
      <name>ALPR</name>
      <description>OSM node: https://www.openstreetmap.org/node/14066809289
Manufacturer: Flock Safety
Direction: 330
Zone: traffic
Camera type: fixed</description>
      <Point>
        <coordinates>-95.7833576,29.8754342,0</coordinates>
      </Point>
    </Placemark>
    <Placemark>
      <name>ALPR</name>
      <description>OSM node: https://www.openstreetmap.org/node/14066809290
Manufacturer: Flock Safety
Direction: 150
Zone: traffic
Camera type: fixed</description>
      <Point>
        <coordinates>-95.7836686,29.8754283,0</coordinates>
      </Point>
    </Placemark>
    <Placemark>
      <name>ALPR</name>
      <description>OSM node: https://www.openstreetmap.org/node/14066809291
Manufacturer: Flock Safety
Direction: 340
Zone: traffic
Camera type: fixed</description>
      <Point>
        <coordinates>-95.7796089,29.8608991,0</coordinates>
      </Point>
    </Placemark>
    <Placemark>
      <name>ALPR</name>
      <description>OSM node: https://www.openstreetmap.org/node/14066809292
Manufacturer: Flock Safety
Direction: 335
Zone: traffic
Camera type: fixed</description>
      <Point>
        <coordinates>-95.7767224,29.8609119,0</coordinates>
      </Point>
    </Placemark>
    <Placemark>
      <name>ALPR</name>
      <description>OSM node: https://www.openstreetmap.org/node/14066912801
Manufacturer: Flock Safety
Direction: 177
Zone: traffic
Camera type: fixed</description>
      <Point>
        <coordinates>-97.8093787,30.1294595,0</coordinates>
      </Point>
    </Placemark>
    <Placemark>
      <name>ALPR</name>
      <description>OSM node: https://www.openstreetmap.org/node/14066913901
Manufacturer: Flock Safety
Direction: 0
Zone: traffic
Camera type: fixed</description>
      <Point>
        <coordinates>-97.8094118,30.1290341,0</coordinates>
      </Point>
    </Placemark>
    <Placemark>
      <name>ALPR</name>
      <description>OSM node: https://www.openstreetmap.org/node/14066962347
Manufacturer: Flock Safety
Direction: 160
Zone: traffic</description>
      <Point>
        <coordinates>-95.4091975,32.5133563,0</coordinates>
      </Point>
    </Placemark>
    <Placemark>
      <name>ALPR</name>
      <description>OSM node: https://www.openstreetmap.org/node/14066986401
Manufacturer: Flock Safety
Direction: 98
Zone: traffic
Camera type: fixed</description>
      <Point>
        <coordinates>-97.6809893,30.39295,0</coordinates>
      </Point>
    </Placemark>
    <Placemark>
      <name>ALPR</name>
      <description>OSM node: https://www.openstreetmap.org/node/14067038401
Manufacturer: Flock Safety
Direction: 137
Zone: traffic
Camera type: fixed</description>
      <Point>
        <coordinates>-99.540173,28.0204544,0</coordinates>
      </Point>
    </Placemark>
    <Placemark>
      <name>ALPR</name>
      <description>OSM node: https://www.openstreetmap.org/node/14067041001
Manufacturer: Flock Safety
Direction: 319
Zone: traffic
Camera type: fixed</description>
      <Point>
        <coordinates>-99.541576,28.0257407,0</coordinates>
      </Point>
    </Placemark>
    <Placemark>
      <name>ALPR</name>
      <description>OSM node: https://www.openstreetmap.org/node/14067083701
Manufacturer: Flock Safety
Direction: 16
Zone: traffic
Camera type: fixed</description>
      <Point>
        <coordinates>-96.6063346,33.6774743,0</coordinates>
      </Point>
    </Placemark>
    <Placemark>
      <name>ALPR</name>
      <description>OSM node: https://www.openstreetmap.org/node/14067097802
Manufacturer: Flock Safety
Direction: 177
Zone: traffic
Camera type: fixed</description>
      <Point>
        <coordinates>-95.6241013,29.7080497,0</coordinates>
      </Point>
    </Placemark>
    <Placemark>
      <name>ALPR</name>
      <description>OSM node: https://www.openstreetmap.org/node/14067097803
Manufacturer: Flock Safety
Direction: 86
Zone: traffic
Camera type: fixed</description>
      <Point>
        <coordinates>-97.8621088,29.927104,0</coordinates>
      </Point>
    </Placemark>
    <Placemark>
      <name>ALPR</name>
      <description>OSM node: https://www.openstreetmap.org/node/14067098001
Manufacturer: Flock Safety
Direction: 56
Zone: traffic
Camera type: fixed</description>
      <Point>
        <coordinates>-95.6425762,29.7038987,0</coordinates>
      </Point>
    </Placemark>
    <Placemark>
      <name>ALPR</name>
      <description>OSM node: https://www.openstreetmap.org/node/14067099701
Manufacturer: Flock Safety
Direction: 0
Zone: traffic
Camera type: fixed</description>
      <Point>
        <coordinates>-97.8620264,29.9270443,0</coordinates>
      </Point>
    </Placemark>
    <Placemark>
      <name>ALPR</name>
      <description>OSM node: https://www.openstreetmap.org/node/14067100301
Manufacturer: Flock Safety
Direction: 181
Zone: traffic
Camera type: fixed</description>
      <Point>
        <coordinates>-97.8620298,29.9271573,0</coordinates>
      </Point>
    </Placemark>
    <Placemark>
      <name>ALPR</name>
      <description>OSM node: https://www.openstreetmap.org/node/14067142301
Manufacturer: Flock Safety
Direction: 304
Zone: traffic
Camera type: fixed</description>
      <Point>
        <coordinates>-95.6121147,29.9923241,0</coordinates>
      </Point>
    </Placemark>
    <Placemark>
      <name>ALPR</name>
      <description>OSM node: https://www.openstreetmap.org/node/14067142502
Manufacturer: Genetec
Direction: 241
Zone: traffic
Camera type: fixed</description>
      <Point>
        <coordinates>-95.6321999,30.0895172,0</coordinates>
      </Point>
    </Placemark>
    <Placemark>
      <name>ALPR</name>
      <description>OSM node: https://www.openstreetmap.org/node/14067149201
Manufacturer: Flock Safety
Direction: 0
Zone: traffic
Camera type: fixed</description>
      <Point>
        <coordinates>-97.4113618,30.8733107,0</coordinates>
      </Point>
    </Placemark>
    <Placemark>
      <name>ALPR</name>
      <description>OSM node: https://www.openstreetmap.org/node/14067149302
Manufacturer: Flock Safety
Direction: 185
Zone: traffic
Camera type: fixed</description>
      <Point>
        <coordinates>-97.4115493,30.8848126,0</coordinates>
      </Point>
    </Placemark>
    <Placemark>
      <name>ALPR</name>
      <description>OSM node: https://www.openstreetmap.org/node/14067159601
Manufacturer: Flock Safety
Direction: 309
Zone: traffic
Camera type: fixed</description>
      <Point>
        <coordinates>-99.4406655,27.7641092,0</coordinates>
      </Point>
    </Placemark>
    <Placemark>
      <name>ALPR</name>
      <description>OSM node: https://www.openstreetmap.org/node/14067171301
Manufacturer: Flock Safety
Direction: 218
Zone: traffic
Camera type: fixed</description>
      <Point>
        <coordinates>-97.728553,30.2818826,0</coordinates>
      </Point>
    </Placemark>
    <Placemark>
      <name>ALPR</name>
      <description>OSM node: https://www.openstreetmap.org/node/14067253101
Manufacturer: Flock Safety
Direction: 54
Zone: traffic
Camera type: fixed</description>
      <Point>
        <coordinates>-100.9321428,32.3914535,0</coordinates>
      </Point>
    </Placemark>
    <Placemark>
      <name>ALPR</name>
      <description>OSM node: https://www.openstreetmap.org/node/14067281001
Manufacturer: Flock Safety
Direction: 49
Zone: traffic
Camera type: fixed</description>
      <Point>
        <coordinates>-95.6199535,29.5958999,0</coordinates>
      </Point>
    </Placemark>
    <Placemark>
      <name>ALPR</name>
      <description>OSM node: https://www.openstreetmap.org/node/14067349902
Manufacturer: Flock Safety
Direction: 162
Zone: traffic
Camera type: fixed</description>
      <Point>
        <coordinates>-96.6076268,32.3233459,0</coordinates>
      </Point>
    </Placemark>
    <Placemark>
      <name>ALPR</name>
      <description>OSM node: https://www.openstreetmap.org/node/14067353101
Manufacturer: Flock Safety
Direction: 241
Zone: traffic
Camera type: fixed</description>
      <Point>
        <coordinates>-97.3085366,31.0245762,0</coordinates>
      </Point>
    </Placemark>
    <Placemark>
      <name>ALPR</name>
      <description>OSM node: https://www.openstreetmap.org/node/14067357901
Manufacturer: Flock Safety
Direction: 331
Zone: traffic
Camera type: fixed</description>
      <Point>
        <coordinates>-96.6566464,32.4050086,0</coordinates>
      </Point>
    </Placemark>
    <Placemark>
      <name>ALPR</name>
      <description>OSM node: https://www.openstreetmap.org/node/14067392107
Manufacturer: Flock Safety
Direction: 233
Zone: traffic</description>
      <Point>
        <coordinates>-97.4076172,32.6194871,0</coordinates>
      </Point>
    </Placemark>
    <Placemark>
      <name>ALPR</name>
      <description>OSM node: https://www.openstreetmap.org/node/14067392108
Manufacturer: Flock Safety
Direction: 312
Zone: traffic</description>
      <Point>
        <coordinates>-97.3860294,32.5818143,0</coordinates>
      </Point>
    </Placemark>
    <Placemark>
      <name>ALPR</name>
      <description>OSM node: https://www.openstreetmap.org/node/14067435501
Manufacturer: Flock Safety
Direction: 61
Zone: traffic
Camera type: fixed</description>
      <Point>
        <coordinates>-96.5571615,33.2983728,0</coordinates>
      </Point>
    </Placemark>
    <Placemark>
      <name>ALPR</name>
      <description>OSM node: https://www.openstreetmap.org/node/14067438901
Manufacturer: Flock Safety
Direction: 237;164;88;28;313
Zone: traffic
Camera type: fixed</description>
      <Point>
        <coordinates>-94.8120999,29.286387,0</coordinates>
      </Point>
    </Placemark>
    <Placemark>
      <name>ALPR</name>
      <description>OSM node: https://www.openstreetmap.org/node/14067523101
Manufacturer: Flock Safety
Direction: 148
Zone: traffic
Camera type: fixed</description>
      <Point>
        <coordinates>-95.7074615,29.6926608,0</coordinates>
      </Point>
    </Placemark>
    <Placemark>
      <name>ALPR</name>
      <description>OSM node: https://www.openstreetmap.org/node/14067623002
Manufacturer: Axis Communications
Direction: 0
Zone: traffic
Camera type: fixed</description>
      <Point>
        <coordinates>-96.555327,32.8613092,0</coordinates>
      </Point>
    </Placemark>
    <Placemark>
      <name>ALPR</name>
      <description>OSM node: https://www.openstreetmap.org/node/14067623502
Manufacturer: Flock Safety
Direction: 139
Zone: traffic
Camera type: fixed</description>
      <Point>
        <coordinates>-96.5686775,32.9412888,0</coordinates>
      </Point>
    </Placemark>
    <Placemark>
      <name>ALPR</name>
      <description>OSM node: https://www.openstreetmap.org/node/14067624401
Manufacturer: Axis Communications
Direction: 245
Zone: traffic
Camera type: fixed</description>
      <Point>
        <coordinates>-96.6184103,32.9520081,0</coordinates>
      </Point>
    </Placemark>
    <Placemark>
      <name>ALPR</name>
      <description>OSM node: https://www.openstreetmap.org/node/14067625901
Manufacturer: Flock Safety
Direction: 215
Zone: traffic
Camera type: fixed</description>
      <Point>
        <coordinates>-96.5663559,32.9389677,0</coordinates>
      </Point>
    </Placemark>
    <Placemark>
      <name>ALPR</name>
      <description>OSM node: https://www.openstreetmap.org/node/14067626001
Manufacturer: Flock Safety
Direction: 34
Zone: traffic
Camera type: fixed</description>
      <Point>
        <coordinates>-96.5667161,32.9386519,0</coordinates>
      </Point>
    </Placemark>
    <Placemark>
      <name>ALPR</name>
      <description>OSM node: https://www.openstreetmap.org/node/14067632399
Manufacturer: Flock Safety
Direction: 145
Zone: traffic
Camera type: fixed</description>
      <Point>
        <coordinates>-95.5319129,29.8182742,0</coordinates>
      </Point>
    </Placemark>
    <Placemark>
      <name>ALPR</name>
      <description>OSM node: https://www.openstreetmap.org/node/14067632400
Manufacturer: Flock Safety
Zone: traffic
Camera type: fixed</description>
      <Point>
        <coordinates>-95.5307658,29.8183031,0</coordinates>
      </Point>
    </Placemark>
    <Placemark>
      <name>ALPR</name>
      <description>OSM node: https://www.openstreetmap.org/node/14067660501
Manufacturer: Flock Safety
Zone: traffic
Camera type: fixed</description>
      <Point>
        <coordinates>-95.5326735,29.8182434,0</coordinates>
      </Point>
    </Placemark>
    <Placemark>
      <name>ALPR</name>
      <description>OSM node: https://www.openstreetmap.org/node/14067660502
Manufacturer: Flock Safety
Zone: traffic
Camera type: fixed</description>
      <Point>
        <coordinates>-95.533137,29.8168078,0</coordinates>
      </Point>
    </Placemark>
    <Placemark>
      <name>ALPR</name>
      <description>OSM node: https://www.openstreetmap.org/node/14067660503
Manufacturer: Flock Safety
Zone: traffic
Camera type: fixed</description>
      <Point>
        <coordinates>-95.5318506,29.8159628,0</coordinates>
      </Point>
    </Placemark>
    <Placemark>
      <name>ALPR</name>
      <description>OSM node: https://www.openstreetmap.org/node/14067660504
Manufacturer: Flock Safety
Zone: traffic
Camera type: fixed</description>
      <Point>
        <coordinates>-95.52937,29.8160151,0</coordinates>
      </Point>
    </Placemark>
    <Placemark>
      <name>ALPR</name>
      <description>OSM node: https://www.openstreetmap.org/node/14067660505
Manufacturer: Flock Safety
Zone: traffic
Camera type: fixed</description>
      <Point>
        <coordinates>-95.5280082,29.8177422,0</coordinates>
      </Point>
    </Placemark>
    <Placemark>
      <name>ALPR</name>
      <description>OSM node: https://www.openstreetmap.org/node/14067660506
Manufacturer: Flock Safety
Zone: traffic
Camera type: fixed</description>
      <Point>
        <coordinates>-95.5280079,29.8183285,0</coordinates>
      </Point>
    </Placemark>
    <Placemark>
      <name>ALPR</name>
      <description>OSM node: https://www.openstreetmap.org/node/14068506502
Manufacturer: Flock Safety
Direction: 34
Zone: traffic
Camera type: fixed</description>
      <Point>
        <coordinates>-96.8558442,32.9362884,0</coordinates>
      </Point>
    </Placemark>
    <Placemark>
      <name>ALPR</name>
      <description>OSM node: https://www.openstreetmap.org/node/14068588502
Manufacturer: Flock Safety
Direction: 35
Zone: traffic
Camera type: fixed</description>
      <Point>
        <coordinates>-96.8161726,32.9471821,0</coordinates>
      </Point>
    </Placemark>
    <Placemark>
      <name>ALPR</name>
      <description>OSM node: https://www.openstreetmap.org/node/14068599601
Manufacturer: Flock Safety
Direction: 136
Zone: traffic
Camera type: fixed</description>
      <Point>
        <coordinates>-96.8171381,32.9467301,0</coordinates>
      </Point>
    </Placemark>
    <Placemark>
      <name>ALPR</name>
      <description>OSM node: https://www.openstreetmap.org/node/14068599802
Manufacturer: Flock Safety
Direction: 224;190
Zone: traffic
Camera type: fixed</description>
      <Point>
        <coordinates>-96.8159641,32.9473668,0</coordinates>
      </Point>
    </Placemark>
    <Placemark>
      <name>ALPR</name>
      <description>OSM node: https://www.openstreetmap.org/node/14068679614
Manufacturer: Flock Safety
Direction: -40
Zone: traffic
Camera type: fixed</description>
      <Point>
        <coordinates>-95.714491,29.6518686,0</coordinates>
      </Point>
    </Placemark>
    <Placemark>
      <name>ALPR</name>
      <description>OSM node: https://www.openstreetmap.org/node/14068679615
Manufacturer: Flock Safety
Direction: -40
Zone: traffic
Camera type: fixed</description>
      <Point>
        <coordinates>-95.7144357,29.6507396,0</coordinates>
      </Point>
    </Placemark>
    <Placemark>
      <name>ALPR</name>
      <description>OSM node: https://www.openstreetmap.org/node/14068679616
Manufacturer: Flock Safety
Direction: -40
Zone: traffic
Camera type: fixed</description>
      <Point>
        <coordinates>-95.7144061,29.6498702,0</coordinates>
      </Point>
    </Placemark>
    <Placemark>
      <name>ALPR</name>
      <description>OSM node: https://www.openstreetmap.org/node/14068679617
Manufacturer: Flock Safety
Direction: -115
Zone: traffic
Camera type: fixed</description>
      <Point>
        <coordinates>-95.6801559,29.6491227,0</coordinates>
      </Point>
    </Placemark>
    <Placemark>
      <name>ALPR</name>
      <description>OSM node: https://www.openstreetmap.org/node/14068681801
Manufacturer: Flock Safety
Direction: 262
Zone: traffic
Camera type: fixed</description>
      <Point>
        <coordinates>-97.5308865,25.9764494,0</coordinates>
      </Point>
    </Placemark>
    <Placemark>
      <name>ALPR</name>
      <description>OSM node: https://www.openstreetmap.org/node/14068683201
Manufacturer: Flock Safety
Direction: 256
Zone: traffic
Camera type: fixed</description>
      <Point>
        <coordinates>-97.5274397,25.9777992,0</coordinates>
      </Point>
    </Placemark>
    <Placemark>
      <name>ALPR</name>
      <description>OSM node: https://www.openstreetmap.org/node/14068700401
Manufacturer: Flock Safety
Direction: 0
Zone: traffic
Camera type: fixed</description>
      <Point>
        <coordinates>-96.7730769,32.7650404,0</coordinates>
      </Point>
    </Placemark>
    <Placemark>
      <name>ALPR</name>
      <description>OSM node: https://www.openstreetmap.org/node/14068766002
Manufacturer: Flock Safety
Direction: 0
Zone: traffic
Camera type: fixed</description>
      <Point>
        <coordinates>-97.4031386,27.7641961,0</coordinates>
      </Point>
    </Placemark>
    <Placemark>
      <name>ALPR</name>
      <description>OSM node: https://www.openstreetmap.org/node/14068770601
Manufacturer: Flock Safety
Direction: 314
Zone: traffic
Camera type: fixed</description>
      <Point>
        <coordinates>-95.243544,29.4093435,0</coordinates>
      </Point>
    </Placemark>
    <Placemark>
      <name>ALPR</name>
      <description>OSM node: https://www.openstreetmap.org/node/14068786102
Manufacturer: Flock Safety
Direction: 337
Zone: traffic
Camera type: fixed</description>
      <Point>
        <coordinates>-94.6959717,29.879115,0</coordinates>
      </Point>
    </Placemark>
    <Placemark>
      <name>ALPR</name>
      <description>OSM node: https://www.openstreetmap.org/node/14068786501
Manufacturer: Flock Safety
Direction: 119
Zone: traffic
Camera type: fixed</description>
      <Point>
        <coordinates>-95.2255325,29.5729823,0</coordinates>
      </Point>
    </Placemark>
    <Placemark>
      <name>ALPR</name>
      <description>OSM node: https://www.openstreetmap.org/node/14068790001
Manufacturer: Flock Safety
Direction: 163
Zone: traffic
Camera type: fixed</description>
      <Point>
        <coordinates>-94.6961115,29.8791087,0</coordinates>
      </Point>
    </Placemark>
    <Placemark>
      <name>ALPR</name>
      <description>OSM node: https://www.openstreetmap.org/node/14068798601
Manufacturer: Flock Safety
Direction: 239
Zone: traffic
Camera type: fixed</description>
      <Point>
        <coordinates>-97.924356,30.2323911,0</coordinates>
      </Point>
    </Placemark>
    <Placemark>
      <name>ALPR</name>
      <description>OSM node: https://www.openstreetmap.org/node/14068815401
Manufacturer: Flock Safety
Direction: 109;326
Zone: traffic
Camera type: fixed</description>
      <Point>
        <coordinates>-95.6451142,29.7398101,0</coordinates>
      </Point>
    </Placemark>
    <Placemark>
      <name>ALPR</name>
      <description>OSM node: https://www.openstreetmap.org/node/14068816301
Manufacturer: Flock Safety
Direction: 295
Zone: traffic
Camera type: fixed</description>
      <Point>
        <coordinates>-94.3530432,32.7701285,0</coordinates>
      </Point>
    </Placemark>
    <Placemark>
      <name>ALPR</name>
      <description>OSM node: https://www.openstreetmap.org/node/14068817231
Manufacturer: Flock Safety
Direction: 255
Zone: traffic
Camera type: fixed</description>
      <Point>
        <coordinates>-95.3569159,29.935046,0</coordinates>
      </Point>
    </Placemark>
    <Placemark>
      <name>ALPR</name>
      <description>OSM node: https://www.openstreetmap.org/node/14068820901
Manufacturer: Flock Safety
Direction: 75
Zone: traffic
Camera type: fixed</description>
      <Point>
        <coordinates>-94.8533226,29.7859548,0</coordinates>
      </Point>
    </Placemark>
    <Placemark>
      <name>ALPR</name>
      <description>OSM node: https://www.openstreetmap.org/node/14068821001
Manufacturer: Flock Safety
Direction: 0
Zone: traffic
Camera type: fixed</description>
      <Point>
        <coordinates>-106.4332047,31.8501468,0</coordinates>
      </Point>
    </Placemark>
    <Placemark>
      <name>ALPR</name>
      <description>OSM node: https://www.openstreetmap.org/node/14068821501
Manufacturer: Flock Safety
Direction: 247
Zone: traffic
Camera type: fixed</description>
      <Point>
        <coordinates>-94.8532962,29.7860654,0</coordinates>
      </Point>
    </Placemark>
    <Placemark>
      <name>ALPR</name>
      <description>OSM node: https://www.openstreetmap.org/node/14068828901
Manufacturer: Flock Safety
Direction: 239
Zone: traffic
Camera type: fixed</description>
      <Point>
        <coordinates>-94.8572999,29.7663343,0</coordinates>
      </Point>
    </Placemark>
    <Placemark>
      <name>ALPR</name>
      <description>OSM node: https://www.openstreetmap.org/node/14068829401
Manufacturer: Flock Safety
Direction: 103
Zone: traffic
Camera type: fixed</description>
      <Point>
        <coordinates>-94.8559689,29.7587968,0</coordinates>
      </Point>
    </Placemark>
    <Placemark>
      <name>ALPR</name>
      <description>OSM node: https://www.openstreetmap.org/node/14068842903
Manufacturer: Flock Safety
Direction: 160
Zone: traffic
Camera type: fixed</description>
      <Point>
        <coordinates>-103.041468,36.3883963,0</coordinates>
      </Point>
    </Placemark>
    <Placemark>
      <name>ALPR</name>
      <description>OSM node: https://www.openstreetmap.org/node/14068863202
Manufacturer: Motorola Solutions
Direction: 186
Zone: traffic
Camera type: fixed</description>
      <Point>
        <coordinates>-96.8491061,33.025671,0</coordinates>
      </Point>
    </Placemark>
    <Placemark>
      <name>ALPR</name>
      <description>OSM node: https://www.openstreetmap.org/node/14068894901
Manufacturer: Flock Safety
Direction: 134
Zone: traffic
Camera type: fixed</description>
      <Point>
        <coordinates>-102.9228151,31.5528219,0</coordinates>
      </Point>
    </Placemark>
    <Placemark>
      <name>ALPR</name>
      <description>OSM node: https://www.openstreetmap.org/node/14069010001
Manufacturer: Flock Safety
Direction: 246
Zone: traffic
Camera type: fixed</description>
      <Point>
        <coordinates>-98.7238645,30.7698036,0</coordinates>
      </Point>
    </Placemark>
    <Placemark>
      <name>ALPR</name>
      <description>OSM node: https://www.openstreetmap.org/node/14069018801
Manufacturer: Flock Safety
Direction: 41
Zone: traffic
Camera type: fixed</description>
      <Point>
        <coordinates>-102.9094025,31.5750236,0</coordinates>
      </Point>
    </Placemark>
    <Placemark>
      <name>ALPR</name>
      <description>OSM node: https://www.openstreetmap.org/node/14069088301
Manufacturer: Flock Safety
Direction: 237
Zone: traffic
Camera type: fixed</description>
      <Point>
        <coordinates>-101.8096952,33.3853494,0</coordinates>
      </Point>
    </Placemark>
    <Placemark>
      <name>ALPR</name>
      <description>OSM node: https://www.openstreetmap.org/node/14069106001
Manufacturer: Flock Safety
Direction: 125
Zone: traffic
Camera type: fixed</description>
      <Point>
        <coordinates>-98.2394474,29.624628,0</coordinates>
      </Point>
    </Placemark>
    <Placemark>
      <name>ALPR</name>
      <description>OSM node: https://www.openstreetmap.org/node/14069140401
Manufacturer: Flock Safety
Direction: 225
Zone: traffic
Camera type: fixed</description>
      <Point>
        <coordinates>-97.1780149,32.7940102,0</coordinates>
      </Point>
    </Placemark>
    <Placemark>
      <name>ALPR</name>
      <description>OSM node: https://www.openstreetmap.org/node/14069144901
Manufacturer: Flock Safety
Direction: 54
Zone: traffic
Camera type: fixed</description>
      <Point>
        <coordinates>-96.9428621,29.4437728,0</coordinates>
      </Point>
    </Placemark>
    <Placemark>
      <name>ALPR</name>
      <description>OSM node: https://www.openstreetmap.org/node/14069148601
Manufacturer: Flock Safety
Direction: 0;88
Zone: traffic
Camera type: fixed</description>
      <Point>
        <coordinates>-99.4484275,27.4675079,0</coordinates>
      </Point>
    </Placemark>
    <Placemark>
      <name>ALPR</name>
      <description>OSM node: https://www.openstreetmap.org/node/14069155001
Manufacturer: Flock Safety
Direction: 9;193
Zone: traffic
Camera type: fixed</description>
      <Point>
        <coordinates>-98.6613284,29.7307897,0</coordinates>
      </Point>
    </Placemark>
    <Placemark>
      <name>ALPR</name>
      <description>OSM node: https://www.openstreetmap.org/node/14069194101
Manufacturer: Flock Safety
Direction: 348
Zone: traffic
Camera type: fixed</description>
      <Point>
        <coordinates>-95.4646088,30.3248204,0</coordinates>
      </Point>
    </Placemark>
    <Placemark>
      <name>ALPR</name>
      <description>OSM node: https://www.openstreetmap.org/node/14069201601
Manufacturer: Flock Safety
Direction: 259
Zone: traffic
Camera type: fixed</description>
      <Point>
        <coordinates>-96.310062,32.5897683,0</coordinates>
      </Point>
    </Placemark>
    <Placemark>
      <name>ALPR</name>
      <description>OSM node: https://www.openstreetmap.org/node/14069201901
Manufacturer: Flock Safety
Direction: 304
Zone: traffic
Camera type: fixed</description>
      <Point>
        <coordinates>-97.6640872,29.6508917,0</coordinates>
      </Point>
    </Placemark>
    <Placemark>
      <name>ALPR</name>
      <description>OSM node: https://www.openstreetmap.org/node/14069202901
Manufacturer: Flock Safety
Direction: 154
Zone: traffic
Camera type: fixed</description>
      <Point>
        <coordinates>-96.3102014,32.5896073,0</coordinates>
      </Point>
    </Placemark>
    <Placemark>
      <name>ALPR</name>
      <description>OSM node: https://www.openstreetmap.org/node/14069205201
Manufacturer: Flock Safety
Direction: 195;65
Zone: traffic
Camera type: fixed</description>
      <Point>
        <coordinates>-96.3099069,32.588956,0</coordinates>
      </Point>
    </Placemark>
    <Placemark>
      <name>ALPR</name>
      <description>OSM node: https://www.openstreetmap.org/node/14069214402
Manufacturer: Flock Safety
Direction: 242
Zone: traffic
Camera type: fixed</description>
      <Point>
        <coordinates>-96.307986,32.5890619,0</coordinates>
      </Point>
    </Placemark>
    <Placemark>
      <name>ALPR</name>
      <description>OSM node: https://www.openstreetmap.org/node/14069262503
Manufacturer: Flock Safety
Direction: 327
Zone: traffic
Camera type: fixed</description>
      <Point>
        <coordinates>-96.9512633,32.607316,0</coordinates>
      </Point>
    </Placemark>
    <Placemark>
      <name>ALPR</name>
      <description>OSM node: https://www.openstreetmap.org/node/14069292801
Manufacturer: Flock Safety
Direction: 51
Zone: traffic
Camera type: fixed</description>
      <Point>
        <coordinates>-94.978301,29.7299819,0</coordinates>
      </Point>
    </Placemark>
    <Placemark>
      <name>ALPR</name>
      <description>OSM node: https://www.openstreetmap.org/node/14069328201
Manufacturer: Flock Safety
Direction: 161
Zone: traffic
Camera type: fixed</description>
      <Point>
        <coordinates>-94.9968425,29.7163229,0</coordinates>
      </Point>
    </Placemark>
    <Placemark>
      <name>ALPR</name>
      <description>OSM node: https://www.openstreetmap.org/node/14069340801
Manufacturer: Flock Safety
Direction: 22
Zone: traffic
Camera type: fixed</description>
      <Point>
        <coordinates>-96.7734914,32.7645139,0</coordinates>
      </Point>
    </Placemark>
    <Placemark>
      <name>ALPR</name>
      <description>OSM node: https://www.openstreetmap.org/node/14069362601
Manufacturer: Flock Safety
Direction: 53
Zone: traffic
Camera type: fixed</description>
      <Point>
        <coordinates>-96.390756,30.6579089,0</coordinates>
      </Point>
    </Placemark>
    <Placemark>
      <name>ALPR</name>
      <description>OSM node: https://www.openstreetmap.org/node/14069371201
Manufacturer: Flock Safety
Direction: 281
Zone: traffic
Camera type: fixed</description>
      <Point>
        <coordinates>-96.6028087,33.0340225,0</coordinates>
      </Point>
    </Placemark>
    <Placemark>
      <name>ALPR</name>
      <description>OSM node: https://www.openstreetmap.org/node/14069416003
Manufacturer: Flock Safety
Direction: 125
Zone: traffic
Camera type: fixed</description>
      <Point>
        <coordinates>-97.1619631,32.8737945,0</coordinates>
      </Point>
    </Placemark>
    <Placemark>
      <name>ALPR</name>
      <description>OSM node: https://www.openstreetmap.org/node/14069469501
Manufacturer: Flock Safety
Direction: 295
Zone: traffic
Camera type: fixed</description>
      <Point>
        <coordinates>-97.8068476,30.1234414,0</coordinates>
      </Point>
    </Placemark>
    <Placemark>
      <name>ALPR</name>
      <description>OSM node: https://www.openstreetmap.org/node/14069500901
Manufacturer: Flock Safety
Direction: 339
Zone: traffic
Camera type: fixed</description>
      <Point>
        <coordinates>-97.3062645,27.8980096,0</coordinates>
      </Point>
    </Placemark>
    <Placemark>
      <name>ALPR</name>
      <description>OSM node: https://www.openstreetmap.org/node/14069539901
Manufacturer: Flock Safety
Direction: 327
Zone: traffic
Camera type: fixed</description>
      <Point>
        <coordinates>-96.7018683,33.0317488,0</coordinates>
      </Point>
    </Placemark>
    <Placemark>
      <name>ALPR</name>
      <description>OSM node: https://www.openstreetmap.org/node/14069555901
Manufacturer: Flock Safety
Direction: 218
Zone: traffic
Camera type: fixed</description>
      <Point>
        <coordinates>-98.336496,29.4891701,0</coordinates>
      </Point>
    </Placemark>
    <Placemark>
      <name>ALPR</name>
      <description>OSM node: https://www.openstreetmap.org/node/14069610202
Manufacturer: Flock Safety
Direction: 23
Zone: traffic
Camera type: fixed</description>
      <Point>
        <coordinates>-95.2571682,29.612915,0</coordinates>
      </Point>
    </Placemark>
    <Placemark>
      <name>ALPR</name>
      <description>OSM node: https://www.openstreetmap.org/node/14069614001
Manufacturer: Flock Safety
Direction: 278
Zone: traffic
Camera type: fixed</description>
      <Point>
        <coordinates>-95.2570132,29.614646,0</coordinates>
      </Point>
    </Placemark>
    <Placemark>
      <name>ALPR</name>
      <description>OSM node: https://www.openstreetmap.org/node/14069653901
Manufacturer: Flock Safety
Direction: 291
Zone: traffic
Camera type: fixed</description>
      <Point>
        <coordinates>-97.6742353,30.4205922,0</coordinates>
      </Point>
    </Placemark>
    <Placemark>
      <name>ALPR</name>
      <description>OSM node: https://www.openstreetmap.org/node/14069668001
Manufacturer: Flock Safety
Direction: 165
Zone: traffic
Camera type: fixed</description>
      <Point>
        <coordinates>-94.9949311,29.7146132,0</coordinates>
      </Point>
    </Placemark>
    <Placemark>
      <name>ALPR</name>
      <description>OSM node: https://www.openstreetmap.org/node/14069725501
Manufacturer: Flock Safety
Direction: 268
Zone: traffic
Camera type: fixed</description>
      <Point>
        <coordinates>-97.5265571,32.5160565,0</coordinates>
      </Point>
    </Placemark>
    <Placemark>
      <name>ALPR</name>
      <description>OSM node: https://www.openstreetmap.org/node/14069992301
Manufacturer: Flock Safety
Direction: 183
Zone: traffic
Camera type: fixed</description>
      <Point>
        <coordinates>-98.7744865,29.5182084,0</coordinates>
      </Point>
    </Placemark>
    <Placemark>
      <name>ALPR</name>
      <description>OSM node: https://www.openstreetmap.org/node/14070168801
Manufacturer: Flock Safety
Direction: 0
Zone: traffic
Camera type: fixed</description>
      <Point>
        <coordinates>-98.3651791,26.2649488,0</coordinates>
      </Point>
    </Placemark>
    <Placemark>
      <name>ALPR</name>
      <description>OSM node: https://www.openstreetmap.org/node/14070168901
Manufacturer: Flock Safety
Direction: 172
Zone: traffic
Camera type: fixed</description>
      <Point>
        <coordinates>-98.3653401,26.2648396,0</coordinates>
      </Point>
    </Placemark>
    <Placemark>
      <name>ALPR</name>
      <description>OSM node: https://www.openstreetmap.org/node/14070347501
Manufacturer: Flock Safety
Direction: 67
Zone: traffic
Camera type: fixed</description>
      <Point>
        <coordinates>-97.3007497,33.1932224,0</coordinates>
      </Point>
    </Placemark>
    <Placemark>
      <name>ALPR</name>
      <description>OSM node: https://www.openstreetmap.org/node/14070552801
Manufacturer: Flock Safety
Direction: 0
Zone: traffic
Camera type: fixed</description>
      <Point>
        <coordinates>-98.919986,29.9599368,0</coordinates>
      </Point>
    </Placemark>
    <Placemark>
      <name>ALPR</name>
      <description>OSM node: https://www.openstreetmap.org/node/14070556201
Manufacturer: Flock Safety
Direction: 147
Zone: traffic
Camera type: fixed</description>
      <Point>
        <coordinates>-96.9001541,33.2076834,0</coordinates>
      </Point>
    </Placemark>
    <Placemark>
      <name>ALPR</name>
      <description>OSM node: https://www.openstreetmap.org/node/14070556202
Manufacturer: Flock Safety
Direction: 84
Zone: traffic
Camera type: fixed</description>
      <Point>
        <coordinates>-98.6562153,30.7320679,0</coordinates>
      </Point>
    </Placemark>
    <Placemark>
      <name>ALPR</name>
      <description>OSM node: https://www.openstreetmap.org/node/14070556203
Manufacturer: Flock Safety
Direction: 104
Zone: traffic
Camera type: fixed</description>
      <Point>
        <coordinates>-96.8974927,33.2094026,0</coordinates>
      </Point>
    </Placemark>
    <Placemark>
      <name>ALPR</name>
      <description>OSM node: https://www.openstreetmap.org/node/14070556204
Manufacturer: Flock Safety
Direction: 138
Zone: traffic
Camera type: fixed</description>
      <Point>
        <coordinates>-96.8947504,33.2110349,0</coordinates>
      </Point>
    </Placemark>
    <Placemark>
      <name>ALPR</name>
      <description>OSM node: https://www.openstreetmap.org/node/14070559101
Manufacturer: Flock Safety
Direction: 157
Zone: traffic
Camera type: fixed</description>
      <Point>
        <coordinates>-96.8911062,33.2111509,0</coordinates>
      </Point>
    </Placemark>
    <Placemark>
      <name>ALPR</name>
      <description>OSM node: https://www.openstreetmap.org/node/14070597101
Manufacturer: Flock Safety
Direction: 137
Zone: traffic
Camera type: fixed</description>
      <Point>
        <coordinates>-96.8288576,32.831632,0</coordinates>
      </Point>
    </Placemark>
    <Placemark>
      <name>ALPR</name>
      <description>OSM node: https://www.openstreetmap.org/node/14070614301
Manufacturer: Flock Safety
Direction: 210
Zone: traffic
Camera type: fixed</description>
      <Point>
        <coordinates>-98.691537,29.7302003,0</coordinates>
      </Point>
    </Placemark>
    <Placemark>
      <name>ALPR</name>
      <description>OSM node: https://www.openstreetmap.org/node/14070616202
Manufacturer: Flock Safety
Direction: 199
Zone: traffic
Camera type: fixed</description>
      <Point>
        <coordinates>-94.9783073,29.7290805,0</coordinates>
      </Point>
    </Placemark>
    <Placemark>
      <name>ALPR</name>
      <description>OSM node: https://www.openstreetmap.org/node/14070661302
Manufacturer: Flock Safety
Direction: 183
Zone: traffic
Camera type: fixed</description>
      <Point>
        <coordinates>-97.7399826,31.1290611,0</coordinates>
      </Point>
    </Placemark>
    <Placemark>
      <name>ALPR</name>
      <description>OSM node: https://www.openstreetmap.org/node/14070669601
Manufacturer: Flock Safety
Direction: 346
Zone: traffic
Camera type: fixed</description>
      <Point>
        <coordinates>-97.7425012,31.121517,0</coordinates>
      </Point>
    </Placemark>
    <Placemark>
      <name>ALPR</name>
      <description>OSM node: https://www.openstreetmap.org/node/14070892102
Manufacturer: Flock Safety
Direction: 259
Zone: traffic
Camera type: fixed</description>
      <Point>
        <coordinates>-95.4184219,29.7018823,0</coordinates>
      </Point>
    </Placemark>
    <Placemark>
      <name>ALPR</name>
      <description>OSM node: https://www.openstreetmap.org/node/14070917402
Manufacturer: Flock Safety
Direction: 244
Zone: traffic
Camera type: fixed</description>
      <Point>
        <coordinates>-97.8428705,30.0189849,0</coordinates>
      </Point>
    </Placemark>
    <Placemark>
      <name>ALPR</name>
      <description>OSM node: https://www.openstreetmap.org/node/14070983001
Manufacturer: Flock Safety
Direction: 80
Zone: traffic
Camera type: fixed</description>
      <Point>
        <coordinates>-97.7717965,30.2368574,0</coordinates>
      </Point>
    </Placemark>
    <Placemark>
      <name>ALPR</name>
      <description>OSM node: https://www.openstreetmap.org/node/14071005101
Manufacturer: Flock Safety
Direction: 264
Zone: traffic
Camera type: fixed</description>
      <Point>
        <coordinates>-97.7713976,30.2369263,0</coordinates>
      </Point>
    </Placemark>
    <Placemark>
      <name>ALPR</name>
      <description>OSM node: https://www.openstreetmap.org/node/14071127101
Manufacturer: Flock Safety
Direction: 69
Zone: traffic
Camera type: fixed</description>
      <Point>
        <coordinates>-96.8169851,32.9490502,0</coordinates>
      </Point>
    </Placemark>
    <Placemark>
      <name>ALPR</name>
      <description>OSM node: https://www.openstreetmap.org/node/14071132501
Manufacturer: Flock Safety
Direction: 287
Zone: traffic
Camera type: fixed</description>
      <Point>
        <coordinates>-95.0613802,29.4283163,0</coordinates>
      </Point>
    </Placemark>
    <Placemark>
      <name>ALPR</name>
      <description>OSM node: https://www.openstreetmap.org/node/14071163802
Manufacturer: Flock Safety
Direction: 322
Zone: traffic
Camera type: fixed</description>
      <Point>
        <coordinates>-95.2942448,30.0221734,0</coordinates>
      </Point>
    </Placemark>
    <Placemark>
      <name>ALPR</name>
      <description>OSM node: https://www.openstreetmap.org/node/14071167301
Manufacturer: Flock Safety
Direction: 67
Zone: traffic
Camera type: fixed</description>
      <Point>
        <coordinates>-98.1413418,29.6836304,0</coordinates>
      </Point>
    </Placemark>
    <Placemark>
      <name>ALPR</name>
      <description>OSM node: https://www.openstreetmap.org/node/14071177103
Manufacturer: Flock Safety
Direction: 0
Zone: traffic
Camera type: fixed</description>
      <Point>
        <coordinates>-97.2630629,32.7160799,0</coordinates>
      </Point>
    </Placemark>
    <Placemark>
      <name>ALPR</name>
      <description>OSM node: https://www.openstreetmap.org/node/14071183401
Manufacturer: Flock Safety
Direction: 97
Zone: traffic
Camera type: fixed</description>
      <Point>
        <coordinates>-95.430543,29.967067,0</coordinates>
      </Point>
    </Placemark>
    <Placemark>
      <name>ALPR</name>
      <description>OSM node: https://www.openstreetmap.org/node/14071248502
Manufacturer: Flock Safety
Direction: 82
Zone: traffic
Camera type: fixed</description>
      <Point>
        <coordinates>-95.4291762,30.05169,0</coordinates>
      </Point>
    </Placemark>
    <Placemark>
      <name>ALPR</name>
      <description>OSM node: https://www.openstreetmap.org/node/14071253002
Manufacturer: Flock Safety
Direction: 171
Zone: traffic
Camera type: fixed</description>
      <Point>
        <coordinates>-95.0624167,29.4296981,0</coordinates>
      </Point>
    </Placemark>
    <Placemark>
      <name>ALPR</name>
      <description>OSM node: https://www.openstreetmap.org/node/14071272401
Manufacturer: Flock Safety
Direction: 300
Zone: traffic
Camera type: fixed</description>
      <Point>
        <coordinates>-97.6750697,30.4189512,0</coordinates>
      </Point>
    </Placemark>
    <Placemark>
      <name>ALPR</name>
      <description>OSM node: https://www.openstreetmap.org/node/14071334801
Manufacturer: Flock Safety
Direction: 234
Zone: traffic
Camera type: fixed</description>
      <Point>
        <coordinates>-96.9938706,32.4617489,0</coordinates>
      </Point>
    </Placemark>
    <Placemark>
      <name>ALPR</name>
      <description>OSM node: https://www.openstreetmap.org/node/14071340201
Manufacturer: Flock Safety
Direction: 134
Zone: traffic
Camera type: fixed</description>
      <Point>
        <coordinates>-96.4501364,32.6289722,0</coordinates>
      </Point>
    </Placemark>
    <Placemark>
      <name>ALPR</name>
      <description>OSM node: https://www.openstreetmap.org/node/14071341879
Manufacturer: Flock Safety
Direction: 171
Zone: traffic
Camera type: fixed</description>
      <Point>
        <coordinates>-95.2967697,30.006894,0</coordinates>
      </Point>
    </Placemark>
    <Placemark>
      <name>ALPR</name>
      <description>OSM node: https://www.openstreetmap.org/node/14071363101
Manufacturer: Flock Safety
Direction: 118
Zone: traffic
Camera type: fixed</description>
      <Point>
        <coordinates>-97.807289,30.1234983,0</coordinates>
      </Point>
    </Placemark>
    <Placemark>
      <name>ALPR</name>
      <description>OSM node: https://www.openstreetmap.org/node/14071369701
Manufacturer: Flock Safety
Direction: 188
Zone: traffic
Camera type: fixed</description>
      <Point>
        <coordinates>-97.8097739,30.1288734,0</coordinates>
      </Point>
    </Placemark>
    <Placemark>
      <name>ALPR</name>
      <description>OSM node: https://www.openstreetmap.org/node/14071370401
Manufacturer: Flock Safety
Direction: 0
Zone: traffic
Camera type: fixed</description>
      <Point>
        <coordinates>-97.8097692,30.1284657,0</coordinates>
      </Point>
    </Placemark>
    <Placemark>
      <name>ALPR</name>
      <description>OSM node: https://www.openstreetmap.org/node/14071403002
Manufacturer: Flock Safety
Direction: 0
Zone: traffic
Camera type: fixed</description>
      <Point>
        <coordinates>-97.8097692,30.1284657,0</coordinates>
      </Point>
    </Placemark>
    <Placemark>
      <name>ALPR</name>
      <description>OSM node: https://www.openstreetmap.org/node/14071460601
Manufacturer: Flock Safety
Direction: 25
Zone: traffic
Camera type: fixed</description>
      <Point>
        <coordinates>-98.1626192,29.6681874,0</coordinates>
      </Point>
    </Placemark>
    <Placemark>
      <name>ALPR</name>
      <description>OSM node: https://www.openstreetmap.org/node/14071512083
Manufacturer: Flock Safety
Direction: 160
Zone: traffic
Camera type: fixed</description>
      <Point>
        <coordinates>-97.1309006,32.6834802,0</coordinates>
      </Point>
    </Placemark>
    <Placemark>
      <name>ALPR</name>
      <description>OSM node: https://www.openstreetmap.org/node/14071526901
Manufacturer: Flock Safety
Direction: 0;0;351
Zone: traffic
Camera type: fixed</description>
      <Point>
        <coordinates>-95.5359487,29.6457764,0</coordinates>
      </Point>
    </Placemark>
    <Placemark>
      <name>ALPR</name>
      <description>OSM node: https://www.openstreetmap.org/node/14071577801
Manufacturer: Flock Safety
Direction: 208;34
Zone: traffic
Camera type: fixed</description>
      <Point>
        <coordinates>-95.4844755,29.6036664,0</coordinates>
      </Point>
    </Placemark>
    <Placemark>
      <name>ALPR</name>
      <description>OSM node: https://www.openstreetmap.org/node/14071578401
Manufacturer: Flock Safety
Direction: 178
Zone: traffic
Camera type: fixed</description>
      <Point>
        <coordinates>-99.0545527,29.0170332,0</coordinates>
      </Point>
    </Placemark>
    <Placemark>
      <name>ALPR</name>
      <description>OSM node: https://www.openstreetmap.org/node/14071579801
Manufacturer: Flock Safety
Direction: 30
Zone: traffic
Camera type: fixed</description>
      <Point>
        <coordinates>-99.0368956,29.0384843,0</coordinates>
      </Point>
    </Placemark>
    <Placemark>
      <name>ALPR</name>
      <description>OSM node: https://www.openstreetmap.org/node/14071579802
Manufacturer: Flock Safety
Direction: 0
Zone: traffic
Camera type: fixed</description>
      <Point>
        <coordinates>-101.7763097,34.5585586,0</coordinates>
      </Point>
    </Placemark>
    <Placemark>
      <name>ALPR</name>
      <description>OSM node: https://www.openstreetmap.org/node/14071580342
Manufacturer: Flock Safety
Direction: 145
Zone: traffic
Camera type: fixed</description>
      <Point>
        <coordinates>-97.1266963,32.6808448,0</coordinates>
      </Point>
    </Placemark>
    <Placemark>
      <name>ALPR</name>
      <description>OSM node: https://www.openstreetmap.org/node/14071580343
Manufacturer: Flock Safety
Direction: 125
Zone: traffic
Camera type: fixed</description>
      <Point>
        <coordinates>-97.1343,32.6790199,0</coordinates>
      </Point>
    </Placemark>
    <Placemark>
      <name>ALPR</name>
      <description>OSM node: https://www.openstreetmap.org/node/14071591957
Manufacturer: Flock Safety
Direction: 30
Zone: traffic
Camera type: fixed</description>
      <Point>
        <coordinates>-97.1309113,32.6832779,0</coordinates>
      </Point>
    </Placemark>
    <Placemark>
      <name>ALPR</name>
      <description>OSM node: https://www.openstreetmap.org/node/14071594388
Manufacturer: Flock Safety
Direction: 290
Zone: traffic
Camera type: fixed</description>
      <Point>
        <coordinates>-97.1323491,32.6826074,0</coordinates>
      </Point>
    </Placemark>
    <Placemark>
      <name>ALPR</name>
      <description>OSM node: https://www.openstreetmap.org/node/14071629501
Manufacturer: Flock Safety
Direction: 340
Zone: traffic
Camera type: fixed</description>
      <Point>
        <coordinates>-94.9768553,29.746701,0</coordinates>
      </Point>
    </Placemark>
    <Placemark>
      <name>ALPR</name>
      <description>OSM node: https://www.openstreetmap.org/node/14071653862
Manufacturer: Flock Safety
Direction: 30
Zone: traffic
Camera type: fixed</description>
      <Point>
        <coordinates>-98.4865703,29.5211797,0</coordinates>
      </Point>
    </Placemark>
    <Placemark>
      <name>ALPR</name>
      <description>OSM node: https://www.openstreetmap.org/node/14071653863
Manufacturer: Flock Safety
Direction: 185
Zone: traffic
Camera type: fixed</description>
      <Point>
        <coordinates>-98.4845412,29.5218348,0</coordinates>
      </Point>
    </Placemark>
    <Placemark>
      <name>ALPR</name>
      <description>OSM node: https://www.openstreetmap.org/node/14071666170
Manufacturer: Flock Safety
Direction: 245
Zone: traffic
Camera type: fixed</description>
      <Point>
        <coordinates>-97.1333397,32.6808694,0</coordinates>
      </Point>
    </Placemark>
    <Placemark>
      <name>ALPR</name>
      <description>OSM node: https://www.openstreetmap.org/node/14071666784
Manufacturer: Flock Safety
Direction: 125
Zone: traffic
Camera type: fixed</description>
      <Point>
        <coordinates>-97.1323508,32.6826001,0</coordinates>
      </Point>
    </Placemark>
    <Placemark>
      <name>ALPR</name>
      <description>OSM node: https://www.openstreetmap.org/node/14071671345
Manufacturer: Flock Safety
Direction: 155
Zone: traffic
Camera type: fixed</description>
      <Point>
        <coordinates>-97.126611,32.6818553,0</coordinates>
      </Point>
    </Placemark>
    <Placemark>
      <name>ALPR</name>
      <description>OSM node: https://www.openstreetmap.org/node/14071671346
Manufacturer: Flock Safety
Direction: 20
Zone: traffic
Camera type: fixed</description>
      <Point>
        <coordinates>-97.1266865,32.6812182,0</coordinates>
      </Point>
    </Placemark>
    <Placemark>
      <name>ALPR</name>
      <description>OSM node: https://www.openstreetmap.org/node/14071671458
Manufacturer: Flock Safety
Direction: 310
Zone: traffic
Camera type: fixed</description>
      <Point>
        <coordinates>-97.1338789,32.6789845,0</coordinates>
      </Point>
    </Placemark>
    <Placemark>
      <name>ALPR</name>
      <description>OSM node: https://www.openstreetmap.org/node/14071673059
Manufacturer: Flock Safety
Direction: 325
Zone: traffic
Camera type: fixed</description>
      <Point>
        <coordinates>-97.1265349,32.6808888,0</coordinates>
      </Point>
    </Placemark>
    <Placemark>
      <name>ALPR</name>
      <description>OSM node: https://www.openstreetmap.org/node/14071679785
Manufacturer: Flock Safety
Direction: 350
Zone: traffic
Camera type: fixed</description>
      <Point>
        <coordinates>-97.1347707,32.6792488,0</coordinates>
      </Point>
    </Placemark>
    <Placemark>
      <name>ALPR</name>
      <description>OSM node: https://www.openstreetmap.org/node/14071724001
Manufacturer: Axis Communications
Direction: 159
Zone: traffic
Camera type: fixed</description>
      <Point>
        <coordinates>-97.0467073,32.7900745,0</coordinates>
      </Point>
    </Placemark>
    <Placemark>
      <name>ALPR</name>
      <description>OSM node: https://www.openstreetmap.org/node/14071727601
Manufacturer: Axis Communications
Direction: 339
Zone: traffic
Camera type: fixed</description>
      <Point>
        <coordinates>-97.0464517,32.7882067,0</coordinates>
      </Point>
    </Placemark>
    <Placemark>
      <name>ALPR</name>
      <description>OSM node: https://www.openstreetmap.org/node/14071752501
Manufacturer: Flock Safety
Direction: 47;154
Zone: traffic
Camera type: fixed</description>
      <Point>
        <coordinates>-97.0072307,32.7285655,0</coordinates>
      </Point>
    </Placemark>
    <Placemark>
      <name>ALPR</name>
      <description>OSM node: https://www.openstreetmap.org/node/14071788001
Manufacturer: Axon Enterprise
Direction: 80
Zone: traffic
Camera type: fixed</description>
      <Point>
        <coordinates>-98.6718025,29.2773878,0</coordinates>
      </Point>
    </Placemark>
    <Placemark>
      <name>ALPR</name>
      <description>OSM node: https://www.openstreetmap.org/node/14072003701
Manufacturer: Flock Safety
Direction: 0
Zone: traffic
Camera type: fixed</description>
      <Point>
        <coordinates>-98.5884094,29.5836639,0</coordinates>
      </Point>
    </Placemark>
    <Placemark>
      <name>ALPR</name>
      <description>OSM node: https://www.openstreetmap.org/node/14072004301
Manufacturer: Flock Safety
Direction: 0
Zone: traffic
Camera type: fixed</description>
      <Point>
        <coordinates>-98.5887288,29.5821106,0</coordinates>
      </Point>
    </Placemark>
    <Placemark>
      <name>ALPR</name>
      <description>OSM node: https://www.openstreetmap.org/node/14072079701
Manufacturer: Flock Safety
Direction: 312
Zone: traffic
Camera type: fixed</description>
      <Point>
        <coordinates>-94.8218034,29.2778784,0</coordinates>
      </Point>
    </Placemark>
    <Placemark>
      <name>ALPR</name>
      <description>OSM node: https://www.openstreetmap.org/node/14072096201
Manufacturer: Flock Safety
Direction: 28
Zone: traffic
Camera type: fixed</description>
      <Point>
        <coordinates>-95.0676684,29.9036267,0</coordinates>
      </Point>
    </Placemark>
    <Placemark>
      <name>ALPR</name>
      <description>OSM node: https://www.openstreetmap.org/node/14072533601
Manufacturer: Flock Safety
Direction: 346
Zone: traffic
Camera type: fixed</description>
      <Point>
        <coordinates>-94.9668085,30.7243334,0</coordinates>
      </Point>
    </Placemark>
    <Placemark>
      <name>ALPR</name>
      <description>OSM node: https://www.openstreetmap.org/node/14072656001
Manufacturer: Flock Safety
Direction: 309
Zone: traffic
Camera type: fixed</description>
      <Point>
        <coordinates>-96.8249475,32.9385219,0</coordinates>
      </Point>
    </Placemark>
    <Placemark>
      <name>ALPR</name>
      <description>OSM node: https://www.openstreetmap.org/node/14072935501
Manufacturer: Flock Safety
Direction: 244
Zone: traffic
Camera type: fixed</description>
      <Point>
        <coordinates>-97.0351955,32.6489866,0</coordinates>
      </Point>
    </Placemark>
    <Placemark>
      <name>ALPR</name>
      <description>OSM node: https://www.openstreetmap.org/node/14072949402
Manufacturer: Flock Safety
Direction: 65
Zone: traffic
Camera type: fixed</description>
      <Point>
        <coordinates>-97.1337313,27.7369058,0</coordinates>
      </Point>
    </Placemark>
    <Placemark>
      <name>ALPR</name>
      <description>OSM node: https://www.openstreetmap.org/node/14073072302
Manufacturer: Flock Safety
Direction: 343
Zone: traffic
Camera type: fixed</description>
      <Point>
        <coordinates>-98.669995,30.772027,0</coordinates>
      </Point>
    </Placemark>
    <Placemark>
      <name>ALPR</name>
      <description>OSM node: https://www.openstreetmap.org/node/14073156001
Manufacturer: Flock Safety
Direction: 332
Zone: traffic
Camera type: fixed</description>
      <Point>
        <coordinates>-97.4458324,25.9394421,0</coordinates>
      </Point>
    </Placemark>
    <Placemark>
      <name>ALPR</name>
      <description>OSM node: https://www.openstreetmap.org/node/14073159701
Manufacturer: Flock Safety
Direction: 282
Zone: traffic
Camera type: fixed</description>
      <Point>
        <coordinates>-97.4590041,25.9258792,0</coordinates>
      </Point>
    </Placemark>
    <Placemark>
      <name>ALPR</name>
      <description>OSM node: https://www.openstreetmap.org/node/14073216603
Manufacturer: Flock Safety
Direction: 265
Zone: traffic
Camera type: fixed</description>
      <Point>
        <coordinates>-101.7687409,34.5587567,0</coordinates>
      </Point>
    </Placemark>
    <Placemark>
      <name>ALPR</name>
      <description>OSM node: https://www.openstreetmap.org/node/14073228001
Manufacturer: Flock Safety
Direction: 266
Zone: traffic
Camera type: fixed</description>
      <Point>
        <coordinates>-101.7660902,34.5587701,0</coordinates>
      </Point>
    </Placemark>
    <Placemark>
      <name>ALPR</name>
      <description>OSM node: https://www.openstreetmap.org/node/14073228002
Manufacturer: Flock Safety
Direction: 272
Zone: traffic
Camera type: fixed</description>
      <Point>
        <coordinates>-101.7635157,34.5588107,0</coordinates>
      </Point>
    </Placemark>
    <Placemark>
      <name>ALPR</name>
      <description>OSM node: https://www.openstreetmap.org/node/14073228003
Manufacturer: Flock Safety
Direction: 271
Zone: traffic
Camera type: fixed</description>
      <Point>
        <coordinates>-101.7616345,34.5587701,0</coordinates>
      </Point>
    </Placemark>
    <Placemark>
      <name>ALPR</name>
      <description>OSM node: https://www.openstreetmap.org/node/14073229701
Manufacturer: Flock Safety
Direction: 89
Zone: traffic
Camera type: fixed</description>
      <Point>
        <coordinates>-101.7596208,34.5587422,0</coordinates>
      </Point>
    </Placemark>
    <Placemark>
      <name>ALPR</name>
      <description>OSM node: https://www.openstreetmap.org/node/14073239902
Manufacturer: Flock Safety
Direction: 204
Zone: traffic
Camera type: fixed</description>
      <Point>
        <coordinates>-93.9832988,30.9169155,0</coordinates>
      </Point>
    </Placemark>
    <Placemark>
      <name>ALPR</name>
      <description>OSM node: https://www.openstreetmap.org/node/14073289601
Manufacturer: Flock Safety
Direction: 163
Zone: traffic
Camera type: fixed</description>
      <Point>
        <coordinates>-102.4058941,34.8111248,0</coordinates>
      </Point>
    </Placemark>
    <Placemark>
      <name>Pflugerville ISD ALPR</name>
      <description>OSM node: https://www.openstreetmap.org/node/14073317509
Operator: Pflugerville ISD
Zone: parking
Camera type: fixed</description>
      <Point>
        <coordinates>-97.6350329,30.4463669,0</coordinates>
      </Point>
    </Placemark>
    <Placemark>
      <name>ALPR</name>
      <description>OSM node: https://www.openstreetmap.org/node/14073326302
Manufacturer: Flock Safety
Direction: 249
Zone: traffic
Camera type: fixed</description>
      <Point>
        <coordinates>-97.023314,32.930721,0</coordinates>
      </Point>
    </Placemark>
    <Placemark>
      <name>ALPR</name>
      <description>OSM node: https://www.openstreetmap.org/node/14073327705
Manufacturer: Flock Safety
Direction: 211
Zone: traffic
Camera type: fixed</description>
      <Point>
        <coordinates>-97.9671097,30.3303693,0</coordinates>
      </Point>
    </Placemark>
    <Placemark>
      <name>ALPR</name>
      <description>OSM node: https://www.openstreetmap.org/node/14073355201
Manufacturer: Flock Safety
Direction: 72
Zone: traffic
Camera type: fixed</description>
      <Point>
        <coordinates>-97.4510649,32.7409437,0</coordinates>
      </Point>
    </Placemark>
    <Placemark>
      <name>ALPR</name>
      <description>OSM node: https://www.openstreetmap.org/node/14073376301
Manufacturer: Flock Safety
Direction: 152
Zone: traffic
Camera type: fixed</description>
      <Point>
        <coordinates>-101.7505171,34.1913619,0</coordinates>
      </Point>
    </Placemark>
    <Placemark>
      <name>ALPR</name>
      <description>OSM node: https://www.openstreetmap.org/node/14073408801
Manufacturer: Flock Safety
Direction: 345
Zone: traffic
Camera type: fixed</description>
      <Point>
        <coordinates>-97.5789305,32.8027973,0</coordinates>
      </Point>
    </Placemark>
    <Placemark>
      <name>ALPR</name>
      <description>OSM node: https://www.openstreetmap.org/node/14073411501
Manufacturer: Flock Safety
Direction: 81
Zone: traffic
Camera type: fixed</description>
      <Point>
        <coordinates>-96.8024306,33.2038822,0</coordinates>
      </Point>
    </Placemark>
    <Placemark>
      <name>ALPR</name>
      <description>OSM node: https://www.openstreetmap.org/node/14073421101
Manufacturer: Flock Safety
Direction: 162
Zone: traffic
Camera type: fixed</description>
      <Point>
        <coordinates>-95.8198177,29.5565475,0</coordinates>
      </Point>
    </Placemark>
    <Placemark>
      <name>ALPR</name>
      <description>OSM node: https://www.openstreetmap.org/node/14073491801
Manufacturer: Flock Safety
Direction: 210
Zone: traffic
Camera type: fixed</description>
      <Point>
        <coordinates>-96.8745478,30.7063671,0</coordinates>
      </Point>
    </Placemark>
    <Placemark>
      <name>ALPR</name>
      <description>OSM node: https://www.openstreetmap.org/node/14073548302
Manufacturer: Flock Safety
Direction: 323
Zone: traffic
Camera type: fixed</description>
      <Point>
        <coordinates>-98.915945,30.0504035,0</coordinates>
      </Point>
    </Placemark>
    <Placemark>
      <name>ALPR</name>
      <description>OSM node: https://www.openstreetmap.org/node/14073552501
Manufacturer: Flock Safety
Direction: 151
Zone: traffic
Camera type: fixed</description>
      <Point>
        <coordinates>-98.9161127,30.0502752,0</coordinates>
      </Point>
    </Placemark>
    <Placemark>
      <name>ALPR</name>
      <description>OSM node: https://www.openstreetmap.org/node/14073572201
Manufacturer: Flock Safety
Direction: 60
Zone: traffic
Camera type: fixed</description>
      <Point>
        <coordinates>-98.6721677,29.5571314,0</coordinates>
      </Point>
    </Placemark>
    <Placemark>
      <name>ALPR</name>
      <description>OSM node: https://www.openstreetmap.org/node/14073654802
Manufacturer: Flock Safety
Direction: 314
Zone: traffic
Camera type: fixed</description>
      <Point>
        <coordinates>-96.5174901,32.6260609,0</coordinates>
      </Point>
    </Placemark>
    <Placemark>
      <name>ALPR</name>
      <description>OSM node: https://www.openstreetmap.org/node/14073692701
Manufacturer: Flock Safety
Direction: 0
Zone: traffic
Camera type: fixed</description>
      <Point>
        <coordinates>-96.5247093,29.8742686,0</coordinates>
      </Point>
    </Placemark>
    <Placemark>
      <name>ALPR</name>
      <description>OSM node: https://www.openstreetmap.org/node/14073734002
Manufacturer: Flock Safety
Direction: 144
Zone: traffic
Camera type: fixed</description>
      <Point>
        <coordinates>-95.466507,30.1763802,0</coordinates>
      </Point>
    </Placemark>
    <Placemark>
      <name>ALPR</name>
      <description>OSM node: https://www.openstreetmap.org/node/14073750201
Manufacturer: Flock Safety
Direction: 0
Zone: traffic
Camera type: fixed</description>
      <Point>
        <coordinates>-99.7220526,29.5006289,0</coordinates>
      </Point>
    </Placemark>
    <Placemark>
      <name>ALPR</name>
      <description>OSM node: https://www.openstreetmap.org/node/14073758401
Manufacturer: Flock Safety
Direction: 93
Zone: traffic
Camera type: fixed</description>
      <Point>
        <coordinates>-96.4691452,32.1641315,0</coordinates>
      </Point>
    </Placemark>
    <Placemark>
      <name>ALPR</name>
      <description>OSM node: https://www.openstreetmap.org/node/14073760202
Manufacturer: Flock Safety
Direction: 11
Zone: traffic
Camera type: fixed</description>
      <Point>
        <coordinates>-95.4599576,30.1755201,0</coordinates>
      </Point>
    </Placemark>
    <Placemark>
      <name>ALPR</name>
      <description>OSM node: https://www.openstreetmap.org/node/14073764966
Manufacturer: Flock Safety
Direction: 45
Zone: traffic
Camera type: fixed</description>
      <Point>
        <coordinates>-95.2668048,29.5804137,0</coordinates>
      </Point>
    </Placemark>
    <Placemark>
      <name>ALPR</name>
      <description>OSM node: https://www.openstreetmap.org/node/14073764967
Manufacturer: Flock Safety
Direction: 200
Zone: traffic
Camera type: fixed</description>
      <Point>
        <coordinates>-95.264749,29.5739576,0</coordinates>
      </Point>
    </Placemark>
    <Placemark>
      <name>ALPR</name>
      <description>OSM node: https://www.openstreetmap.org/node/14073769502
Manufacturer: Flock Safety
Direction: 72;288
Zone: traffic
Camera type: fixed</description>
      <Point>
        <coordinates>-95.4555059,30.1913664,0</coordinates>
      </Point>
    </Placemark>
    <Placemark>
      <name>ALPR</name>
      <description>OSM node: https://www.openstreetmap.org/node/14073772701
Manufacturer: Flock Safety
Direction: 10
Zone: traffic
Camera type: fixed</description>
      <Point>
        <coordinates>-95.4554752,30.1912604,0</coordinates>
      </Point>
    </Placemark>
    <Placemark>
      <name>ALPR</name>
      <description>OSM node: https://www.openstreetmap.org/node/14073773202
Manufacturer: Flock Safety
Direction: 282
Zone: traffic
Camera type: fixed</description>
      <Point>
        <coordinates>-95.2243765,32.6533578,0</coordinates>
      </Point>
    </Placemark>
    <Placemark>
      <name>ALPR</name>
      <description>OSM node: https://www.openstreetmap.org/node/14073779501
Manufacturer: Flock Safety
Direction: 188
Zone: traffic
Camera type: fixed</description>
      <Point>
        <coordinates>-95.4655172,30.1729062,0</coordinates>
      </Point>
    </Placemark>
    <Placemark>
      <name>ALPR</name>
      <description>OSM node: https://www.openstreetmap.org/node/14073871101
Manufacturer: Flock Safety
Direction: 104
Zone: traffic
Camera type: fixed</description>
      <Point>
        <coordinates>-97.6935334,30.0498358,0</coordinates>
      </Point>
    </Placemark>
    <Placemark>
      <name>ALPR</name>
      <description>OSM node: https://www.openstreetmap.org/node/14073884103
Manufacturer: Flock Safety
Direction: 200
Zone: traffic
Camera type: fixed</description>
      <Point>
        <coordinates>-95.4973666,29.7369336,0</coordinates>
      </Point>
    </Placemark>
    <Placemark>
      <name>ALPR</name>
      <description>OSM node: https://www.openstreetmap.org/node/14073886001
Manufacturer: Flock Safety
Direction: 327
Zone: traffic
Camera type: fixed</description>
      <Point>
        <coordinates>-96.9721504,32.9839988,0</coordinates>
      </Point>
    </Placemark>
    <Placemark>
      <name>ALPR</name>
      <description>OSM node: https://www.openstreetmap.org/node/14073930001
Manufacturer: Flock Safety
Direction: 300
Zone: traffic
Camera type: fixed</description>
      <Point>
        <coordinates>-95.6868181,29.6640105,0</coordinates>
      </Point>
    </Placemark>
    <Placemark>
      <name>ALPR</name>
      <description>OSM node: https://www.openstreetmap.org/node/14073931101
Manufacturer: Flock Safety
Direction: 149
Zone: traffic
Camera type: fixed</description>
      <Point>
        <coordinates>-95.6853324,29.6686385,0</coordinates>
      </Point>
    </Placemark>
    <Placemark>
      <name>ALPR</name>
      <description>OSM node: https://www.openstreetmap.org/node/14073931301
Manufacturer: Flock Safety
Direction: 326
Zone: traffic
Camera type: fixed</description>
      <Point>
        <coordinates>-95.6851236,29.668462,0</coordinates>
      </Point>
    </Placemark>
    <Placemark>
      <name>ALPR</name>
      <description>OSM node: https://www.openstreetmap.org/node/14073938001
Manufacturer: Flock Safety
Direction: 26
Zone: traffic
Camera type: fixed</description>
      <Point>
        <coordinates>-95.6819057,29.6685276,0</coordinates>
      </Point>
    </Placemark>
    <Placemark>
      <name>ALPR</name>
      <description>OSM node: https://www.openstreetmap.org/node/14073949202
Manufacturer: Flock Safety
Direction: 207
Zone: traffic
Camera type: fixed</description>
      <Point>
        <coordinates>-97.9504188,26.0872003,0</coordinates>
      </Point>
    </Placemark>
    <Placemark>
      <name>ALPR</name>
      <description>OSM node: https://www.openstreetmap.org/node/14073995301
Manufacturer: Flock Safety
Direction: 234
Zone: traffic
Camera type: fixed</description>
      <Point>
        <coordinates>-103.0591597,33.2570299,0</coordinates>
      </Point>
    </Placemark>
    <Placemark>
      <name>ALPR</name>
      <description>OSM node: https://www.openstreetmap.org/node/14074029201
Manufacturer: Flock Safety
Direction: 0
Zone: traffic
Camera type: fixed</description>
      <Point>
        <coordinates>-95.2844481,30.0116659,0</coordinates>
      </Point>
    </Placemark>
    <Placemark>
      <name>ALPR</name>
      <description>OSM node: https://www.openstreetmap.org/node/14074101301
Manufacturer: Motorola Solutions
Direction: 0
Zone: traffic
Camera type: fixed</description>
      <Point>
        <coordinates>-96.6781025,33.1427809,0</coordinates>
      </Point>
    </Placemark>
    <Placemark>
      <name>ALPR</name>
      <description>OSM node: https://www.openstreetmap.org/node/14074102201
Manufacturer: Motorola Solutions
Direction: 181
Zone: traffic
Camera type: fixed</description>
      <Point>
        <coordinates>-96.6781047,33.1427404,0</coordinates>
      </Point>
    </Placemark>
    <Placemark>
      <name>ALPR</name>
      <description>OSM node: https://www.openstreetmap.org/node/14074122301
Manufacturer: Axon Enterprise
Direction: 333
Zone: traffic
Camera type: fixed</description>
      <Point>
        <coordinates>-98.3191503,29.4962952,0</coordinates>
      </Point>
    </Placemark>
    <Placemark>
      <name>ALPR</name>
      <description>OSM node: https://www.openstreetmap.org/node/14074199001
Manufacturer: Flock Safety
Direction: 359
Zone: traffic
Camera type: fixed</description>
      <Point>
        <coordinates>-97.1080189,31.5994781,0</coordinates>
      </Point>
    </Placemark>
    <Placemark>
      <name>ALPR</name>
      <description>OSM node: https://www.openstreetmap.org/node/14074636901
Manufacturer: Flock Safety
Direction: 219
Zone: traffic
Camera type: fixed</description>
      <Point>
        <coordinates>-97.3584937,27.8528932,0</coordinates>
      </Point>
    </Placemark>
    <Placemark>
      <name>ALPR</name>
      <description>OSM node: https://www.openstreetmap.org/node/14074664101
Manufacturer: Flock Safety
Direction: 268
Zone: traffic
Camera type: fixed</description>
      <Point>
        <coordinates>-95.3784506,29.5568117,0</coordinates>
      </Point>
    </Placemark>
    <Placemark>
      <name>ALPR</name>
      <description>OSM node: https://www.openstreetmap.org/node/14074790801
Manufacturer: Flock Safety
Direction: 147
Zone: traffic
Camera type: fixed</description>
      <Point>
        <coordinates>-95.4721129,30.1327008,0</coordinates>
      </Point>
    </Placemark>
    <Placemark>
      <name>ALPR</name>
      <description>OSM node: https://www.openstreetmap.org/node/14074850201
Manufacturer: Flock Safety
Direction: 227
Zone: traffic
Camera type: fixed</description>
      <Point>
        <coordinates>-95.7280573,29.8507628,0</coordinates>
      </Point>
    </Placemark>
    <Placemark>
      <name>ALPR</name>
      <description>OSM node: https://www.openstreetmap.org/node/14074947401
Manufacturer: Flock Safety
Direction: 109
Zone: traffic
Camera type: fixed</description>
      <Point>
        <coordinates>-96.5763053,32.6752522,0</coordinates>
      </Point>
    </Placemark>
    <Placemark>
      <name>ALPR</name>
      <description>OSM node: https://www.openstreetmap.org/node/14074960201
Manufacturer: Motorola Solutions
Direction: 318
Zone: traffic
Camera type: fixed</description>
      <Point>
        <coordinates>-95.4120653,30.1642259,0</coordinates>
      </Point>
    </Placemark>
    <Placemark>
      <name>ALPR</name>
      <description>OSM node: https://www.openstreetmap.org/node/14074996901
Manufacturer: Flock Safety
Direction: 271
Zone: traffic
Camera type: fixed</description>
      <Point>
        <coordinates>-95.4692664,30.2365797,0</coordinates>
      </Point>
    </Placemark>
    <Placemark>
      <name>ALPR</name>
      <description>OSM node: https://www.openstreetmap.org/node/14075015001
Manufacturer: Flock Safety
Direction: 180
Zone: traffic
Camera type: fixed</description>
      <Point>
        <coordinates>-99.3316162,31.7247602,0</coordinates>
      </Point>
    </Placemark>
    <Placemark>
      <name>ALPR</name>
      <description>OSM node: https://www.openstreetmap.org/node/14075089301
Manufacturer: Flock Safety
Direction: 352
Zone: traffic
Camera type: fixed</description>
      <Point>
        <coordinates>-95.1888896,30.0574899,0</coordinates>
      </Point>
    </Placemark>
    <Placemark>
      <name>ALPR</name>
      <description>OSM node: https://www.openstreetmap.org/node/14075114501
Manufacturer: Flock Safety
Direction: 203
Zone: traffic
Camera type: fixed</description>
      <Point>
        <coordinates>-95.9351227,32.1891211,0</coordinates>
      </Point>
    </Placemark>
    <Placemark>
      <name>ALPR</name>
      <description>OSM node: https://www.openstreetmap.org/node/14075145201
Manufacturer: Flock Safety
Direction: 225
Zone: traffic
Camera type: fixed</description>
      <Point>
        <coordinates>-99.8691983,28.9357409,0</coordinates>
      </Point>
    </Placemark>
    <Placemark>
      <name>ALPR</name>
      <description>OSM node: https://www.openstreetmap.org/node/14075164101
Manufacturer: Flock Safety
Direction: 0
Zone: traffic
Camera type: fixed</description>
      <Point>
        <coordinates>-97.9109351,26.1510583,0</coordinates>
      </Point>
    </Placemark>
    <Placemark>
      <name>ALPR</name>
      <description>OSM node: https://www.openstreetmap.org/node/14075194001
Manufacturer: Flock Safety
Direction: 35
Zone: traffic
Camera type: fixed</description>
      <Point>
        <coordinates>-99.0881517,30.0882167,0</coordinates>
      </Point>
    </Placemark>
    <Placemark>
      <name>ALPR</name>
      <description>OSM node: https://www.openstreetmap.org/node/14075211201
Manufacturer: Flock Safety
Direction: 0
Zone: traffic
Camera type: fixed</description>
      <Point>
        <coordinates>-96.4507146,32.7242444,0</coordinates>
      </Point>
    </Placemark>
    <Placemark>
      <name>ALPR</name>
      <description>OSM node: https://www.openstreetmap.org/node/14075297001
Manufacturer: Flock Safety
Direction: 0
Zone: traffic
Camera type: fixed</description>
      <Point>
        <coordinates>-96.8219557,32.5110628,0</coordinates>
      </Point>
    </Placemark>
    <Placemark>
      <name>ALPR</name>
      <description>OSM node: https://www.openstreetmap.org/node/14075297002
Manufacturer: Flock Safety
Direction: 75
Zone: traffic
Camera type: fixed</description>
      <Point>
        <coordinates>-96.8191887,32.519028,0</coordinates>
      </Point>
    </Placemark>
    <Placemark>
      <name>ALPR</name>
      <description>OSM node: https://www.openstreetmap.org/node/14075310477
Manufacturer: Flock Safety
Direction: 275
Zone: traffic
Camera type: fixed</description>
      <Point>
        <coordinates>-96.9025175,33.2510883,0</coordinates>
      </Point>
    </Placemark>
    <Placemark>
      <name>ALPR</name>
      <description>OSM node: https://www.openstreetmap.org/node/14075310478
Manufacturer: Flock Safety
Direction: 0
Zone: traffic
Camera type: fixed</description>
      <Point>
        <coordinates>-96.9043977,33.2502808,0</coordinates>
      </Point>
    </Placemark>
    <Placemark>
      <name>ALPR</name>
      <description>OSM node: https://www.openstreetmap.org/node/14075310479
Direction: 0;45;90;135;180;225;270;315
Zone: traffic
Camera type: fixed</description>
      <Point>
        <coordinates>-96.9043334,33.2511264,0</coordinates>
      </Point>
    </Placemark>
    <Placemark>
      <name>ALPR</name>
      <description>OSM node: https://www.openstreetmap.org/node/14075329101
Manufacturer: Flock Safety
Direction: 185
Zone: traffic
Camera type: fixed</description>
      <Point>
        <coordinates>-95.5894891,29.7362844,0</coordinates>
      </Point>
    </Placemark>
    <Placemark>
      <name>ALPR</name>
      <description>OSM node: https://www.openstreetmap.org/node/14075336401
Manufacturer: Flock Safety
Direction: 319
Zone: traffic
Camera type: fixed</description>
      <Point>
        <coordinates>-98.0146541,30.2959465,0</coordinates>
      </Point>
    </Placemark>
    <Placemark>
      <name>ALPR</name>
      <description>OSM node: https://www.openstreetmap.org/node/14075336402
Manufacturer: Flock Safety
Direction: 145
Zone: traffic
Camera type: fixed</description>
      <Point>
        <coordinates>-98.0148919,30.2958891,0</coordinates>
      </Point>
    </Placemark>
    <Placemark>
      <name>ALPR</name>
      <description>OSM node: https://www.openstreetmap.org/node/14075339001
Manufacturer: Flock Safety
Direction: 59
Zone: traffic
Camera type: fixed</description>
      <Point>
        <coordinates>-95.2477756,29.6303843,0</coordinates>
      </Point>
    </Placemark>
    <Placemark>
      <name>ALPR</name>
      <description>OSM node: https://www.openstreetmap.org/node/14075375701
Manufacturer: Flock Safety
Direction: 260
Zone: traffic
Camera type: fixed</description>
      <Point>
        <coordinates>-97.8938907,29.8231002,0</coordinates>
      </Point>
    </Placemark>
    <Placemark>
      <name>ALPR</name>
      <description>OSM node: https://www.openstreetmap.org/node/14075378803
Manufacturer: Flock Safety
Direction: 205
Zone: traffic
Camera type: fixed</description>
      <Point>
        <coordinates>-97.079755,33.0923487,0</coordinates>
      </Point>
    </Placemark>
    <Placemark>
      <name>ALPR</name>
      <description>OSM node: https://www.openstreetmap.org/node/14075442601
Manufacturer: Flock Safety
Direction: 351
Zone: traffic
Camera type: fixed</description>
      <Point>
        <coordinates>-102.2743952,33.1805401,0</coordinates>
      </Point>
    </Placemark>
    <Placemark>
      <name>ALPR</name>
      <description>OSM node: https://www.openstreetmap.org/node/14075449601
Manufacturer: Flock Safety
Direction: 65
Zone: traffic
Camera type: fixed</description>
      <Point>
        <coordinates>-96.8950604,32.8664623,0</coordinates>
      </Point>
    </Placemark>
    <Placemark>
      <name>ALPR</name>
      <description>OSM node: https://www.openstreetmap.org/node/14075455601
Manufacturer: Flock Safety
Direction: 213
Zone: traffic
Camera type: fixed</description>
      <Point>
        <coordinates>-98.5284829,29.9670488,0</coordinates>
      </Point>
    </Placemark>
    <Placemark>
      <name>ALPR</name>
      <description>OSM node: https://www.openstreetmap.org/node/14075456501
Manufacturer: Flock Safety
Direction: 0
Zone: traffic
Camera type: fixed</description>
      <Point>
        <coordinates>-96.8991877,32.8654108,0</coordinates>
      </Point>
    </Placemark>
    <Placemark>
      <name>Simon Property Group ALPR</name>
      <description>OSM node: https://www.openstreetmap.org/node/14075473601
Operator: Simon Property Group
Manufacturer: Flock Safety
Direction: 68
Zone: traffic
Camera type: fixed</description>
      <Point>
        <coordinates>-97.0377052,32.9725175,0</coordinates>
      </Point>
    </Placemark>
    <Placemark>
      <name>ALPR</name>
      <description>OSM node: https://www.openstreetmap.org/node/14075475201
Manufacturer: Flock Safety
Direction: 221
Zone: traffic
Camera type: fixed</description>
      <Point>
        <coordinates>-98.4439774,29.9637723,0</coordinates>
      </Point>
    </Placemark>
    <Placemark>
      <name>ALPR</name>
      <description>OSM node: https://www.openstreetmap.org/node/14075475801
Manufacturer: Flock Safety
Direction: 36
Zone: traffic
Camera type: fixed</description>
      <Point>
        <coordinates>-98.4437548,29.9635943,0</coordinates>
      </Point>
    </Placemark>
    <Placemark>
      <name>ALPR</name>
      <description>OSM node: https://www.openstreetmap.org/node/14075478601
Manufacturer: Flock Safety
Direction: 0
Zone: traffic
Camera type: fixed</description>
      <Point>
        <coordinates>-96.0739208,29.6243662,0</coordinates>
      </Point>
    </Placemark>
    <Placemark>
      <name>ALPR</name>
      <description>OSM node: https://www.openstreetmap.org/node/14075498901
Manufacturer: Flock Safety
Direction: 38;117
Zone: traffic
Camera type: fixed</description>
      <Point>
        <coordinates>-98.4512862,29.362089,0</coordinates>
      </Point>
    </Placemark>
    <Placemark>
      <name>ALPR</name>
      <description>OSM node: https://www.openstreetmap.org/node/14075499701
Manufacturer: Axis Communications
Direction: 241;0
Zone: traffic
Camera type: fixed</description>
      <Point>
        <coordinates>-97.4133892,32.7297069,0</coordinates>
      </Point>
    </Placemark>
    <Placemark>
      <name>ALPR</name>
      <description>OSM node: https://www.openstreetmap.org/node/14075503301
Manufacturer: Axis Communications
Direction: 179;67
Zone: traffic
Camera type: fixed</description>
      <Point>
        <coordinates>-97.4134476,32.7294717,0</coordinates>
      </Point>
    </Placemark>
    <Placemark>
      <name>ALPR</name>
      <description>OSM node: https://www.openstreetmap.org/node/14075529001
Manufacturer: Flock Safety
Direction: 320
Zone: traffic
Camera type: fixed</description>
      <Point>
        <coordinates>-96.3798122,32.931772,0</coordinates>
      </Point>
    </Placemark>
    <Placemark>
      <name>ALPR</name>
      <description>OSM node: https://www.openstreetmap.org/node/14075544202
Manufacturer: Flock Safety
Direction: 181
Zone: traffic
Camera type: fixed</description>
      <Point>
        <coordinates>-97.8426402,30.2151281,0</coordinates>
      </Point>
    </Placemark>
    <Placemark>
      <name>ALPR</name>
      <description>OSM node: https://www.openstreetmap.org/node/14075544302
Manufacturer: Flock Safety
Direction: 275
Zone: traffic
Camera type: fixed</description>
      <Point>
        <coordinates>-94.7003305,32.4355015,0</coordinates>
      </Point>
    </Placemark>
    <Placemark>
      <name>ALPR</name>
      <description>OSM node: https://www.openstreetmap.org/node/14075595101
Manufacturer: Flock Safety
Direction: 47
Zone: traffic
Camera type: fixed</description>
      <Point>
        <coordinates>-98.6278164,29.6087298,0</coordinates>
      </Point>
    </Placemark>
    <Placemark>
      <name>ALPR</name>
      <description>OSM node: https://www.openstreetmap.org/node/14075607701
Manufacturer: Flock Safety
Direction: 22
Zone: traffic
Camera type: fixed</description>
      <Point>
        <coordinates>-95.968363,31.1548685,0</coordinates>
      </Point>
    </Placemark>
    <Placemark>
      <name>ALPR</name>
      <description>OSM node: https://www.openstreetmap.org/node/14075617601
Manufacturer: Flock Safety
Direction: 319
Zone: traffic
Camera type: fixed</description>
      <Point>
        <coordinates>-95.9785441,31.2563611,0</coordinates>
      </Point>
    </Placemark>
    <Placemark>
      <name>ALPR</name>
      <description>OSM node: https://www.openstreetmap.org/node/14075625202
Manufacturer: Flock Safety
Direction: 86
Zone: traffic
Camera type: fixed</description>
      <Point>
        <coordinates>-97.0551246,32.8377422,0</coordinates>
      </Point>
    </Placemark>
    <Placemark>
      <name>ALPR</name>
      <description>OSM node: https://www.openstreetmap.org/node/14075685601
Manufacturer: Flock Safety
Direction: 74
Zone: traffic
Camera type: fixed</description>
      <Point>
        <coordinates>-97.7552358,31.0860592,0</coordinates>
      </Point>
    </Placemark>
    <Placemark>
      <name>ALPR</name>
      <description>OSM node: https://www.openstreetmap.org/node/14075687201
Manufacturer: Flock Safety
Direction: 337
Zone: traffic
Camera type: fixed</description>
      <Point>
        <coordinates>-97.7554674,31.0865174,0</coordinates>
      </Point>
    </Placemark>
    <Placemark>
      <name>ALPR</name>
      <description>OSM node: https://www.openstreetmap.org/node/14075719201
Manufacturer: Flock Safety
Direction: 115
Zone: traffic
Camera type: fixed</description>
      <Point>
        <coordinates>-97.3986938,32.3549108,0</coordinates>
      </Point>
    </Placemark>
    <Placemark>
      <name>ALPR</name>
      <description>OSM node: https://www.openstreetmap.org/node/14075796701
Manufacturer: Flock Safety
Direction: 218
Zone: traffic
Camera type: fixed</description>
      <Point>
        <coordinates>-97.1780687,27.924536,0</coordinates>
      </Point>
    </Placemark>
    <Placemark>
      <name>ALPR</name>
      <description>OSM node: https://www.openstreetmap.org/node/14075807301
Manufacturer: Flock Safety
Direction: 62
Zone: traffic
Camera type: fixed</description>
      <Point>
        <coordinates>-97.3116811,27.9190206,0</coordinates>
      </Point>
    </Placemark>
    <Placemark>
      <name>ALPR</name>
      <description>OSM node: https://www.openstreetmap.org/node/14075812201
Manufacturer: Flock Safety
Direction: 0
Zone: traffic
Camera type: fixed</description>
      <Point>
        <coordinates>-96.6220166,32.7073522,0</coordinates>
      </Point>
    </Placemark>
    <Placemark>
      <name>ALPR</name>
      <description>OSM node: https://www.openstreetmap.org/node/14075836901
Manufacturer: Flock Safety
Direction: 344;181
Zone: traffic
Camera type: fixed</description>
      <Point>
        <coordinates>-96.4179021,33.0319838,0</coordinates>
      </Point>
    </Placemark>
    <Placemark>
      <name>ALPR</name>
      <description>OSM node: https://www.openstreetmap.org/node/14075839701
Manufacturer: Flock Safety
Direction: 159
Zone: traffic
Camera type: fixed</description>
      <Point>
        <coordinates>-97.6922623,30.337076,0</coordinates>
      </Point>
    </Placemark>
    <Placemark>
      <name>ALPR</name>
      <description>OSM node: https://www.openstreetmap.org/node/14075847801
Manufacturer: Flock Safety
Direction: 141
Zone: traffic
Camera type: fixed</description>
      <Point>
        <coordinates>-95.1574253,30.059639,0</coordinates>
      </Point>
    </Placemark>
    <Placemark>
      <name>ALPR</name>
      <description>OSM node: https://www.openstreetmap.org/node/14075848301
Manufacturer: Flock Safety
Direction: 285
Zone: traffic
Camera type: fixed</description>
      <Point>
        <coordinates>-97.6921875,30.3370184,0</coordinates>
      </Point>
    </Placemark>
    <Placemark>
      <name>ALPR</name>
      <description>OSM node: https://www.openstreetmap.org/node/14075848401
Manufacturer: Flock Safety
Direction: 52
Zone: traffic
Camera type: fixed</description>
      <Point>
        <coordinates>-97.6921216,30.3373259,0</coordinates>
      </Point>
    </Placemark>
    <Placemark>
      <name>ALPR</name>
      <description>OSM node: https://www.openstreetmap.org/node/14075848601
Manufacturer: Flock Safety
Direction: 285
Zone: traffic
Camera type: fixed</description>
      <Point>
        <coordinates>-97.6920464,30.3372826,0</coordinates>
      </Point>
    </Placemark>
    <Placemark>
      <name>ALPR</name>
      <description>OSM node: https://www.openstreetmap.org/node/14075929101
Manufacturer: Flock Safety
Direction: 0
Zone: traffic
Camera type: fixed</description>
      <Point>
        <coordinates>-95.2531113,29.3970937,0</coordinates>
      </Point>
    </Placemark>
    <Placemark>
      <name>ALPR</name>
      <description>OSM node: https://www.openstreetmap.org/node/14075950361
Manufacturer: Flock Safety
Direction: 45
Zone: traffic
Camera type: fixed</description>
      <Point>
        <coordinates>-95.3565571,29.7612546,0</coordinates>
      </Point>
    </Placemark>
    <Placemark>
      <name>ALPR</name>
      <description>OSM node: https://www.openstreetmap.org/node/14076017574
Manufacturer: Flock Safety
Direction: 165
Zone: traffic
Camera type: fixed</description>
      <Point>
        <coordinates>-95.2570183,29.6107058,0</coordinates>
      </Point>
    </Placemark>
    <Placemark>
      <name>ALPR</name>
      <description>OSM node: https://www.openstreetmap.org/node/14076017575
Manufacturer: Flock Safety
Direction: 345
Zone: traffic
Camera type: fixed</description>
      <Point>
        <coordinates>-95.2569234,29.6105721,0</coordinates>
      </Point>
    </Placemark>
    <Placemark>
      <name>ALPR</name>
      <description>OSM node: https://www.openstreetmap.org/node/14076017576
Manufacturer: Flock Safety
Direction: 255
Zone: traffic
Camera type: fixed</description>
      <Point>
        <coordinates>-95.4680914,29.5839058,0</coordinates>
      </Point>
    </Placemark>
    <Placemark>
      <name>ALPR</name>
      <description>OSM node: https://www.openstreetmap.org/node/14076017577
Manufacturer: Flock Safety
Direction: 75
Zone: traffic
Camera type: fixed</description>
      <Point>
        <coordinates>-95.4781005,29.5839067,0</coordinates>
      </Point>
    </Placemark>
    <Placemark>
      <name>ALPR</name>
      <description>OSM node: https://www.openstreetmap.org/node/14076017578
Manufacturer: Flock Safety
Direction: 255
Zone: traffic
Camera type: fixed</description>
      <Point>
        <coordinates>-95.508871,29.5958841,0</coordinates>
      </Point>
    </Placemark>
    <Placemark>
      <name>ALPR</name>
      <description>OSM node: https://www.openstreetmap.org/node/14076024401
Manufacturer: Flock Safety
Direction: 0
Zone: traffic
Camera type: fixed</description>
      <Point>
        <coordinates>-96.9609755,28.7751882,0</coordinates>
      </Point>
    </Placemark>
    <Placemark>
      <name>ALPR</name>
      <description>OSM node: https://www.openstreetmap.org/node/14076045701
Manufacturer: Flock Safety
Direction: 232
Zone: traffic
Camera type: fixed</description>
      <Point>
        <coordinates>-97.8334763,30.1435014,0</coordinates>
      </Point>
    </Placemark>
    <Placemark>
      <name>ALPR</name>
      <description>OSM node: https://www.openstreetmap.org/node/14076046001
Manufacturer: Flock Safety
Direction: 43
Zone: traffic
Camera type: fixed</description>
      <Point>
        <coordinates>-97.8336746,30.1433625,0</coordinates>
      </Point>
    </Placemark>
    <Placemark>
      <name>ALPR</name>
      <description>OSM node: https://www.openstreetmap.org/node/14076427901
Manufacturer: Flock Safety
Direction: 7
Zone: traffic
Camera type: fixed</description>
      <Point>
        <coordinates>-97.8024953,31.1052349,0</coordinates>
      </Point>
    </Placemark>
    <Placemark>
      <name>ALPR</name>
      <description>OSM node: https://www.openstreetmap.org/node/14076709601
Manufacturer: Flock Safety
Direction: 280
Zone: traffic
Camera type: fixed</description>
      <Point>
        <coordinates>-96.7864621,32.8081226,0</coordinates>
      </Point>
    </Placemark>
    <Placemark>
      <name>ALPR</name>
      <description>OSM node: https://www.openstreetmap.org/node/14076717601
Manufacturer: Flock Safety
Direction: 106
Zone: traffic
Camera type: fixed</description>
      <Point>
        <coordinates>-96.78923,32.8103715,0</coordinates>
      </Point>
    </Placemark>
    <Placemark>
      <name>ALPR</name>
      <description>OSM node: https://www.openstreetmap.org/node/14076763701
Manufacturer: Flock Safety
Direction: 0;109;273
Zone: traffic
Camera type: fixed</description>
      <Point>
        <coordinates>-95.063747,29.8213079,0</coordinates>
      </Point>
    </Placemark>
    <Placemark>
      <name>ALPR</name>
      <description>OSM node: https://www.openstreetmap.org/node/14076805901
Manufacturer: Flock Safety
Direction: 115
Zone: traffic
Camera type: fixed</description>
      <Point>
        <coordinates>-95.0680349,29.8226355,0</coordinates>
      </Point>
    </Placemark>
    <Placemark>
      <name>ALPR</name>
      <description>OSM node: https://www.openstreetmap.org/node/14077063801
Manufacturer: Motorola Solutions
Direction: 0
Zone: traffic
Camera type: fixed</description>
      <Point>
        <coordinates>-96.9027469,29.690325,0</coordinates>
      </Point>
    </Placemark>
    <Placemark>
      <name>ALPR</name>
      <description>OSM node: https://www.openstreetmap.org/node/14077078201
Manufacturer: Motorola Solutions
Direction: 168
Zone: traffic
Camera type: fixed</description>
      <Point>
        <coordinates>-96.9027347,29.6902652,0</coordinates>
      </Point>
    </Placemark>
    <Placemark>
      <name>ALPR</name>
      <description>OSM node: https://www.openstreetmap.org/node/14077122202
Manufacturer: Flock Safety
Direction: 53
Zone: traffic
Camera type: fixed</description>
      <Point>
        <coordinates>-95.0855878,29.5494638,0</coordinates>
      </Point>
    </Placemark>
    <Placemark>
      <name>ALPR</name>
      <description>OSM node: https://www.openstreetmap.org/node/14077249301
Manufacturer: Flock Safety
Direction: 215
Zone: traffic
Camera type: fixed</description>
      <Point>
        <coordinates>-95.7144896,29.7771506,0</coordinates>
      </Point>
    </Placemark>
    <Placemark>
      <name>ALPR</name>
      <description>OSM node: https://www.openstreetmap.org/node/14077249302
Manufacturer: Flock Safety
Direction: 74
Zone: traffic
Camera type: fixed</description>
      <Point>
        <coordinates>-95.7144903,29.7771571,0</coordinates>
      </Point>
    </Placemark>
    <Placemark>
      <name>ALPR</name>
      <description>OSM node: https://www.openstreetmap.org/node/14077302402
Manufacturer: Flock Safety
Direction: 218
Zone: traffic
Camera type: fixed</description>
      <Point>
        <coordinates>-94.8117973,29.2769594,0</coordinates>
      </Point>
    </Placemark>
    <Placemark>
      <name>ALPR</name>
      <description>OSM node: https://www.openstreetmap.org/node/14077320502
Manufacturer: Flock Safety
Direction: 47
Zone: traffic
Camera type: fixed</description>
      <Point>
        <coordinates>-94.7931471,29.299616,0</coordinates>
      </Point>
    </Placemark>
    <Placemark>
      <name>ALPR</name>
      <description>OSM node: https://www.openstreetmap.org/node/14077326901
Manufacturer: Flock Safety
Direction: 305
Zone: traffic
Camera type: fixed</description>
      <Point>
        <coordinates>-94.812919,29.2811133,0</coordinates>
      </Point>
    </Placemark>
    <Placemark>
      <name>ALPR</name>
      <description>OSM node: https://www.openstreetmap.org/node/14077382601
Manufacturer: Flock Safety
Direction: 237
Zone: traffic
Camera type: fixed</description>
      <Point>
        <coordinates>-97.0471958,32.7855033,0</coordinates>
      </Point>
    </Placemark>
    <Placemark>
      <name>ALPR</name>
      <description>OSM node: https://www.openstreetmap.org/node/14077402401
Manufacturer: Flock Safety
Direction: 279
Zone: traffic
Camera type: fixed</description>
      <Point>
        <coordinates>-106.3095902,31.7053285,0</coordinates>
      </Point>
    </Placemark>
    <Placemark>
      <name>ALPR</name>
      <description>OSM node: https://www.openstreetmap.org/node/14077447601
Manufacturer: Flock Safety
Direction: 163
Zone: traffic
Camera type: fixed</description>
      <Point>
        <coordinates>-95.4598445,30.1769244,0</coordinates>
      </Point>
    </Placemark>
    <Placemark>
      <name>ALPR</name>
      <description>OSM node: https://www.openstreetmap.org/node/14077459701
Manufacturer: Flock Safety
Direction: 10
Zone: traffic
Camera type: fixed</description>
      <Point>
        <coordinates>-96.9362396,32.1461071,0</coordinates>
      </Point>
    </Placemark>
    <Placemark>
      <name>ALPR</name>
      <description>OSM node: https://www.openstreetmap.org/node/14077501201
Manufacturer: Flock Safety
Direction: 120
Zone: traffic
Camera type: fixed</description>
      <Point>
        <coordinates>-97.6002373,30.4653445,0</coordinates>
      </Point>
    </Placemark>
    <Placemark>
      <name>ALPR</name>
      <description>OSM node: https://www.openstreetmap.org/node/14077503401
Manufacturer: Flock Safety
Direction: 105
Zone: traffic
Camera type: fixed</description>
      <Point>
        <coordinates>-95.0248071,29.5328199,0</coordinates>
      </Point>
    </Placemark>
    <Placemark>
      <name>ALPR</name>
      <description>OSM node: https://www.openstreetmap.org/node/14077504001
Manufacturer: Flock Safety
Direction: 291
Zone: traffic
Camera type: fixed</description>
      <Point>
        <coordinates>-95.0244954,29.5329235,0</coordinates>
      </Point>
    </Placemark>
    <Placemark>
      <name>ALPR</name>
      <description>OSM node: https://www.openstreetmap.org/node/14077513701
Manufacturer: Flock Safety
Direction: 300
Zone: traffic
Camera type: fixed</description>
      <Point>
        <coordinates>-97.1236852,31.4763975,0</coordinates>
      </Point>
    </Placemark>
    <Placemark>
      <name>ALPR</name>
      <description>OSM node: https://www.openstreetmap.org/node/14077573602
Manufacturer: Flock Safety
Direction: 0
Zone: traffic
Camera type: fixed</description>
      <Point>
        <coordinates>-96.814386,32.9525627,0</coordinates>
      </Point>
    </Placemark>
    <Placemark>
      <name>ALPR</name>
      <description>OSM node: https://www.openstreetmap.org/node/14077576001
Manufacturer: Flock Safety
Direction: 158
Zone: traffic
Camera type: fixed</description>
      <Point>
        <coordinates>-96.8389249,32.9819606,0</coordinates>
      </Point>
    </Placemark>
    <Placemark>
      <name>ALPR</name>
      <description>OSM node: https://www.openstreetmap.org/node/14077576002
Manufacturer: Flock Safety
Direction: 151
Zone: traffic
Camera type: fixed</description>
      <Point>
        <coordinates>-96.8145004,32.9538981,0</coordinates>
      </Point>
    </Placemark>
    <Placemark>
      <name>ALPR</name>
      <description>OSM node: https://www.openstreetmap.org/node/14077578101
Manufacturer: Flock Safety
Direction: 250
Zone: traffic
Camera type: fixed</description>
      <Point>
        <coordinates>-96.8163253,32.9493305,0</coordinates>
      </Point>
    </Placemark>
    <Placemark>
      <name>ALPR</name>
      <description>OSM node: https://www.openstreetmap.org/node/14077622701
Manufacturer: Flock Safety
Direction: 63
Zone: traffic
Camera type: fixed</description>
      <Point>
        <coordinates>-95.0629074,29.5397834,0</coordinates>
      </Point>
    </Placemark>
    <Placemark>
      <name>ALPR</name>
      <description>OSM node: https://www.openstreetmap.org/node/14077649701
Manufacturer: Flock Safety
Direction: 148
Zone: traffic
Camera type: fixed</description>
      <Point>
        <coordinates>-94.8687957,32.3573385,0</coordinates>
      </Point>
    </Placemark>
    <Placemark>
      <name>ALPR</name>
      <description>OSM node: https://www.openstreetmap.org/node/14077659301
Manufacturer: Flock Safety
Direction: 146
Zone: traffic
Camera type: fixed</description>
      <Point>
        <coordinates>-97.9289037,26.298145,0</coordinates>
      </Point>
    </Placemark>
    <Placemark>
      <name>ALPR</name>
      <description>OSM node: https://www.openstreetmap.org/node/14077755602
Manufacturer: Flock Safety
Direction: 66
Zone: traffic
Camera type: fixed</description>
      <Point>
        <coordinates>-101.1583712,30.910458,0</coordinates>
      </Point>
    </Placemark>
    <Placemark>
      <name>ALPR</name>
      <description>OSM node: https://www.openstreetmap.org/node/14077755603
Manufacturer: Flock Safety
Direction: 244
Zone: traffic
Camera type: fixed</description>
      <Point>
        <coordinates>-101.1644224,30.9106768,0</coordinates>
      </Point>
    </Placemark>
    <Placemark>
      <name>ALPR</name>
      <description>OSM node: https://www.openstreetmap.org/node/14077757802
Manufacturer: Flock Safety
Direction: 211
Zone: traffic
Camera type: fixed</description>
      <Point>
        <coordinates>-97.794407,32.4370837,0</coordinates>
      </Point>
    </Placemark>
    <Placemark>
      <name>ALPR</name>
      <description>OSM node: https://www.openstreetmap.org/node/14077764201
Manufacturer: Flock Safety
Direction: 116
Zone: traffic
Camera type: fixed</description>
      <Point>
        <coordinates>-96.7664361,32.7673346,0</coordinates>
      </Point>
    </Placemark>
    <Placemark>
      <name>ALPR</name>
      <description>OSM node: https://www.openstreetmap.org/node/14077764203
Manufacturer: Flock Safety
Direction: 98
Zone: traffic
Camera type: fixed</description>
      <Point>
        <coordinates>-96.7568836,32.7591253,0</coordinates>
      </Point>
    </Placemark>
    <Placemark>
      <name>ALPR</name>
      <description>OSM node: https://www.openstreetmap.org/node/14077766101
Manufacturer: Flock Safety
Direction: 281
Zone: traffic
Camera type: fixed</description>
      <Point>
        <coordinates>-96.7596558,32.7619804,0</coordinates>
      </Point>
    </Placemark>
    <Placemark>
      <name>ALPR</name>
      <description>OSM node: https://www.openstreetmap.org/node/14077766102
Manufacturer: Flock Safety
Direction: 295
Zone: traffic
Camera type: fixed</description>
      <Point>
        <coordinates>-96.7567358,32.759325,0</coordinates>
      </Point>
    </Placemark>
    <Placemark>
      <name>ALPR</name>
      <description>OSM node: https://www.openstreetmap.org/node/14077770001
Manufacturer: Flock Safety
Direction: 343
Zone: traffic
Camera type: fixed</description>
      <Point>
        <coordinates>-96.7490528,32.758442,0</coordinates>
      </Point>
    </Placemark>
    <Placemark>
      <name>ALPR</name>
      <description>OSM node: https://www.openstreetmap.org/node/14077779701
Manufacturer: Flock Safety
Direction: 250
Zone: traffic
Camera type: fixed</description>
      <Point>
        <coordinates>-97.046962,32.793502,0</coordinates>
      </Point>
    </Placemark>
    <Placemark>
      <name>ALPR</name>
      <description>OSM node: https://www.openstreetmap.org/node/14077781301
Manufacturer: Flock Safety
Direction: 330
Zone: traffic
Camera type: fixed</description>
      <Point>
        <coordinates>-97.0628801,32.762692,0</coordinates>
      </Point>
    </Placemark>
    <Placemark>
      <name>ALPR</name>
      <description>OSM node: https://www.openstreetmap.org/node/14077785001
Manufacturer: Flock Safety
Direction: 65
Zone: traffic
Camera type: fixed</description>
      <Point>
        <coordinates>-100.5690607,30.8551436,0</coordinates>
      </Point>
    </Placemark>
    <Placemark>
      <name>ALPR</name>
      <description>OSM node: https://www.openstreetmap.org/node/14077827401
Manufacturer: Flock Safety
Direction: 53
Zone: traffic
Camera type: fixed</description>
      <Point>
        <coordinates>-96.7323095,32.8800676,0</coordinates>
      </Point>
    </Placemark>
    <Placemark>
      <name>ALPR</name>
      <description>OSM node: https://www.openstreetmap.org/node/14077830701
Manufacturer: Flock Safety
Direction: 270
Zone: traffic
Camera type: fixed</description>
      <Point>
        <coordinates>-99.7697602,30.9430296,0</coordinates>
      </Point>
    </Placemark>
    <Placemark>
      <name>ALPR</name>
      <description>OSM node: https://www.openstreetmap.org/node/14077840301
Manufacturer: Flock Safety
Direction: 331
Zone: traffic
Camera type: fixed</description>
      <Point>
        <coordinates>-98.2674986,29.586107,0</coordinates>
      </Point>
    </Placemark>
    <Placemark>
      <name>ALPR</name>
      <description>OSM node: https://www.openstreetmap.org/node/14077846201
Manufacturer: Flock Safety
Direction: 105
Zone: traffic
Camera type: fixed</description>
      <Point>
        <coordinates>-97.0823361,33.0700078,0</coordinates>
      </Point>
    </Placemark>
    <Placemark>
      <name>ALPR</name>
      <description>OSM node: https://www.openstreetmap.org/node/14077856701
Manufacturer: Flock Safety
Direction: 65;289
Zone: traffic
Camera type: fixed</description>
      <Point>
        <coordinates>-95.4642016,29.7545517,0</coordinates>
      </Point>
    </Placemark>
    <Placemark>
      <name>ALPR</name>
      <description>OSM node: https://www.openstreetmap.org/node/14077857401
Manufacturer: Flock Safety
Direction: 5
Zone: traffic
Camera type: fixed</description>
      <Point>
        <coordinates>-99.3280492,31.16442,0</coordinates>
      </Point>
    </Placemark>
    <Placemark>
      <name>ALPR</name>
      <description>OSM node: https://www.openstreetmap.org/node/14077902701
Manufacturer: Flock Safety
Direction: 132
Zone: traffic
Camera type: fixed</description>
      <Point>
        <coordinates>-96.5866076,32.6890479,0</coordinates>
      </Point>
    </Placemark>
    <Placemark>
      <name>ALPR</name>
      <description>OSM node: https://www.openstreetmap.org/node/14077905701
Manufacturer: Flock Safety
Direction: 281;65
Zone: traffic
Camera type: fixed</description>
      <Point>
        <coordinates>-103.042918,34.3886612,0</coordinates>
      </Point>
    </Placemark>
    <Placemark>
      <name>ALPR</name>
      <description>OSM node: https://www.openstreetmap.org/node/14077913902
Manufacturer: Flock Safety
Direction: 0
Zone: traffic
Camera type: fixed</description>
      <Point>
        <coordinates>-96.750171,33.187648,0</coordinates>
      </Point>
    </Placemark>
    <Placemark>
      <name>ALPR</name>
      <description>OSM node: https://www.openstreetmap.org/node/14077924601
Manufacturer: Flock Safety
Direction: 0
Zone: traffic
Camera type: fixed</description>
      <Point>
        <coordinates>-96.7544474,33.1887841,0</coordinates>
      </Point>
    </Placemark>
    <Placemark>
      <name>ALPR</name>
      <description>OSM node: https://www.openstreetmap.org/node/14077966601
Manufacturer: Flock Safety
Direction: 0
Zone: traffic
Camera type: fixed</description>
      <Point>
        <coordinates>-93.9863172,29.9537157,0</coordinates>
      </Point>
    </Placemark>
    <Placemark>
      <name>ALPR</name>
      <description>OSM node: https://www.openstreetmap.org/node/14077996903
Manufacturer: Flock Safety
Direction: 146;218
Zone: traffic
Camera type: fixed</description>
      <Point>
        <coordinates>-97.7215358,31.0885466,0</coordinates>
      </Point>
    </Placemark>
    <Placemark>
      <name>ALPR</name>
      <description>OSM node: https://www.openstreetmap.org/node/14078000601
Manufacturer: Flock Safety
Direction: 298
Zone: traffic
Camera type: fixed</description>
      <Point>
        <coordinates>-97.7205426,31.0874034,0</coordinates>
      </Point>
    </Placemark>
    <Placemark>
      <name>ALPR</name>
      <description>OSM node: https://www.openstreetmap.org/node/14078001201
Manufacturer: Flock Safety
Direction: 117
Zone: traffic
Camera type: fixed</description>
      <Point>
        <coordinates>-97.7232557,31.0881462,0</coordinates>
      </Point>
    </Placemark>
    <Placemark>
      <name>ALPR</name>
      <description>OSM node: https://www.openstreetmap.org/node/14078001801
Manufacturer: Flock Safety
Direction: 20;90;158;227;302
Zone: traffic
Camera type: fixed</description>
      <Point>
        <coordinates>-97.7221482,31.0881192,0</coordinates>
      </Point>
    </Placemark>
    <Placemark>
      <name>ALPR</name>
      <description>OSM node: https://www.openstreetmap.org/node/14078041401
Manufacturer: Flock Safety
Direction: 214
Zone: traffic
Camera type: fixed</description>
      <Point>
        <coordinates>-97.62459,32.2800282,0</coordinates>
      </Point>
    </Placemark>
    <Placemark>
      <name>ALPR</name>
      <description>OSM node: https://www.openstreetmap.org/node/14078046001
Manufacturer: Flock Safety
Direction: 23
Zone: traffic
Camera type: fixed</description>
      <Point>
        <coordinates>-95.5320899,33.6961951,0</coordinates>
      </Point>
    </Placemark>
    <Placemark>
      <name>ALPR</name>
      <description>OSM node: https://www.openstreetmap.org/node/14078058201
Manufacturer: Flock Safety
Direction: 163
Zone: traffic
Camera type: fixed</description>
      <Point>
        <coordinates>-95.0499866,29.5646822,0</coordinates>
      </Point>
    </Placemark>
    <Placemark>
      <name>ALPR</name>
      <description>OSM node: https://www.openstreetmap.org/node/14078164502
Manufacturer: Flock Safety
Direction: 208
Zone: traffic
Camera type: fixed</description>
      <Point>
        <coordinates>-98.3915732,26.3279432,0</coordinates>
      </Point>
    </Placemark>
    <Placemark>
      <name>ALPR</name>
      <description>OSM node: https://www.openstreetmap.org/node/14078164801
Manufacturer: Flock Safety
Direction: 202
Zone: traffic
Camera type: fixed</description>
      <Point>
        <coordinates>-95.6691219,32.8750038,0</coordinates>
      </Point>
    </Placemark>
    <Placemark>
      <name>ALPR</name>
      <description>OSM node: https://www.openstreetmap.org/node/14078166701
Manufacturer: Flock Safety
Direction: 58
Zone: traffic
Camera type: fixed</description>
      <Point>
        <coordinates>-95.6377696,32.8805316,0</coordinates>
      </Point>
    </Placemark>
    <Placemark>
      <name>ALPR</name>
      <description>OSM node: https://www.openstreetmap.org/node/14078167301
Manufacturer: Flock Safety
Direction: 225
Zone: traffic
Camera type: fixed</description>
      <Point>
        <coordinates>-95.6689654,32.875002,0</coordinates>
      </Point>
    </Placemark>
    <Placemark>
      <name>ALPR</name>
      <description>OSM node: https://www.openstreetmap.org/node/14078620601
Manufacturer: Flock Safety
Direction: 0
Zone: traffic
Camera type: fixed</description>
      <Point>
        <coordinates>-97.682605,30.3101016,0</coordinates>
      </Point>
    </Placemark>
    <Placemark>
      <name>ALPR</name>
      <description>OSM node: https://www.openstreetmap.org/node/14078624001
Manufacturer: Leonardo
Direction: 0
Zone: traffic
Camera type: fixed</description>
      <Point>
        <coordinates>-97.690707,30.3108945,0</coordinates>
      </Point>
    </Placemark>
    <Placemark>
      <name>ALPR</name>
      <description>OSM node: https://www.openstreetmap.org/node/14078690202
Manufacturer: Flock Safety
Direction: 94
Zone: traffic
Camera type: fixed</description>
      <Point>
        <coordinates>-97.5307307,26.0283899,0</coordinates>
      </Point>
    </Placemark>
    <Placemark>
      <name>ALPR</name>
      <description>OSM node: https://www.openstreetmap.org/node/14078691701
Manufacturer: Flock Safety
Direction: 257
Zone: traffic
Camera type: fixed</description>
      <Point>
        <coordinates>-97.3926573,27.6418865,0</coordinates>
      </Point>
    </Placemark>
    <Placemark>
      <name>ALPR</name>
      <description>OSM node: https://www.openstreetmap.org/node/14078692001
Manufacturer: Flock Safety
Direction: 255
Zone: traffic
Camera type: fixed</description>
      <Point>
        <coordinates>-97.3921508,27.6426369,0</coordinates>
      </Point>
    </Placemark>
    <Placemark>
      <name>ALPR</name>
      <description>OSM node: https://www.openstreetmap.org/node/14078705101
Manufacturer: Flock Safety
Direction: 345
Zone: traffic
Camera type: fixed</description>
      <Point>
        <coordinates>-97.3912005,27.6454757,0</coordinates>
      </Point>
    </Placemark>
    <Placemark>
      <name>ALPR</name>
      <description>OSM node: https://www.openstreetmap.org/node/14078849202
Manufacturer: Flock Safety
Direction: 0
Zone: traffic
Camera type: fixed</description>
      <Point>
        <coordinates>-94.1065155,30.0714527,0</coordinates>
      </Point>
    </Placemark>
    <Placemark>
      <name>ALPR</name>
      <description>OSM node: https://www.openstreetmap.org/node/14078849203
Manufacturer: Neology, Inc.
Direction: 0
Zone: traffic
Camera type: fixed</description>
      <Point>
        <coordinates>-94.1065155,30.0714527,0</coordinates>
      </Point>
    </Placemark>
    <Placemark>
      <name>ALPR</name>
      <description>OSM node: https://www.openstreetmap.org/node/14078856601
Manufacturer: Flock Safety
Direction: 0
Zone: traffic
Camera type: fixed</description>
      <Point>
        <coordinates>-101.2388744,30.6977807,0</coordinates>
      </Point>
    </Placemark>
    <Placemark>
      <name>ALPR</name>
      <description>OSM node: https://www.openstreetmap.org/node/14078904302
Manufacturer: Flock Safety
Direction: 303
Zone: traffic
Camera type: fixed</description>
      <Point>
        <coordinates>-95.3547039,29.747513,0</coordinates>
      </Point>
    </Placemark>
    <Placemark>
      <name>ALPR</name>
      <description>OSM node: https://www.openstreetmap.org/node/14078917001
Manufacturer: Flock Safety
Direction: 113
Zone: traffic
Camera type: fixed</description>
      <Point>
        <coordinates>-95.3546554,29.7473728,0</coordinates>
      </Point>
    </Placemark>
    <Placemark>
      <name>ALPR</name>
      <description>OSM node: https://www.openstreetmap.org/node/14078920901
Manufacturer: Flock Safety
Direction: 298
Zone: traffic
Camera type: fixed</description>
      <Point>
        <coordinates>-95.5199096,30.0814276,0</coordinates>
      </Point>
    </Placemark>
    <Placemark>
      <name>ALPR</name>
      <description>OSM node: https://www.openstreetmap.org/node/14078928602
Manufacturer: Flock Safety
Direction: 191
Zone: traffic
Camera type: fixed</description>
      <Point>
        <coordinates>-95.4594919,30.1634373,0</coordinates>
      </Point>
    </Placemark>
    <Placemark>
      <name>ALPR</name>
      <description>OSM node: https://www.openstreetmap.org/node/14078937302
Manufacturer: Flock Safety
Direction: 30
Zone: traffic
Camera type: fixed</description>
      <Point>
        <coordinates>-97.7855914,30.5377333,0</coordinates>
      </Point>
    </Placemark>
    <Placemark>
      <name>ALPR</name>
      <description>OSM node: https://www.openstreetmap.org/node/14078939501
Manufacturer: Flock Safety
Direction: 257
Zone: traffic
Camera type: fixed</description>
      <Point>
        <coordinates>-95.4595099,30.163477,0</coordinates>
      </Point>
    </Placemark>
    <Placemark>
      <name>ALPR</name>
      <description>OSM node: https://www.openstreetmap.org/node/14078954701
Manufacturer: Flock Safety
Direction: 72
Zone: traffic
Camera type: fixed</description>
      <Point>
        <coordinates>-95.1230845,29.801902,0</coordinates>
      </Point>
    </Placemark>
    <Placemark>
      <name>ALPR</name>
      <description>OSM node: https://www.openstreetmap.org/node/14078994601
Manufacturer: Flock Safety
Direction: 194
Zone: traffic
Camera type: fixed</description>
      <Point>
        <coordinates>-94.831721,29.2753174,0</coordinates>
      </Point>
    </Placemark>
    <Placemark>
      <name>ALPR</name>
      <description>OSM node: https://www.openstreetmap.org/node/14078994702
Manufacturer: Flock Safety
Direction: 195
Zone: traffic
Camera type: fixed</description>
      <Point>
        <coordinates>-98.6050347,29.7700113,0</coordinates>
      </Point>
    </Placemark>
    <Placemark>
      <name>ALPR</name>
      <description>OSM node: https://www.openstreetmap.org/node/14079000301
Manufacturer: Flock Safety
Direction: 19
Zone: traffic
Camera type: fixed</description>
      <Point>
        <coordinates>-98.6055505,29.7691584,0</coordinates>
      </Point>
    </Placemark>
    <Placemark>
      <name>ALPR</name>
      <description>OSM node: https://www.openstreetmap.org/node/14079002401
Manufacturer: Flock Safety
Direction: 0
Zone: traffic
Camera type: fixed</description>
      <Point>
        <coordinates>-98.6652792,29.7318497,0</coordinates>
      </Point>
    </Placemark>
    <Placemark>
      <name>ALPR</name>
      <description>OSM node: https://www.openstreetmap.org/node/14079014802
Manufacturer: Motorola Solutions
Direction: 115
Zone: traffic
Camera type: fixed</description>
      <Point>
        <coordinates>-96.8365678,32.8213793,0</coordinates>
      </Point>
    </Placemark>
    <Placemark>
      <name>ALPR</name>
      <description>OSM node: https://www.openstreetmap.org/node/14079023901
Manufacturer: Flock Safety
Direction: 322
Zone: traffic
Camera type: fixed</description>
      <Point>
        <coordinates>-98.6279566,29.7108784,0</coordinates>
      </Point>
    </Placemark>
    <Placemark>
      <name>ALPR</name>
      <description>OSM node: https://www.openstreetmap.org/node/14079029101
Manufacturer: Flock Safety
Direction: 314
Zone: traffic
Camera type: fixed</description>
      <Point>
        <coordinates>-99.2470733,30.7673288,0</coordinates>
      </Point>
    </Placemark>
    <Placemark>
      <name>ALPR</name>
      <description>OSM node: https://www.openstreetmap.org/node/14079035101
Manufacturer: Flock Safety
Direction: 267
Zone: traffic
Camera type: fixed</description>
      <Point>
        <coordinates>-102.2379643,36.2354624,0</coordinates>
      </Point>
    </Placemark>
    <Placemark>
      <name>ALPR</name>
      <description>OSM node: https://www.openstreetmap.org/node/14079083501
Manufacturer: Flock Safety
Direction: 180
Zone: traffic
Camera type: fixed</description>
      <Point>
        <coordinates>-97.3161629,32.5459142,0</coordinates>
      </Point>
    </Placemark>
    <Placemark>
      <name>ALPR</name>
      <description>OSM node: https://www.openstreetmap.org/node/14079089301
Manufacturer: Flock Safety
Direction: 137
Zone: traffic
Camera type: fixed</description>
      <Point>
        <coordinates>-97.4030737,31.0657149,0</coordinates>
      </Point>
    </Placemark>
    <Placemark>
      <name>ALPR</name>
      <description>OSM node: https://www.openstreetmap.org/node/14079129402
Manufacturer: Flock Safety
Direction: 233
Zone: traffic
Camera type: fixed</description>
      <Point>
        <coordinates>-100.8443056,32.4032366,0</coordinates>
      </Point>
    </Placemark>
    <Placemark>
      <name>ALPR</name>
      <description>OSM node: https://www.openstreetmap.org/node/14079220701
Manufacturer: Flock Safety
Direction: 341
Zone: traffic
Camera type: fixed</description>
      <Point>
        <coordinates>-101.8658984,35.1328936,0</coordinates>
      </Point>
    </Placemark>
    <Placemark>
      <name>ALPR</name>
      <description>OSM node: https://www.openstreetmap.org/node/14079226201
Manufacturer: Flock Safety
Direction: 242
Zone: traffic
Camera type: fixed</description>
      <Point>
        <coordinates>-96.706579,33.4372369,0</coordinates>
      </Point>
    </Placemark>
    <Placemark>
      <name>ALPR</name>
      <description>OSM node: https://www.openstreetmap.org/node/14079302901
Manufacturer: Flock Safety
Direction: 134
Zone: traffic
Camera type: fixed</description>
      <Point>
        <coordinates>-94.8367941,29.2860831,0</coordinates>
      </Point>
    </Placemark>
    <Placemark>
      <name>ALPR</name>
      <description>OSM node: https://www.openstreetmap.org/node/14079318101
Manufacturer: Flock Safety
Direction: 110
Zone: traffic
Camera type: fixed</description>
      <Point>
        <coordinates>-97.7020975,26.1896498,0</coordinates>
      </Point>
    </Placemark>
    <Placemark>
      <name>ALPR</name>
      <description>OSM node: https://www.openstreetmap.org/node/14079320001
Manufacturer: Flock Safety
Direction: 242
Zone: traffic
Camera type: fixed</description>
      <Point>
        <coordinates>-97.7022625,26.190705,0</coordinates>
      </Point>
    </Placemark>
    <Placemark>
      <name>ALPR</name>
      <description>OSM node: https://www.openstreetmap.org/node/14079327406
Manufacturer: Flock Safety
Direction: 0
Zone: traffic
Camera type: fixed</description>
      <Point>
        <coordinates>-95.9904949,30.0814929,0</coordinates>
      </Point>
    </Placemark>
    <Placemark>
      <name>ALPR</name>
      <description>OSM node: https://www.openstreetmap.org/node/14079415903
Manufacturer: Flock Safety
Direction: 245
Zone: traffic
Camera type: fixed</description>
      <Point>
        <coordinates>-98.372776,29.3665767,0</coordinates>
      </Point>
    </Placemark>
    <Placemark>
      <name>ALPR</name>
      <description>OSM node: https://www.openstreetmap.org/node/14079440201
Manufacturer: Flock Safety
Direction: 48
Zone: traffic
Camera type: fixed</description>
      <Point>
        <coordinates>-99.0986528,29.3494923,0</coordinates>
      </Point>
    </Placemark>
    <Placemark>
      <name>ALPR</name>
      <description>OSM node: https://www.openstreetmap.org/node/14079448382
Manufacturer: Flock Safety
Direction: 140
Zone: traffic
Camera type: fixed</description>
      <Point>
        <coordinates>-95.3211592,29.7622748,0</coordinates>
      </Point>
    </Placemark>
    <Placemark>
      <name>ALPR</name>
      <description>OSM node: https://www.openstreetmap.org/node/14079464201
Manufacturer: Flock Safety
Direction: 2
Zone: traffic
Camera type: fixed</description>
      <Point>
        <coordinates>-97.0273356,28.1094884,0</coordinates>
      </Point>
    </Placemark>
    <Placemark>
      <name>ALPR</name>
      <description>OSM node: https://www.openstreetmap.org/node/14079474301
Manufacturer: Flock Safety
Direction: 142
Zone: traffic
Camera type: fixed</description>
      <Point>
        <coordinates>-96.5939697,33.658724,0</coordinates>
      </Point>
    </Placemark>
    <Placemark>
      <name>ALPR</name>
      <description>OSM node: https://www.openstreetmap.org/node/14079484301
Manufacturer: Flock Safety
Direction: 281
Zone: traffic
Camera type: fixed</description>
      <Point>
        <coordinates>-95.4751448,30.3149269,0</coordinates>
      </Point>
    </Placemark>
    <Placemark>
      <name>ALPR</name>
      <description>OSM node: https://www.openstreetmap.org/node/14079533702
Manufacturer: Flock Safety
Direction: 15
Zone: traffic
Camera type: fixed</description>
      <Point>
        <coordinates>-95.2584491,29.5541678,0</coordinates>
      </Point>
    </Placemark>
    <Placemark>
      <name>ALPR</name>
      <description>OSM node: https://www.openstreetmap.org/node/14079536601
Manufacturer: Flock Safety
Direction: 129
Zone: traffic
Camera type: fixed</description>
      <Point>
        <coordinates>-95.2327119,29.5464745,0</coordinates>
      </Point>
    </Placemark>
    <Placemark>
      <name>ALPR</name>
      <description>OSM node: https://www.openstreetmap.org/node/14079569201
Manufacturer: Flock Safety
Direction: 290
Zone: traffic
Camera type: fixed</description>
      <Point>
        <coordinates>-97.9245674,33.0563136,0</coordinates>
      </Point>
    </Placemark>
    <Placemark>
      <name>ALPR</name>
      <description>OSM node: https://www.openstreetmap.org/node/14079569901
Manufacturer: Flock Safety
Direction: 178
Zone: traffic
Camera type: fixed</description>
      <Point>
        <coordinates>-97.9398732,33.0633195,0</coordinates>
      </Point>
    </Placemark>
    <Placemark>
      <name>ALPR</name>
      <description>OSM node: https://www.openstreetmap.org/node/14079580045
Manufacturer: Flock Safety
Direction: 20
Zone: traffic
Camera type: fixed</description>
      <Point>
        <coordinates>-97.0441289,32.6350817,0</coordinates>
      </Point>
    </Placemark>
    <Placemark>
      <name>ALPR</name>
      <description>OSM node: https://www.openstreetmap.org/node/14079583311
Manufacturer: Flock Safety
Direction: 230
Zone: traffic
Camera type: fixed</description>
      <Point>
        <coordinates>-97.0383841,32.6127671,0</coordinates>
      </Point>
    </Placemark>
    <Placemark>
      <name>ALPR</name>
      <description>OSM node: https://www.openstreetmap.org/node/14079611101
Manufacturer: Flock Safety
Direction: 157
Zone: traffic
Camera type: fixed</description>
      <Point>
        <coordinates>-98.7548152,29.8176706,0</coordinates>
      </Point>
    </Placemark>
    <Placemark>
      <name>ALPR</name>
      <description>OSM node: https://www.openstreetmap.org/node/14079614201
Manufacturer: Flock Safety
Direction: 248
Zone: traffic
Camera type: fixed</description>
      <Point>
        <coordinates>-94.8287158,29.27053,0</coordinates>
      </Point>
    </Placemark>
    <Placemark>
      <name>ALPR</name>
      <description>OSM node: https://www.openstreetmap.org/node/14079639401
Manufacturer: Flock Safety
Direction: 0
Zone: traffic
Camera type: fixed</description>
      <Point>
        <coordinates>-94.8106602,29.2882019,0</coordinates>
      </Point>
    </Placemark>
    <Placemark>
      <name>ALPR</name>
      <description>OSM node: https://www.openstreetmap.org/node/14079639603
Manufacturer: Flock Safety
Direction: 232
Zone: traffic
Camera type: fixed</description>
      <Point>
        <coordinates>-94.8106182,29.2881893,0</coordinates>
      </Point>
    </Placemark>
    <Placemark>
      <name>ALPR</name>
      <description>OSM node: https://www.openstreetmap.org/node/14079639604
Manufacturer: Flock Safety
Direction: 0
Zone: traffic
Camera type: fixed</description>
      <Point>
        <coordinates>-94.8125041,29.2876586,0</coordinates>
      </Point>
    </Placemark>
    <Placemark>
      <name>ALPR</name>
      <description>OSM node: https://www.openstreetmap.org/node/14079639702
Manufacturer: Flock Safety
Direction: 72;135
Zone: traffic
Camera type: fixed</description>
      <Point>
        <coordinates>-94.8125067,29.287678,0</coordinates>
      </Point>
    </Placemark>
    <Placemark>
      <name>ALPR</name>
      <description>OSM node: https://www.openstreetmap.org/node/14079639801
Manufacturer: Flock Safety
Direction: 0;0;0;0;72
Zone: traffic
Camera type: fixed</description>
      <Point>
        <coordinates>-94.8106444,29.2881893,0</coordinates>
      </Point>
    </Placemark>
    <Placemark>
      <name>ALPR</name>
      <description>OSM node: https://www.openstreetmap.org/node/14079640001
Manufacturer: Flock Safety
Direction: 150
Zone: traffic
Camera type: fixed</description>
      <Point>
        <coordinates>-94.8106654,29.2882133,0</coordinates>
      </Point>
    </Placemark>
    <Placemark>
      <name>ALPR</name>
      <description>OSM node: https://www.openstreetmap.org/node/14079640002
Manufacturer: Flock Safety
Direction: 202;277
Zone: traffic
Camera type: fixed</description>
      <Point>
        <coordinates>-94.8125041,29.2876746,0</coordinates>
      </Point>
    </Placemark>
    <Placemark>
      <name>ALPR</name>
      <description>OSM node: https://www.openstreetmap.org/node/14079640101
Manufacturer: Flock Safety
Direction: 287
Zone: traffic
Camera type: fixed</description>
      <Point>
        <coordinates>-94.8106313,29.288195,0</coordinates>
      </Point>
    </Placemark>
    <Placemark>
      <name>ALPR</name>
      <description>OSM node: https://www.openstreetmap.org/node/14079656901
Manufacturer: Flock Safety
Direction: 0
Zone: traffic
Camera type: fixed</description>
      <Point>
        <coordinates>-95.3470339,29.7664601,0</coordinates>
      </Point>
    </Placemark>
    <Placemark>
      <name>ALPR</name>
      <description>OSM node: https://www.openstreetmap.org/node/14079667602
Manufacturer: Flock Safety
Direction: 142
Zone: traffic
Camera type: fixed</description>
      <Point>
        <coordinates>-98.465319,29.4006532,0</coordinates>
      </Point>
    </Placemark>
    <Placemark>
      <name>ALPR</name>
      <description>OSM node: https://www.openstreetmap.org/node/14079670701
Manufacturer: Flock Safety
Direction: 73
Zone: traffic
Camera type: fixed</description>
      <Point>
        <coordinates>-98.4653259,29.3999961,0</coordinates>
      </Point>
    </Placemark>
    <Placemark>
      <name>ALPR</name>
      <description>OSM node: https://www.openstreetmap.org/node/14079671701
Manufacturer: Flock Safety
Direction: 89
Zone: traffic
Camera type: fixed</description>
      <Point>
        <coordinates>-98.4696522,29.4005648,0</coordinates>
      </Point>
    </Placemark>
    <Placemark>
      <name>ALPR</name>
      <description>OSM node: https://www.openstreetmap.org/node/14079672702
Manufacturer: Flock Safety
Direction: 193
Zone: traffic
Camera type: fixed</description>
      <Point>
        <coordinates>-98.4669127,29.4120992,0</coordinates>
      </Point>
    </Placemark>
    <Placemark>
      <name>ALPR</name>
      <description>OSM node: https://www.openstreetmap.org/node/14079679901
Manufacturer: Flock Safety
Direction: 152
Zone: traffic
Camera type: fixed</description>
      <Point>
        <coordinates>-98.7685115,29.4241851,0</coordinates>
      </Point>
    </Placemark>
    <Placemark>
      <name>ALPR</name>
      <description>OSM node: https://www.openstreetmap.org/node/14079698001
Manufacturer: Flock Safety
Direction: 139
Zone: traffic
Camera type: fixed</description>
      <Point>
        <coordinates>-96.7802872,32.7888133,0</coordinates>
      </Point>
    </Placemark>
    <Placemark>
      <name>ALPR</name>
      <description>OSM node: https://www.openstreetmap.org/node/14079728901
Manufacturer: Flock Safety
Direction: 84
Zone: traffic
Camera type: fixed</description>
      <Point>
        <coordinates>-103.6189926,30.3727132,0</coordinates>
      </Point>
    </Placemark>
    <Placemark>
      <name>ALPR</name>
      <description>OSM node: https://www.openstreetmap.org/node/14079995101
Manufacturer: Flock Safety
Direction: 48
Zone: traffic
Camera type: fixed</description>
      <Point>
        <coordinates>-97.5910571,30.4191883,0</coordinates>
      </Point>
    </Placemark>
    <Placemark>
      <name>ALPR</name>
      <description>OSM node: https://www.openstreetmap.org/node/14080002801
Manufacturer: Flock Safety
Direction: 234
Zone: traffic
Camera type: fixed</description>
      <Point>
        <coordinates>-97.5913937,30.4192685,0</coordinates>
      </Point>
    </Placemark>
    <Placemark>
      <name>ALPR</name>
      <description>OSM node: https://www.openstreetmap.org/node/14080204701
Manufacturer: Flock Safety
Direction: 129
Zone: traffic
Camera type: fixed</description>
      <Point>
        <coordinates>-97.221967,33.0159765,0</coordinates>
      </Point>
    </Placemark>
    <Placemark>
      <name>ALPR</name>
      <description>OSM node: https://www.openstreetmap.org/node/14080303703
Manufacturer: Flock Safety
Direction: 29
Zone: traffic
Camera type: fixed</description>
      <Point>
        <coordinates>-96.1594723,32.8437063,0</coordinates>
      </Point>
    </Placemark>
    <Placemark>
      <name>ALPR</name>
      <description>OSM node: https://www.openstreetmap.org/node/14080484503
Manufacturer: Flock Safety
Direction: 81
Zone: traffic
Camera type: fixed</description>
      <Point>
        <coordinates>-100.8149752,29.3238122,0</coordinates>
      </Point>
    </Placemark>
    <Placemark>
      <name>ALPR</name>
      <description>OSM node: https://www.openstreetmap.org/node/14080519901
Manufacturer: Flock Safety
Direction: 219
Zone: traffic
Camera type: fixed</description>
      <Point>
        <coordinates>-94.3933351,29.5479421,0</coordinates>
      </Point>
    </Placemark>
    <Placemark>
      <name>ALPR</name>
      <description>OSM node: https://www.openstreetmap.org/node/14080547801
Manufacturer: Flock Safety
Direction: 0
Zone: traffic
Camera type: fixed</description>
      <Point>
        <coordinates>-100.525213,28.8354328,0</coordinates>
      </Point>
    </Placemark>
    <Placemark>
      <name>ALPR</name>
      <description>OSM node: https://www.openstreetmap.org/node/14080632401
Manufacturer: Flock Safety
Direction: 100
Zone: traffic
Camera type: fixed</description>
      <Point>
        <coordinates>-95.2361841,29.5432351,0</coordinates>
      </Point>
    </Placemark>
    <Placemark>
      <name>ALPR</name>
      <description>OSM node: https://www.openstreetmap.org/node/14080639501
Manufacturer: Flock Safety
Direction: 185
Zone: traffic
Camera type: fixed</description>
      <Point>
        <coordinates>-102.0513493,36.2933486,0</coordinates>
      </Point>
    </Placemark>
    <Placemark>
      <name>ALPR</name>
      <description>OSM node: https://www.openstreetmap.org/node/14080659701
Manufacturer: Flock Safety
Direction: 236
Zone: traffic
Camera type: fixed</description>
      <Point>
        <coordinates>-95.2409316,30.1299738,0</coordinates>
      </Point>
    </Placemark>
    <Placemark>
      <name>ALPR</name>
      <description>OSM node: https://www.openstreetmap.org/node/14080660203
Manufacturer: Flock Safety
Direction: 259
Zone: traffic
Camera type: fixed</description>
      <Point>
        <coordinates>-97.5003411,25.8991207,0</coordinates>
      </Point>
    </Placemark>
    <Placemark>
      <name>ALPR</name>
      <description>OSM node: https://www.openstreetmap.org/node/14080673144
Manufacturer: Axon Enterprise
Direction: 145
Zone: traffic
Camera type: fixed</description>
      <Point>
        <coordinates>-101.7246726,35.1919952,0</coordinates>
      </Point>
    </Placemark>
    <Placemark>
      <name>ALPR</name>
      <description>OSM node: https://www.openstreetmap.org/node/14080705501
Manufacturer: Flock Safety
Direction: 14
Zone: traffic
Camera type: fixed</description>
      <Point>
        <coordinates>-96.762492,32.7742809,0</coordinates>
      </Point>
    </Placemark>
    <Placemark>
      <name>ALPR</name>
      <description>OSM node: https://www.openstreetmap.org/node/14080838101
Manufacturer: Flock Safety
Direction: 320
Zone: traffic
Camera type: fixed</description>
      <Point>
        <coordinates>-97.2328028,32.7372281,0</coordinates>
      </Point>
    </Placemark>
    <Placemark>
      <name>ALPR</name>
      <description>OSM node: https://www.openstreetmap.org/node/14080849501
Manufacturer: Flock Safety
Direction: 59
Zone: traffic
Camera type: fixed</description>
      <Point>
        <coordinates>-100.8023016,32.3997157,0</coordinates>
      </Point>
    </Placemark>
    <Placemark>
      <name>ALPR</name>
      <description>OSM node: https://www.openstreetmap.org/node/14080904201
Manufacturer: Motorola Solutions
Direction: 321
Zone: traffic
Camera type: fixed</description>
      <Point>
        <coordinates>-96.7709284,32.8511939,0</coordinates>
      </Point>
    </Placemark>
    <Placemark>
      <name>ALPR</name>
      <description>OSM node: https://www.openstreetmap.org/node/14080920502
Manufacturer: Flock Safety
Direction: 151
Zone: traffic
Camera type: fixed</description>
      <Point>
        <coordinates>-97.4698109,31.1164788,0</coordinates>
      </Point>
    </Placemark>
    <Placemark>
      <name>ALPR</name>
      <description>OSM node: https://www.openstreetmap.org/node/14080922701
Manufacturer: Flock Safety
Direction: 217
Zone: traffic
Camera type: fixed</description>
      <Point>
        <coordinates>-96.5218533,32.6881131,0</coordinates>
      </Point>
    </Placemark>
    <Placemark>
      <name>ALPR</name>
      <description>OSM node: https://www.openstreetmap.org/node/14080927086
Manufacturer: Flock Safety
Direction: 190
Zone: traffic
Camera type: fixed</description>
      <Point>
        <coordinates>-98.5362158,29.6076619,0</coordinates>
      </Point>
    </Placemark>
    <Placemark>
      <name>ALPR</name>
      <description>OSM node: https://www.openstreetmap.org/node/14080930401
Manufacturer: Flock Safety
Direction: 143
Zone: traffic
Camera type: fixed</description>
      <Point>
        <coordinates>-97.4703928,31.1178607,0</coordinates>
      </Point>
    </Placemark>
    <Placemark>
      <name>ALPR</name>
      <description>OSM node: https://www.openstreetmap.org/node/14080957301
Manufacturer: Motorola Solutions
Direction: 12
Zone: traffic
Camera type: fixed</description>
      <Point>
        <coordinates>-97.4049986,27.7112135,0</coordinates>
      </Point>
    </Placemark>
    <Placemark>
      <name>ALPR</name>
      <description>OSM node: https://www.openstreetmap.org/node/14080968972
Manufacturer: Flock Safety
Direction: 80
Zone: traffic
Camera type: fixed</description>
      <Point>
        <coordinates>-98.5364002,29.6072593,0</coordinates>
      </Point>
    </Placemark>
    <Placemark>
      <name>ALPR</name>
      <description>OSM node: https://www.openstreetmap.org/node/14080981703
Manufacturer: Flock Safety
Direction: 99
Zone: traffic
Camera type: fixed</description>
      <Point>
        <coordinates>-98.5501371,29.3537428,0</coordinates>
      </Point>
    </Placemark>
    <Placemark>
      <name>ALPR</name>
      <description>OSM node: https://www.openstreetmap.org/node/14081033302
Manufacturer: Flock Safety
Direction: 283
Zone: traffic
Camera type: fixed</description>
      <Point>
        <coordinates>-96.5362428,32.9542153,0</coordinates>
      </Point>
    </Placemark>
    <Placemark>
      <name>ALPR</name>
      <description>OSM node: https://www.openstreetmap.org/node/14081049601
Manufacturer: Flock Safety
Direction: 359
Zone: traffic
Camera type: fixed</description>
      <Point>
        <coordinates>-97.2602033,31.6258264,0</coordinates>
      </Point>
    </Placemark>
    <Placemark>
      <name>Lowe's ALPR</name>
      <description>OSM node: https://www.openstreetmap.org/node/14081065701
Operator: Lowe's
Manufacturer: Flock Safety
Direction: 0
Zone: traffic
Camera type: fixed</description>
      <Point>
        <coordinates>-97.4173072,27.7588177,0</coordinates>
      </Point>
    </Placemark>
    <Placemark>
      <name>ALPR</name>
      <description>OSM node: https://www.openstreetmap.org/node/14081067001
Manufacturer: Flock Safety
Direction: 0
Zone: traffic
Camera type: fixed</description>
      <Point>
        <coordinates>-97.4177489,27.7589899,0</coordinates>
      </Point>
    </Placemark>
    <Placemark>
      <name>ALPR</name>
      <description>OSM node: https://www.openstreetmap.org/node/14081107101
Manufacturer: Flock Safety
Direction: 302
Zone: traffic
Camera type: fixed</description>
      <Point>
        <coordinates>-97.0355655,32.6488462,0</coordinates>
      </Point>
    </Placemark>
    <Placemark>
      <name>ALPR</name>
      <description>OSM node: https://www.openstreetmap.org/node/14081175001
Manufacturer: Flock Safety
Direction: 66
Zone: traffic
Camera type: fixed</description>
      <Point>
        <coordinates>-101.9894201,33.5196782,0</coordinates>
      </Point>
    </Placemark>
    <Placemark>
      <name>ALPR</name>
      <description>OSM node: https://www.openstreetmap.org/node/14081198801
Manufacturer: Flock Safety
Direction: 0
Zone: traffic
Camera type: fixed</description>
      <Point>
        <coordinates>-94.5961539,29.9504854,0</coordinates>
      </Point>
    </Placemark>
    <Placemark>
      <name>ALPR</name>
      <description>OSM node: https://www.openstreetmap.org/node/14081210201
Manufacturer: Flock Safety
Direction: 68
Zone: traffic
Camera type: fixed</description>
      <Point>
        <coordinates>-93.9265179,29.939295,0</coordinates>
      </Point>
    </Placemark>
    <Placemark>
      <name>ALPR</name>
      <description>OSM node: https://www.openstreetmap.org/node/14081266701
Manufacturer: Flock Safety
Direction: 137
Zone: traffic
Camera type: fixed</description>
      <Point>
        <coordinates>-102.9341402,31.5830311,0</coordinates>
      </Point>
    </Placemark>
    <Placemark>
      <name>ALPR</name>
      <description>OSM node: https://www.openstreetmap.org/node/14081290001
Manufacturer: Flock Safety
Direction: 158
Zone: traffic
Camera type: fixed</description>
      <Point>
        <coordinates>-95.4140272,30.0255271,0</coordinates>
      </Point>
    </Placemark>
    <Placemark>
      <name>ALPR</name>
      <description>OSM node: https://www.openstreetmap.org/node/14081290002
Manufacturer: Flock Safety
Direction: 132
Zone: traffic
Camera type: fixed</description>
      <Point>
        <coordinates>-95.4097121,30.0274798,0</coordinates>
      </Point>
    </Placemark>
    <Placemark>
      <name>ALPR</name>
      <description>OSM node: https://www.openstreetmap.org/node/14081295701
Manufacturer: Flock Safety
Direction: 324
Zone: traffic
Camera type: fixed</description>
      <Point>
        <coordinates>-95.4094688,30.0275257,0</coordinates>
      </Point>
    </Placemark>
    <Placemark>
      <name>ALPR</name>
      <description>OSM node: https://www.openstreetmap.org/node/14081358101
Manufacturer: Flock Safety
Direction: 223
Zone: traffic
Camera type: fixed</description>
      <Point>
        <coordinates>-96.000124,32.6254811,0</coordinates>
      </Point>
    </Placemark>
    <Placemark>
      <name>ALPR</name>
      <description>OSM node: https://www.openstreetmap.org/node/14081465672
Manufacturer: Flock Safety
Direction: 330
Zone: traffic</description>
      <Point>
        <coordinates>-95.1930919,29.8071662,0</coordinates>
      </Point>
    </Placemark>
    <Placemark>
      <name>ALPR</name>
      <description>OSM node: https://www.openstreetmap.org/node/14081754402
Manufacturer: Flock Safety
Direction: 30
Zone: traffic
Camera type: fixed</description>
      <Point>
        <coordinates>-97.6160864,27.9178176,0</coordinates>
      </Point>
    </Placemark>
    <Placemark>
      <name>ALPR</name>
      <description>OSM node: https://www.openstreetmap.org/node/14082102401
Manufacturer: Flock Safety
Direction: 175
Zone: traffic
Camera type: fixed</description>
      <Point>
        <coordinates>-97.3184007,32.7253059,0</coordinates>
      </Point>
    </Placemark>
    <Placemark>
      <name>ALPR</name>
      <description>OSM node: https://www.openstreetmap.org/node/14082104901
Manufacturer: Flock Safety
Direction: 90
Zone: traffic
Camera type: fixed</description>
      <Point>
        <coordinates>-97.3565694,32.7515118,0</coordinates>
      </Point>
    </Placemark>
    <Placemark>
      <name>ALPR</name>
      <description>OSM node: https://www.openstreetmap.org/node/14082171301
Manufacturer: Flock Safety
Direction: 227
Zone: traffic
Camera type: fixed</description>
      <Point>
        <coordinates>-96.3792545,33.1583898,0</coordinates>
      </Point>
    </Placemark>
    <Placemark>
      <name>ALPR</name>
      <description>OSM node: https://www.openstreetmap.org/node/14082184901
Manufacturer: Flock Safety
Direction: 0
Zone: traffic
Camera type: fixed</description>
      <Point>
        <coordinates>-96.560382,32.6182443,0</coordinates>
      </Point>
    </Placemark>
    <Placemark>
      <name>ALPR</name>
      <description>OSM node: https://www.openstreetmap.org/node/14082204306
Manufacturer: Flock Safety
Direction: 179
Zone: traffic
Camera type: fixed</description>
      <Point>
        <coordinates>-96.9200173,33.0027802,0</coordinates>
      </Point>
    </Placemark>
    <Placemark>
      <name>ALPR</name>
      <description>OSM node: https://www.openstreetmap.org/node/14082268101
Manufacturer: Flock Safety
Direction: 189
Zone: traffic
Camera type: fixed</description>
      <Point>
        <coordinates>-95.5882983,29.624997,0</coordinates>
      </Point>
    </Placemark>
    <Placemark>
      <name>ALPR</name>
      <description>OSM node: https://www.openstreetmap.org/node/14082464401
Manufacturer: Flock Safety
Direction: 0
Zone: traffic
Camera type: fixed</description>
      <Point>
        <coordinates>-96.7369129,32.9091525,0</coordinates>
      </Point>
    </Placemark>
    <Placemark>
      <name>ALPR</name>
      <description>OSM node: https://www.openstreetmap.org/node/14083621302
Manufacturer: Flock Safety
Direction: 30
Zone: traffic
Camera type: fixed</description>
      <Point>
        <coordinates>-96.9840029,33.1964644,0</coordinates>
      </Point>
    </Placemark>
    <Placemark>
      <name>ALPR</name>
      <description>OSM node: https://www.openstreetmap.org/node/14083623901
Manufacturer: Flock Safety
Direction: 224
Zone: traffic
Camera type: fixed</description>
      <Point>
        <coordinates>-96.9840501,33.1965264,0</coordinates>
      </Point>
    </Placemark>
    <Placemark>
      <name>ALPR</name>
      <description>OSM node: https://www.openstreetmap.org/node/14083629101
Manufacturer: Flock Safety
Direction: 0;71;141;214;288
Zone: traffic
Camera type: fixed</description>
      <Point>
        <coordinates>-97.7214432,31.0880233,0</coordinates>
      </Point>
    </Placemark>
    <Placemark>
      <name>ALPR</name>
      <description>OSM node: https://www.openstreetmap.org/node/14083664401
Manufacturer: Flock Safety
Direction: 293
Zone: traffic
Camera type: fixed</description>
      <Point>
        <coordinates>-95.5831503,29.6251883,0</coordinates>
      </Point>
    </Placemark>
    <Placemark>
      <name>ALPR</name>
      <description>OSM node: https://www.openstreetmap.org/node/14083667602
Manufacturer: Flock Safety
Direction: 244
Zone: traffic
Camera type: fixed</description>
      <Point>
        <coordinates>-94.9540092,29.7399381,0</coordinates>
      </Point>
    </Placemark>
    <Placemark>
      <name>ALPR</name>
      <description>OSM node: https://www.openstreetmap.org/node/14083670401
Manufacturer: Flock Safety
Direction: 189
Zone: traffic
Camera type: fixed</description>
      <Point>
        <coordinates>-97.3704383,31.0672852,0</coordinates>
      </Point>
    </Placemark>
    <Placemark>
      <name>ALPR</name>
      <description>OSM node: https://www.openstreetmap.org/node/14083678601
Manufacturer: Flock Safety
Direction: 191
Zone: traffic
Camera type: fixed</description>
      <Point>
        <coordinates>-94.9541434,29.7393321,0</coordinates>
      </Point>
    </Placemark>
    <Placemark>
      <name>ALPR</name>
      <description>OSM node: https://www.openstreetmap.org/node/14083698101
Manufacturer: Flock Safety
Direction: 92
Zone: traffic
Camera type: fixed</description>
      <Point>
        <coordinates>-94.9531197,29.7395068,0</coordinates>
      </Point>
    </Placemark>
    <Placemark>
      <name>ALPR</name>
      <description>OSM node: https://www.openstreetmap.org/node/14083723602
Manufacturer: Flock Safety
Direction: 105
Zone: traffic
Camera type: fixed</description>
      <Point>
        <coordinates>-96.3120206,30.6402285,0</coordinates>
      </Point>
    </Placemark>
    <Placemark>
      <name>ALPR</name>
      <description>OSM node: https://www.openstreetmap.org/node/14083927803
Manufacturer: Flock Safety
Direction: 0
Zone: traffic
Camera type: fixed</description>
      <Point>
        <coordinates>-97.8035205,30.471836,0</coordinates>
      </Point>
    </Placemark>
    <Placemark>
      <name>ALPR</name>
      <description>OSM node: https://www.openstreetmap.org/node/14084090801
Manufacturer: Flock Safety
Direction: 130
Zone: traffic
Camera type: fixed</description>
      <Point>
        <coordinates>-97.2340075,27.6324545,0</coordinates>
      </Point>
    </Placemark>
    <Placemark>
      <name>ALPR</name>
      <description>OSM node: https://www.openstreetmap.org/node/14084159301
Manufacturer: Flock Safety
Direction: 54
Zone: traffic
Camera type: fixed</description>
      <Point>
        <coordinates>-95.7753284,29.9532963,0</coordinates>
      </Point>
    </Placemark>
    <Placemark>
      <name>ALPR</name>
      <description>OSM node: https://www.openstreetmap.org/node/14084190161
Direction: 10</description>
      <Point>
        <coordinates>-95.4250079,29.9620222,0</coordinates>
      </Point>
    </Placemark>
    <Placemark>
      <name>ALPR</name>
      <description>OSM node: https://www.openstreetmap.org/node/14084233804
Manufacturer: Flock Safety
Direction: 247
Zone: traffic
Camera type: fixed</description>
      <Point>
        <coordinates>-98.1241766,26.3325997,0</coordinates>
      </Point>
    </Placemark>
    <Placemark>
      <name>ALPR</name>
      <description>OSM node: https://www.openstreetmap.org/node/14084234901
Manufacturer: Flock Safety
Direction: 82
Zone: traffic
Camera type: fixed</description>
      <Point>
        <coordinates>-98.1230043,26.332302,0</coordinates>
      </Point>
    </Placemark>
    <Placemark>
      <name>ALPR</name>
      <description>OSM node: https://www.openstreetmap.org/node/14084250001
Manufacturer: Flock Safety
Direction: 249
Zone: traffic
Camera type: fixed</description>
      <Point>
        <coordinates>-98.1460056,26.3357118,0</coordinates>
      </Point>
    </Placemark>
    <Placemark>
      <name>ALPR</name>
      <description>OSM node: https://www.openstreetmap.org/node/14084266601
Manufacturer: Flock Safety
Direction: 332
Zone: traffic
Camera type: fixed</description>
      <Point>
        <coordinates>-96.3853846,30.6064554,0</coordinates>
      </Point>
    </Placemark>
    <Placemark>
      <name>ALPR</name>
      <description>OSM node: https://www.openstreetmap.org/node/14084267001
Manufacturer: Flock Safety
Direction: 118
Zone: traffic
Camera type: fixed</description>
      <Point>
        <coordinates>-101.3930312,35.6866389,0</coordinates>
      </Point>
    </Placemark>
    <Placemark>
      <name>ALPR</name>
      <description>OSM node: https://www.openstreetmap.org/node/14084277301
Manufacturer: Flock Safety
Direction: 68
Zone: traffic
Camera type: fixed</description>
      <Point>
        <coordinates>-95.855673,29.7350585,0</coordinates>
      </Point>
    </Placemark>
    <Placemark>
      <name>ALPR</name>
      <description>OSM node: https://www.openstreetmap.org/node/14084309313
Manufacturer: Flock Safety
Direction: 275
Zone: traffic
Camera type: fixed</description>
      <Point>
        <coordinates>-97.0831338,31.7977866,0</coordinates>
      </Point>
    </Placemark>
    <Placemark>
      <name>ALPR</name>
      <description>OSM node: https://www.openstreetmap.org/node/14084336701
Manufacturer: Flock Safety
Direction: 275;130
Zone: traffic
Camera type: fixed</description>
      <Point>
        <coordinates>-96.6160113,32.8357879,0</coordinates>
      </Point>
    </Placemark>
    <Placemark>
      <name>ALPR</name>
      <description>OSM node: https://www.openstreetmap.org/node/14084353501
Manufacturer: Flock Safety
Direction: 325
Zone: traffic
Camera type: fixed</description>
      <Point>
        <coordinates>-95.2471518,29.7599712,0</coordinates>
      </Point>
    </Placemark>
    <Placemark>
      <name>ALPR</name>
      <description>OSM node: https://www.openstreetmap.org/node/14084407701
Manufacturer: Flock Safety
Direction: 171
Zone: traffic
Camera type: fixed</description>
      <Point>
        <coordinates>-99.2566495,28.4050708,0</coordinates>
      </Point>
    </Placemark>
    <Placemark>
      <name>ALPR</name>
      <description>OSM node: https://www.openstreetmap.org/node/14084433101
Manufacturer: Flock Safety
Direction: 257
Zone: traffic
Camera type: fixed</description>
      <Point>
        <coordinates>-95.177503,29.4952918,0</coordinates>
      </Point>
    </Placemark>
    <Placemark>
      <name>ALPR</name>
      <description>OSM node: https://www.openstreetmap.org/node/14084438201
Manufacturer: Flock Safety
Direction: 294
Zone: traffic
Camera type: fixed</description>
      <Point>
        <coordinates>-98.2217418,29.5542158,0</coordinates>
      </Point>
    </Placemark>
    <Placemark>
      <name>ALPR</name>
      <description>OSM node: https://www.openstreetmap.org/node/14084439901
Manufacturer: Flock Safety
Direction: 349
Zone: traffic
Camera type: fixed</description>
      <Point>
        <coordinates>-96.9201218,32.9848924,0</coordinates>
      </Point>
    </Placemark>
    <Placemark>
      <name>ALPR</name>
      <description>OSM node: https://www.openstreetmap.org/node/14084531201
Manufacturer: Flock Safety
Direction: 256
Zone: traffic
Camera type: fixed</description>
      <Point>
        <coordinates>-96.5594601,33.2927989,0</coordinates>
      </Point>
    </Placemark>
    <Placemark>
      <name>ALPR</name>
      <description>OSM node: https://www.openstreetmap.org/node/14084550205
Manufacturer: Flock Safety
Direction: 82
Zone: traffic
Camera type: fixed</description>
      <Point>
        <coordinates>-95.200409,29.5968699,0</coordinates>
      </Point>
    </Placemark>
    <Placemark>
      <name>ALPR</name>
      <description>OSM node: https://www.openstreetmap.org/node/14084571102
Manufacturer: Flock Safety
Direction: 282
Zone: traffic
Camera type: fixed</description>
      <Point>
        <coordinates>-98.1879887,29.7278109,0</coordinates>
      </Point>
    </Placemark>
    <Placemark>
      <name>ALPR</name>
      <description>OSM node: https://www.openstreetmap.org/node/14084573801
Manufacturer: Flock Safety
Direction: 129
Zone: traffic
Camera type: fixed</description>
      <Point>
        <coordinates>-98.188024,29.7280085,0</coordinates>
      </Point>
    </Placemark>
    <Placemark>
      <name>ALPR</name>
      <description>OSM node: https://www.openstreetmap.org/node/14084574360
Manufacturer: Flock Safety
Direction: 345
Zone: traffic
Camera type: fixed</description>
      <Point>
        <coordinates>-97.0179389,32.6671934,0</coordinates>
      </Point>
    </Placemark>
    <Placemark>
      <name>ALPR</name>
      <description>OSM node: https://www.openstreetmap.org/node/14084581989
Manufacturer: Flock Safety
Direction: 60
Zone: traffic
Camera type: fixed</description>
      <Point>
        <coordinates>-93.7116459,30.1229141,0</coordinates>
      </Point>
    </Placemark>
    <Placemark>
      <name>ALPR</name>
      <description>OSM node: https://www.openstreetmap.org/node/14084581990
Manufacturer: Flock Safety
Direction: 240
Zone: traffic
Camera type: fixed</description>
      <Point>
        <coordinates>-93.7148868,30.1218913,0</coordinates>
      </Point>
    </Placemark>
    <Placemark>
      <name>ALPR</name>
      <description>OSM node: https://www.openstreetmap.org/node/14084583302
Manufacturer: Flock Safety
Direction: 280
Zone: traffic
Camera type: fixed</description>
      <Point>
        <coordinates>-98.1811361,29.7223501,0</coordinates>
      </Point>
    </Placemark>
    <Placemark>
      <name>ALPR</name>
      <description>OSM node: https://www.openstreetmap.org/node/14084586242
Manufacturer: Flock Safety
Direction: 170
Zone: traffic
Camera type: fixed</description>
      <Point>
        <coordinates>-97.0186876,32.6684777,0</coordinates>
      </Point>
    </Placemark>
    <Placemark>
      <name>ALPR</name>
      <description>OSM node: https://www.openstreetmap.org/node/14084676701
Manufacturer: Flock Safety
Direction: 165
Zone: traffic
Camera type: fixed</description>
      <Point>
        <coordinates>-97.0995256,31.8092625,0</coordinates>
      </Point>
    </Placemark>
    <Placemark>
      <name>ALPR</name>
      <description>OSM node: https://www.openstreetmap.org/node/14084677101
Manufacturer: Flock Safety
Direction: 175
Zone: traffic
Camera type: fixed</description>
      <Point>
        <coordinates>-97.1000367,31.8069806,0</coordinates>
      </Point>
    </Placemark>
    <Placemark>
      <name>ALPR</name>
      <description>OSM node: https://www.openstreetmap.org/node/14084706702
Manufacturer: Flock Safety
Direction: 44
Zone: traffic
Camera type: fixed</description>
      <Point>
        <coordinates>-95.767795,29.9532799,0</coordinates>
      </Point>
    </Placemark>
    <Placemark>
      <name>Simon Property Group ALPR</name>
      <description>OSM node: https://www.openstreetmap.org/node/14084743491
Operator: Simon Property Group
Manufacturer: Flock Safety
Direction: 330
Zone: traffic
Camera type: fixed</description>
      <Point>
        <coordinates>-97.3989952,32.7091331,0</coordinates>
      </Point>
    </Placemark>
    <Placemark>
      <name>ALPR</name>
      <description>OSM node: https://www.openstreetmap.org/node/14084752001
Manufacturer: Flock Safety
Direction: 293
Zone: traffic
Camera type: fixed</description>
      <Point>
        <coordinates>-102.3453918,31.8391869,0</coordinates>
      </Point>
    </Placemark>
    <Placemark>
      <name>ALPR</name>
      <description>OSM node: https://www.openstreetmap.org/node/14084920001
Manufacturer: Flock Safety
Direction: 156
Zone: traffic
Camera type: fixed</description>
      <Point>
        <coordinates>-97.0174668,33.0064851,0</coordinates>
      </Point>
    </Placemark>
    <Placemark>
      <name>ALPR</name>
      <description>OSM node: https://www.openstreetmap.org/node/14084994401
Manufacturer: Flock Safety
Direction: 229
Zone: traffic
Camera type: fixed</description>
      <Point>
        <coordinates>-96.8759577,31.7675457,0</coordinates>
      </Point>
    </Placemark>
    <Placemark>
      <name>ALPR</name>
      <description>OSM node: https://www.openstreetmap.org/node/14085473501
Manufacturer: Flock Safety
Direction: 343
Zone: traffic
Camera type: fixed</description>
      <Point>
        <coordinates>-95.5936235,29.6223184,0</coordinates>
      </Point>
    </Placemark>
    <Placemark>
      <name>ALPR</name>
      <description>OSM node: https://www.openstreetmap.org/node/14085536004
Manufacturer: Flock Safety
Direction: 190
Zone: street
Camera type: fixed</description>
      <Point>
        <coordinates>-98.6516648,29.4730687,0</coordinates>
      </Point>
    </Placemark>
    <Placemark>
      <name>ALPR</name>
      <description>OSM node: https://www.openstreetmap.org/node/14085538901
Manufacturer: Flock Safety
Direction: 107;179;0
Zone: traffic
Camera type: fixed</description>
      <Point>
        <coordinates>-98.5378533,29.5614162,0</coordinates>
      </Point>
    </Placemark>
    <Placemark>
      <name>ALPR</name>
      <description>OSM node: https://www.openstreetmap.org/node/14085546120
Manufacturer: Flock Safety
Zone: traffic
Camera type: fixed</description>
      <Point>
        <coordinates>-98.6516045,29.4729753,0</coordinates>
      </Point>
    </Placemark>
    <Placemark>
      <name>ALPR</name>
      <description>OSM node: https://www.openstreetmap.org/node/14085597701
Manufacturer: Flock Safety
Direction: 132
Zone: traffic
Camera type: fixed</description>
      <Point>
        <coordinates>-95.506328,29.7086383,0</coordinates>
      </Point>
    </Placemark>
    <Placemark>
      <name>ALPR</name>
      <description>OSM node: https://www.openstreetmap.org/node/14085693065
Manufacturer: Flock Safety
Direction: 240
Zone: traffic
Camera type: fixed</description>
      <Point>
        <coordinates>-97.9348367,30.392397,0</coordinates>
      </Point>
    </Placemark>
    <Placemark>
      <name>ALPR</name>
      <description>OSM node: https://www.openstreetmap.org/node/14085761345
Manufacturer: Flock Safety
Direction: 290
Zone: traffic
Camera type: fixed</description>
      <Point>
        <coordinates>-102.2679562,31.8336547,0</coordinates>
      </Point>
    </Placemark>
    <Placemark>
      <name>ALPR</name>
      <description>OSM node: https://www.openstreetmap.org/node/14085771602
Manufacturer: Flock Safety
Direction: 236
Zone: traffic
Camera type: fixed</description>
      <Point>
        <coordinates>-102.2917376,33.4929881,0</coordinates>
      </Point>
    </Placemark>
    <Placemark>
      <name>ALPR</name>
      <description>OSM node: https://www.openstreetmap.org/node/14085823803
Manufacturer: Flock Safety
Direction: 281
Zone: traffic
Camera type: fixed</description>
      <Point>
        <coordinates>-97.7885942,30.6618377,0</coordinates>
      </Point>
    </Placemark>
    <Placemark>
      <name>ALPR</name>
      <description>OSM node: https://www.openstreetmap.org/node/14085827402
Manufacturer: Flock Safety
Direction: 243
Zone: traffic
Camera type: fixed</description>
      <Point>
        <coordinates>-98.3746479,29.372,0</coordinates>
      </Point>
    </Placemark>
    <Placemark>
      <name>ALPR</name>
      <description>OSM node: https://www.openstreetmap.org/node/14085851401
Manufacturer: Flock Safety
Direction: 149
Zone: traffic
Camera type: fixed</description>
      <Point>
        <coordinates>-95.2485344,29.9341486,0</coordinates>
      </Point>
    </Placemark>
    <Placemark>
      <name>ALPR</name>
      <description>OSM node: https://www.openstreetmap.org/node/14085887553
Manufacturer: Flock Safety
Direction: 225
Zone: traffic
Camera type: fixed</description>
      <Point>
        <coordinates>-95.6566913,29.735542,0</coordinates>
      </Point>
    </Placemark>
    <Placemark>
      <name>ALPR</name>
      <description>OSM node: https://www.openstreetmap.org/node/14085897376
Direction: 45
Zone: traffic
Camera type: fixed</description>
      <Point>
        <coordinates>-95.6581986,29.7352893,0</coordinates>
      </Point>
    </Placemark>
    <Placemark>
      <name>ALPR</name>
      <description>OSM node: https://www.openstreetmap.org/node/14085934401
Manufacturer: Flock Safety
Direction: 243
Zone: traffic
Camera type: fixed</description>
      <Point>
        <coordinates>-95.3852391,30.1210547,0</coordinates>
      </Point>
    </Placemark>
    <Placemark>
      <name>ALPR</name>
      <description>OSM node: https://www.openstreetmap.org/node/14085973101
Manufacturer: Flock Safety
Direction: 239
Zone: traffic
Camera type: fixed</description>
      <Point>
        <coordinates>-96.7323949,32.8569164,0</coordinates>
      </Point>
    </Placemark>
    <Placemark>
      <name>ALPR</name>
      <description>OSM node: https://www.openstreetmap.org/node/14085989202
Manufacturer: Flock Safety
Direction: 242
Zone: traffic
Camera type: fixed</description>
      <Point>
        <coordinates>-94.3761717,32.5364792,0</coordinates>
      </Point>
    </Placemark>
    <Placemark>
      <name>ALPR</name>
      <description>OSM node: https://www.openstreetmap.org/node/14085990901
Manufacturer: Flock Safety
Direction: 26
Zone: traffic
Camera type: fixed</description>
      <Point>
        <coordinates>-95.2264822,29.9437014,0</coordinates>
      </Point>
    </Placemark>
    <Placemark>
      <name>ALPR</name>
      <description>OSM node: https://www.openstreetmap.org/node/14085992203
Manufacturer: Flock Safety
Direction: 165
Zone: traffic
Camera type: fixed</description>
      <Point>
        <coordinates>-98.7249719,29.8788296,0</coordinates>
      </Point>
    </Placemark>
    <Placemark>
      <name>ALPR</name>
      <description>OSM node: https://www.openstreetmap.org/node/14086044601
Manufacturer: Flock Safety
Direction: 66
Zone: traffic
Camera type: fixed</description>
      <Point>
        <coordinates>-96.8767931,32.7348024,0</coordinates>
      </Point>
    </Placemark>
    <Placemark>
      <name>ALPR</name>
      <description>OSM node: https://www.openstreetmap.org/node/14086066201
Manufacturer: Flock Safety
Direction: 19
Zone: traffic
Camera type: fixed</description>
      <Point>
        <coordinates>-98.7879978,26.3935334,0</coordinates>
      </Point>
    </Placemark>
    <Placemark>
      <name>ALPR</name>
      <description>OSM node: https://www.openstreetmap.org/node/14086069401
Manufacturer: Flock Safety
Direction: 247
Zone: traffic
Camera type: fixed</description>
      <Point>
        <coordinates>-97.9788247,33.5759436,0</coordinates>
      </Point>
    </Placemark>
    <Placemark>
      <name>ALPR</name>
      <description>OSM node: https://www.openstreetmap.org/node/14086090201
Manufacturer: Flock Safety
Direction: 282
Zone: traffic
Camera type: fixed</description>
      <Point>
        <coordinates>-101.8301568,35.2099238,0</coordinates>
      </Point>
    </Placemark>
    <Placemark>
      <name>ALPR</name>
      <description>OSM node: https://www.openstreetmap.org/node/14086091301
Manufacturer: Flock Safety
Direction: 19
Zone: traffic
Camera type: fixed</description>
      <Point>
        <coordinates>-101.8360586,35.2064133,0</coordinates>
      </Point>
    </Placemark>
    <Placemark>
      <name>ALPR</name>
      <description>OSM node: https://www.openstreetmap.org/node/14086184702
Manufacturer: Flock Safety
Direction: 245
Zone: traffic
Camera type: fixed</description>
      <Point>
        <coordinates>-97.0211608,32.9403009,0</coordinates>
      </Point>
    </Placemark>
    <Placemark>
      <name>ALPR</name>
      <description>OSM node: https://www.openstreetmap.org/node/14086228901
Manufacturer: Flock Safety
Direction: 170
Zone: traffic
Camera type: fixed</description>
      <Point>
        <coordinates>-94.6806701,31.9294818,0</coordinates>
      </Point>
    </Placemark>
    <Placemark>
      <name>ALPR</name>
      <description>OSM node: https://www.openstreetmap.org/node/14086297201
Manufacturer: Flock Safety
Direction: 347
Zone: traffic
Camera type: fixed</description>
      <Point>
        <coordinates>-102.477251,36.0250748,0</coordinates>
      </Point>
    </Placemark>
    <Placemark>
      <name>ALPR</name>
      <description>OSM node: https://www.openstreetmap.org/node/14086297501
Manufacturer: Flock Safety
Direction: 143
Zone: traffic
Camera type: fixed</description>
      <Point>
        <coordinates>-102.476733,36.0231005,0</coordinates>
      </Point>
    </Placemark>
    <Placemark>
      <name>ALPR</name>
      <description>OSM node: https://www.openstreetmap.org/node/14086305101
Manufacturer: Flock Safety
Direction: 150
Zone: traffic
Camera type: fixed</description>
      <Point>
        <coordinates>-96.5785279,33.3453861,0</coordinates>
      </Point>
    </Placemark>
    <Placemark>
      <name>ALPR</name>
      <description>OSM node: https://www.openstreetmap.org/node/14086346301
Manufacturer: Neology, Inc.
Direction: 0
Zone: traffic
Camera type: fixed</description>
      <Point>
        <coordinates>-96.2792799,32.7385361,0</coordinates>
      </Point>
    </Placemark>
    <Placemark>
      <name>ALPR</name>
      <description>OSM node: https://www.openstreetmap.org/node/14086346901
Manufacturer: Flock Safety
Direction: 88
Zone: traffic
Camera type: fixed</description>
      <Point>
        <coordinates>-102.161822,35.8663509,0</coordinates>
      </Point>
    </Placemark>
    <Placemark>
      <name>ALPR</name>
      <description>OSM node: https://www.openstreetmap.org/node/14086424902
Manufacturer: Motorola Solutions
Direction: 252;335
Zone: traffic
Camera type: fixed</description>
      <Point>
        <coordinates>-96.9436353,32.6479685,0</coordinates>
      </Point>
    </Placemark>
    <Placemark>
      <name>ALPR</name>
      <description>OSM node: https://www.openstreetmap.org/node/14086425801
Manufacturer: Flock Safety
Direction: 295
Zone: traffic
Camera type: fixed</description>
      <Point>
        <coordinates>-98.5961336,33.8732051,0</coordinates>
      </Point>
    </Placemark>
    <Placemark>
      <name>ALPR</name>
      <description>OSM node: https://www.openstreetmap.org/node/14086430502
Manufacturer: Flock Safety
Direction: 323
Zone: traffic
Camera type: fixed</description>
      <Point>
        <coordinates>-96.9252524,32.6112931,0</coordinates>
      </Point>
    </Placemark>
    <Placemark>
      <name>ALPR</name>
      <description>OSM node: https://www.openstreetmap.org/node/14086431301
Manufacturer: Flock Safety
Direction: 343
Zone: traffic
Camera type: fixed</description>
      <Point>
        <coordinates>-96.9790036,33.1960371,0</coordinates>
      </Point>
    </Placemark>
    <Placemark>
      <name>ALPR</name>
      <description>OSM node: https://www.openstreetmap.org/node/14086431503
Manufacturer: Motorola Solutions
Direction: 250
Zone: traffic
Camera type: fixed</description>
      <Point>
        <coordinates>-96.943209,32.6491281,0</coordinates>
      </Point>
    </Placemark>
    <Placemark>
      <name>ALPR</name>
      <description>OSM node: https://www.openstreetmap.org/node/14086431801
Manufacturer: Motorola Solutions
Direction: 356
Zone: traffic
Camera type: fixed</description>
      <Point>
        <coordinates>-96.944428,32.6474752,0</coordinates>
      </Point>
    </Placemark>
    <Placemark>
      <name>ALPR</name>
      <description>OSM node: https://www.openstreetmap.org/node/14086431802
Manufacturer: Motorola Solutions
Direction: 234
Zone: traffic
Camera type: fixed</description>
      <Point>
        <coordinates>-96.9432304,32.6501839,0</coordinates>
      </Point>
    </Placemark>
    <Placemark>
      <name>ALPR</name>
      <description>OSM node: https://www.openstreetmap.org/node/14086433101
Manufacturer: Motorola Solutions
Direction: 327
Zone: traffic
Camera type: fixed</description>
      <Point>
        <coordinates>-96.9432014,32.6480017,0</coordinates>
      </Point>
    </Placemark>
    <Placemark>
      <name>ALPR</name>
      <description>OSM node: https://www.openstreetmap.org/node/14086444601
Manufacturer: Flock Safety
Direction: 87
Zone: traffic
Camera type: fixed</description>
      <Point>
        <coordinates>-101.8468836,35.2363763,0</coordinates>
      </Point>
    </Placemark>
    <Placemark>
      <name>ALPR</name>
      <description>OSM node: https://www.openstreetmap.org/node/14086445702
Manufacturer: Flock Safety
Direction: 219
Zone: traffic
Camera type: fixed</description>
      <Point>
        <coordinates>-98.1594912,33.2182974,0</coordinates>
      </Point>
    </Placemark>
    <Placemark>
      <name>ALPR</name>
      <description>OSM node: https://www.openstreetmap.org/node/14086450401
Manufacturer: Flock Safety
Direction: 220
Zone: traffic
Camera type: fixed</description>
      <Point>
        <coordinates>-95.9188747,32.1927444,0</coordinates>
      </Point>
    </Placemark>
    <Placemark>
      <name>ALPR</name>
      <description>OSM node: https://www.openstreetmap.org/node/14086473401
Manufacturer: Flock Safety
Direction: 308
Zone: traffic
Camera type: fixed</description>
      <Point>
        <coordinates>-106.3763928,31.7732131,0</coordinates>
      </Point>
    </Placemark>
    <Placemark>
      <name>ALPR</name>
      <description>OSM node: https://www.openstreetmap.org/node/14086487201
Manufacturer: Flock Safety
Direction: 77
Zone: traffic
Camera type: fixed</description>
      <Point>
        <coordinates>-95.3832621,30.1261784,0</coordinates>
      </Point>
    </Placemark>
    <Placemark>
      <name>ALPR</name>
      <description>OSM node: https://www.openstreetmap.org/node/14086489301
Manufacturer: Flock Safety
Direction: 37
Zone: traffic
Camera type: fixed</description>
      <Point>
        <coordinates>-95.3844709,30.1183689,0</coordinates>
      </Point>
    </Placemark>
    <Placemark>
      <name>ALPR</name>
      <description>OSM node: https://www.openstreetmap.org/node/14086528801
Manufacturer: Flock Safety
Direction: 123
Zone: traffic
Camera type: fixed</description>
      <Point>
        <coordinates>-95.3834665,30.1243459,0</coordinates>
      </Point>
    </Placemark>
    <Placemark>
      <name>ALPR</name>
      <description>OSM node: https://www.openstreetmap.org/node/14086579201
Manufacturer: Flock Safety
Direction: 113
Zone: traffic
Camera type: fixed</description>
      <Point>
        <coordinates>-96.8184647,32.7977935,0</coordinates>
      </Point>
    </Placemark>
    <Placemark>
      <name>ALPR</name>
      <description>OSM node: https://www.openstreetmap.org/node/14086587301
Manufacturer: Flock Safety
Direction: 81
Zone: traffic
Camera type: fixed</description>
      <Point>
        <coordinates>-96.8173742,32.797461,0</coordinates>
      </Point>
    </Placemark>
    <Placemark>
      <name>ALPR</name>
      <description>OSM node: https://www.openstreetmap.org/node/14086595201
Manufacturer: Flock Safety
Direction: 230
Zone: traffic
Camera type: fixed</description>
      <Point>
        <coordinates>-96.7799781,32.7964609,0</coordinates>
      </Point>
    </Placemark>
    <Placemark>
      <name>ALPR</name>
      <description>OSM node: https://www.openstreetmap.org/node/14086655901
Manufacturer: Flock Safety
Direction: 41
Zone: traffic
Camera type: fixed</description>
      <Point>
        <coordinates>-95.468295,29.7554676,0</coordinates>
      </Point>
    </Placemark>
    <Placemark>
      <name>ALPR</name>
      <description>OSM node: https://www.openstreetmap.org/node/14086691201
Manufacturer: Flock Safety
Direction: 109
Zone: traffic
Camera type: fixed</description>
      <Point>
        <coordinates>-95.5343817,29.7412121,0</coordinates>
      </Point>
    </Placemark>
    <Placemark>
      <name>ALPR</name>
      <description>OSM node: https://www.openstreetmap.org/node/14086703201
Manufacturer: Flock Safety
Direction: 251
Zone: traffic
Camera type: fixed</description>
      <Point>
        <coordinates>-95.533662,29.7410658,0</coordinates>
      </Point>
    </Placemark>
    <Placemark>
      <name>ALPR</name>
      <description>OSM node: https://www.openstreetmap.org/node/14086706201
Manufacturer: Flock Safety
Direction: 104;148
Zone: traffic
Camera type: fixed</description>
      <Point>
        <coordinates>-97.0885441,32.9039721,0</coordinates>
      </Point>
    </Placemark>
    <Placemark>
      <name>ALPR</name>
      <description>OSM node: https://www.openstreetmap.org/node/14086706202
Manufacturer: Flock Safety
Direction: 198
Zone: traffic
Camera type: fixed</description>
      <Point>
        <coordinates>-97.0864853,32.9040785,0</coordinates>
      </Point>
    </Placemark>
    <Placemark>
      <name>ALPR</name>
      <description>OSM node: https://www.openstreetmap.org/node/14087583901
Manufacturer: Flock Safety
Direction: 11
Zone: traffic
Camera type: fixed</description>
      <Point>
        <coordinates>-97.329016,31.057891,0</coordinates>
      </Point>
    </Placemark>
    <Placemark>
      <name>ALPR</name>
      <description>OSM node: https://www.openstreetmap.org/node/14087626801
Manufacturer: Flock Safety
Direction: 162
Zone: traffic
Camera type: fixed</description>
      <Point>
        <coordinates>-99.7661733,32.4031616,0</coordinates>
      </Point>
    </Placemark>
    <Placemark>
      <name>ALPR</name>
      <description>OSM node: https://www.openstreetmap.org/node/14087716302
Manufacturer: Flock Safety
Direction: 266
Zone: traffic
Camera type: fixed</description>
      <Point>
        <coordinates>-101.3813412,35.6683336,0</coordinates>
      </Point>
    </Placemark>
    <Placemark>
      <name>ALPR</name>
      <description>OSM node: https://www.openstreetmap.org/node/14087717735
Manufacturer: Flock Safety
Zone: traffic
Camera type: fixed</description>
      <Point>
        <coordinates>-95.4620015,29.7847433,0</coordinates>
      </Point>
    </Placemark>
    <Placemark>
      <name>ALPR</name>
      <description>OSM node: https://www.openstreetmap.org/node/14087881901
Manufacturer: Flock Safety
Direction: 70
Zone: traffic
Camera type: fixed</description>
      <Point>
        <coordinates>-97.1532098,32.9672374,0</coordinates>
      </Point>
    </Placemark>
    <Placemark>
      <name>ALPR</name>
      <description>OSM node: https://www.openstreetmap.org/node/14087896603
Manufacturer: Flock Safety
Direction: 206
Zone: traffic
Camera type: fixed</description>
      <Point>
        <coordinates>-94.8305901,29.2643495,0</coordinates>
      </Point>
    </Placemark>
    <Placemark>
      <name>ALPR</name>
      <description>OSM node: https://www.openstreetmap.org/node/14087905401
Manufacturer: Flock Safety
Direction: 55
Zone: traffic
Camera type: fixed</description>
      <Point>
        <coordinates>-94.8223123,29.268846,0</coordinates>
      </Point>
    </Placemark>
    <Placemark>
      <name>ALPR</name>
      <description>OSM node: https://www.openstreetmap.org/node/14087947307
Manufacturer: Flock Safety
Direction: 0
Zone: traffic
Camera type: fixed</description>
      <Point>
        <coordinates>-99.4520568,27.498045,0</coordinates>
      </Point>
    </Placemark>
    <Placemark>
      <name>ALPR</name>
      <description>OSM node: https://www.openstreetmap.org/node/14088034201
Manufacturer: Flock Safety
Direction: 41
Zone: traffic
Camera type: fixed</description>
      <Point>
        <coordinates>-102.894958,31.5737995,0</coordinates>
      </Point>
    </Placemark>
    <Placemark>
      <name>ALPR</name>
      <description>OSM node: https://www.openstreetmap.org/node/14088123901
Manufacturer: Flock Safety
Direction: 9
Zone: traffic
Camera type: fixed</description>
      <Point>
        <coordinates>-96.9317984,30.1988488,0</coordinates>
      </Point>
    </Placemark>
    <Placemark>
      <name>ALPR</name>
      <description>OSM node: https://www.openstreetmap.org/node/14088126201
Manufacturer: Flock Safety
Direction: 267
Zone: traffic
Camera type: fixed</description>
      <Point>
        <coordinates>-97.8432903,27.4994719,0</coordinates>
      </Point>
    </Placemark>
    <Placemark>
      <name>ALPR</name>
      <description>OSM node: https://www.openstreetmap.org/node/14088156402
Manufacturer: Flock Safety
Direction: 173
Zone: traffic
Camera type: fixed</description>
      <Point>
        <coordinates>-96.7745711,32.7914524,0</coordinates>
      </Point>
    </Placemark>
    <Placemark>
      <name>ALPR</name>
      <description>OSM node: https://www.openstreetmap.org/node/14088181501
Manufacturer: Flock Safety
Direction: 161
Zone: traffic
Camera type: fixed</description>
      <Point>
        <coordinates>-95.6377607,30.2210972,0</coordinates>
      </Point>
    </Placemark>
    <Placemark>
      <name>ALPR</name>
      <description>OSM node: https://www.openstreetmap.org/node/14088238501
Manufacturer: Flock Safety
Direction: 67
Zone: traffic
Camera type: fixed</description>
      <Point>
        <coordinates>-97.5226112,32.496221,0</coordinates>
      </Point>
    </Placemark>
    <Placemark>
      <name>ALPR</name>
      <description>OSM node: https://www.openstreetmap.org/node/14088242801
Manufacturer: Flock Safety
Direction: 261
Zone: traffic
Camera type: fixed</description>
      <Point>
        <coordinates>-96.2528078,29.9487019,0</coordinates>
      </Point>
    </Placemark>
    <Placemark>
      <name>ALPR</name>
      <description>OSM node: https://www.openstreetmap.org/node/14088311301
Manufacturer: Flock Safety
Direction: 81
Zone: traffic
Camera type: fixed</description>
      <Point>
        <coordinates>-95.1724567,29.4921957,0</coordinates>
      </Point>
    </Placemark>
    <Placemark>
      <name>ALPR</name>
      <description>OSM node: https://www.openstreetmap.org/node/14088328101
Manufacturer: Flock Safety
Direction: 185
Zone: traffic
Camera type: fixed</description>
      <Point>
        <coordinates>-106.3253816,31.9991474,0</coordinates>
      </Point>
    </Placemark>
    <Placemark>
      <name>ALPR</name>
      <description>OSM node: https://www.openstreetmap.org/node/14088337801
Manufacturer: Flock Safety
Direction: 183
Zone: traffic
Camera type: fixed</description>
      <Point>
        <coordinates>-95.3179927,30.0083912,0</coordinates>
      </Point>
    </Placemark>
    <Placemark>
      <name>ALPR</name>
      <description>OSM node: https://www.openstreetmap.org/node/14088432401
Manufacturer: Flock Safety
Direction: 145
Zone: traffic
Camera type: fixed</description>
      <Point>
        <coordinates>-95.3299334,29.902482,0</coordinates>
      </Point>
    </Placemark>
    <Placemark>
      <name>ALPR</name>
      <description>OSM node: https://www.openstreetmap.org/node/14088434101
Manufacturer: Flock Safety
Direction: 121
Zone: traffic
Camera type: fixed</description>
      <Point>
        <coordinates>-97.0791586,31.5861645,0</coordinates>
      </Point>
    </Placemark>
    <Placemark>
      <name>ALPR</name>
      <description>OSM node: https://www.openstreetmap.org/node/14088571601
Manufacturer: Flock Safety
Direction: 145
Zone: traffic
Camera type: fixed</description>
      <Point>
        <coordinates>-97.4740934,32.7350169,0</coordinates>
      </Point>
    </Placemark>
    <Placemark>
      <name>ALPR</name>
      <description>OSM node: https://www.openstreetmap.org/node/14088584101
Manufacturer: Axon Enterprise
Direction: 208
Zone: traffic
Camera type: fixed</description>
      <Point>
        <coordinates>-96.9938505,32.4617424,0</coordinates>
      </Point>
    </Placemark>
    <Placemark>
      <name>ALPR</name>
      <description>OSM node: https://www.openstreetmap.org/node/14088640701
Manufacturer: Flock Safety
Direction: 138
Zone: traffic
Camera type: fixed</description>
      <Point>
        <coordinates>-98.2674522,29.5856011,0</coordinates>
      </Point>
    </Placemark>
    <Placemark>
      <name>ALPR</name>
      <description>OSM node: https://www.openstreetmap.org/node/14088647502
Manufacturer: Flock Safety
Direction: 23
Zone: traffic
Camera type: fixed</description>
      <Point>
        <coordinates>-94.7688988,29.3089713,0</coordinates>
      </Point>
    </Placemark>
    <Placemark>
      <name>ALPR</name>
      <description>OSM node: https://www.openstreetmap.org/node/14088670601
Manufacturer: Flock Safety
Direction: 90
Zone: traffic
Camera type: fixed</description>
      <Point>
        <coordinates>-96.8449579,32.8053895,0</coordinates>
      </Point>
    </Placemark>
    <Placemark>
      <name>ALPR</name>
      <description>OSM node: https://www.openstreetmap.org/node/14088698901
Manufacturer: Flock Safety
Direction: 163
Zone: traffic
Camera type: fixed</description>
      <Point>
        <coordinates>-95.7697744,29.9866471,0</coordinates>
      </Point>
    </Placemark>
    <Placemark>
      <name>ALPR</name>
      <description>OSM node: https://www.openstreetmap.org/node/14088732951
Manufacturer: Flock Safety
Direction: 240
Zone: traffic
Camera type: fixed</description>
      <Point>
        <coordinates>-96.9775172,33.1867119,0</coordinates>
      </Point>
    </Placemark>
    <Placemark>
      <name>ALPR</name>
      <description>OSM node: https://www.openstreetmap.org/node/14088752801
Manufacturer: Flock Safety
Direction: 301
Zone: traffic
Camera type: fixed</description>
      <Point>
        <coordinates>-98.0566238,29.7833783,0</coordinates>
      </Point>
    </Placemark>
    <Placemark>
      <name>ALPR</name>
      <description>OSM node: https://www.openstreetmap.org/node/14088752803
Manufacturer: Flock Safety
Direction: 347
Zone: traffic
Camera type: fixed</description>
      <Point>
        <coordinates>-98.0565968,29.7834003,0</coordinates>
      </Point>
    </Placemark>
    <Placemark>
      <name>ALPR</name>
      <description>OSM node: https://www.openstreetmap.org/node/14088758702
Manufacturer: Flock Safety
Direction: 227
Zone: traffic
Camera type: fixed</description>
      <Point>
        <coordinates>-97.7621781,32.23553,0</coordinates>
      </Point>
    </Placemark>
    <Placemark>
      <name>ALPR</name>
      <description>OSM node: https://www.openstreetmap.org/node/14088760101
Manufacturer: Flock Safety
Direction: 124
Zone: traffic
Camera type: fixed</description>
      <Point>
        <coordinates>-97.816668,32.2955988,0</coordinates>
      </Point>
    </Placemark>
    <Placemark>
      <name>ALPR</name>
      <description>OSM node: https://www.openstreetmap.org/node/14088760201
Manufacturer: Flock Safety
Direction: 251
Zone: traffic
Camera type: fixed</description>
      <Point>
        <coordinates>-96.9902871,32.4472342,0</coordinates>
      </Point>
    </Placemark>
    <Placemark>
      <name>ALPR</name>
      <description>OSM node: https://www.openstreetmap.org/node/14088760401
Manufacturer: Flock Safety
Direction: 272
Zone: traffic
Camera type: fixed</description>
      <Point>
        <coordinates>-95.760622,29.5302486,0</coordinates>
      </Point>
    </Placemark>
    <Placemark>
      <name>ALPR</name>
      <description>OSM node: https://www.openstreetmap.org/node/14088761801
Manufacturer: Flock Safety
Direction: 0
Zone: traffic
Camera type: fixed</description>
      <Point>
        <coordinates>-96.6104479,32.3263105,0</coordinates>
      </Point>
    </Placemark>
    <Placemark>
      <name>VILLAGE GREEN HOMEOWNERS ASSOCIATION ALPR</name>
      <description>OSM node: https://www.openstreetmap.org/node/14088781001
Operator: VILLAGE GREEN HOMEOWNERS ASSOCIATION
Manufacturer: Flock Safety
Direction: 203
Zone: traffic
Camera type: fixed</description>
      <Point>
        <coordinates>-98.6475661,29.6969946,0</coordinates>
      </Point>
    </Placemark>
    <Placemark>
      <name>ALPR</name>
      <description>OSM node: https://www.openstreetmap.org/node/14088788402
Manufacturer: Flock Safety
Direction: 131
Zone: traffic
Camera type: fixed</description>
      <Point>
        <coordinates>-95.3930161,29.6969905,0</coordinates>
      </Point>
    </Placemark>
    <Placemark>
      <name>ALPR</name>
      <description>OSM node: https://www.openstreetmap.org/node/14088811702
Manufacturer: Flock Safety
Direction: 17
Zone: traffic
Camera type: fixed</description>
      <Point>
        <coordinates>-95.6134418,29.6373561,0</coordinates>
      </Point>
    </Placemark>
    <Placemark>
      <name>ALPR</name>
      <description>OSM node: https://www.openstreetmap.org/node/14088885501
Manufacturer: Flock Safety
Direction: 252
Zone: traffic
Camera type: fixed</description>
      <Point>
        <coordinates>-97.3998346,32.6898738,0</coordinates>
      </Point>
    </Placemark>
    <Placemark>
      <name>ALPR</name>
      <description>OSM node: https://www.openstreetmap.org/node/14088931801
Manufacturer: Flock Safety
Direction: 223
Zone: traffic
Camera type: fixed</description>
      <Point>
        <coordinates>-97.4017031,32.6928098,0</coordinates>
      </Point>
    </Placemark>
    <Placemark>
      <name>ALPR</name>
      <description>OSM node: https://www.openstreetmap.org/node/14088974901
Manufacturer: Flock Safety
Direction: 253
Zone: traffic
Camera type: fixed</description>
      <Point>
        <coordinates>-97.0795472,33.1006459,0</coordinates>
      </Point>
    </Placemark>
    <Placemark>
      <name>ALPR</name>
      <description>OSM node: https://www.openstreetmap.org/node/14089079201
Manufacturer: Flock Safety
Direction: 24
Zone: traffic
Camera type: fixed</description>
      <Point>
        <coordinates>-100.9664235,36.3211089,0</coordinates>
      </Point>
    </Placemark>
    <Placemark>
      <name>ALPR</name>
      <description>OSM node: https://www.openstreetmap.org/node/14089566301
Manufacturer: Flock Safety
Direction: 14
Zone: traffic
Camera type: fixed</description>
      <Point>
        <coordinates>-96.2940625,32.5626351,0</coordinates>
      </Point>
    </Placemark>
    <Placemark>
      <name>ALPR</name>
      <description>OSM node: https://www.openstreetmap.org/node/14089569001
Manufacturer: Flock Safety
Direction: 203
Zone: traffic
Camera type: fixed</description>
      <Point>
        <coordinates>-96.2940876,32.5628344,0</coordinates>
      </Point>
    </Placemark>
    <Placemark>
      <name>ALPR</name>
      <description>OSM node: https://www.openstreetmap.org/node/14089573101
Manufacturer: Flock Safety
Direction: 179
Zone: traffic
Camera type: fixed</description>
      <Point>
        <coordinates>-96.2950546,32.5632962,0</coordinates>
      </Point>
    </Placemark>
    <Placemark>
      <name>ALPR</name>
      <description>OSM node: https://www.openstreetmap.org/node/14089574301
Manufacturer: Flock Safety
Direction: 2
Zone: traffic
Camera type: fixed</description>
      <Point>
        <coordinates>-96.2948372,32.5632768,0</coordinates>
      </Point>
    </Placemark>
    <Placemark>
      <name>ALPR</name>
      <description>OSM node: https://www.openstreetmap.org/node/14089577301
Manufacturer: Flock Safety
Direction: 278
Zone: traffic
Camera type: fixed</description>
      <Point>
        <coordinates>-96.2924989,32.5598324,0</coordinates>
      </Point>
    </Placemark>
    <Placemark>
      <name>ALPR</name>
      <description>OSM node: https://www.openstreetmap.org/node/14089581501
Manufacturer: Flock Safety
Direction: 97
Zone: traffic
Camera type: fixed</description>
      <Point>
        <coordinates>-96.2927941,32.5597716,0</coordinates>
      </Point>
    </Placemark>
    <Placemark>
      <name>ALPR</name>
      <description>OSM node: https://www.openstreetmap.org/node/14089581701
Manufacturer: Flock Safety
Direction: 211
Zone: traffic
Camera type: fixed</description>
      <Point>
        <coordinates>-96.2919313,32.560331,0</coordinates>
      </Point>
    </Placemark>
    <Placemark>
      <name>ALPR</name>
      <description>OSM node: https://www.openstreetmap.org/node/14089596102
Manufacturer: Flock Safety
Direction: 256
Zone: traffic
Camera type: fixed</description>
      <Point>
        <coordinates>-96.2989188,32.5628927,0</coordinates>
      </Point>
    </Placemark>
    <Placemark>
      <name>ALPR</name>
      <description>OSM node: https://www.openstreetmap.org/node/14089600201
Manufacturer: Flock Safety
Direction: 67
Zone: traffic
Camera type: fixed</description>
      <Point>
        <coordinates>-96.2992143,32.5628805,0</coordinates>
      </Point>
    </Placemark>
    <Placemark>
      <name>ALPR</name>
      <description>OSM node: https://www.openstreetmap.org/node/14089729901
Manufacturer: Flock Safety
Direction: 103
Zone: traffic
Camera type: fixed</description>
      <Point>
        <coordinates>-96.638236,33.1982627,0</coordinates>
      </Point>
    </Placemark>
    <Placemark>
      <name>ALPR</name>
      <description>OSM node: https://www.openstreetmap.org/node/14089772478
Manufacturer: Flock Safety
Direction: 240
Zone: traffic
Camera type: fixed</description>
      <Point>
        <coordinates>-99.6965482,30.0667715,0</coordinates>
      </Point>
    </Placemark>
    <Placemark>
      <name>ALPR</name>
      <description>OSM node: https://www.openstreetmap.org/node/14089800201
Manufacturer: Flock Safety
Direction: 3
Zone: traffic
Camera type: fixed</description>
      <Point>
        <coordinates>-97.5037543,32.7298692,0</coordinates>
      </Point>
    </Placemark>
    <Placemark>
      <name>ALPR</name>
      <description>OSM node: https://www.openstreetmap.org/node/14089800601
Manufacturer: Flock Safety
Direction: 179
Zone: traffic
Camera type: fixed</description>
      <Point>
        <coordinates>-97.5037608,32.7290209,0</coordinates>
      </Point>
    </Placemark>
    <Placemark>
      <name>ALPR</name>
      <description>OSM node: https://www.openstreetmap.org/node/14089873901
Manufacturer: Flock Safety
Direction: 49
Zone: traffic
Camera type: fixed</description>
      <Point>
        <coordinates>-97.732832,31.0937425,0</coordinates>
      </Point>
    </Placemark>
    <Placemark>
      <name>ALPR</name>
      <description>OSM node: https://www.openstreetmap.org/node/14090160401
Manufacturer: Flock Safety
Direction: 20
Zone: traffic
Camera type: fixed</description>
      <Point>
        <coordinates>-97.8093949,30.4708713,0</coordinates>
      </Point>
    </Placemark>
    <Placemark>
      <name>ALPR</name>
      <description>OSM node: https://www.openstreetmap.org/node/14090160802
Manufacturer: Flock Safety
Direction: 101
Zone: traffic
Camera type: fixed</description>
      <Point>
        <coordinates>-97.8048997,30.473664,0</coordinates>
      </Point>
    </Placemark>
    <Placemark>
      <name>ALPR</name>
      <description>OSM node: https://www.openstreetmap.org/node/14090162001
Manufacturer: Flock Safety
Direction: 214
Zone: traffic
Camera type: fixed</description>
      <Point>
        <coordinates>-97.8093151,30.4709947,0</coordinates>
      </Point>
    </Placemark>
    <Placemark>
      <name>ALPR</name>
      <description>OSM node: https://www.openstreetmap.org/node/14090163401
Manufacturer: Flock Safety
Direction: 302
Zone: traffic
Camera type: fixed</description>
      <Point>
        <coordinates>-97.804758,30.4736074,0</coordinates>
      </Point>
    </Placemark>
    <Placemark>
      <name>ALPR</name>
      <description>OSM node: https://www.openstreetmap.org/node/14090163402
Manufacturer: Flock Safety
Direction: 36
Zone: traffic
Camera type: fixed</description>
      <Point>
        <coordinates>-97.8093656,30.4673017,0</coordinates>
      </Point>
    </Placemark>
    <Placemark>
      <name>ALPR</name>
      <description>OSM node: https://www.openstreetmap.org/node/14090173901
Manufacturer: Motorola Solutions
Direction: 170
Zone: traffic
Camera type: fixed</description>
      <Point>
        <coordinates>-94.9425886,32.7382727,0</coordinates>
      </Point>
    </Placemark>
    <Placemark>
      <name>ALPR</name>
      <description>OSM node: https://www.openstreetmap.org/node/14090275501
Manufacturer: Flock Safety
Direction: 35
Zone: traffic
Camera type: fixed</description>
      <Point>
        <coordinates>-96.7686631,32.8563163,0</coordinates>
      </Point>
    </Placemark>
    <Placemark>
      <name>ALPR</name>
      <description>OSM node: https://www.openstreetmap.org/node/14090335802
Manufacturer: Flock Safety
Direction: 296
Zone: traffic
Camera type: fixed</description>
      <Point>
        <coordinates>-95.4646655,29.734783,0</coordinates>
      </Point>
    </Placemark>
    <Placemark>
      <name>ALPR</name>
      <description>OSM node: https://www.openstreetmap.org/node/14090341201
Manufacturer: Flock Safety
Direction: 228
Zone: traffic
Camera type: fixed</description>
      <Point>
        <coordinates>-98.2516413,29.5672337,0</coordinates>
      </Point>
    </Placemark>
    <Placemark>
      <name>ALPR</name>
      <description>OSM node: https://www.openstreetmap.org/node/14090345552
Direction: 170</description>
      <Point>
        <coordinates>-97.172339,31.5240921,0</coordinates>
      </Point>
    </Placemark>
    <Placemark>
      <name>ALPR</name>
      <description>OSM node: https://www.openstreetmap.org/node/14090411305
Manufacturer: Flock Safety
Direction: 160
Zone: traffic
Camera type: fixed</description>
      <Point>
        <coordinates>-95.3265316,30.4256213,0</coordinates>
      </Point>
    </Placemark>
    <Placemark>
      <name>ALPR</name>
      <description>OSM node: https://www.openstreetmap.org/node/14090445101
Manufacturer: Flock Safety
Direction: 205
Zone: traffic
Camera type: fixed</description>
      <Point>
        <coordinates>-95.5200576,29.9872067,0</coordinates>
      </Point>
    </Placemark>
    <Placemark>
      <name>ALPR</name>
      <description>OSM node: https://www.openstreetmap.org/node/14090509201
Manufacturer: Flock Safety
Direction: 193
Zone: traffic
Camera type: fixed</description>
      <Point>
        <coordinates>-97.4481586,28.6390415,0</coordinates>
      </Point>
    </Placemark>
    <Placemark>
      <name>ALPR</name>
      <description>OSM node: https://www.openstreetmap.org/node/14090528902
Manufacturer: Rekor
Direction: 265;342
Zone: traffic
Camera type: fixed</description>
      <Point>
        <coordinates>-98.6086914,29.6042755,0</coordinates>
      </Point>
    </Placemark>
    <Placemark>
      <name>ALPR</name>
      <description>OSM node: https://www.openstreetmap.org/node/14090532301
Manufacturer: Rekor
Direction: 269;349
Zone: traffic
Camera type: fixed</description>
      <Point>
        <coordinates>-98.6085354,29.60446,0</coordinates>
      </Point>
    </Placemark>
    <Placemark>
      <name>ALPR</name>
      <description>OSM node: https://www.openstreetmap.org/node/14090532601
Manufacturer: Rekor
Direction: 266;358
Zone: traffic
Camera type: fixed</description>
      <Point>
        <coordinates>-98.6085911,29.6043971,0</coordinates>
      </Point>
    </Placemark>
    <Placemark>
      <name>ALPR</name>
      <description>OSM node: https://www.openstreetmap.org/node/14090532602
Manufacturer: Rekor
Direction: 266;347
Zone: traffic
Camera type: fixed</description>
      <Point>
        <coordinates>-98.6086438,29.6043374,0</coordinates>
      </Point>
    </Placemark>
    <Placemark>
      <name>ALPR</name>
      <description>OSM node: https://www.openstreetmap.org/node/14090609776
Manufacturer: Flock Safety
Zone: traffic
Camera type: fixed</description>
      <Point>
        <coordinates>-98.5157229,29.5092024,0</coordinates>
      </Point>
    </Placemark>
    <Placemark>
      <name>ALPR</name>
      <description>OSM node: https://www.openstreetmap.org/node/14090622303
Manufacturer: Flock Safety
Direction: 168
Zone: traffic
Camera type: fixed</description>
      <Point>
        <coordinates>-99.0851132,34.1979375,0</coordinates>
      </Point>
    </Placemark>
    <Placemark>
      <name>ALPR</name>
      <description>OSM node: https://www.openstreetmap.org/node/14090632401
Manufacturer: Flock Safety
Direction: 77
Zone: traffic
Camera type: fixed</description>
      <Point>
        <coordinates>-102.518365,34.5308772,0</coordinates>
      </Point>
    </Placemark>
    <Placemark>
      <name>ALPR</name>
      <description>OSM node: https://www.openstreetmap.org/node/14090639501
Manufacturer: Flock Safety
Direction: 282
Zone: traffic
Camera type: fixed</description>
      <Point>
        <coordinates>-97.2909084,32.8369142,0</coordinates>
      </Point>
    </Placemark>
    <Placemark>
      <name>ALPR</name>
      <description>OSM node: https://www.openstreetmap.org/node/14090650901
Manufacturer: Flock Safety
Direction: 53
Zone: traffic
Camera type: fixed</description>
      <Point>
        <coordinates>-95.6498855,29.1411572,0</coordinates>
      </Point>
    </Placemark>
    <Placemark>
      <name>ALPR</name>
      <description>OSM node: https://www.openstreetmap.org/node/14090671201
Manufacturer: Motorola Solutions
Direction: 224
Zone: traffic
Camera type: fixed</description>
      <Point>
        <coordinates>-96.843499,33.010518,0</coordinates>
      </Point>
    </Placemark>
    <Placemark>
      <name>ALPR</name>
      <description>OSM node: https://www.openstreetmap.org/node/14090675001
Manufacturer: Motorola Solutions
Direction: 202
Zone: traffic
Camera type: fixed</description>
      <Point>
        <coordinates>-96.8217086,32.9396798,0</coordinates>
      </Point>
    </Placemark>
    <Placemark>
      <name>ALPR</name>
      <description>OSM node: https://www.openstreetmap.org/node/14090677902
Manufacturer: Flock Safety
Direction: 64
Zone: traffic
Camera type: fixed</description>
      <Point>
        <coordinates>-98.2923452,29.5617773,0</coordinates>
      </Point>
    </Placemark>
    <Placemark>
      <name>ALPR</name>
      <description>OSM node: https://www.openstreetmap.org/node/14090708603
Manufacturer: Flock Safety
Direction: 249
Zone: traffic
Camera type: fixed</description>
      <Point>
        <coordinates>-95.758804,29.9223443,0</coordinates>
      </Point>
    </Placemark>
    <Placemark>
      <name>ALPR</name>
      <description>OSM node: https://www.openstreetmap.org/node/14090758502
Manufacturer: Flock Safety
Direction: 104
Zone: traffic
Camera type: fixed</description>
      <Point>
        <coordinates>-101.3794059,33.1990929,0</coordinates>
      </Point>
    </Placemark>
    <Placemark>
      <name>ALPR</name>
      <description>OSM node: https://www.openstreetmap.org/node/14090785584
Manufacturer: Flock Safety
Direction: 75
Zone: traffic
Camera type: fixed</description>
      <Point>
        <coordinates>-95.3892308,29.6274517,0</coordinates>
      </Point>
    </Placemark>
    <Placemark>
      <name>ALPR</name>
      <description>OSM node: https://www.openstreetmap.org/node/14090785585
Manufacturer: Flock Safety
Direction: 45
Zone: traffic
Camera type: fixed</description>
      <Point>
        <coordinates>-95.3919373,29.6280163,0</coordinates>
      </Point>
    </Placemark>
    <Placemark>
      <name>ALPR</name>
      <description>OSM node: https://www.openstreetmap.org/node/14090785586
Manufacturer: Flock Safety
Direction: 195
Zone: traffic
Camera type: fixed</description>
      <Point>
        <coordinates>-95.3924277,29.6276551,0</coordinates>
      </Point>
    </Placemark>
    <Placemark>
      <name>ALPR</name>
      <description>OSM node: https://www.openstreetmap.org/node/14090785587
Manufacturer: Flock Safety
Direction: 300
Zone: traffic
Camera type: fixed</description>
      <Point>
        <coordinates>-95.3906586,29.6197031,0</coordinates>
      </Point>
    </Placemark>
    <Placemark>
      <name>ALPR</name>
      <description>OSM node: https://www.openstreetmap.org/node/14090785588
Manufacturer: Flock Safety
Direction: 255
Zone: traffic
Camera type: fixed</description>
      <Point>
        <coordinates>-95.390668,29.6182968,0</coordinates>
      </Point>
    </Placemark>
    <Placemark>
      <name>ALPR</name>
      <description>OSM node: https://www.openstreetmap.org/node/14090785589
Manufacturer: Flock Safety
Direction: 300
Zone: traffic
Camera type: fixed</description>
      <Point>
        <coordinates>-95.3923734,29.6160154,0</coordinates>
      </Point>
    </Placemark>
    <Placemark>
      <name>ALPR</name>
      <description>OSM node: https://www.openstreetmap.org/node/14090785590
Manufacturer: Flock Safety
Direction: 345
Zone: traffic
Camera type: fixed</description>
      <Point>
        <coordinates>-95.3926716,29.6144048,0</coordinates>
      </Point>
    </Placemark>
    <Placemark>
      <name>ALPR</name>
      <description>OSM node: https://www.openstreetmap.org/node/14090785591
Manufacturer: Flock Safety
Direction: 345
Zone: traffic
Camera type: fixed</description>
      <Point>
        <coordinates>-95.4093005,29.614043,0</coordinates>
      </Point>
    </Placemark>
    <Placemark>
      <name>ALPR</name>
      <description>OSM node: https://www.openstreetmap.org/node/14090785592
Manufacturer: Flock Safety
Direction: 345
Zone: traffic
Camera type: fixed</description>
      <Point>
        <coordinates>-95.4120227,29.6140058,0</coordinates>
      </Point>
    </Placemark>
    <Placemark>
      <name>Simon Property Group ALPR</name>
      <description>OSM node: https://www.openstreetmap.org/node/14090819001
Operator: Simon Property Group
Manufacturer: Flock Safety
Direction: 0
Zone: traffic
Camera type: fixed</description>
      <Point>
        <coordinates>-97.7097937,30.3050121,0</coordinates>
      </Point>
    </Placemark>
    <Placemark>
      <name>ALPR</name>
      <description>OSM node: https://www.openstreetmap.org/node/14090837901
Manufacturer: Flock Safety
Direction: 167
Zone: traffic
Camera type: fixed</description>
      <Point>
        <coordinates>-98.6179637,27.857853,0</coordinates>
      </Point>
    </Placemark>
    <Placemark>
      <name>ALPR</name>
      <description>OSM node: https://www.openstreetmap.org/node/14090851801
Manufacturer: Flock Safety
Direction: 0
Zone: traffic
Camera type: fixed</description>
      <Point>
        <coordinates>-97.6533906,30.4527676,0</coordinates>
      </Point>
    </Placemark>
    <Placemark>
      <name>ALPR</name>
      <description>OSM node: https://www.openstreetmap.org/node/14090871801
Manufacturer: Flock Safety
Direction: 323
Zone: traffic
Camera type: fixed</description>
      <Point>
        <coordinates>-93.9474244,29.9574143,0</coordinates>
      </Point>
    </Placemark>
    <Placemark>
      <name>ALPR</name>
      <description>OSM node: https://www.openstreetmap.org/node/14090873901
Manufacturer: Flock Safety
Direction: 172
Zone: traffic
Camera type: fixed</description>
      <Point>
        <coordinates>-97.3541104,32.7925823,0</coordinates>
      </Point>
    </Placemark>
    <Placemark>
      <name>ALPR</name>
      <description>OSM node: https://www.openstreetmap.org/node/14090874201
Manufacturer: Flock Safety
Direction: 187
Zone: traffic
Camera type: fixed</description>
      <Point>
        <coordinates>-98.2358247,26.1892622,0</coordinates>
      </Point>
    </Placemark>
    <Placemark>
      <name>ALPR</name>
      <description>OSM node: https://www.openstreetmap.org/node/14090875401
Manufacturer: Flock Safety
Direction: 318
Zone: traffic
Camera type: fixed</description>
      <Point>
        <coordinates>-98.548331,28.4778628,0</coordinates>
      </Point>
    </Placemark>
    <Placemark>
      <name>ALPR</name>
      <description>OSM node: https://www.openstreetmap.org/node/14090960702
Manufacturer: Flock Safety
Direction: 185
Zone: traffic
Camera type: fixed</description>
      <Point>
        <coordinates>-98.2493175,26.180748,0</coordinates>
      </Point>
    </Placemark>
    <Placemark>
      <name>ALPR</name>
      <description>OSM node: https://www.openstreetmap.org/node/14090965301
Manufacturer: Flock Safety
Direction: 0
Zone: traffic
Camera type: fixed</description>
      <Point>
        <coordinates>-96.4659619,32.8149226,0</coordinates>
      </Point>
    </Placemark>
    <Placemark>
      <name>ALPR</name>
      <description>OSM node: https://www.openstreetmap.org/node/14090982003
Manufacturer: Flock Safety
Direction: 254
Zone: traffic
Camera type: fixed</description>
      <Point>
        <coordinates>-94.971016,31.2228872,0</coordinates>
      </Point>
    </Placemark>
    <Placemark>
      <name>ALPR</name>
      <description>OSM node: https://www.openstreetmap.org/node/14090987001
Manufacturer: Flock Safety
Direction: 160
Zone: traffic
Camera type: fixed</description>
      <Point>
        <coordinates>-94.9461546,30.6401926,0</coordinates>
      </Point>
    </Placemark>
    <Placemark>
      <name>ALPR</name>
      <description>OSM node: https://www.openstreetmap.org/node/14091165801
Manufacturer: Flock Safety
Direction: 301
Zone: traffic
Camera type: fixed</description>
      <Point>
        <coordinates>-97.4315229,25.92401,0</coordinates>
      </Point>
    </Placemark>
    <Placemark>
      <name>ALPR</name>
      <description>OSM node: https://www.openstreetmap.org/node/14091170114</description>
      <Point>
        <coordinates>-98.8862521,29.1390344,0</coordinates>
      </Point>
    </Placemark>
    <Placemark>
      <name>ALPR</name>
      <description>OSM node: https://www.openstreetmap.org/node/14091512301
Manufacturer: Motorola Solutions
Direction: 27
Zone: traffic
Camera type: fixed</description>
      <Point>
        <coordinates>-98.6371387,29.4431781,0</coordinates>
      </Point>
    </Placemark>
    <Placemark>
      <name>ALPR</name>
      <description>OSM node: https://www.openstreetmap.org/node/14091934001
Manufacturer: Flock Safety
Direction: 72
Zone: traffic
Camera type: fixed</description>
      <Point>
        <coordinates>-96.4259866,32.7884063,0</coordinates>
      </Point>
    </Placemark>
    <Placemark>
      <name>ALPR</name>
      <description>OSM node: https://www.openstreetmap.org/node/14091974101
Manufacturer: Flock Safety
Direction: 197
Zone: traffic
Camera type: fixed</description>
      <Point>
        <coordinates>-98.1310104,28.3093451,0</coordinates>
      </Point>
    </Placemark>
    <Placemark>
      <name>ALPR</name>
      <description>OSM node: https://www.openstreetmap.org/node/14092103002
Manufacturer: Flock Safety
Direction: 236
Zone: traffic
Camera type: fixed</description>
      <Point>
        <coordinates>-98.8854065,29.1398253,0</coordinates>
      </Point>
    </Placemark>
    <Placemark>
      <name>ALPR</name>
      <description>OSM node: https://www.openstreetmap.org/node/14092124301
Manufacturer: Flock Safety
Direction: 28
Zone: traffic
Camera type: fixed</description>
      <Point>
        <coordinates>-98.7412015,30.1120179,0</coordinates>
      </Point>
    </Placemark>
    <Placemark>
      <name>ALPR</name>
      <description>OSM node: https://www.openstreetmap.org/node/14092124402
Manufacturer: Flock Safety
Direction: 214
Zone: traffic
Camera type: fixed</description>
      <Point>
        <coordinates>-98.7413119,30.1121053,0</coordinates>
      </Point>
    </Placemark>
    <Placemark>
      <name>ALPR</name>
      <description>OSM node: https://www.openstreetmap.org/node/14092537501
Manufacturer: Flock Safety
Direction: 107
Zone: traffic
Camera type: fixed</description>
      <Point>
        <coordinates>-96.4113733,32.7768991,0</coordinates>
      </Point>
    </Placemark>
    <Placemark>
      <name>ALPR</name>
      <description>OSM node: https://www.openstreetmap.org/node/14092545501
Manufacturer: Flock Safety
Direction: 163
Zone: traffic
Camera type: fixed</description>
      <Point>
        <coordinates>-100.3020764,34.0045195,0</coordinates>
      </Point>
    </Placemark>
    <Placemark>
      <name>ALPR</name>
      <description>OSM node: https://www.openstreetmap.org/node/14092566601
Manufacturer: Flock Safety
Direction: 168
Zone: traffic
Camera type: fixed</description>
      <Point>
        <coordinates>-100.2297144,34.4227454,0</coordinates>
      </Point>
    </Placemark>
    <Placemark>
      <name>ALPR</name>
      <description>OSM node: https://www.openstreetmap.org/node/14092570701
Manufacturer: Flock Safety
Direction: 287
Zone: traffic
Camera type: fixed</description>
      <Point>
        <coordinates>-100.3279834,33.6371774,0</coordinates>
      </Point>
    </Placemark>
    <Placemark>
      <name>ALPR</name>
      <description>OSM node: https://www.openstreetmap.org/node/14092582401
Manufacturer: Flock Safety
Direction: 314
Zone: traffic
Camera type: fixed</description>
      <Point>
        <coordinates>-98.9073428,30.1314008,0</coordinates>
      </Point>
    </Placemark>
    <Placemark>
      <name>ALPR</name>
      <description>OSM node: https://www.openstreetmap.org/node/14092584101
Manufacturer: Flock Safety
Direction: 119
Zone: traffic
Camera type: fixed</description>
      <Point>
        <coordinates>-98.9081969,30.1317033,0</coordinates>
      </Point>
    </Placemark>
    <Placemark>
      <name>ALPR</name>
      <description>OSM node: https://www.openstreetmap.org/node/14092685101
Manufacturer: Flock Safety
Direction: 65
Zone: traffic
Camera type: fixed</description>
      <Point>
        <coordinates>-102.127957,34.1882428,0</coordinates>
      </Point>
    </Placemark>
    <Placemark>
      <name>ALPR</name>
      <description>OSM node: https://www.openstreetmap.org/node/14092699805
Manufacturer: Flock Safety
Direction: 72
Zone: traffic
Camera type: fixed</description>
      <Point>
        <coordinates>-97.2794223,32.7396582,0</coordinates>
      </Point>
    </Placemark>
    <Placemark>
      <name>ALPR</name>
      <description>OSM node: https://www.openstreetmap.org/node/14092744601
Manufacturer: Flock Safety
Direction: 135
Zone: traffic
Camera type: fixed</description>
      <Point>
        <coordinates>-103.4246131,31.3170916,0</coordinates>
      </Point>
    </Placemark>
    <Placemark>
      <name>ALPR</name>
      <description>OSM node: https://www.openstreetmap.org/node/14092758501
Manufacturer: Flock Safety
Direction: 167
Zone: traffic
Camera type: fixed</description>
      <Point>
        <coordinates>-97.389672,30.3515719,0</coordinates>
      </Point>
    </Placemark>
    <Placemark>
      <name>ALPR</name>
      <description>OSM node: https://www.openstreetmap.org/node/14092803602
Manufacturer: Flock Safety
Direction: 0
Zone: traffic
Camera type: fixed</description>
      <Point>
        <coordinates>-96.8562229,32.9097894,0</coordinates>
      </Point>
    </Placemark>
    <Placemark>
      <name>ALPR</name>
      <description>OSM node: https://www.openstreetmap.org/node/14092814801
Manufacturer: Flock Safety
Direction: 185
Zone: traffic
Camera type: fixed</description>
      <Point>
        <coordinates>-99.7358979,34.4120311,0</coordinates>
      </Point>
    </Placemark>
    <Placemark>
      <name>ALPR</name>
      <description>OSM node: https://www.openstreetmap.org/node/14092946301
Manufacturer: Flock Safety
Direction: 351
Zone: traffic
Camera type: fixed</description>
      <Point>
        <coordinates>-97.8120245,30.2855223,0</coordinates>
      </Point>
    </Placemark>
    <Placemark>
      <name>ALPR</name>
      <description>OSM node: https://www.openstreetmap.org/node/14092951101
Manufacturer: Flock Safety
Direction: 333
Zone: traffic
Camera type: fixed</description>
      <Point>
        <coordinates>-97.1264868,32.6786124,0</coordinates>
      </Point>
    </Placemark>
    <Placemark>
      <name>ALPR</name>
      <description>OSM node: https://www.openstreetmap.org/node/14092981202
Manufacturer: Flock Safety
Direction: 241
Zone: traffic
Camera type: fixed</description>
      <Point>
        <coordinates>-95.1851352,29.7692387,0</coordinates>
      </Point>
    </Placemark>
    <Placemark>
      <name>ALPR</name>
      <description>OSM node: https://www.openstreetmap.org/node/14092989001
Manufacturer: Flock Safety
Direction: 85
Zone: traffic
Camera type: fixed</description>
      <Point>
        <coordinates>-95.1864105,29.7691063,0</coordinates>
      </Point>
    </Placemark>
    <Placemark>
      <name>ALPR</name>
      <description>OSM node: https://www.openstreetmap.org/node/14092989002
Manufacturer: Flock Safety
Direction: 173
Zone: traffic
Camera type: fixed</description>
      <Point>
        <coordinates>-95.1873019,29.7695681,0</coordinates>
      </Point>
    </Placemark>
    <Placemark>
      <name>ALPR</name>
      <description>OSM node: https://www.openstreetmap.org/node/14093041901
Manufacturer: Flock Safety
Direction: 342
Zone: traffic
Camera type: fixed</description>
      <Point>
        <coordinates>-99.0899089,34.1802237,0</coordinates>
      </Point>
    </Placemark>
    <Placemark>
      <name>ALPR</name>
      <description>OSM node: https://www.openstreetmap.org/node/14093058304
Manufacturer: Flock Safety
Direction: 60
Zone: traffic
Camera type: fixed</description>
      <Point>
        <coordinates>-95.1105866,29.6638923,0</coordinates>
      </Point>
    </Placemark>
    <Placemark>
      <name>ALPR</name>
      <description>OSM node: https://www.openstreetmap.org/node/14093349501
Manufacturer: Flock Safety
Direction: 130
Zone: traffic
Camera type: fixed</description>
      <Point>
        <coordinates>-97.3060128,33.0313611,0</coordinates>
      </Point>
    </Placemark>
    <Placemark>
      <name>ALPR</name>
      <description>OSM node: https://www.openstreetmap.org/node/14093359801
Manufacturer: Flock Safety
Direction: 28
Zone: traffic
Camera type: fixed</description>
      <Point>
        <coordinates>-97.7602425,32.2359415,0</coordinates>
      </Point>
    </Placemark>
    <Placemark>
      <name>ALPR</name>
      <description>OSM node: https://www.openstreetmap.org/node/14093418201
Manufacturer: Flock Safety
Direction: 0
Zone: traffic
Camera type: fixed</description>
      <Point>
        <coordinates>-97.4489046,32.7400963,0</coordinates>
      </Point>
    </Placemark>
    <Placemark>
      <name>ALPR</name>
      <description>OSM node: https://www.openstreetmap.org/node/14093451401
Manufacturer: Flock Safety
Direction: 172
Zone: traffic
Camera type: fixed</description>
      <Point>
        <coordinates>-97.1584123,32.713978,0</coordinates>
      </Point>
    </Placemark>
    <Placemark>
      <name>ALPR</name>
      <description>OSM node: https://www.openstreetmap.org/node/14093470601
Manufacturer: Flock Safety
Direction: 189
Zone: traffic
Camera type: fixed</description>
      <Point>
        <coordinates>-97.8530145,30.1341888,0</coordinates>
      </Point>
    </Placemark>
    <Placemark>
      <name>ALPR</name>
      <description>OSM node: https://www.openstreetmap.org/node/14093609301
Manufacturer: Flock Safety
Direction: 134
Zone: traffic
Camera type: fixed</description>
      <Point>
        <coordinates>-96.7784821,32.7893217,0</coordinates>
      </Point>
    </Placemark>
    <Placemark>
      <name>ALPR</name>
      <description>OSM node: https://www.openstreetmap.org/node/14093643001
Manufacturer: Flock Safety
Direction: 255
Zone: traffic
Camera type: fixed</description>
      <Point>
        <coordinates>-96.3699559,32.8071457,0</coordinates>
      </Point>
    </Placemark>
    <Placemark>
      <name>ALPR</name>
      <description>OSM node: https://www.openstreetmap.org/node/14093643002
Manufacturer: Flock Safety
Direction: 83
Zone: traffic
Camera type: fixed</description>
      <Point>
        <coordinates>-96.3701472,32.8072771,0</coordinates>
      </Point>
    </Placemark>
    <Placemark>
      <name>ALPR</name>
      <description>OSM node: https://www.openstreetmap.org/node/14093758001
Manufacturer: Flock Safety
Direction: 221
Zone: traffic
Camera type: fixed</description>
      <Point>
        <coordinates>-96.6832497,32.9454305,0</coordinates>
      </Point>
    </Placemark>
    <Placemark>
      <name>ALPR</name>
      <description>OSM node: https://www.openstreetmap.org/node/14093827501
Manufacturer: Flock Safety
Direction: 158;350
Zone: traffic
Camera type: fixed</description>
      <Point>
        <coordinates>-95.6233082,29.5966821,0</coordinates>
      </Point>
    </Placemark>
    <Placemark>
      <name>ALPR</name>
      <description>OSM node: https://www.openstreetmap.org/node/14094134701
Manufacturer: Motorola Solutions
Direction: 0
Zone: traffic
Camera type: fixed</description>
      <Point>
        <coordinates>-97.2148173,32.6893633,0</coordinates>
      </Point>
    </Placemark>
    <Placemark>
      <name>ALPR</name>
      <description>OSM node: https://www.openstreetmap.org/node/14094139801
Manufacturer: Genetec
Direction: 106
Zone: traffic
Camera type: fixed</description>
      <Point>
        <coordinates>-97.2144568,32.6896417,0</coordinates>
      </Point>
    </Placemark>
    <Placemark>
      <name>ALPR</name>
      <description>OSM node: https://www.openstreetmap.org/node/14094506102
Manufacturer: Flock Safety
Direction: 237
Zone: traffic
Camera type: fixed</description>
      <Point>
        <coordinates>-96.8852123,33.5609191,0</coordinates>
      </Point>
    </Placemark>
    <Placemark>
      <name>ALPR</name>
      <description>OSM node: https://www.openstreetmap.org/node/14094529802
Manufacturer: Flock Safety
Direction: 153
Zone: traffic
Camera type: fixed</description>
      <Point>
        <coordinates>-98.19651,32.2236163,0</coordinates>
      </Point>
    </Placemark>
    <Placemark>
      <name>ALPR</name>
      <description>OSM node: https://www.openstreetmap.org/node/14094593459
Manufacturer: Flock Safety
Zone: traffic
Camera type: fixed</description>
      <Point>
        <coordinates>-98.523796,29.5318519,0</coordinates>
      </Point>
    </Placemark>
    <Placemark>
      <name>ALPR</name>
      <description>OSM node: https://www.openstreetmap.org/node/14094596301
Manufacturer: Flock Safety
Direction: 273;0;0;0;0;285
Zone: traffic
Camera type: fixed</description>
      <Point>
        <coordinates>-97.3634049,31.0456086,0</coordinates>
      </Point>
    </Placemark>
    <Placemark>
      <name>ALPR</name>
      <description>OSM node: https://www.openstreetmap.org/node/14094604101
Manufacturer: Flock Safety
Direction: 118
Zone: traffic
Camera type: fixed</description>
      <Point>
        <coordinates>-97.2881436,32.9148467,0</coordinates>
      </Point>
    </Placemark>
    <Placemark>
      <name>ALPR</name>
      <description>OSM node: https://www.openstreetmap.org/node/14094675101
Manufacturer: Flock Safety
Direction: 0
Zone: traffic
Camera type: fixed</description>
      <Point>
        <coordinates>-95.4454315,29.1794745,0</coordinates>
      </Point>
    </Placemark>
    <Placemark>
      <name>ALPR</name>
      <description>OSM node: https://www.openstreetmap.org/node/14094682001
Manufacturer: Flock Safety
Direction: 168
Zone: traffic
Camera type: fixed</description>
      <Point>
        <coordinates>-96.7772136,32.7899967,0</coordinates>
      </Point>
    </Placemark>
    <Placemark>
      <name>ALPR</name>
      <description>OSM node: https://www.openstreetmap.org/node/14094687401
Manufacturer: Flock Safety
Direction: 0
Zone: traffic
Camera type: fixed</description>
      <Point>
        <coordinates>-98.2717657,29.5997571,0</coordinates>
      </Point>
    </Placemark>
    <Placemark>
      <name>ALPR</name>
      <description>OSM node: https://www.openstreetmap.org/node/14094688701
Manufacturer: Flock Safety
Direction: 188
Zone: traffic
Camera type: fixed</description>
      <Point>
        <coordinates>-98.2720771,29.5996261,0</coordinates>
      </Point>
    </Placemark>
    <Placemark>
      <name>ALPR</name>
      <description>OSM node: https://www.openstreetmap.org/node/14094829983
Manufacturer: Flock Safety
Direction: 60
Zone: traffic
Camera type: fixed</description>
      <Point>
        <coordinates>-96.641985,33.4231943,0</coordinates>
      </Point>
    </Placemark>
    <Placemark>
      <name>ALPR</name>
      <description>OSM node: https://www.openstreetmap.org/node/14094986201
Manufacturer: Flock Safety
Direction: 69
Zone: traffic
Camera type: fixed</description>
      <Point>
        <coordinates>-97.5831579,32.7335163,0</coordinates>
      </Point>
    </Placemark>
    <Placemark>
      <name>ALPR</name>
      <description>OSM node: https://www.openstreetmap.org/node/14095021301
Manufacturer: Flock Safety
Direction: 0
Zone: traffic
Camera type: fixed</description>
      <Point>
        <coordinates>-102.1685052,32.0555795,0</coordinates>
      </Point>
    </Placemark>
    <Placemark>
      <name>ALPR</name>
      <description>OSM node: https://www.openstreetmap.org/node/14095022801
Manufacturer: Flock Safety
Direction: 9
Zone: traffic
Camera type: fixed</description>
      <Point>
        <coordinates>-102.165164,32.0556426,0</coordinates>
      </Point>
    </Placemark>
    <Placemark>
      <name>ALPR</name>
      <description>OSM node: https://www.openstreetmap.org/node/14095057202
Manufacturer: Flock Safety
Direction: 47
Zone: traffic
Camera type: fixed</description>
      <Point>
        <coordinates>-97.1794674,32.9722483,0</coordinates>
      </Point>
    </Placemark>
    <Placemark>
      <name>ALPR</name>
      <description>OSM node: https://www.openstreetmap.org/node/14095299101
Manufacturer: Flock Safety
Direction: 316
Zone: traffic
Camera type: fixed</description>
      <Point>
        <coordinates>-102.1583844,32.0569225,0</coordinates>
      </Point>
    </Placemark>
    <Placemark>
      <name>ALPR</name>
      <description>OSM node: https://www.openstreetmap.org/node/14095312201
Manufacturer: Flock Safety
Direction: 120
Zone: traffic
Camera type: fixed</description>
      <Point>
        <coordinates>-96.777673,32.7900768,0</coordinates>
      </Point>
    </Placemark>
    <Placemark>
      <name>ALPR</name>
      <description>OSM node: https://www.openstreetmap.org/node/14095321501
Manufacturer: Flock Safety
Direction: 0
Zone: traffic
Camera type: fixed</description>
      <Point>
        <coordinates>-96.5538264,33.3632744,0</coordinates>
      </Point>
    </Placemark>
    <Placemark>
      <name>ALPR</name>
      <description>OSM node: https://www.openstreetmap.org/node/14095353301
Manufacturer: Flock Safety
Direction: 24
Zone: traffic
Camera type: fixed</description>
      <Point>
        <coordinates>-93.9403926,29.9462759,0</coordinates>
      </Point>
    </Placemark>
    <Placemark>
      <name>ALPR</name>
      <description>OSM node: https://www.openstreetmap.org/node/14095490101
Manufacturer: Flock Safety
Direction: 48;153
Zone: traffic
Camera type: fixed</description>
      <Point>
        <coordinates>-96.624276,32.841987,0</coordinates>
      </Point>
    </Placemark>
    <Placemark>
      <name>ALPR</name>
      <description>OSM node: https://www.openstreetmap.org/node/14095531701
Manufacturer: Flock Safety
Direction: 190
Zone: traffic
Camera type: fixed</description>
      <Point>
        <coordinates>-98.619284,29.3304081,0</coordinates>
      </Point>
    </Placemark>
    <Placemark>
      <name>ALPR</name>
      <description>OSM node: https://www.openstreetmap.org/node/14095531702
Manufacturer: Flock Safety
Direction: 90
Zone: traffic
Camera type: fixed</description>
      <Point>
        <coordinates>-98.6191223,29.3304971,0</coordinates>
      </Point>
    </Placemark>
    <Placemark>
      <name>ALPR</name>
      <description>OSM node: https://www.openstreetmap.org/node/14095609803
Manufacturer: Flock Safety
Direction: 32-77
Zone: traffic
Camera type: fixed</description>
      <Point>
        <coordinates>-97.1041708,32.763109,0</coordinates>
      </Point>
    </Placemark>
    <Placemark>
      <name>ALPR</name>
      <description>OSM node: https://www.openstreetmap.org/node/14095649401
Manufacturer: Flock Safety
Direction: 53
Zone: traffic
Camera type: fixed</description>
      <Point>
        <coordinates>-95.1465725,30.2870862,0</coordinates>
      </Point>
    </Placemark>
    <Placemark>
      <name>ALPR</name>
      <description>OSM node: https://www.openstreetmap.org/node/14095661301
Manufacturer: Flock Safety
Direction: 79
Zone: traffic
Camera type: fixed</description>
      <Point>
        <coordinates>-95.957289,30.1446778,0</coordinates>
      </Point>
    </Placemark>
    <Placemark>
      <name>ALPR</name>
      <description>OSM node: https://www.openstreetmap.org/node/14095696801
Manufacturer: Flock Safety
Direction: 37
Zone: traffic
Camera type: fixed</description>
      <Point>
        <coordinates>-96.8724807,30.7070563,0</coordinates>
      </Point>
    </Placemark>
    <Placemark>
      <name>ALPR</name>
      <description>OSM node: https://www.openstreetmap.org/node/14095709703
Manufacturer: Flock Safety
Direction: 297
Zone: traffic
Camera type: fixed</description>
      <Point>
        <coordinates>-98.2543372,29.5606538,0</coordinates>
      </Point>
    </Placemark>
    <Placemark>
      <name>ALPR</name>
      <description>OSM node: https://www.openstreetmap.org/node/14095712103
Manufacturer: Flock Safety
Direction: 89
Zone: traffic
Camera type: fixed</description>
      <Point>
        <coordinates>-95.1676497,29.9998528,0</coordinates>
      </Point>
    </Placemark>
    <Placemark>
      <name>ALPR</name>
      <description>OSM node: https://www.openstreetmap.org/node/14095715001
Manufacturer: Flock Safety
Direction: 0;88;182;269
Zone: traffic
Camera type: fixed</description>
      <Point>
        <coordinates>-97.0937809,31.802989,0</coordinates>
      </Point>
    </Placemark>
    <Placemark>
      <name>ALPR</name>
      <description>OSM node: https://www.openstreetmap.org/node/14095775601
Manufacturer: Flock Safety
Direction: 318
Zone: traffic
Camera type: fixed</description>
      <Point>
        <coordinates>-96.7787212,32.7890976,0</coordinates>
      </Point>
    </Placemark>
    <Placemark>
      <name>ALPR</name>
      <description>OSM node: https://www.openstreetmap.org/node/14095801566
Manufacturer: Flock Safety
Camera type: fixed</description>
      <Point>
        <coordinates>-95.1226727,29.4688479,0</coordinates>
      </Point>
    </Placemark>
    <Placemark>
      <name>ALPR</name>
      <description>OSM node: https://www.openstreetmap.org/node/14095817601
Manufacturer: Flock Safety
Direction: 263
Zone: traffic
Camera type: fixed</description>
      <Point>
        <coordinates>-96.7761829,32.8061806,0</coordinates>
      </Point>
    </Placemark>
    <Placemark>
      <name>ALPR</name>
      <description>OSM node: https://www.openstreetmap.org/node/14095820602
Manufacturer: Flock Safety
Direction: 102
Zone: traffic
Camera type: fixed</description>
      <Point>
        <coordinates>-94.821957,29.2779553,0</coordinates>
      </Point>
    </Placemark>
    <Placemark>
      <name>ALPR</name>
      <description>OSM node: https://www.openstreetmap.org/node/14095822802
Manufacturer: Flock Safety
Direction: 27
Zone: traffic
Camera type: fixed</description>
      <Point>
        <coordinates>-96.7701715,32.8366814,0</coordinates>
      </Point>
    </Placemark>
    <Placemark>
      <name>ALPR</name>
      <description>OSM node: https://www.openstreetmap.org/node/14095822901
Manufacturer: Flock Safety
Direction: 312
Zone: traffic
Camera type: fixed</description>
      <Point>
        <coordinates>-94.8218649,29.2780054,0</coordinates>
      </Point>
    </Placemark>
    <Placemark>
      <name>ALPR</name>
      <description>OSM node: https://www.openstreetmap.org/node/14095823201
Manufacturer: Flock Safety
Direction: 131
Zone: traffic
Camera type: fixed</description>
      <Point>
        <coordinates>-94.821957,29.2779553,0</coordinates>
      </Point>
    </Placemark>
    <Placemark>
      <name>ALPR</name>
      <description>OSM node: https://www.openstreetmap.org/node/14095823301
Manufacturer: Flock Safety
Direction: 21
Zone: traffic
Camera type: fixed</description>
      <Point>
        <coordinates>-94.8219205,29.2778768,0</coordinates>
      </Point>
    </Placemark>
    <Placemark>
      <name>ALPR</name>
      <description>OSM node: https://www.openstreetmap.org/node/14095827301
Manufacturer: Flock Safety
Direction: 279
Zone: traffic
Camera type: fixed</description>
      <Point>
        <coordinates>-95.4861729,29.7578309,0</coordinates>
      </Point>
    </Placemark>
    <Placemark>
      <name>ALPR</name>
      <description>OSM node: https://www.openstreetmap.org/node/14095837002
Manufacturer: Flock Safety
Direction: 172
Zone: traffic
Camera type: fixed</description>
      <Point>
        <coordinates>-102.3728137,31.8824989,0</coordinates>
      </Point>
    </Placemark>
    <Placemark>
      <name>ALPR</name>
      <description>OSM node: https://www.openstreetmap.org/node/14095849401
Manufacturer: Flock Safety
Direction: 0
Zone: traffic
Camera type: fixed</description>
      <Point>
        <coordinates>-97.7867953,31.0978576,0</coordinates>
      </Point>
    </Placemark>
    <Placemark>
      <name>ALPR</name>
      <description>OSM node: https://www.openstreetmap.org/node/14095849601
Manufacturer: Flock Safety
Direction: 267
Zone: traffic
Camera type: fixed</description>
      <Point>
        <coordinates>-97.7839905,31.0986172,0</coordinates>
      </Point>
    </Placemark>
    <Placemark>
      <name>ALPR</name>
      <description>OSM node: https://www.openstreetmap.org/node/14095851001
Manufacturer: Flock Safety
Direction: 348
Zone: traffic
Camera type: fixed</description>
      <Point>
        <coordinates>-96.9422573,32.4607026,0</coordinates>
      </Point>
    </Placemark>
    <Placemark>
      <name>ALPR</name>
      <description>OSM node: https://www.openstreetmap.org/node/14095866201
Manufacturer: Flock Safety
Direction: 350
Zone: traffic
Camera type: fixed</description>
      <Point>
        <coordinates>-96.8725213,30.706955,0</coordinates>
      </Point>
    </Placemark>
    <Placemark>
      <name>ALPR</name>
      <description>OSM node: https://www.openstreetmap.org/node/14095879501
Manufacturer: Flock Safety
Direction: 316
Zone: traffic
Camera type: fixed</description>
      <Point>
        <coordinates>-93.5652462,31.176865,0</coordinates>
      </Point>
    </Placemark>
    <Placemark>
      <name>ALPR</name>
      <description>OSM node: https://www.openstreetmap.org/node/14095879701
Manufacturer: Flock Safety
Direction: 143
Zone: traffic
Camera type: fixed</description>
      <Point>
        <coordinates>-93.5662326,31.1785715,0</coordinates>
      </Point>
    </Placemark>
    <Placemark>
      <name>ALPR</name>
      <description>OSM node: https://www.openstreetmap.org/node/14095989702
Manufacturer: Flock Safety
Direction: 0
Zone: traffic
Camera type: fixed</description>
      <Point>
        <coordinates>-96.935639,32.8098673,0</coordinates>
      </Point>
    </Placemark>
    <Placemark>
      <name>ALPR</name>
      <description>OSM node: https://www.openstreetmap.org/node/14095992801
Manufacturer: Flock Safety
Direction: 0;0;0
Zone: traffic
Camera type: fixed</description>
      <Point>
        <coordinates>-96.935757,32.809233,0</coordinates>
      </Point>
    </Placemark>
    <Placemark>
      <name>ALPR</name>
      <description>OSM node: https://www.openstreetmap.org/node/14096029701
Manufacturer: Flock Safety
Direction: 340
Zone: traffic
Camera type: fixed</description>
      <Point>
        <coordinates>-96.801894,33.2482158,0</coordinates>
      </Point>
    </Placemark>
    <Placemark>
      <name>ALPR</name>
      <description>OSM node: https://www.openstreetmap.org/node/14096033201
Manufacturer: Flock Safety
Direction: 131
Zone: traffic
Camera type: fixed</description>
      <Point>
        <coordinates>-106.3051365,31.704779,0</coordinates>
      </Point>
    </Placemark>
    <Placemark>
      <name>ALPR</name>
      <description>OSM node: https://www.openstreetmap.org/node/14096037201
Manufacturer: Flock Safety
Direction: 162
Zone: traffic
Camera type: fixed</description>
      <Point>
        <coordinates>-98.3070382,29.5806875,0</coordinates>
      </Point>
    </Placemark>
    <Placemark>
      <name>ALPR</name>
      <description>OSM node: https://www.openstreetmap.org/node/14096606601
Manufacturer: Flock Safety
Direction: 62
Zone: traffic
Camera type: fixed</description>
      <Point>
        <coordinates>-96.8802076,33.210804,0</coordinates>
      </Point>
    </Placemark>
    <Placemark>
      <name>ALPR</name>
      <description>OSM node: https://www.openstreetmap.org/node/14096692201
Manufacturer: Flock Safety
Direction: 214
Zone: traffic
Camera type: fixed</description>
      <Point>
        <coordinates>-97.3471923,31.0982199,0</coordinates>
      </Point>
    </Placemark>
    <Placemark>
      <name>ALPR</name>
      <description>OSM node: https://www.openstreetmap.org/node/14096707302
Manufacturer: Flock Safety
Direction: 185
Zone: traffic
Camera type: fixed</description>
      <Point>
        <coordinates>-98.9201144,29.9607249,0</coordinates>
      </Point>
    </Placemark>
    <Placemark>
      <name>ALPR</name>
      <description>OSM node: https://www.openstreetmap.org/node/14096756502
Manufacturer: Flock Safety
Direction: 0;0;0
Zone: traffic
Camera type: fixed</description>
      <Point>
        <coordinates>-95.2492498,29.9796978,0</coordinates>
      </Point>
    </Placemark>
    <Placemark>
      <name>ALPR</name>
      <description>OSM node: https://www.openstreetmap.org/node/14096926907
Manufacturer: Flock Safety
Direction: -120
Zone: traffic
Camera type: fixed</description>
      <Point>
        <coordinates>-95.6795674,29.6447652,0</coordinates>
      </Point>
    </Placemark>
    <Placemark>
      <name>ALPR</name>
      <description>OSM node: https://www.openstreetmap.org/node/14096926908
Manufacturer: Flock Safety
Direction: 70
Zone: traffic
Camera type: fixed</description>
      <Point>
        <coordinates>-95.6795553,29.6446381,0</coordinates>
      </Point>
    </Placemark>
    <Placemark>
      <name>ALPR</name>
      <description>OSM node: https://www.openstreetmap.org/node/14097038801
Manufacturer: Flock Safety
Direction: 161
Zone: traffic
Camera type: fixed</description>
      <Point>
        <coordinates>-95.2592479,29.9360911,0</coordinates>
      </Point>
    </Placemark>
    <Placemark>
      <name>ALPR</name>
      <description>OSM node: https://www.openstreetmap.org/node/14097045502
Manufacturer: Flock Safety
Direction: 152
Zone: traffic
Camera type: fixed</description>
      <Point>
        <coordinates>-96.4077394,32.7775119,0</coordinates>
      </Point>
    </Placemark>
    <Placemark>
      <name>ALPR</name>
      <description>OSM node: https://www.openstreetmap.org/node/14097061901
Manufacturer: Flock Safety
Direction: 164
Zone: traffic
Camera type: fixed</description>
      <Point>
        <coordinates>-97.5016145,25.9164762,0</coordinates>
      </Point>
    </Placemark>
    <Placemark>
      <name>ALPR</name>
      <description>OSM node: https://www.openstreetmap.org/node/14097555302
Manufacturer: Flock Safety
Direction: 308
Zone: traffic
Camera type: fixed</description>
      <Point>
        <coordinates>-95.3885035,32.4760226,0</coordinates>
      </Point>
    </Placemark>
    <Placemark>
      <name>ALPR</name>
      <description>OSM node: https://www.openstreetmap.org/node/14097558802
Manufacturer: Flock Safety
Direction: 271
Zone: traffic
Camera type: fixed</description>
      <Point>
        <coordinates>-95.388513,32.4760579,0</coordinates>
      </Point>
    </Placemark>
    <Placemark>
      <name>ALPR</name>
      <description>OSM node: https://www.openstreetmap.org/node/14097583001
Manufacturer: Flock Safety
Direction: 155
Zone: traffic
Camera type: fixed</description>
      <Point>
        <coordinates>-98.4830394,29.4246235,0</coordinates>
      </Point>
    </Placemark>
    <Placemark>
      <name>ALPR</name>
      <description>OSM node: https://www.openstreetmap.org/node/14097618301
Manufacturer: Flock Safety
Direction: 15
Zone: traffic
Camera type: fixed</description>
      <Point>
        <coordinates>-97.5287069,28.0114076,0</coordinates>
      </Point>
    </Placemark>
    <Placemark>
      <name>ALPR</name>
      <description>OSM node: https://www.openstreetmap.org/node/14097618602
Manufacturer: Flock Safety
Direction: 59
Zone: traffic
Camera type: fixed</description>
      <Point>
        <coordinates>-97.5268924,28.0365313,0</coordinates>
      </Point>
    </Placemark>
    <Placemark>
      <name>ALPR</name>
      <description>OSM node: https://www.openstreetmap.org/node/14097706902
Manufacturer: Flock Safety
Direction: 27
Zone: traffic
Camera type: fixed</description>
      <Point>
        <coordinates>-96.7634816,32.7474863,0</coordinates>
      </Point>
    </Placemark>
    <Placemark>
      <name>ALPR</name>
      <description>OSM node: https://www.openstreetmap.org/node/14097729001
Manufacturer: Flock Safety
Direction: 136
Zone: traffic
Camera type: fixed</description>
      <Point>
        <coordinates>-95.6440558,29.8790195,0</coordinates>
      </Point>
    </Placemark>
    <Placemark>
      <name>ALPR</name>
      <description>OSM node: https://www.openstreetmap.org/node/14097747401
Manufacturer: Flock Safety
Direction: 161
Zone: traffic
Camera type: fixed</description>
      <Point>
        <coordinates>-96.8558917,32.9319557,0</coordinates>
      </Point>
    </Placemark>
    <Placemark>
      <name>ALPR</name>
      <description>OSM node: https://www.openstreetmap.org/node/14097781702
Manufacturer: Flock Safety
Direction: 90;34
Zone: traffic
Camera type: fixed</description>
      <Point>
        <coordinates>-97.9785701,29.5770447,0</coordinates>
      </Point>
    </Placemark>
    <Placemark>
      <name>ALPR</name>
      <description>OSM node: https://www.openstreetmap.org/node/14097783701
Manufacturer: Flock Safety
Direction: 96;66
Zone: traffic
Camera type: fixed</description>
      <Point>
        <coordinates>-97.9781723,29.577043,0</coordinates>
      </Point>
    </Placemark>
    <Placemark>
      <name>ALPR</name>
      <description>OSM node: https://www.openstreetmap.org/node/14097788201
Manufacturer: Flock Safety
Direction: 295;239
Zone: traffic
Camera type: fixed</description>
      <Point>
        <coordinates>-97.9776432,29.5775742,0</coordinates>
      </Point>
    </Placemark>
    <Placemark>
      <name>ALPR</name>
      <description>OSM node: https://www.openstreetmap.org/node/14097788501
Manufacturer: Flock Safety
Direction: 148;206
Zone: traffic
Camera type: fixed</description>
      <Point>
        <coordinates>-97.9779392,29.5779813,0</coordinates>
      </Point>
    </Placemark>
    <Placemark>
      <name>ALPR</name>
      <description>OSM node: https://www.openstreetmap.org/node/14097802201
Manufacturer: Flock Safety
Direction: 306
Zone: traffic
Camera type: fixed</description>
      <Point>
        <coordinates>-98.1653445,33.2493194,0</coordinates>
      </Point>
    </Placemark>
    <Placemark>
      <name>ALPR</name>
      <description>OSM node: https://www.openstreetmap.org/node/14097830564
Manufacturer: Flock Safety
Direction: 255
Zone: traffic
Camera type: fixed</description>
      <Point>
        <coordinates>-97.1441934,33.214671,0</coordinates>
      </Point>
    </Placemark>
    <Placemark>
      <name>ALPR</name>
      <description>OSM node: https://www.openstreetmap.org/node/14097833302
Manufacturer: Flock Safety
Direction: 342
Zone: traffic
Camera type: fixed</description>
      <Point>
        <coordinates>-97.0992968,32.7656388,0</coordinates>
      </Point>
    </Placemark>
    <Placemark>
      <name>ALPR</name>
      <description>OSM node: https://www.openstreetmap.org/node/14097884601
Manufacturer: Flock Safety
Direction: 250
Zone: traffic
Camera type: fixed</description>
      <Point>
        <coordinates>-98.4358515,29.4750043,0</coordinates>
      </Point>
    </Placemark>
    <Placemark>
      <name>ALPR</name>
      <description>OSM node: https://www.openstreetmap.org/node/14097918101
Manufacturer: Flock Safety
Direction: 0
Zone: traffic
Camera type: fixed</description>
      <Point>
        <coordinates>-97.0712705,32.7846108,0</coordinates>
      </Point>
    </Placemark>
    <Placemark>
      <name>ALPR</name>
      <description>OSM node: https://www.openstreetmap.org/node/14097928301
Manufacturer: Flock Safety
Direction: 75
Zone: traffic
Camera type: fixed</description>
      <Point>
        <coordinates>-98.4862562,29.4225548,0</coordinates>
      </Point>
    </Placemark>
    <Placemark>
      <name>ALPR</name>
      <description>OSM node: https://www.openstreetmap.org/node/14097980901
Manufacturer: Flock Safety
Direction: 202
Zone: traffic
Camera type: fixed</description>
      <Point>
        <coordinates>-95.4198081,30.3370958,0</coordinates>
      </Point>
    </Placemark>
    <Placemark>
      <name>ALPR</name>
      <description>OSM node: https://www.openstreetmap.org/node/14098038301
Manufacturer: Flock Safety
Direction: 165
Zone: traffic
Camera type: fixed</description>
      <Point>
        <coordinates>-94.7221868,31.4160183,0</coordinates>
      </Point>
    </Placemark>
    <Placemark>
      <name>ALPR</name>
      <description>OSM node: https://www.openstreetmap.org/node/14098039003
Manufacturer: Flock Safety
Direction: 59
Zone: traffic
Camera type: fixed</description>
      <Point>
        <coordinates>-97.7871721,32.7279263,0</coordinates>
      </Point>
    </Placemark>
    <Placemark>
      <name>ALPR</name>
      <description>OSM node: https://www.openstreetmap.org/node/14098117101
Manufacturer: Flock Safety
Direction: 298
Zone: traffic
Camera type: fixed</description>
      <Point>
        <coordinates>-97.6039116,30.1721876,0</coordinates>
      </Point>
    </Placemark>
    <Placemark>
      <name>ALPR</name>
      <description>OSM node: https://www.openstreetmap.org/node/14098119101
Manufacturer: Flock Safety
Direction: 71
Zone: traffic
Camera type: fixed</description>
      <Point>
        <coordinates>-97.604046,30.1721184,0</coordinates>
      </Point>
    </Placemark>
    <Placemark>
      <name>ALPR</name>
      <description>OSM node: https://www.openstreetmap.org/node/14098119501
Manufacturer: Flock Safety
Direction: 266
Zone: traffic
Camera type: fixed</description>
      <Point>
        <coordinates>-97.604868,30.1707819,0</coordinates>
      </Point>
    </Placemark>
    <Placemark>
      <name>ALPR</name>
      <description>OSM node: https://www.openstreetmap.org/node/14098119701
Manufacturer: Flock Safety
Direction: 99
Zone: traffic
Camera type: fixed</description>
      <Point>
        <coordinates>-97.6049276,30.1706642,0</coordinates>
      </Point>
    </Placemark>
    <Placemark>
      <name>ALPR</name>
      <description>OSM node: https://www.openstreetmap.org/node/14098121101
Manufacturer: Flock Safety
Direction: 314
Zone: traffic
Camera type: fixed</description>
      <Point>
        <coordinates>-97.6062172,30.1695543,0</coordinates>
      </Point>
    </Placemark>
    <Placemark>
      <name>ALPR</name>
      <description>OSM node: https://www.openstreetmap.org/node/14098121102
Manufacturer: Flock Safety
Direction: 117
Zone: traffic
Camera type: fixed</description>
      <Point>
        <coordinates>-97.6062782,30.1694929,0</coordinates>
      </Point>
    </Placemark>
    <Placemark>
      <name>ALPR</name>
      <description>OSM node: https://www.openstreetmap.org/node/14098122901
Manufacturer: Flock Safety
Direction: 322
Zone: traffic
Camera type: fixed</description>
      <Point>
        <coordinates>-95.5429779,29.7787128,0</coordinates>
      </Point>
    </Placemark>
    <Placemark>
      <name>ALPR</name>
      <description>OSM node: https://www.openstreetmap.org/node/14098265633
Manufacturer: Flock Safety
Direction: 110
Zone: traffic
Camera type: fixed</description>
      <Point>
        <coordinates>-96.4627219,32.7387707,0</coordinates>
      </Point>
    </Placemark>
    <Placemark>
      <name>ALPR</name>
      <description>OSM node: https://www.openstreetmap.org/node/14098266745
Manufacturer: Flock Safety
Direction: 247
Zone: traffic
Camera type: fixed</description>
      <Point>
        <coordinates>-96.8072802,32.8949798,0</coordinates>
      </Point>
    </Placemark>
    <Placemark>
      <name>Farmers Branch PD ALPR</name>
      <description>OSM node: https://www.openstreetmap.org/node/14098266746
Operator: Farmers Branch PD
Manufacturer: Flock Safety
Direction: 100
Zone: traffic
Camera type: fixed</description>
      <Point>
        <coordinates>-96.8228638,32.9308427,0</coordinates>
      </Point>
    </Placemark>
    <Placemark>
      <name>Farmers Branch PD ALPR</name>
      <description>OSM node: https://www.openstreetmap.org/node/14098266747
Operator: Farmers Branch PD
Manufacturer: Flock Safety
Direction: 140
Zone: traffic
Camera type: fixed</description>
      <Point>
        <coordinates>-96.8228705,32.9318873,0</coordinates>
      </Point>
    </Placemark>
    <Placemark>
      <name>ALPR</name>
      <description>OSM node: https://www.openstreetmap.org/node/14098289001
Manufacturer: Axon Enterprise
Direction: 253
Zone: traffic
Camera type: fixed</description>
      <Point>
        <coordinates>-95.1865358,32.7725668,0</coordinates>
      </Point>
    </Placemark>
    <Placemark>
      <name>ALPR</name>
      <description>OSM node: https://www.openstreetmap.org/node/14098292901
Manufacturer: Flock Safety
Direction: 48
Zone: traffic
Camera type: fixed</description>
      <Point>
        <coordinates>-102.371557,31.7045978,0</coordinates>
      </Point>
    </Placemark>
    <Placemark>
      <name>ALPR</name>
      <description>OSM node: https://www.openstreetmap.org/node/14098364102
Manufacturer: Flock Safety
Direction: 245
Zone: traffic
Camera type: fixed</description>
      <Point>
        <coordinates>-95.1611406,29.5467996,0</coordinates>
      </Point>
    </Placemark>
    <Placemark>
      <name>ALPR</name>
      <description>OSM node: https://www.openstreetmap.org/node/14098367601
Manufacturer: Genetec
Direction: 107;37;180;253;326;359
Zone: traffic
Camera type: fixed</description>
      <Point>
        <coordinates>-95.4230252,29.7092312,0</coordinates>
      </Point>
    </Placemark>
    <Placemark>
      <name>ALPR</name>
      <description>OSM node: https://www.openstreetmap.org/node/14098387101
Manufacturer: Flock Safety
Direction: 248
Zone: traffic
Camera type: fixed</description>
      <Point>
        <coordinates>-95.1916916,29.6131348,0</coordinates>
      </Point>
    </Placemark>
    <Placemark>
      <name>ALPR</name>
      <description>OSM node: https://www.openstreetmap.org/node/14098387301
Manufacturer: Flock Safety
Direction: 66
Zone: traffic
Camera type: fixed</description>
      <Point>
        <coordinates>-95.1931559,29.6128718,0</coordinates>
      </Point>
    </Placemark>
    <Placemark>
      <name>ALPR</name>
      <description>OSM node: https://www.openstreetmap.org/node/14098886106
Manufacturer: Flock Safety
Direction: 0
Zone: traffic
Camera type: fixed</description>
      <Point>
        <coordinates>-99.1294759,30.0596517,0</coordinates>
      </Point>
    </Placemark>
    <Placemark>
      <name>ALPR</name>
      <description>OSM node: https://www.openstreetmap.org/node/14099013501
Manufacturer: Flock Safety
Direction: 329
Zone: traffic
Camera type: fixed</description>
      <Point>
        <coordinates>-96.7640322,31.1939403,0</coordinates>
      </Point>
    </Placemark>
    <Placemark>
      <name>ALPR</name>
      <description>OSM node: https://www.openstreetmap.org/node/14099097001
Manufacturer: Flock Safety
Direction: 47
Zone: traffic
Camera type: fixed</description>
      <Point>
        <coordinates>-101.6766336,34.183562,0</coordinates>
      </Point>
    </Placemark>
    <Placemark>
      <name>ALPR</name>
      <description>OSM node: https://www.openstreetmap.org/node/14099097701
Manufacturer: Flock Safety
Direction: 120
Zone: traffic
Camera type: fixed</description>
      <Point>
        <coordinates>-101.7073536,34.1758316,0</coordinates>
      </Point>
    </Placemark>
    <Placemark>
      <name>ALPR</name>
      <description>OSM node: https://www.openstreetmap.org/node/14099149801
Manufacturer: Flock Safety
Direction: 0
Zone: traffic
Camera type: fixed</description>
      <Point>
        <coordinates>-97.1006164,31.802127,0</coordinates>
      </Point>
    </Placemark>
    <Placemark>
      <name>ALPR</name>
      <description>OSM node: https://www.openstreetmap.org/node/14099239201
Manufacturer: Motorola Solutions
Direction: 208
Zone: traffic
Camera type: fixed</description>
      <Point>
        <coordinates>-96.7944325,33.0359276,0</coordinates>
      </Point>
    </Placemark>
    <Placemark>
      <name>ALPR</name>
      <description>OSM node: https://www.openstreetmap.org/node/14099241301
Manufacturer: Motorola Solutions
Direction: 208
Zone: traffic
Camera type: fixed</description>
      <Point>
        <coordinates>-96.7944325,33.0359276,0</coordinates>
      </Point>
    </Placemark>
    <Placemark>
      <name>ALPR</name>
      <description>OSM node: https://www.openstreetmap.org/node/14099243301
Manufacturer: Motorola Solutions
Direction: 226
Zone: traffic
Camera type: fixed</description>
      <Point>
        <coordinates>-96.7941332,33.0425274,0</coordinates>
      </Point>
    </Placemark>
    <Placemark>
      <name>ALPR</name>
      <description>OSM node: https://www.openstreetmap.org/node/14099267101
Manufacturer: Axon Enterprise
Direction: 177
Zone: traffic
Camera type: fixed</description>
      <Point>
        <coordinates>-95.2903879,32.9575726,0</coordinates>
      </Point>
    </Placemark>
    <Placemark>
      <name>ALPR</name>
      <description>OSM node: https://www.openstreetmap.org/node/14099274001
Manufacturer: Flock Safety
Direction: 213
Zone: traffic
Camera type: fixed</description>
      <Point>
        <coordinates>-100.4633657,31.4838017,0</coordinates>
      </Point>
    </Placemark>
    <Placemark>
      <name>ALPR</name>
      <description>OSM node: https://www.openstreetmap.org/node/14099338401
Manufacturer: Flock Safety
Direction: 281
Zone: traffic
Camera type: fixed</description>
      <Point>
        <coordinates>-95.470922,30.0917918,0</coordinates>
      </Point>
    </Placemark>
    <Placemark>
      <name>ALPR</name>
      <description>OSM node: https://www.openstreetmap.org/node/14099355001
Manufacturer: Flock Safety
Direction: 126
Zone: traffic
Camera type: fixed</description>
      <Point>
        <coordinates>-96.7857245,33.056401,0</coordinates>
      </Point>
    </Placemark>
    <Placemark>
      <name>ALPR</name>
      <description>OSM node: https://www.openstreetmap.org/node/14099368201
Manufacturer: Flock Safety
Direction: 307
Zone: traffic
Camera type: fixed</description>
      <Point>
        <coordinates>-96.8519661,32.9358984,0</coordinates>
      </Point>
    </Placemark>
    <Placemark>
      <name>ALPR</name>
      <description>OSM node: https://www.openstreetmap.org/node/14099439201
Manufacturer: Flock Safety
Direction: 100
Zone: traffic
Camera type: fixed</description>
      <Point>
        <coordinates>-96.3305631,32.7167904,0</coordinates>
      </Point>
    </Placemark>
    <Placemark>
      <name>ALPR</name>
      <description>OSM node: https://www.openstreetmap.org/node/14099460201
Manufacturer: Flock Safety
Direction: 270
Zone: traffic
Camera type: fixed</description>
      <Point>
        <coordinates>-97.1775844,32.7914904,0</coordinates>
      </Point>
    </Placemark>
    <Placemark>
      <name>ALPR</name>
      <description>OSM node: https://www.openstreetmap.org/node/14099475401
Manufacturer: Flock Safety
Direction: 270
Zone: traffic
Camera type: fixed</description>
      <Point>
        <coordinates>-97.1775844,32.7914904,0</coordinates>
      </Point>
    </Placemark>
    <Placemark>
      <name>ALPR</name>
      <description>OSM node: https://www.openstreetmap.org/node/14099476101
Manufacturer: Flock Safety
Direction: 180
Zone: traffic
Camera type: fixed</description>
      <Point>
        <coordinates>-95.1964687,29.6107845,0</coordinates>
      </Point>
    </Placemark>
    <Placemark>
      <name>ALPR</name>
      <description>OSM node: https://www.openstreetmap.org/node/14099481201
Manufacturer: Flock Safety
Direction: 257
Zone: traffic
Camera type: fixed</description>
      <Point>
        <coordinates>-98.3934719,29.511992,0</coordinates>
      </Point>
    </Placemark>
    <Placemark>
      <name>ALPR</name>
      <description>OSM node: https://www.openstreetmap.org/node/14099508003
Manufacturer: Flock Safety
Direction: 0
Zone: traffic
Camera type: fixed</description>
      <Point>
        <coordinates>-95.5582387,29.6895799,0</coordinates>
      </Point>
    </Placemark>
    <Placemark>
      <name>ALPR</name>
      <description>OSM node: https://www.openstreetmap.org/node/14099527901
Manufacturer: Flock Safety
Direction: 316
Zone: traffic
Camera type: fixed</description>
      <Point>
        <coordinates>-97.7671222,33.4427429,0</coordinates>
      </Point>
    </Placemark>
    <Placemark>
      <name>ALPR</name>
      <description>OSM node: https://www.openstreetmap.org/node/14099640801
Manufacturer: Motorola Solutions
Direction: 249
Zone: traffic
Camera type: fixed</description>
      <Point>
        <coordinates>-97.0152032,32.9731944,0</coordinates>
      </Point>
    </Placemark>
    <Placemark>
      <name>ALPR</name>
      <description>OSM node: https://www.openstreetmap.org/node/14099709501
Manufacturer: Flock Safety
Direction: 320
Zone: traffic
Camera type: fixed</description>
      <Point>
        <coordinates>-98.903683,29.9841659,0</coordinates>
      </Point>
    </Placemark>
    <Placemark>
      <name>ALPR</name>
      <description>OSM node: https://www.openstreetmap.org/node/14099720801
Manufacturer: Flock Safety
Direction: 264
Zone: traffic
Camera type: fixed</description>
      <Point>
        <coordinates>-95.4195658,29.6972963,0</coordinates>
      </Point>
    </Placemark>
    <Placemark>
      <name>ALPR</name>
      <description>OSM node: https://www.openstreetmap.org/node/14099724601
Manufacturer: Flock Safety
Direction: 127
Zone: traffic
Camera type: fixed</description>
      <Point>
        <coordinates>-95.4215186,29.6969222,0</coordinates>
      </Point>
    </Placemark>
    <Placemark>
      <name>ALPR</name>
      <description>OSM node: https://www.openstreetmap.org/node/14099730502
Manufacturer: Flock Safety
Direction: 273
Zone: traffic
Camera type: fixed</description>
      <Point>
        <coordinates>-98.1949305,33.2315441,0</coordinates>
      </Point>
    </Placemark>
    <Placemark>
      <name>ALPR</name>
      <description>OSM node: https://www.openstreetmap.org/node/14099730801
Manufacturer: Axis Communications
Direction: 76;146;217
Zone: traffic
Camera type: fixed</description>
      <Point>
        <coordinates>-95.2258531,29.5736636,0</coordinates>
      </Point>
    </Placemark>
    <Placemark>
      <name>ALPR</name>
      <description>OSM node: https://www.openstreetmap.org/node/14099747701
Manufacturer: Flock Safety
Direction: 226
Zone: traffic
Camera type: fixed</description>
      <Point>
        <coordinates>-97.1788654,33.1287505,0</coordinates>
      </Point>
    </Placemark>
    <Placemark>
      <name>The Home Depot ALPR</name>
      <description>OSM node: https://www.openstreetmap.org/node/14099768801
Operator: The Home Depot
Manufacturer: Flock Safety
Direction: 337
Zone: traffic
Camera type: fixed</description>
      <Point>
        <coordinates>-95.6155527,29.6040119,0</coordinates>
      </Point>
    </Placemark>
    <Placemark>
      <name>ALPR</name>
      <description>OSM node: https://www.openstreetmap.org/node/14099771301
Manufacturer: Flock Safety
Direction: 231
Zone: traffic
Camera type: fixed</description>
      <Point>
        <coordinates>-95.6150064,29.6045469,0</coordinates>
      </Point>
    </Placemark>
    <Placemark>
      <name>ALPR</name>
      <description>OSM node: https://www.openstreetmap.org/node/14099814001
Manufacturer: Flock Safety
Direction: 164
Zone: traffic
Camera type: fixed</description>
      <Point>
        <coordinates>-95.211612,29.623728,0</coordinates>
      </Point>
    </Placemark>
    <Placemark>
      <name>ALPR</name>
      <description>OSM node: https://www.openstreetmap.org/node/14099902702
Manufacturer: Motorola Solutions
Direction: 124
Zone: traffic
Camera type: fixed</description>
      <Point>
        <coordinates>-96.8740733,33.0448925,0</coordinates>
      </Point>
    </Placemark>
    <Placemark>
      <name>ALPR</name>
      <description>OSM node: https://www.openstreetmap.org/node/14099924701
Manufacturer: Flock Safety
Direction: 0
Zone: traffic
Camera type: fixed</description>
      <Point>
        <coordinates>-96.9254673,32.5757144,0</coordinates>
      </Point>
    </Placemark>
    <Placemark>
      <name>ALPR</name>
      <description>OSM node: https://www.openstreetmap.org/node/14099925702
Manufacturer: Flock Safety
Direction: 169
Zone: traffic
Camera type: fixed</description>
      <Point>
        <coordinates>-97.4297014,32.7063423,0</coordinates>
      </Point>
    </Placemark>
    <Placemark>
      <name>ALPR</name>
      <description>OSM node: https://www.openstreetmap.org/node/14099948902
Manufacturer: Flock Safety
Direction: 12
Zone: traffic
Camera type: fixed</description>
      <Point>
        <coordinates>-97.2434933,31.3087863,0</coordinates>
      </Point>
    </Placemark>
    <Placemark>
      <name>ALPR</name>
      <description>OSM node: https://www.openstreetmap.org/node/14099973801
Manufacturer: Flock Safety
Direction: 0
Zone: traffic
Camera type: fixed</description>
      <Point>
        <coordinates>-97.1548493,31.4840909,0</coordinates>
      </Point>
    </Placemark>
    <Placemark>
      <name>ALPR</name>
      <description>OSM node: https://www.openstreetmap.org/node/14099980001
Manufacturer: Flock Safety
Direction: 219
Zone: traffic
Camera type: fixed</description>
      <Point>
        <coordinates>-101.7125138,34.1845056,0</coordinates>
      </Point>
    </Placemark>
    <Placemark>
      <name>ALPR</name>
      <description>OSM node: https://www.openstreetmap.org/node/14099996201
Manufacturer: Flock Safety
Direction: 246
Zone: traffic
Camera type: fixed</description>
      <Point>
        <coordinates>-94.891814,29.392555,0</coordinates>
      </Point>
    </Placemark>
    <Placemark>
      <name>ALPR</name>
      <description>OSM node: https://www.openstreetmap.org/node/14100001502
Manufacturer: Flock Safety
Direction: 0
Zone: traffic
Camera type: fixed</description>
      <Point>
        <coordinates>-97.1548493,31.4840909,0</coordinates>
      </Point>
    </Placemark>
    <Placemark>
      <name>ALPR</name>
      <description>OSM node: https://www.openstreetmap.org/node/14100004002
Manufacturer: Flock Safety
Direction: 154
Zone: traffic
Camera type: fixed</description>
      <Point>
        <coordinates>-96.932951,32.6622544,0</coordinates>
      </Point>
    </Placemark>
    <Placemark>
      <name>ALPR</name>
      <description>OSM node: https://www.openstreetmap.org/node/14100023901
Manufacturer: Flock Safety
Direction: 144
Zone: traffic
Camera type: fixed</description>
      <Point>
        <coordinates>-95.6023815,29.7803799,0</coordinates>
      </Point>
    </Placemark>
    <Placemark>
      <name>ALPR</name>
      <description>OSM node: https://www.openstreetmap.org/node/14100023902
Manufacturer: Flock Safety
Direction: 144
Zone: traffic
Camera type: fixed</description>
      <Point>
        <coordinates>-95.6023815,29.7803799,0</coordinates>
      </Point>
    </Placemark>
    <Placemark>
      <name>ALPR</name>
      <description>OSM node: https://www.openstreetmap.org/node/14100104101
Manufacturer: Flock Safety
Direction: 312
Zone: traffic
Camera type: fixed</description>
      <Point>
        <coordinates>-97.5800847,30.7904823,0</coordinates>
      </Point>
    </Placemark>
    <Placemark>
      <name>ALPR</name>
      <description>OSM node: https://www.openstreetmap.org/node/14100105101
Manufacturer: Flock Safety
Direction: 301
Zone: traffic
Camera type: fixed</description>
      <Point>
        <coordinates>-97.5810312,30.7902204,0</coordinates>
      </Point>
    </Placemark>
    <Placemark>
      <name>ALPR</name>
      <description>OSM node: https://www.openstreetmap.org/node/14100150001
Manufacturer: Flock Safety
Direction: 2
Zone: traffic
Camera type: fixed</description>
      <Point>
        <coordinates>-95.838155,29.6514859,0</coordinates>
      </Point>
    </Placemark>
    <Placemark>
      <name>ALPR</name>
      <description>OSM node: https://www.openstreetmap.org/node/14100157401
Manufacturer: Flock Safety
Direction: 151
Zone: traffic
Camera type: fixed</description>
      <Point>
        <coordinates>-95.207799,29.6205865,0</coordinates>
      </Point>
    </Placemark>
    <Placemark>
      <name>ALPR</name>
      <description>OSM node: https://www.openstreetmap.org/node/14100157402
Manufacturer: Flock Safety
Direction: 340
Zone: traffic
Camera type: fixed</description>
      <Point>
        <coordinates>-95.207661,29.6204075,0</coordinates>
      </Point>
    </Placemark>
    <Placemark>
      <name>ALPR</name>
      <description>OSM node: https://www.openstreetmap.org/node/14100161001
Manufacturer: Flock Safety
Direction: 172
Zone: traffic
Camera type: fixed</description>
      <Point>
        <coordinates>-95.8380767,29.6519203,0</coordinates>
      </Point>
    </Placemark>
    <Placemark>
      <name>ALPR</name>
      <description>OSM node: https://www.openstreetmap.org/node/14100171402
Manufacturer: Flock Safety
Direction: 284;326
Zone: traffic
Camera type: fixed</description>
      <Point>
        <coordinates>-95.4566644,29.8831231,0</coordinates>
      </Point>
    </Placemark>
    <Placemark>
      <name>ALPR</name>
      <description>OSM node: https://www.openstreetmap.org/node/14100172502
Manufacturer: Flock Safety
Direction: 165
Zone: traffic
Camera type: fixed</description>
      <Point>
        <coordinates>-95.456865,29.8831873,0</coordinates>
      </Point>
    </Placemark>
    <Placemark>
      <name>ALPR</name>
      <description>OSM node: https://www.openstreetmap.org/node/14100174202
Manufacturer: Flock Safety
Direction: 290;305
Zone: traffic
Camera type: fixed</description>
      <Point>
        <coordinates>-95.4532407,29.8840326,0</coordinates>
      </Point>
    </Placemark>
    <Placemark>
      <name>ALPR</name>
      <description>OSM node: https://www.openstreetmap.org/node/14100174301
Manufacturer: Flock Safety
Direction: 242
Zone: traffic
Camera type: fixed</description>
      <Point>
        <coordinates>-97.630962,31.0837138,0</coordinates>
      </Point>
    </Placemark>
    <Placemark>
      <name>ALPR</name>
      <description>OSM node: https://www.openstreetmap.org/node/14100175501
Manufacturer: Flock Safety
Direction: 49
Zone: traffic
Camera type: streetlight</description>
      <Point>
        <coordinates>-95.4536041,29.8841313,0</coordinates>
      </Point>
    </Placemark>
    <Placemark>
      <name>ALPR</name>
      <description>OSM node: https://www.openstreetmap.org/node/14100176001
Manufacturer: Flock Safety
Direction: 44
Zone: traffic
Camera type: fixed</description>
      <Point>
        <coordinates>-95.4537329,29.8838505,0</coordinates>
      </Point>
    </Placemark>
    <Placemark>
      <name>ALPR</name>
      <description>OSM node: https://www.openstreetmap.org/node/14100177102
Manufacturer: Flock Safety
Direction: 164
Zone: traffic
Camera type: fixed</description>
      <Point>
        <coordinates>-95.4570685,29.8834417,0</coordinates>
      </Point>
    </Placemark>
    <Placemark>
      <name>ALPR</name>
      <description>OSM node: https://www.openstreetmap.org/node/14100177103
Manufacturer: Flock Safety
Direction: 324
Zone: traffic
Camera type: fixed</description>
      <Point>
        <coordinates>-95.4557542,29.883338,0</coordinates>
      </Point>
    </Placemark>
    <Placemark>
      <name>ALPR</name>
      <description>OSM node: https://www.openstreetmap.org/node/14100177601
Manufacturer: Flock Safety
Direction: 187
Zone: traffic
Camera type: fixed</description>
      <Point>
        <coordinates>-96.8226698,32.9318592,0</coordinates>
      </Point>
    </Placemark>
    <Placemark>
      <name>ALPR</name>
      <description>OSM node: https://www.openstreetmap.org/node/14100336101
Manufacturer: Flock Safety
Direction: 98
Zone: traffic
Camera type: fixed</description>
      <Point>
        <coordinates>-97.6888113,30.3296903,0</coordinates>
      </Point>
    </Placemark>
    <Placemark>
      <name>ALPR</name>
      <description>OSM node: https://www.openstreetmap.org/node/14100350202
Manufacturer: Axon Enterprise
Direction: 179
Zone: traffic
Camera type: fixed</description>
      <Point>
        <coordinates>-95.2250958,29.5734138,0</coordinates>
      </Point>
    </Placemark>
    <Placemark>
      <name>ALPR</name>
      <description>OSM node: https://www.openstreetmap.org/node/14100358605
Manufacturer: Flock Safety
Direction: 144
Zone: traffic
Camera type: fixed</description>
      <Point>
        <coordinates>-95.3179018,30.007802,0</coordinates>
      </Point>
    </Placemark>
    <Placemark>
      <name>ALPR</name>
      <description>OSM node: https://www.openstreetmap.org/node/14100358606
Manufacturer: Flock Safety
Direction: 182
Zone: traffic
Camera type: fixed</description>
      <Point>
        <coordinates>-95.3179947,30.0083921,0</coordinates>
      </Point>
    </Placemark>
    <Placemark>
      <name>ALPR</name>
      <description>OSM node: https://www.openstreetmap.org/node/14100401001
Manufacturer: Flock Safety
Direction: 263
Zone: traffic
Camera type: fixed</description>
      <Point>
        <coordinates>-99.5134043,27.5029892,0</coordinates>
      </Point>
    </Placemark>
    <Placemark>
      <name>ALPR</name>
      <description>OSM node: https://www.openstreetmap.org/node/14101025501
Manufacturer: Flock Safety
Direction: 0
Zone: traffic
Camera type: fixed</description>
      <Point>
        <coordinates>-97.4174943,31.113878,0</coordinates>
      </Point>
    </Placemark>
    <Placemark>
      <name>ALPR</name>
      <description>OSM node: https://www.openstreetmap.org/node/14101078103
Manufacturer: Flock Safety
Direction: 52
Zone: traffic
Camera type: fixed</description>
      <Point>
        <coordinates>-97.4760908,25.8950246,0</coordinates>
      </Point>
    </Placemark>
    <Placemark>
      <name>ALPR</name>
      <description>OSM node: https://www.openstreetmap.org/node/14101118902
Manufacturer: Flock Safety
Direction: 320
Zone: traffic
Camera type: fixed</description>
      <Point>
        <coordinates>-102.0545442,35.2803675,0</coordinates>
      </Point>
    </Placemark>
    <Placemark>
      <name>ALPR</name>
      <description>OSM node: https://www.openstreetmap.org/node/14101129401
Manufacturer: Flock Safety
Direction: 320
Zone: traffic
Camera type: fixed</description>
      <Point>
        <coordinates>-102.4701252,32.1454231,0</coordinates>
      </Point>
    </Placemark>
    <Placemark>
      <name>ALPR</name>
      <description>OSM node: https://www.openstreetmap.org/node/14101130102
Manufacturer: Flock Safety
Direction: 340
Zone: traffic
Camera type: fixed</description>
      <Point>
        <coordinates>-97.4509586,32.7401496,0</coordinates>
      </Point>
    </Placemark>
    <Placemark>
      <name>ALPR</name>
      <description>OSM node: https://www.openstreetmap.org/node/14101131903
Manufacturer: Flock Safety
Direction: 122
Zone: traffic
Camera type: fixed</description>
      <Point>
        <coordinates>-97.4506737,32.7399787,0</coordinates>
      </Point>
    </Placemark>
    <Placemark>
      <name>ALPR</name>
      <description>OSM node: https://www.openstreetmap.org/node/14101131904
Manufacturer: Flock Safety
Direction: 224
Zone: traffic
Camera type: fixed</description>
      <Point>
        <coordinates>-97.4494967,32.7400499,0</coordinates>
      </Point>
    </Placemark>
    <Placemark>
      <name>ALPR</name>
      <description>OSM node: https://www.openstreetmap.org/node/14101137802
Manufacturer: Flock Safety
Direction: 43
Zone: traffic
Camera type: fixed</description>
      <Point>
        <coordinates>-97.4509059,32.7400451,0</coordinates>
      </Point>
    </Placemark>
    <Placemark>
      <name>ALPR</name>
      <description>OSM node: https://www.openstreetmap.org/node/14101141601
Manufacturer: Flock Safety
Direction: 309
Zone: traffic
Camera type: fixed</description>
      <Point>
        <coordinates>-97.4492113,32.7401096,0</coordinates>
      </Point>
    </Placemark>
    <Placemark>
      <name>ALPR</name>
      <description>OSM node: https://www.openstreetmap.org/node/14101142901
Manufacturer: Flock Safety
Direction: 185
Zone: traffic
Camera type: fixed</description>
      <Point>
        <coordinates>-97.4493493,32.7401912,0</coordinates>
      </Point>
    </Placemark>
    <Placemark>
      <name>ALPR</name>
      <description>OSM node: https://www.openstreetmap.org/node/14101169201
Manufacturer: Flock Safety
Direction: 207;127
Zone: traffic
Camera type: fixed</description>
      <Point>
        <coordinates>-97.0712661,32.7850125,0</coordinates>
      </Point>
    </Placemark>
    <Placemark>
      <name>ALPR</name>
      <description>OSM node: https://www.openstreetmap.org/node/14101176601
Manufacturer: Flock Safety
Direction: 342
Zone: traffic
Camera type: fixed</description>
      <Point>
        <coordinates>-97.977811,29.5683639,0</coordinates>
      </Point>
    </Placemark>
    <Placemark>
      <name>ALPR</name>
      <description>OSM node: https://www.openstreetmap.org/node/14101197201
Manufacturer: Flock Safety
Direction: 344
Zone: traffic
Camera type: fixed</description>
      <Point>
        <coordinates>-97.0275627,33.1141493,0</coordinates>
      </Point>
    </Placemark>
    <Placemark>
      <name>ALPR</name>
      <description>OSM node: https://www.openstreetmap.org/node/14101206301
Manufacturer: Flock Safety
Direction: 232
Zone: traffic
Camera type: fixed</description>
      <Point>
        <coordinates>-98.2106125,29.4929348,0</coordinates>
      </Point>
    </Placemark>
    <Placemark>
      <name>ALPR</name>
      <description>OSM node: https://www.openstreetmap.org/node/14101240101
Manufacturer: Flock Safety
Direction: 291
Zone: traffic
Camera type: fixed</description>
      <Point>
        <coordinates>-102.5409925,36.0783269,0</coordinates>
      </Point>
    </Placemark>
    <Placemark>
      <name>ALPR</name>
      <description>OSM node: https://www.openstreetmap.org/node/14101253501
Manufacturer: Flock Safety
Direction: 69
Zone: traffic
Camera type: fixed</description>
      <Point>
        <coordinates>-96.2329203,32.6899674,0</coordinates>
      </Point>
    </Placemark>
    <Placemark>
      <name>ALPR</name>
      <description>OSM node: https://www.openstreetmap.org/node/14101291401
Manufacturer: Flock Safety
Direction: 36
Zone: traffic
Camera type: fixed</description>
      <Point>
        <coordinates>-102.3272499,33.3412351,0</coordinates>
      </Point>
    </Placemark>
    <Placemark>
      <name>ALPR</name>
      <description>OSM node: https://www.openstreetmap.org/node/14101304501
Manufacturer: Flock Safety
Direction: 81
Zone: traffic
Camera type: fixed</description>
      <Point>
        <coordinates>-95.7482964,32.5385314,0</coordinates>
      </Point>
    </Placemark>
    <Placemark>
      <name>ALPR</name>
      <description>OSM node: https://www.openstreetmap.org/node/14101339801
Manufacturer: Flock Safety
Direction: 81
Zone: traffic
Camera type: fixed</description>
      <Point>
        <coordinates>-95.4266677,31.3142253,0</coordinates>
      </Point>
    </Placemark>
    <Placemark>
      <name>ALPR</name>
      <description>OSM node: https://www.openstreetmap.org/node/14101358401
Manufacturer: Flock Safety
Direction: 189;120
Zone: traffic
Camera type: fixed</description>
      <Point>
        <coordinates>-96.8185138,32.9530968,0</coordinates>
      </Point>
    </Placemark>
    <Placemark>
      <name>ALPR</name>
      <description>OSM node: https://www.openstreetmap.org/node/14101395501
Manufacturer: Flock Safety
Direction: 90
Zone: traffic
Camera type: fixed</description>
      <Point>
        <coordinates>-106.2918943,31.7376942,0</coordinates>
      </Point>
    </Placemark>
    <Placemark>
      <name>ALPR</name>
      <description>OSM node: https://www.openstreetmap.org/node/14101495102
Manufacturer: Flock Safety
Direction: 196
Zone: traffic
Camera type: fixed</description>
      <Point>
        <coordinates>-96.9872366,33.2612577,0</coordinates>
      </Point>
    </Placemark>
    <Placemark>
      <name>ALPR</name>
      <description>OSM node: https://www.openstreetmap.org/node/14101507902
Manufacturer: Flock Safety
Direction: 76
Zone: traffic
Camera type: fixed</description>
      <Point>
        <coordinates>-97.3492833,32.6844753,0</coordinates>
      </Point>
    </Placemark>
    <Placemark>
      <name>ALPR</name>
      <description>OSM node: https://www.openstreetmap.org/node/14101523301
Manufacturer: Flock Safety
Direction: 199
Zone: traffic
Camera type: fixed</description>
      <Point>
        <coordinates>-97.8588354,30.0161437,0</coordinates>
      </Point>
    </Placemark>
    <Placemark>
      <name>ALPR</name>
      <description>OSM node: https://www.openstreetmap.org/node/14101545101
Manufacturer: Flock Safety
Direction: 166
Zone: traffic
Camera type: fixed</description>
      <Point>
        <coordinates>-98.2484173,26.1860434,0</coordinates>
      </Point>
    </Placemark>
    <Placemark>
      <name>ALPR</name>
      <description>OSM node: https://www.openstreetmap.org/node/14101547201
Manufacturer: Flock Safety
Direction: 345
Zone: traffic
Camera type: fixed</description>
      <Point>
        <coordinates>-98.248304,26.1861228,0</coordinates>
      </Point>
    </Placemark>
    <Placemark>
      <name>ALPR</name>
      <description>OSM node: https://www.openstreetmap.org/node/14101556501
Manufacturer: Flock Safety
Direction: 139
Zone: traffic
Camera type: fixed</description>
      <Point>
        <coordinates>-95.8113715,29.8456918,0</coordinates>
      </Point>
    </Placemark>
    <Placemark>
      <name>ALPR</name>
      <description>OSM node: https://www.openstreetmap.org/node/14101559201
Manufacturer: Flock Safety
Direction: 325
Zone: traffic
Camera type: fixed</description>
      <Point>
        <coordinates>-95.8111941,29.8459999,0</coordinates>
      </Point>
    </Placemark>
    <Placemark>
      <name>ALPR</name>
      <description>OSM node: https://www.openstreetmap.org/node/14101567901
Manufacturer: Flock Safety
Direction: 258
Zone: traffic
Camera type: fixed</description>
      <Point>
        <coordinates>-98.2492489,26.1808747,0</coordinates>
      </Point>
    </Placemark>
    <Placemark>
      <name>ALPR</name>
      <description>OSM node: https://www.openstreetmap.org/node/14101602801
Manufacturer: Flock Safety
Direction: 73
Zone: traffic
Camera type: fixed</description>
      <Point>
        <coordinates>-98.2418276,26.1857184,0</coordinates>
      </Point>
    </Placemark>
    <Placemark>
      <name>ALPR</name>
      <description>OSM node: https://www.openstreetmap.org/node/14101621201
Manufacturer: Flock Safety
Direction: 281
Zone: traffic
Camera type: fixed</description>
      <Point>
        <coordinates>-98.4798947,29.2839141,0</coordinates>
      </Point>
    </Placemark>
    <Placemark>
      <name>ALPR</name>
      <description>OSM node: https://www.openstreetmap.org/node/14101621501
Manufacturer: Flock Safety
Direction: 109
Zone: traffic
Camera type: fixed</description>
      <Point>
        <coordinates>-98.474593,29.2874542,0</coordinates>
      </Point>
    </Placemark>
    <Placemark>
      <name>ALPR</name>
      <description>OSM node: https://www.openstreetmap.org/node/14101622201
Manufacturer: Flock Safety
Direction: 238
Zone: traffic
Camera type: fixed</description>
      <Point>
        <coordinates>-98.4735274,29.287497,0</coordinates>
      </Point>
    </Placemark>
    <Placemark>
      <name>ALPR</name>
      <description>OSM node: https://www.openstreetmap.org/node/14101657301
Manufacturer: Flock Safety
Direction: 19
Zone: traffic
Camera type: fixed</description>
      <Point>
        <coordinates>-96.5741373,32.7707854,0</coordinates>
      </Point>
    </Placemark>
    <Placemark>
      <name>ALPR</name>
      <description>OSM node: https://www.openstreetmap.org/node/14101680995
Direction: 200</description>
      <Point>
        <coordinates>-94.7234208,31.2857896,0</coordinates>
      </Point>
    </Placemark>
    <Placemark>
      <name>ALPR</name>
      <description>OSM node: https://www.openstreetmap.org/node/14101686801
Manufacturer: Flock Safety
Direction: 63
Zone: traffic
Camera type: fixed</description>
      <Point>
        <coordinates>-95.0194477,29.3925304,0</coordinates>
      </Point>
    </Placemark>
    <Placemark>
      <name>ALPR</name>
      <description>OSM node: https://www.openstreetmap.org/node/14101693301
Manufacturer: Flock Safety
Direction: 59
Zone: traffic
Camera type: fixed</description>
      <Point>
        <coordinates>-95.2802637,33.1867635,0</coordinates>
      </Point>
    </Placemark>
    <Placemark>
      <name>ALPR</name>
      <description>OSM node: https://www.openstreetmap.org/node/14101711101
Manufacturer: Flock Safety
Direction: 238
Zone: traffic
Camera type: fixed</description>
      <Point>
        <coordinates>-95.6136999,29.6811649,0</coordinates>
      </Point>
    </Placemark>
    <Placemark>
      <name>ALPR</name>
      <description>OSM node: https://www.openstreetmap.org/node/14101713002
Manufacturer: Flock Safety
Direction: 222
Zone: traffic
Camera type: fixed</description>
      <Point>
        <coordinates>-96.6074149,33.2592591,0</coordinates>
      </Point>
    </Placemark>
    <Placemark>
      <name>ALPR</name>
      <description>OSM node: https://www.openstreetmap.org/node/14101728501
Manufacturer: Flock Safety
Direction: 175
Zone: traffic
Camera type: fixed</description>
      <Point>
        <coordinates>-95.2118286,29.9393173,0</coordinates>
      </Point>
    </Placemark>
    <Placemark>
      <name>ALPR</name>
      <description>OSM node: https://www.openstreetmap.org/node/14101763301
Manufacturer: Flock Safety
Direction: 196;195
Zone: traffic
Camera type: fixed</description>
      <Point>
        <coordinates>-97.4186873,31.0752549,0</coordinates>
      </Point>
    </Placemark>
    <Placemark>
      <name>ALPR</name>
      <description>OSM node: https://www.openstreetmap.org/node/14101817101
Manufacturer: Flock Safety
Direction: 164
Zone: traffic
Camera type: fixed</description>
      <Point>
        <coordinates>-95.5714365,29.7060625,0</coordinates>
      </Point>
    </Placemark>
    <Placemark>
      <name>ALPR</name>
      <description>OSM node: https://www.openstreetmap.org/node/14101827001
Manufacturer: Flock Safety
Direction: 139
Zone: traffic
Camera type: fixed</description>
      <Point>
        <coordinates>-95.817387,29.8455646,0</coordinates>
      </Point>
    </Placemark>
    <Placemark>
      <name>ALPR</name>
      <description>OSM node: https://www.openstreetmap.org/node/14101833301
Manufacturer: Flock Safety
Direction: 271
Zone: traffic
Camera type: fixed</description>
      <Point>
        <coordinates>-95.494985,29.9178779,0</coordinates>
      </Point>
    </Placemark>
    <Placemark>
      <name>ALPR</name>
      <description>OSM node: https://www.openstreetmap.org/node/14101857401
Manufacturer: Flock Safety
Direction: 40
Zone: traffic
Camera type: fixed</description>
      <Point>
        <coordinates>-95.7906274,29.8470306,0</coordinates>
      </Point>
    </Placemark>
    <Placemark>
      <name>ALPR</name>
      <description>OSM node: https://www.openstreetmap.org/node/14101865902
Manufacturer: Flock Safety
Direction: 80
Zone: traffic
Camera type: fixed</description>
      <Point>
        <coordinates>-96.5829385,32.7881598,0</coordinates>
      </Point>
    </Placemark>
    <Placemark>
      <name>ALPR</name>
      <description>OSM node: https://www.openstreetmap.org/node/14101867902
Manufacturer: Flock Safety
Direction: 68
Zone: traffic
Camera type: fixed</description>
      <Point>
        <coordinates>-96.5765581,32.7862032,0</coordinates>
      </Point>
    </Placemark>
  </Document>
</kml>
