<?xml version="1.0" encoding="UTF-8"?>
<kml xmlns="http://www.opengis.net/kml/2.2">
  <Document>
    <name>DeFlock ALPR Cameras -- Ohio (2026-08-25) -- part 4 of 4</name>
    <description>Source: OpenStreetMap (surveillance:type=ALPR), same data DeFlock.me displays. ODbL licensed -- see https://www.openstreetmap.org/copyright</description>
    <Placemark>
      <name>ALPR</name>
      <description>OSM node: https://www.openstreetmap.org/node/14040320001
Manufacturer: Flock Safety
Direction: 198
Zone: traffic
Camera type: fixed</description>
      <Point>
        <coordinates>-82.530501,38.4102,0</coordinates>
      </Point>
    </Placemark>
    <Placemark>
      <name>ALPR</name>
      <description>OSM node: https://www.openstreetmap.org/node/14040352501
Manufacturer: Flock Safety
Direction: 87;155
Zone: traffic
Camera type: fixed</description>
      <Point>
        <coordinates>-81.2482114,41.7229459,0</coordinates>
      </Point>
    </Placemark>
    <Placemark>
      <name>ALPR</name>
      <description>OSM node: https://www.openstreetmap.org/node/14040451801
Manufacturer: Flock Safety
Direction: 136
Zone: traffic
Camera type: fixed</description>
      <Point>
        <coordinates>-81.5260575,41.5381437,0</coordinates>
      </Point>
    </Placemark>
    <Placemark>
      <name>ALPR</name>
      <description>OSM node: https://www.openstreetmap.org/node/14040453901
Manufacturer: Flock Safety
Direction: 315
Zone: traffic
Camera type: fixed</description>
      <Point>
        <coordinates>-81.5261723,41.5382355,0</coordinates>
      </Point>
    </Placemark>
    <Placemark>
      <name>ALPR</name>
      <description>OSM node: https://www.openstreetmap.org/node/14040454002
Manufacturer: Flock Safety
Direction: 177
Zone: traffic
Camera type: fixed</description>
      <Point>
        <coordinates>-81.5086621,41.1516016,0</coordinates>
      </Point>
    </Placemark>
    <Placemark>
      <name>ALPR</name>
      <description>OSM node: https://www.openstreetmap.org/node/14040482402
Manufacturer: Flock Safety
Direction: 348;92
Zone: traffic
Camera type: fixed</description>
      <Point>
        <coordinates>-81.6193027,41.5107996,0</coordinates>
      </Point>
    </Placemark>
    <Placemark>
      <name>ALPR</name>
      <description>OSM node: https://www.openstreetmap.org/node/14040510801
Manufacturer: Motorola Solutions
Direction: 143
Zone: traffic
Camera type: fixed</description>
      <Point>
        <coordinates>-82.6905122,39.8003414,0</coordinates>
      </Point>
    </Placemark>
    <Placemark>
      <name>ALPR</name>
      <description>OSM node: https://www.openstreetmap.org/node/14040811301
Manufacturer: Flock Safety
Direction: 89;239
Zone: traffic
Camera type: fixed</description>
      <Point>
        <coordinates>-81.7432594,41.480765,0</coordinates>
      </Point>
    </Placemark>
    <Placemark>
      <name>ALPR</name>
      <description>OSM node: https://www.openstreetmap.org/node/14041362202
Manufacturer: Flock Safety
Direction: 210
Zone: traffic
Camera type: fixed</description>
      <Point>
        <coordinates>-82.231286,41.4432855,0</coordinates>
      </Point>
    </Placemark>
    <Placemark>
      <name>ALPR</name>
      <description>OSM node: https://www.openstreetmap.org/node/14041363002
Manufacturer: Flock Safety
Direction: 197
Zone: traffic
Camera type: fixed</description>
      <Point>
        <coordinates>-82.1580945,41.4624228,0</coordinates>
      </Point>
    </Placemark>
    <Placemark>
      <name>ALPR</name>
      <description>OSM node: https://www.openstreetmap.org/node/14041394901
Manufacturer: Flock Safety
Direction: 202
Zone: traffic
Camera type: fixed</description>
      <Point>
        <coordinates>-81.1330619,40.7114278,0</coordinates>
      </Point>
    </Placemark>
    <Placemark>
      <name>ALPR</name>
      <description>OSM node: https://www.openstreetmap.org/node/14042114601
Manufacturer: Flock Safety
Direction: 27
Zone: traffic
Camera type: fixed</description>
      <Point>
        <coordinates>-81.6172066,41.4129149,0</coordinates>
      </Point>
    </Placemark>
    <Placemark>
      <name>ALPR</name>
      <description>OSM node: https://www.openstreetmap.org/node/14042169601
Manufacturer: Flock Safety
Direction: 180
Zone: traffic
Camera type: fixed</description>
      <Point>
        <coordinates>-83.1374063,40.6004344,0</coordinates>
      </Point>
    </Placemark>
    <Placemark>
      <name>ALPR</name>
      <description>OSM node: https://www.openstreetmap.org/node/14042294901
Manufacturer: Flock Safety
Direction: 263
Zone: traffic
Camera type: fixed</description>
      <Point>
        <coordinates>-82.8129768,40.0439495,0</coordinates>
      </Point>
    </Placemark>
    <Placemark>
      <name>ALPR</name>
      <description>OSM node: https://www.openstreetmap.org/node/14042416301
Manufacturer: Flock Safety
Direction: 338
Zone: traffic
Camera type: fixed</description>
      <Point>
        <coordinates>-83.0275402,39.9745518,0</coordinates>
      </Point>
    </Placemark>
    <Placemark>
      <name>ALPR</name>
      <description>OSM node: https://www.openstreetmap.org/node/14042416801
Manufacturer: Flock Safety
Direction: 124
Zone: traffic
Camera type: fixed</description>
      <Point>
        <coordinates>-83.0275928,39.9766938,0</coordinates>
      </Point>
    </Placemark>
    <Placemark>
      <name>ALPR</name>
      <description>OSM node: https://www.openstreetmap.org/node/14042416802
Manufacturer: Flock Safety
Direction: 169
Zone: traffic
Camera type: fixed</description>
      <Point>
        <coordinates>-83.0294836,39.9837754,0</coordinates>
      </Point>
    </Placemark>
    <Placemark>
      <name>ALPR</name>
      <description>OSM node: https://www.openstreetmap.org/node/14044863501
Manufacturer: Flock Safety
Direction: 347
Zone: traffic
Camera type: fixed</description>
      <Point>
        <coordinates>-82.4281778,40.1158277,0</coordinates>
      </Point>
    </Placemark>
    <Placemark>
      <name>ALPR</name>
      <description>OSM node: https://www.openstreetmap.org/node/14044887001
Manufacturer: Flock Safety
Direction: 227
Zone: traffic
Camera type: fixed</description>
      <Point>
        <coordinates>-84.072419,38.9630677,0</coordinates>
      </Point>
    </Placemark>
    <Placemark>
      <name>ALPR</name>
      <description>OSM node: https://www.openstreetmap.org/node/14044890201
Manufacturer: Flock Safety
Direction: 82
Zone: traffic
Camera type: fixed</description>
      <Point>
        <coordinates>-82.8709548,39.8971644,0</coordinates>
      </Point>
    </Placemark>
    <Placemark>
      <name>ALPR</name>
      <description>OSM node: https://www.openstreetmap.org/node/14044946002
Manufacturer: Flock Safety
Direction: 244
Zone: traffic
Camera type: fixed</description>
      <Point>
        <coordinates>-80.7427996,41.2107616,0</coordinates>
      </Point>
    </Placemark>
    <Placemark>
      <name>ALPR</name>
      <description>OSM node: https://www.openstreetmap.org/node/14044949401
Manufacturer: Flock Safety
Direction: 109
Zone: traffic
Camera type: fixed</description>
      <Point>
        <coordinates>-80.6313138,41.1100951,0</coordinates>
      </Point>
    </Placemark>
    <Placemark>
      <name>ALPR</name>
      <description>OSM node: https://www.openstreetmap.org/node/14045005801
Manufacturer: Flock Safety
Direction: 150
Zone: traffic
Camera type: fixed</description>
      <Point>
        <coordinates>-81.9332158,41.0352506,0</coordinates>
      </Point>
    </Placemark>
    <Placemark>
      <name>ALPR</name>
      <description>OSM node: https://www.openstreetmap.org/node/14045074301
Manufacturer: Flock Safety
Direction: 164
Zone: traffic
Camera type: fixed</description>
      <Point>
        <coordinates>-82.9379929,39.8226508,0</coordinates>
      </Point>
    </Placemark>
    <Placemark>
      <name>ALPR</name>
      <description>OSM node: https://www.openstreetmap.org/node/14045090001
Manufacturer: Motorola Solutions
Direction: 0
Zone: traffic
Camera type: fixed</description>
      <Point>
        <coordinates>-83.476124,41.2972184,0</coordinates>
      </Point>
    </Placemark>
    <Placemark>
      <name>ALPR</name>
      <description>OSM node: https://www.openstreetmap.org/node/14045090601
Manufacturer: Motorola Solutions
Direction: 82
Zone: traffic
Camera type: fixed</description>
      <Point>
        <coordinates>-83.474277,41.3008265,0</coordinates>
      </Point>
    </Placemark>
    <Placemark>
      <name>ALPR</name>
      <description>OSM node: https://www.openstreetmap.org/node/14045090901
Manufacturer: Motorola Solutions
Direction: 267
Zone: traffic
Camera type: fixed</description>
      <Point>
        <coordinates>-83.4666378,41.3009558,0</coordinates>
      </Point>
    </Placemark>
    <Placemark>
      <name>ALPR</name>
      <description>OSM node: https://www.openstreetmap.org/node/14045228367
Manufacturer: Flock Safety
Direction: 105
Zone: traffic
Camera type: fixed</description>
      <Point>
        <coordinates>-84.3475314,39.0459719,0</coordinates>
      </Point>
    </Placemark>
    <Placemark>
      <name>ALPR</name>
      <description>OSM node: https://www.openstreetmap.org/node/14045966601
Manufacturer: Flock Safety
Direction: 0;0;0;0
Zone: traffic
Camera type: fixed</description>
      <Point>
        <coordinates>-82.2177832,41.1532124,0</coordinates>
      </Point>
    </Placemark>
    <Placemark>
      <name>ALPR</name>
      <description>OSM node: https://www.openstreetmap.org/node/14046036501
Manufacturer: Flock Safety
Direction: 167
Zone: traffic
Camera type: fixed</description>
      <Point>
        <coordinates>-83.0295354,39.9742758,0</coordinates>
      </Point>
    </Placemark>
    <Placemark>
      <name>ALPR</name>
      <description>OSM node: https://www.openstreetmap.org/node/14046039301
Manufacturer: Flock Safety
Direction: 278
Zone: traffic
Camera type: fixed</description>
      <Point>
        <coordinates>-83.0295327,39.9742751,0</coordinates>
      </Point>
    </Placemark>
    <Placemark>
      <name>ALPR</name>
      <description>OSM node: https://www.openstreetmap.org/node/14046045502
Manufacturer: Flock Safety
Direction: 322
Zone: traffic
Camera type: fixed</description>
      <Point>
        <coordinates>-82.9527749,39.6108936,0</coordinates>
      </Point>
    </Placemark>
    <Placemark>
      <name>ALPR</name>
      <description>OSM node: https://www.openstreetmap.org/node/14046172497
Manufacturer: Flock Safety
Zone: traffic
Camera type: fixed</description>
      <Point>
        <coordinates>-81.5139782,41.3714639,0</coordinates>
      </Point>
    </Placemark>
    <Placemark>
      <name>ALPR</name>
      <description>OSM node: https://www.openstreetmap.org/node/14046180320</description>
      <Point>
        <coordinates>-81.5538937,41.1352152,0</coordinates>
      </Point>
    </Placemark>
    <Placemark>
      <name>City of Strongsville Police ALPR</name>
      <description>OSM node: https://www.openstreetmap.org/node/14046308701
Operator: City of Strongsville Police
Manufacturer: Flock Safety
Direction: N
Zone: public
Camera type: fixed</description>
      <Point>
        <coordinates>-81.8295182,41.3393607,0</coordinates>
      </Point>
    </Placemark>
    <Placemark>
      <name>ALPR</name>
      <description>OSM node: https://www.openstreetmap.org/node/14046824701
Manufacturer: Flock Safety
Direction: 237
Zone: traffic
Camera type: fixed</description>
      <Point>
        <coordinates>-81.8964887,41.3727749,0</coordinates>
      </Point>
    </Placemark>
    <Placemark>
      <name>ALPR</name>
      <description>OSM node: https://www.openstreetmap.org/node/14046878801
Manufacturer: Flock Safety
Direction: 59
Zone: traffic
Camera type: fixed</description>
      <Point>
        <coordinates>-82.7515212,39.9688567,0</coordinates>
      </Point>
    </Placemark>
    <Placemark>
      <name>ALPR</name>
      <description>OSM node: https://www.openstreetmap.org/node/14046920501
Manufacturer: Flock Safety
Direction: 297
Zone: traffic
Camera type: fixed</description>
      <Point>
        <coordinates>-83.0513639,39.9174033,0</coordinates>
      </Point>
    </Placemark>
    <Placemark>
      <name>ALPR</name>
      <description>OSM node: https://www.openstreetmap.org/node/14047316901
Manufacturer: Flock Safety
Direction: 314
Zone: traffic
Camera type: fixed</description>
      <Point>
        <coordinates>-81.4594051,41.6236088,0</coordinates>
      </Point>
    </Placemark>
    <Placemark>
      <name>ALPR</name>
      <description>OSM node: https://www.openstreetmap.org/node/14047320601
Manufacturer: Flock Safety
Direction: 283
Zone: traffic
Camera type: fixed</description>
      <Point>
        <coordinates>-81.9130025,41.4175806,0</coordinates>
      </Point>
    </Placemark>
    <Placemark>
      <name>ALPR</name>
      <description>OSM node: https://www.openstreetmap.org/node/14047322601
Manufacturer: Flock Safety
Direction: 215
Zone: traffic
Camera type: fixed</description>
      <Point>
        <coordinates>-81.4536237,41.628225,0</coordinates>
      </Point>
    </Placemark>
    <Placemark>
      <name>ALPR</name>
      <description>OSM node: https://www.openstreetmap.org/node/14047323401
Manufacturer: Flock Safety
Direction: 257
Zone: traffic
Camera type: fixed</description>
      <Point>
        <coordinates>-84.0273111,40.1402895,0</coordinates>
      </Point>
    </Placemark>
    <Placemark>
      <name>ALPR</name>
      <description>OSM node: https://www.openstreetmap.org/node/14047343001
Manufacturer: Flock Safety
Direction: 219
Zone: traffic
Camera type: fixed</description>
      <Point>
        <coordinates>-81.4920706,41.6256759,0</coordinates>
      </Point>
    </Placemark>
    <Placemark>
      <name>ALPR</name>
      <description>OSM node: https://www.openstreetmap.org/node/14047390401
Manufacturer: Flock Safety
Direction: 162
Zone: traffic
Camera type: fixed</description>
      <Point>
        <coordinates>-82.217242,41.1852475,0</coordinates>
      </Point>
    </Placemark>
    <Placemark>
      <name>ALPR</name>
      <description>OSM node: https://www.openstreetmap.org/node/14047396350
Direction: 180
Zone: traffic</description>
      <Point>
        <coordinates>-81.5085946,41.1363283,0</coordinates>
      </Point>
    </Placemark>
    <Placemark>
      <name>ALPR</name>
      <description>OSM node: https://www.openstreetmap.org/node/14047448601
Manufacturer: Flock Safety
Direction: 245
Zone: traffic
Camera type: fixed</description>
      <Point>
        <coordinates>-83.6356406,41.5368458,0</coordinates>
      </Point>
    </Placemark>
    <Placemark>
      <name>ALPR</name>
      <description>OSM node: https://www.openstreetmap.org/node/14047458001
Manufacturer: Flock Safety
Direction: 239
Zone: traffic
Camera type: fixed</description>
      <Point>
        <coordinates>-81.9015757,41.4157651,0</coordinates>
      </Point>
    </Placemark>
    <Placemark>
      <name>ALPR</name>
      <description>OSM node: https://www.openstreetmap.org/node/14047485401
Manufacturer: Flock Safety
Direction: 176
Zone: traffic
Camera type: fixed</description>
      <Point>
        <coordinates>-82.9066874,39.9733975,0</coordinates>
      </Point>
    </Placemark>
    <Placemark>
      <name>ALPR</name>
      <description>OSM node: https://www.openstreetmap.org/node/14047589201
Manufacturer: Flock Safety
Direction: 295
Zone: traffic
Camera type: fixed</description>
      <Point>
        <coordinates>-81.4829125,41.6113446,0</coordinates>
      </Point>
    </Placemark>
    <Placemark>
      <name>ALPR</name>
      <description>OSM node: https://www.openstreetmap.org/node/14047602202
Manufacturer: Flock Safety
Direction: 285
Zone: traffic
Camera type: fixed</description>
      <Point>
        <coordinates>-84.2210859,39.203165,0</coordinates>
      </Point>
    </Placemark>
    <Placemark>
      <name>ALPR</name>
      <description>OSM node: https://www.openstreetmap.org/node/14047907502
Manufacturer: Flock Safety
Direction: 68
Zone: traffic
Camera type: fixed</description>
      <Point>
        <coordinates>-81.902179,41.4154778,0</coordinates>
      </Point>
    </Placemark>
    <Placemark>
      <name>ALPR</name>
      <description>OSM node: https://www.openstreetmap.org/node/14047907801
Manufacturer: Flock Safety
Direction: 336
Zone: traffic
Camera type: fixed</description>
      <Point>
        <coordinates>-81.9015741,41.4154407,0</coordinates>
      </Point>
    </Placemark>
    <Placemark>
      <name>ALPR</name>
      <description>OSM node: https://www.openstreetmap.org/node/14047909201
Manufacturer: Flock Safety
Direction: 148
Zone: traffic
Camera type: fixed</description>
      <Point>
        <coordinates>-81.9020899,41.4157343,0</coordinates>
      </Point>
    </Placemark>
    <Placemark>
      <name>ALPR</name>
      <description>OSM node: https://www.openstreetmap.org/node/14047915301
Manufacturer: Flock Safety
Direction: 108
Zone: traffic
Camera type: fixed</description>
      <Point>
        <coordinates>-82.8004063,40.7410059,0</coordinates>
      </Point>
    </Placemark>
    <Placemark>
      <name>ALPR</name>
      <description>OSM node: https://www.openstreetmap.org/node/14049111303
Manufacturer: Flock Safety
Direction: 145
Zone: traffic
Camera type: fixed</description>
      <Point>
        <coordinates>-82.4514186,40.2282153,0</coordinates>
      </Point>
    </Placemark>
    <Placemark>
      <name>ALPR</name>
      <description>OSM node: https://www.openstreetmap.org/node/14049357601
Manufacturer: Flock Safety
Direction: 328
Zone: traffic
Camera type: fixed</description>
      <Point>
        <coordinates>-82.9494502,39.8116765,0</coordinates>
      </Point>
    </Placemark>
    <Placemark>
      <name>ALPR</name>
      <description>OSM node: https://www.openstreetmap.org/node/14049358205
Manufacturer: Flock Safety
Direction: 52
Zone: traffic
Camera type: fixed</description>
      <Point>
        <coordinates>-83.2481719,39.7389171,0</coordinates>
      </Point>
    </Placemark>
    <Placemark>
      <name>ALPR</name>
      <description>OSM node: https://www.openstreetmap.org/node/14049560202
Manufacturer: Flock Safety
Direction: 230
Zone: traffic
Camera type: fixed</description>
      <Point>
        <coordinates>-83.1510906,40.0925462,0</coordinates>
      </Point>
    </Placemark>
    <Placemark>
      <name>ALPR</name>
      <description>OSM node: https://www.openstreetmap.org/node/14049567001
Manufacturer: Flock Safety
Direction: 111
Zone: traffic
Camera type: fixed</description>
      <Point>
        <coordinates>-83.1513172,40.0925164,0</coordinates>
      </Point>
    </Placemark>
    <Placemark>
      <name>ALPR</name>
      <description>OSM node: https://www.openstreetmap.org/node/14049921202
Manufacturer: Flock Safety
Direction: 152
Zone: traffic
Camera type: fixed</description>
      <Point>
        <coordinates>-81.8352896,41.3139683,0</coordinates>
      </Point>
    </Placemark>
    <Placemark>
      <name>ALPR</name>
      <description>OSM node: https://www.openstreetmap.org/node/14049933902
Manufacturer: Flock Safety
Direction: 0;235
Zone: traffic
Camera type: fixed</description>
      <Point>
        <coordinates>-82.8011198,40.738049,0</coordinates>
      </Point>
    </Placemark>
    <Placemark>
      <name>ALPR</name>
      <description>OSM node: https://www.openstreetmap.org/node/14049939601
Manufacturer: Flock Safety
Direction: 269
Zone: traffic
Camera type: fixed</description>
      <Point>
        <coordinates>-83.9455222,39.4865869,0</coordinates>
      </Point>
    </Placemark>
    <Placemark>
      <name>ALPR</name>
      <description>OSM node: https://www.openstreetmap.org/node/14050038401
Manufacturer: Flock Safety
Direction: 239
Zone: traffic
Camera type: fixed</description>
      <Point>
        <coordinates>-84.4475082,39.4729971,0</coordinates>
      </Point>
    </Placemark>
    <Placemark>
      <name>ALPR</name>
      <description>OSM node: https://www.openstreetmap.org/node/14050150301
Manufacturer: Flock Safety
Direction: 139
Zone: traffic
Camera type: fixed</description>
      <Point>
        <coordinates>-83.0077789,39.997917,0</coordinates>
      </Point>
    </Placemark>
    <Placemark>
      <name>ALPR</name>
      <description>OSM node: https://www.openstreetmap.org/node/14050151701
Manufacturer: Flock Safety
Direction: 329
Zone: traffic
Camera type: fixed</description>
      <Point>
        <coordinates>-83.0073285,39.9968977,0</coordinates>
      </Point>
    </Placemark>
    <Placemark>
      <name>ALPR</name>
      <description>OSM node: https://www.openstreetmap.org/node/14050151901
Manufacturer: Flock Safety
Direction: 64
Zone: traffic
Camera type: fixed</description>
      <Point>
        <coordinates>-83.0073118,39.99676,0</coordinates>
      </Point>
    </Placemark>
    <Placemark>
      <name>ALPR</name>
      <description>OSM node: https://www.openstreetmap.org/node/14050164501
Manufacturer: Flock Safety
Direction: 339
Zone: traffic
Camera type: fixed</description>
      <Point>
        <coordinates>-83.0054602,39.987197,0</coordinates>
      </Point>
    </Placemark>
    <Placemark>
      <name>ALPR</name>
      <description>OSM node: https://www.openstreetmap.org/node/14050165401
Manufacturer: Flock Safety
Direction: 139
Zone: traffic
Camera type: fixed</description>
      <Point>
        <coordinates>-83.0056263,39.9870348,0</coordinates>
      </Point>
    </Placemark>
    <Placemark>
      <name>ALPR</name>
      <description>OSM node: https://www.openstreetmap.org/node/14050179601
Manufacturer: Flock Safety
Direction: 134
Zone: traffic
Camera type: fixed</description>
      <Point>
        <coordinates>-83.0040088,39.9790566,0</coordinates>
      </Point>
    </Placemark>
    <Placemark>
      <name>ALPR</name>
      <description>OSM node: https://www.openstreetmap.org/node/14050182701
Manufacturer: Flock Safety
Direction: 0
Zone: traffic
Camera type: fixed</description>
      <Point>
        <coordinates>-84.2272647,40.0459388,0</coordinates>
      </Point>
    </Placemark>
    <Placemark>
      <name>ALPR</name>
      <description>OSM node: https://www.openstreetmap.org/node/14050337001
Manufacturer: Flock Safety
Direction: 39
Zone: traffic
Camera type: fixed</description>
      <Point>
        <coordinates>-82.0665511,41.4933323,0</coordinates>
      </Point>
    </Placemark>
    <Placemark>
      <name>ALPR</name>
      <description>OSM node: https://www.openstreetmap.org/node/14051305201
Manufacturer: Flock Safety
Direction: 339
Zone: traffic
Camera type: fixed</description>
      <Point>
        <coordinates>-82.83111,39.8246726,0</coordinates>
      </Point>
    </Placemark>
    <Placemark>
      <name>ALPR</name>
      <description>OSM node: https://www.openstreetmap.org/node/14051719001
Manufacturer: Flock Safety
Direction: 224;131
Zone: traffic
Camera type: fixed</description>
      <Point>
        <coordinates>-84.3804909,41.0924582,0</coordinates>
      </Point>
    </Placemark>
    <Placemark>
      <name>ALPR</name>
      <description>OSM node: https://www.openstreetmap.org/node/14051873201
Manufacturer: Flock Safety
Direction: 66
Zone: traffic
Camera type: fixed</description>
      <Point>
        <coordinates>-83.9278966,41.2109703,0</coordinates>
      </Point>
    </Placemark>
    <Placemark>
      <name>ALPR</name>
      <description>OSM node: https://www.openstreetmap.org/node/14051919901
Manufacturer: Flock Safety
Direction: 77
Zone: traffic
Camera type: fixed</description>
      <Point>
        <coordinates>-84.2921479,39.1040101,0</coordinates>
      </Point>
    </Placemark>
    <Placemark>
      <name>ALPR</name>
      <description>OSM node: https://www.openstreetmap.org/node/14052384890
Manufacturer: Flock Safety
Direction: 175
Zone: traffic
Camera type: fixed</description>
      <Point>
        <coordinates>-84.5173198,39.2592295,0</coordinates>
      </Point>
    </Placemark>
    <Placemark>
      <name>ALPR</name>
      <description>OSM node: https://www.openstreetmap.org/node/14052414701
Direction: 75
Zone: traffic
Camera type: fixed</description>
      <Point>
        <coordinates>-81.6003606,40.7065434,0</coordinates>
      </Point>
    </Placemark>
    <Placemark>
      <name>ALPR</name>
      <description>OSM node: https://www.openstreetmap.org/node/14052418101
Manufacturer: Flock Safety
Direction: 175
Zone: traffic
Camera type: fixed</description>
      <Point>
        <coordinates>-81.6003442,40.7065356,0</coordinates>
      </Point>
    </Placemark>
    <Placemark>
      <name>ALPR</name>
      <description>OSM node: https://www.openstreetmap.org/node/14052426703
Manufacturer: Flock Safety
Direction: 71
Zone: traffic
Camera type: fixed</description>
      <Point>
        <coordinates>-80.6889256,41.1592327,0</coordinates>
      </Point>
    </Placemark>
    <Placemark>
      <name>ALPR</name>
      <description>OSM node: https://www.openstreetmap.org/node/14052440201
Manufacturer: Flock Safety
Direction: 122
Zone: traffic
Camera type: fixed</description>
      <Point>
        <coordinates>-81.6003477,40.7065446,0</coordinates>
      </Point>
    </Placemark>
    <Placemark>
      <name>ALPR</name>
      <description>OSM node: https://www.openstreetmap.org/node/14052698201
Manufacturer: Flock Safety
Direction: 337
Zone: traffic
Camera type: fixed</description>
      <Point>
        <coordinates>-84.2921157,39.7469805,0</coordinates>
      </Point>
    </Placemark>
    <Placemark>
      <name>ALPR</name>
      <description>OSM node: https://www.openstreetmap.org/node/14052706201
Manufacturer: Flock Safety
Direction: 304
Zone: traffic
Camera type: fixed</description>
      <Point>
        <coordinates>-81.5692349,41.0098692,0</coordinates>
      </Point>
    </Placemark>
    <Placemark>
      <name>ALPR</name>
      <description>OSM node: https://www.openstreetmap.org/node/14053561801
Manufacturer: Flock Safety
Direction: 251
Zone: traffic
Camera type: fixed</description>
      <Point>
        <coordinates>-81.785016,41.3638013,0</coordinates>
      </Point>
    </Placemark>
    <Placemark>
      <name>ALPR</name>
      <description>OSM node: https://www.openstreetmap.org/node/14053919601
Manufacturer: Flock Safety
Direction: 233
Zone: traffic
Camera type: fixed</description>
      <Point>
        <coordinates>-81.5204715,41.6137072,0</coordinates>
      </Point>
    </Placemark>
    <Placemark>
      <name>ALPR</name>
      <description>OSM node: https://www.openstreetmap.org/node/14054154001
Manufacturer: Flock Safety
Direction: 241;273
Zone: traffic
Camera type: fixed</description>
      <Point>
        <coordinates>-83.7573524,38.6537835,0</coordinates>
      </Point>
    </Placemark>
    <Placemark>
      <name>ALPR</name>
      <description>OSM node: https://www.openstreetmap.org/node/14054376201
Manufacturer: Flock Safety
Direction: 309;216
Zone: traffic
Camera type: fixed</description>
      <Point>
        <coordinates>-84.7361518,41.1702937,0</coordinates>
      </Point>
    </Placemark>
    <Placemark>
      <name>ALPR</name>
      <description>OSM node: https://www.openstreetmap.org/node/14054500501
Manufacturer: Genetec
Direction: 332
Zone: traffic
Camera type: fixed</description>
      <Point>
        <coordinates>-82.1165505,41.3834955,0</coordinates>
      </Point>
    </Placemark>
    <Placemark>
      <name>ALPR</name>
      <description>OSM node: https://www.openstreetmap.org/node/14054524801
Manufacturer: Motorola Solutions
Direction: 192
Zone: traffic
Camera type: fixed</description>
      <Point>
        <coordinates>-81.901486,41.4239209,0</coordinates>
      </Point>
    </Placemark>
    <Placemark>
      <name>ALPR</name>
      <description>OSM node: https://www.openstreetmap.org/node/14054894001
Manufacturer: Flock Safety
Direction: 179
Zone: traffic
Camera type: fixed</description>
      <Point>
        <coordinates>-81.8531348,41.3862852,0</coordinates>
      </Point>
    </Placemark>
    <Placemark>
      <name>ALPR</name>
      <description>OSM node: https://www.openstreetmap.org/node/14055013001
Manufacturer: Flock Safety
Direction: 177
Zone: traffic
Camera type: fixed</description>
      <Point>
        <coordinates>-84.3480037,39.5563324,0</coordinates>
      </Point>
    </Placemark>
    <Placemark>
      <name>ALPR</name>
      <description>OSM node: https://www.openstreetmap.org/node/14055016602
Manufacturer: Axis Communications
Direction: 300
Zone: traffic
Camera type: fixed</description>
      <Point>
        <coordinates>-81.4167751,40.79738,0</coordinates>
      </Point>
    </Placemark>
    <Placemark>
      <name>ALPR</name>
      <description>OSM node: https://www.openstreetmap.org/node/14055016603
Manufacturer: Axis Communications
Direction: 0
Zone: traffic
Camera type: fixed</description>
      <Point>
        <coordinates>-81.405476,40.7987536,0</coordinates>
      </Point>
    </Placemark>
    <Placemark>
      <name>ALPR</name>
      <description>OSM node: https://www.openstreetmap.org/node/14055024001
Manufacturer: Axis Communications
Direction: 184
Zone: traffic
Camera type: fixed</description>
      <Point>
        <coordinates>-81.4100072,40.798346,0</coordinates>
      </Point>
    </Placemark>
    <Placemark>
      <name>ALPR</name>
      <description>OSM node: https://www.openstreetmap.org/node/14055025901
Manufacturer: Axis Communications
Direction: 48
Zone: traffic
Camera type: fixed</description>
      <Point>
        <coordinates>-81.3887917,40.8007079,0</coordinates>
      </Point>
    </Placemark>
    <Placemark>
      <name>ALPR</name>
      <description>OSM node: https://www.openstreetmap.org/node/14055026801
Manufacturer: Axis Communications
Direction: 0
Zone: traffic
Camera type: fixed</description>
      <Point>
        <coordinates>-81.3816697,40.7998308,0</coordinates>
      </Point>
    </Placemark>
    <Placemark>
      <name>ALPR</name>
      <description>OSM node: https://www.openstreetmap.org/node/14055186201
Manufacturer: Flock Safety
Direction: 206;138
Zone: traffic
Camera type: fixed</description>
      <Point>
        <coordinates>-82.9601032,40.1466263,0</coordinates>
      </Point>
    </Placemark>
    <Placemark>
      <name>ALPR</name>
      <description>OSM node: https://www.openstreetmap.org/node/14055292902
Manufacturer: Flock Safety
Direction: 209
Zone: traffic
Camera type: fixed</description>
      <Point>
        <coordinates>-81.4615523,41.6523585,0</coordinates>
      </Point>
    </Placemark>
    <Placemark>
      <name>ALPR</name>
      <description>OSM node: https://www.openstreetmap.org/node/14056037305
Manufacturer: Flock Safety
Direction: 247
Zone: traffic
Camera type: fixed</description>
      <Point>
        <coordinates>-81.5703553,41.4251614,0</coordinates>
      </Point>
    </Placemark>
    <Placemark>
      <name>ALPR</name>
      <description>OSM node: https://www.openstreetmap.org/node/14056037406
Manufacturer: Flock Safety
Direction: 247
Zone: traffic
Camera type: fixed</description>
      <Point>
        <coordinates>-81.5703553,41.4251614,0</coordinates>
      </Point>
    </Placemark>
    <Placemark>
      <name>ALPR</name>
      <description>OSM node: https://www.openstreetmap.org/node/14056040801
Manufacturer: Flock Safety
Direction: 163
Zone: traffic
Camera type: fixed</description>
      <Point>
        <coordinates>-81.5649391,41.4390288,0</coordinates>
      </Point>
    </Placemark>
    <Placemark>
      <name>ALPR</name>
      <description>OSM node: https://www.openstreetmap.org/node/14056058701
Manufacturer: Flock Safety
Direction: 114
Zone: traffic
Camera type: fixed</description>
      <Point>
        <coordinates>-81.5824498,41.4241451,0</coordinates>
      </Point>
    </Placemark>
    <Placemark>
      <name>ALPR</name>
      <description>OSM node: https://www.openstreetmap.org/node/14056058702
Manufacturer: Flock Safety
Direction: 351
Zone: traffic
Camera type: fixed</description>
      <Point>
        <coordinates>-81.6193971,41.4168524,0</coordinates>
      </Point>
    </Placemark>
    <Placemark>
      <name>ALPR</name>
      <description>OSM node: https://www.openstreetmap.org/node/14056059201
Manufacturer: Flock Safety
Direction: 252
Zone: traffic
Camera type: fixed</description>
      <Point>
        <coordinates>-81.5983052,41.4221146,0</coordinates>
      </Point>
    </Placemark>
    <Placemark>
      <name>ALPR</name>
      <description>OSM node: https://www.openstreetmap.org/node/14056071001
Manufacturer: Flock Safety
Direction: 165
Zone: traffic
Camera type: fixed</description>
      <Point>
        <coordinates>-81.6197473,41.4169079,0</coordinates>
      </Point>
    </Placemark>
    <Placemark>
      <name>ALPR</name>
      <description>OSM node: https://www.openstreetmap.org/node/14056242402
Manufacturer: Motorola Solutions
Direction: 163
Zone: traffic
Camera type: fixed</description>
      <Point>
        <coordinates>-80.7067956,41.1670504,0</coordinates>
      </Point>
    </Placemark>
    <Placemark>
      <name>ALPR</name>
      <description>OSM node: https://www.openstreetmap.org/node/14056283302
Manufacturer: Flock Safety
Direction: 116
Zone: traffic
Camera type: fixed</description>
      <Point>
        <coordinates>-82.9636743,40.1438225,0</coordinates>
      </Point>
    </Placemark>
    <Placemark>
      <name>ALPR</name>
      <description>OSM node: https://www.openstreetmap.org/node/14056283401
Manufacturer: Flock Safety
Direction: 70
Zone: traffic
Camera type: fixed</description>
      <Point>
        <coordinates>-82.9636939,40.1438559,0</coordinates>
      </Point>
    </Placemark>
    <Placemark>
      <name>ALPR</name>
      <description>OSM node: https://www.openstreetmap.org/node/14056335701
Manufacturer: Flock Safety
Direction: 230
Zone: traffic
Camera type: fixed</description>
      <Point>
        <coordinates>-82.9626009,40.1444784,0</coordinates>
      </Point>
    </Placemark>
    <Placemark>
      <name>ALPR</name>
      <description>OSM node: https://www.openstreetmap.org/node/14056337301
Manufacturer: Flock Safety
Direction: 36
Zone: traffic
Camera type: fixed</description>
      <Point>
        <coordinates>-82.9646192,40.1442436,0</coordinates>
      </Point>
    </Placemark>
    <Placemark>
      <name>ALPR</name>
      <description>OSM node: https://www.openstreetmap.org/node/14056471701
Manufacturer: Flock Safety
Direction: 74
Zone: traffic
Camera type: fixed</description>
      <Point>
        <coordinates>-82.1193186,41.3632168,0</coordinates>
      </Point>
    </Placemark>
    <Placemark>
      <name>ALPR</name>
      <description>OSM node: https://www.openstreetmap.org/node/14056701002
Manufacturer: Flock Safety
Direction: 47
Zone: traffic
Camera type: fixed</description>
      <Point>
        <coordinates>-84.6117665,40.8756996,0</coordinates>
      </Point>
    </Placemark>
    <Placemark>
      <name>ALPR</name>
      <description>OSM node: https://www.openstreetmap.org/node/14056710903
Manufacturer: Flock Safety
Direction: 194
Zone: traffic
Camera type: fixed</description>
      <Point>
        <coordinates>-82.1102695,41.3629708,0</coordinates>
      </Point>
    </Placemark>
    <Placemark>
      <name>ALPR</name>
      <description>OSM node: https://www.openstreetmap.org/node/14056717001
Manufacturer: Flock Safety
Direction: 337
Zone: traffic
Camera type: fixed</description>
      <Point>
        <coordinates>-82.1168495,41.3785291,0</coordinates>
      </Point>
    </Placemark>
    <Placemark>
      <name>ALPR</name>
      <description>OSM node: https://www.openstreetmap.org/node/14056717401
Manufacturer: Flock Safety
Direction: 154
Zone: traffic
Camera type: fixed</description>
      <Point>
        <coordinates>-82.1172178,41.3783398,0</coordinates>
      </Point>
    </Placemark>
    <Placemark>
      <name>ALPR</name>
      <description>OSM node: https://www.openstreetmap.org/node/14056762320
Manufacturer: Flock Safety
Direction: 220
Zone: traffic
Camera type: fixed</description>
      <Point>
        <coordinates>-82.3489692,40.8472843,0</coordinates>
      </Point>
    </Placemark>
    <Placemark>
      <name>ALPR</name>
      <description>OSM node: https://www.openstreetmap.org/node/14056768701
Manufacturer: Flock Safety
Direction: 355
Zone: traffic
Camera type: fixed</description>
      <Point>
        <coordinates>-81.9884906,41.4781714,0</coordinates>
      </Point>
    </Placemark>
    <Placemark>
      <name>ALPR</name>
      <description>OSM node: https://www.openstreetmap.org/node/14056859401
Manufacturer: Flock Safety
Direction: 349
Zone: traffic
Camera type: fixed</description>
      <Point>
        <coordinates>-82.9281721,39.947794,0</coordinates>
      </Point>
    </Placemark>
    <Placemark>
      <name>ALPR</name>
      <description>OSM node: https://www.openstreetmap.org/node/14056866202
Manufacturer: Flock Safety
Direction: 121
Zone: traffic
Camera type: fixed</description>
      <Point>
        <coordinates>-83.9342168,39.7075685,0</coordinates>
      </Point>
    </Placemark>
    <Placemark>
      <name>ALPR</name>
      <description>OSM node: https://www.openstreetmap.org/node/14056961801
Manufacturer: Flock Safety
Direction: 78
Zone: traffic
Camera type: fixed</description>
      <Point>
        <coordinates>-83.7021085,40.2123427,0</coordinates>
      </Point>
    </Placemark>
    <Placemark>
      <name>ALPR</name>
      <description>OSM node: https://www.openstreetmap.org/node/14057090401
Manufacturer: Flock Safety
Direction: 222;43
Zone: traffic
Camera type: fixed</description>
      <Point>
        <coordinates>-83.3382693,41.4606306,0</coordinates>
      </Point>
    </Placemark>
    <Placemark>
      <name>ALPR</name>
      <description>OSM node: https://www.openstreetmap.org/node/14057091501
Manufacturer: Flock Safety
Direction: 171
Zone: traffic
Camera type: fixed</description>
      <Point>
        <coordinates>-83.2862179,41.4724501,0</coordinates>
      </Point>
    </Placemark>
    <Placemark>
      <name>ALPR</name>
      <description>OSM node: https://www.openstreetmap.org/node/14057124501
Manufacturer: Flock Safety
Direction: 277
Zone: traffic
Camera type: fixed</description>
      <Point>
        <coordinates>-84.0548467,39.3159927,0</coordinates>
      </Point>
    </Placemark>
    <Placemark>
      <name>ALPR</name>
      <description>OSM node: https://www.openstreetmap.org/node/14057186701
Manufacturer: Flock Safety
Direction: 152
Zone: traffic
Camera type: fixed</description>
      <Point>
        <coordinates>-83.2953955,41.4767722,0</coordinates>
      </Point>
    </Placemark>
    <Placemark>
      <name>ALPR</name>
      <description>OSM node: https://www.openstreetmap.org/node/14057188701
Manufacturer: Flock Safety
Direction: 306
Zone: traffic
Camera type: fixed</description>
      <Point>
        <coordinates>-83.2953227,41.4767991,0</coordinates>
      </Point>
    </Placemark>
    <Placemark>
      <name>ALPR</name>
      <description>OSM node: https://www.openstreetmap.org/node/14057210002
Manufacturer: Flock Safety
Direction: 44
Zone: traffic
Camera type: fixed</description>
      <Point>
        <coordinates>-82.9574994,39.6006295,0</coordinates>
      </Point>
    </Placemark>
    <Placemark>
      <name>Meijer ALPR</name>
      <description>OSM node: https://www.openstreetmap.org/node/14057427402
Operator: Meijer
Manufacturer: Flock Safety
Direction: 109
Zone: traffic
Camera type: fixed</description>
      <Point>
        <coordinates>-80.7717052,41.1023372,0</coordinates>
      </Point>
    </Placemark>
    <Placemark>
      <name>ALPR</name>
      <description>OSM node: https://www.openstreetmap.org/node/14057499101
Manufacturer: Flock Safety
Direction: 231
Zone: traffic
Camera type: fixed</description>
      <Point>
        <coordinates>-83.2890762,41.4733076,0</coordinates>
      </Point>
    </Placemark>
    <Placemark>
      <name>ALPR</name>
      <description>OSM node: https://www.openstreetmap.org/node/14057573202
Manufacturer: Flock Safety
Direction: 243
Zone: traffic
Camera type: fixed</description>
      <Point>
        <coordinates>-82.2797865,38.9173442,0</coordinates>
      </Point>
    </Placemark>
    <Placemark>
      <name>ALPR</name>
      <description>OSM node: https://www.openstreetmap.org/node/14057574202
Manufacturer: Flock Safety
Direction: 0
Zone: traffic
Camera type: fixed</description>
      <Point>
        <coordinates>-82.0807605,40.9921437,0</coordinates>
      </Point>
    </Placemark>
    <Placemark>
      <name>ALPR</name>
      <description>OSM node: https://www.openstreetmap.org/node/14057662901
Manufacturer: Flock Safety
Direction: 47
Zone: traffic
Camera type: fixed</description>
      <Point>
        <coordinates>-82.0659011,41.5004188,0</coordinates>
      </Point>
    </Placemark>
    <Placemark>
      <name>ALPR</name>
      <description>OSM node: https://www.openstreetmap.org/node/14058661901
Manufacturer: Flock Safety
Direction: 0
Zone: traffic
Camera type: fixed</description>
      <Point>
        <coordinates>-81.9388082,40.7938773,0</coordinates>
      </Point>
    </Placemark>
    <Placemark>
      <name>ALPR</name>
      <description>OSM node: https://www.openstreetmap.org/node/14058780402
Manufacturer: Flock Safety
Direction: 268
Zone: traffic
Camera type: fixed</description>
      <Point>
        <coordinates>-81.7844566,41.3949461,0</coordinates>
      </Point>
    </Placemark>
    <Placemark>
      <name>ALPR</name>
      <description>OSM node: https://www.openstreetmap.org/node/14058786001
Manufacturer: Flock Safety
Direction: 94
Zone: traffic
Camera type: fixed</description>
      <Point>
        <coordinates>-81.784386,41.3949467,0</coordinates>
      </Point>
    </Placemark>
    <Placemark>
      <name>ALPR</name>
      <description>OSM node: https://www.openstreetmap.org/node/14058841701
Manufacturer: Flock Safety
Direction: 147
Zone: traffic
Camera type: fixed</description>
      <Point>
        <coordinates>-83.1298852,40.5800691,0</coordinates>
      </Point>
    </Placemark>
    <Placemark>
      <name>ALPR</name>
      <description>OSM node: https://www.openstreetmap.org/node/14059811802
Manufacturer: Flock Safety
Direction: 195
Zone: traffic
Camera type: fixed</description>
      <Point>
        <coordinates>-83.0685379,39.8958187,0</coordinates>
      </Point>
    </Placemark>
    <Placemark>
      <name>ALPR</name>
      <description>OSM node: https://www.openstreetmap.org/node/14059823501
Manufacturer: Flock Safety
Direction: 142
Zone: traffic
Camera type: fixed</description>
      <Point>
        <coordinates>-84.5167406,39.1167286,0</coordinates>
      </Point>
    </Placemark>
    <Placemark>
      <name>ALPR</name>
      <description>OSM node: https://www.openstreetmap.org/node/14059868702
Manufacturer: Flock Safety
Direction: 323
Zone: traffic
Camera type: fixed</description>
      <Point>
        <coordinates>-83.0521108,39.8432074,0</coordinates>
      </Point>
    </Placemark>
    <Placemark>
      <name>ALPR</name>
      <description>OSM node: https://www.openstreetmap.org/node/14060021301
Manufacturer: Flock Safety
Direction: 255
Zone: traffic
Camera type: fixed</description>
      <Point>
        <coordinates>-81.7292666,41.4303825,0</coordinates>
      </Point>
    </Placemark>
    <Placemark>
      <name>ALPR</name>
      <description>OSM node: https://www.openstreetmap.org/node/14060233601
Manufacturer: Flock Safety
Direction: 58
Zone: traffic
Camera type: fixed</description>
      <Point>
        <coordinates>-83.0793114,40.290656,0</coordinates>
      </Point>
    </Placemark>
    <Placemark>
      <name>ALPR</name>
      <description>OSM node: https://www.openstreetmap.org/node/14060235801
Manufacturer: Flock Safety
Direction: 94
Zone: traffic
Camera type: fixed</description>
      <Point>
        <coordinates>-83.1857411,40.0779371,0</coordinates>
      </Point>
    </Placemark>
    <Placemark>
      <name>ALPR</name>
      <description>OSM node: https://www.openstreetmap.org/node/14060236401
Manufacturer: Flock Safety
Direction: 336
Zone: traffic
Camera type: fixed</description>
      <Point>
        <coordinates>-83.9931048,39.8720377,0</coordinates>
      </Point>
    </Placemark>
    <Placemark>
      <name>ALPR</name>
      <description>OSM node: https://www.openstreetmap.org/node/14060273401
Manufacturer: Flock Safety
Direction: 189
Zone: traffic
Camera type: fixed</description>
      <Point>
        <coordinates>-81.4587875,40.811734,0</coordinates>
      </Point>
    </Placemark>
    <Placemark>
      <name>ALPR</name>
      <description>OSM node: https://www.openstreetmap.org/node/14060309303
Manufacturer: Flock Safety
Direction: 157
Zone: traffic
Camera type: fixed</description>
      <Point>
        <coordinates>-83.9217656,39.0441109,0</coordinates>
      </Point>
    </Placemark>
    <Placemark>
      <name>ALPR</name>
      <description>OSM node: https://www.openstreetmap.org/node/14060327301
Manufacturer: Flock Safety
Direction: 15
Zone: traffic
Camera type: fixed</description>
      <Point>
        <coordinates>-81.4479639,41.6504558,0</coordinates>
      </Point>
    </Placemark>
    <Placemark>
      <name>ALPR</name>
      <description>OSM node: https://www.openstreetmap.org/node/14060383002
Manufacturer: Flock Safety
Direction: 307
Zone: traffic
Camera type: fixed</description>
      <Point>
        <coordinates>-81.5663729,41.5804988,0</coordinates>
      </Point>
    </Placemark>
    <Placemark>
      <name>ALPR</name>
      <description>OSM node: https://www.openstreetmap.org/node/14060596601
Manufacturer: Flock Safety
Direction: 263
Zone: traffic
Camera type: fixed</description>
      <Point>
        <coordinates>-84.3710758,39.2830794,0</coordinates>
      </Point>
    </Placemark>
    <Placemark>
      <name>ALPR</name>
      <description>OSM node: https://www.openstreetmap.org/node/14061381201
Manufacturer: Flock Safety
Direction: 152
Zone: traffic
Camera type: fixed</description>
      <Point>
        <coordinates>-84.6853041,39.2136406,0</coordinates>
      </Point>
    </Placemark>
    <Placemark>
      <name>ALPR</name>
      <description>OSM node: https://www.openstreetmap.org/node/14061776801
Manufacturer: Flock Safety
Direction: 145
Zone: traffic
Camera type: fixed</description>
      <Point>
        <coordinates>-83.1198879,39.8930899,0</coordinates>
      </Point>
    </Placemark>
    <Placemark>
      <name>ALPR</name>
      <description>OSM node: https://www.openstreetmap.org/node/14061824501
Manufacturer: Flock Safety
Direction: 177
Zone: traffic
Camera type: fixed</description>
      <Point>
        <coordinates>-83.1110534,40.1095962,0</coordinates>
      </Point>
    </Placemark>
    <Placemark>
      <name>ALPR</name>
      <description>OSM node: https://www.openstreetmap.org/node/14062032101
Manufacturer: Flock Safety
Direction: 74
Zone: traffic
Camera type: fixed</description>
      <Point>
        <coordinates>-84.4587278,39.4189348,0</coordinates>
      </Point>
    </Placemark>
    <Placemark>
      <name>ALPR</name>
      <description>OSM node: https://www.openstreetmap.org/node/14062075301
Manufacturer: Flock Safety
Direction: 179
Zone: traffic
Camera type: fixed</description>
      <Point>
        <coordinates>-84.6620091,39.2333265,0</coordinates>
      </Point>
    </Placemark>
    <Placemark>
      <name>ALPR</name>
      <description>OSM node: https://www.openstreetmap.org/node/14062103601
Manufacturer: Flock Safety
Direction: 273
Zone: traffic
Camera type: fixed</description>
      <Point>
        <coordinates>-81.4600305,41.6245448,0</coordinates>
      </Point>
    </Placemark>
    <Placemark>
      <name>ALPR</name>
      <description>OSM node: https://www.openstreetmap.org/node/14062272804
Manufacturer: Flock Safety
Direction: 191
Zone: traffic
Camera type: fixed</description>
      <Point>
        <coordinates>-82.5280554,40.0752163,0</coordinates>
      </Point>
    </Placemark>
    <Placemark>
      <name>ALPR</name>
      <description>OSM node: https://www.openstreetmap.org/node/14062276101
Manufacturer: Flock Safety
Direction: 66
Zone: traffic
Camera type: fixed</description>
      <Point>
        <coordinates>-84.5975846,39.4060544,0</coordinates>
      </Point>
    </Placemark>
    <Placemark>
      <name>ALPR</name>
      <description>OSM node: https://www.openstreetmap.org/node/14062277402
Manufacturer: Flock Safety
Direction: 248
Zone: traffic
Camera type: fixed</description>
      <Point>
        <coordinates>-82.5200058,40.0692242,0</coordinates>
      </Point>
    </Placemark>
    <Placemark>
      <name>ALPR</name>
      <description>OSM node: https://www.openstreetmap.org/node/14062331401
Manufacturer: Flock Safety
Direction: 82
Zone: traffic
Camera type: fixed</description>
      <Point>
        <coordinates>-82.5938862,40.6826728,0</coordinates>
      </Point>
    </Placemark>
    <Placemark>
      <name>ALPR</name>
      <description>OSM node: https://www.openstreetmap.org/node/14062339101
Manufacturer: Flock Safety
Direction: 253
Zone: traffic
Camera type: fixed</description>
      <Point>
        <coordinates>-81.5673815,41.4645528,0</coordinates>
      </Point>
    </Placemark>
    <Placemark>
      <name>ALPR</name>
      <description>OSM node: https://www.openstreetmap.org/node/14062410501
Manufacturer: Flock Safety
Direction: 359
Zone: traffic
Camera type: fixed</description>
      <Point>
        <coordinates>-81.4561202,41.6191511,0</coordinates>
      </Point>
    </Placemark>
    <Placemark>
      <name>ALPR</name>
      <description>OSM node: https://www.openstreetmap.org/node/14062640307
Manufacturer: Flock Safety
Direction: 0
Zone: traffic
Camera type: fixed</description>
      <Point>
        <coordinates>-83.1588445,40.0993319,0</coordinates>
      </Point>
    </Placemark>
    <Placemark>
      <name>ALPR</name>
      <description>OSM node: https://www.openstreetmap.org/node/14063021401
Manufacturer: Flock Safety
Direction: 165
Zone: traffic
Camera type: fixed</description>
      <Point>
        <coordinates>-82.9479374,39.792953,0</coordinates>
      </Point>
    </Placemark>
    <Placemark>
      <name>ALPR</name>
      <description>OSM node: https://www.openstreetmap.org/node/14064015001
Manufacturer: Flock Safety
Direction: 272
Zone: traffic
Camera type: fixed</description>
      <Point>
        <coordinates>-81.4977791,41.5045251,0</coordinates>
      </Point>
    </Placemark>
    <Placemark>
      <name>ALPR</name>
      <description>OSM node: https://www.openstreetmap.org/node/14064043001
Manufacturer: Flock Safety
Direction: 148
Zone: traffic
Camera type: fixed</description>
      <Point>
        <coordinates>-83.8452978,39.5151269,0</coordinates>
      </Point>
    </Placemark>
    <Placemark>
      <name>ALPR</name>
      <description>OSM node: https://www.openstreetmap.org/node/14064314701
Manufacturer: Flock Safety
Direction: 206
Zone: traffic
Camera type: fixed</description>
      <Point>
        <coordinates>-83.2172613,39.9745595,0</coordinates>
      </Point>
    </Placemark>
    <Placemark>
      <name>ALPR</name>
      <description>OSM node: https://www.openstreetmap.org/node/14064525701
Manufacturer: Flock Safety
Direction: 203
Zone: traffic
Camera type: fixed</description>
      <Point>
        <coordinates>-82.5186716,40.0744713,0</coordinates>
      </Point>
    </Placemark>
    <Placemark>
      <name>ALPR</name>
      <description>OSM node: https://www.openstreetmap.org/node/14064659501
Manufacturer: Axis Communications
Direction: 177
Zone: traffic
Camera type: fixed</description>
      <Point>
        <coordinates>-81.5193988,40.7642023,0</coordinates>
      </Point>
    </Placemark>
    <Placemark>
      <name>ALPR</name>
      <description>OSM node: https://www.openstreetmap.org/node/14064685901
Manufacturer: Flock Safety
Direction: 346
Zone: traffic
Camera type: fixed</description>
      <Point>
        <coordinates>-84.3876255,39.2761279,0</coordinates>
      </Point>
    </Placemark>
    <Placemark>
      <name>ALPR</name>
      <description>OSM node: https://www.openstreetmap.org/node/14064686703
Manufacturer: Flock Safety
Direction: 266
Zone: traffic
Camera type: fixed</description>
      <Point>
        <coordinates>-83.9432104,39.6824358,0</coordinates>
      </Point>
    </Placemark>
    <Placemark>
      <name>ALPR</name>
      <description>OSM node: https://www.openstreetmap.org/node/14064697101
Manufacturer: Flock Safety
Direction: 175
Zone: traffic
Camera type: fixed</description>
      <Point>
        <coordinates>-83.942997,39.6824563,0</coordinates>
      </Point>
    </Placemark>
    <Placemark>
      <name>ALPR</name>
      <description>OSM node: https://www.openstreetmap.org/node/14064697102
Manufacturer: Flock Safety
Direction: 7
Zone: traffic
Camera type: fixed</description>
      <Point>
        <coordinates>-83.9432241,39.6826186,0</coordinates>
      </Point>
    </Placemark>
    <Placemark>
      <name>ALPR</name>
      <description>OSM node: https://www.openstreetmap.org/node/14064697801
Manufacturer: Flock Safety
Direction: 85
Zone: traffic
Camera type: fixed</description>
      <Point>
        <coordinates>-83.942958,39.6826334,0</coordinates>
      </Point>
    </Placemark>
    <Placemark>
      <name>ALPR</name>
      <description>OSM node: https://www.openstreetmap.org/node/14064721301
Manufacturer: Flock Safety
Direction: 134
Zone: traffic
Camera type: fixed</description>
      <Point>
        <coordinates>-80.6656044,41.1335747,0</coordinates>
      </Point>
    </Placemark>
    <Placemark>
      <name>ALPR</name>
      <description>OSM node: https://www.openstreetmap.org/node/14064762201
Manufacturer: Flock Safety
Direction: 171
Zone: traffic
Camera type: fixed</description>
      <Point>
        <coordinates>-81.6371212,41.1339229,0</coordinates>
      </Point>
    </Placemark>
    <Placemark>
      <name>ALPR</name>
      <description>OSM node: https://www.openstreetmap.org/node/14064768501
Manufacturer: Flock Safety
Direction: 185
Zone: traffic
Camera type: fixed</description>
      <Point>
        <coordinates>-81.6451707,41.132329,0</coordinates>
      </Point>
    </Placemark>
    <Placemark>
      <name>ALPR</name>
      <description>OSM node: https://www.openstreetmap.org/node/14064772601
Manufacturer: Flock Safety
Direction: 205
Zone: traffic
Camera type: fixed</description>
      <Point>
        <coordinates>-84.3863929,39.1683997,0</coordinates>
      </Point>
    </Placemark>
    <Placemark>
      <name>ALPR</name>
      <description>OSM node: https://www.openstreetmap.org/node/14064817101
Manufacturer: Flock Safety
Direction: 274
Zone: traffic
Camera type: fixed</description>
      <Point>
        <coordinates>-82.5334952,40.7631862,0</coordinates>
      </Point>
    </Placemark>
    <Placemark>
      <name>ALPR</name>
      <description>OSM node: https://www.openstreetmap.org/node/14065058002
Manufacturer: Flock Safety
Direction: 344
Zone: traffic
Camera type: fixed</description>
      <Point>
        <coordinates>-84.1396962,39.8761251,0</coordinates>
      </Point>
    </Placemark>
    <Placemark>
      <name>ALPR</name>
      <description>OSM node: https://www.openstreetmap.org/node/14065074501
Manufacturer: Flock Safety
Direction: 38
Zone: traffic
Camera type: fixed</description>
      <Point>
        <coordinates>-84.1381307,39.8769633,0</coordinates>
      </Point>
    </Placemark>
    <Placemark>
      <name>ALPR</name>
      <description>OSM node: https://www.openstreetmap.org/node/14065074901
Manufacturer: Flock Safety
Direction: 172
Zone: traffic
Camera type: fixed</description>
      <Point>
        <coordinates>-84.1381714,39.8764698,0</coordinates>
      </Point>
    </Placemark>
    <Placemark>
      <name>ALPR</name>
      <description>OSM node: https://www.openstreetmap.org/node/14065227101
Manufacturer: Leonardo
Direction: 214
Zone: traffic
Camera type: fixed</description>
      <Point>
        <coordinates>-81.6359435,41.2893815,0</coordinates>
      </Point>
    </Placemark>
    <Placemark>
      <name>ALPR</name>
      <description>OSM node: https://www.openstreetmap.org/node/14065228701
Manufacturer: Leonardo
Direction: 246
Zone: traffic
Camera type: fixed</description>
      <Point>
        <coordinates>-81.6359987,41.2894383,0</coordinates>
      </Point>
    </Placemark>
    <Placemark>
      <name>ALPR</name>
      <description>OSM node: https://www.openstreetmap.org/node/14065229402
Manufacturer: Leonardo
Direction: 134
Zone: traffic
Camera type: fixed</description>
      <Point>
        <coordinates>-81.6330653,41.2893413,0</coordinates>
      </Point>
    </Placemark>
    <Placemark>
      <name>ALPR</name>
      <description>OSM node: https://www.openstreetmap.org/node/14065229602
Manufacturer: Leonardo
Direction: 35
Zone: traffic
Camera type: fixed</description>
      <Point>
        <coordinates>-81.6329357,41.2893659,0</coordinates>
      </Point>
    </Placemark>
    <Placemark>
      <name>ALPR</name>
      <description>OSM node: https://www.openstreetmap.org/node/14065245501
Manufacturer: Leonardo
Direction: 300
Zone: traffic
Camera type: fixed</description>
      <Point>
        <coordinates>-81.6329284,41.2894414,0</coordinates>
      </Point>
    </Placemark>
    <Placemark>
      <name>ALPR</name>
      <description>OSM node: https://www.openstreetmap.org/node/14065246801
Manufacturer: Leonardo
Direction: 219
Zone: traffic
Camera type: fixed</description>
      <Point>
        <coordinates>-81.6330132,41.289446,0</coordinates>
      </Point>
    </Placemark>
    <Placemark>
      <name>ALPR</name>
      <description>OSM node: https://www.openstreetmap.org/node/14065247901
Manufacturer: Flock Safety
Direction: 198
Zone: traffic
Camera type: fixed</description>
      <Point>
        <coordinates>-81.532626,41.5364703,0</coordinates>
      </Point>
    </Placemark>
    <Placemark>
      <name>ALPR</name>
      <description>OSM node: https://www.openstreetmap.org/node/14065328501
Manufacturer: Flock Safety
Direction: 111
Zone: traffic
Camera type: fixed</description>
      <Point>
        <coordinates>-81.7640414,41.4441983,0</coordinates>
      </Point>
    </Placemark>
    <Placemark>
      <name>LAW ENFORCEMENT ALPR</name>
      <description>OSM node: https://www.openstreetmap.org/node/14065837301
Operator: LAW ENFORCEMENT
Manufacturer: Flock Safety
Direction: 301;216
Zone: traffic
Camera type: fixed</description>
      <Point>
        <coordinates>-83.9663242,39.2983722,0</coordinates>
      </Point>
    </Placemark>
    <Placemark>
      <name>LAW ENFORCEMENT ALPR</name>
      <description>OSM node: https://www.openstreetmap.org/node/14065871401
Operator: LAW ENFORCEMENT
Manufacturer: Flock Safety
Zone: traffic
Camera type: 360° PTZ</description>
      <Point>
        <coordinates>-83.9885173,39.2930773,0</coordinates>
      </Point>
    </Placemark>
    <Placemark>
      <name>ALPR</name>
      <description>OSM node: https://www.openstreetmap.org/node/14066061401
Manufacturer: Flock Safety
Direction: 168
Zone: traffic
Camera type: fixed</description>
      <Point>
        <coordinates>-81.8394579,41.1390212,0</coordinates>
      </Point>
    </Placemark>
    <Placemark>
      <name>ALPR</name>
      <description>OSM node: https://www.openstreetmap.org/node/14066133701
Manufacturer: Flock Safety
Direction: 333
Zone: traffic
Camera type: fixed</description>
      <Point>
        <coordinates>-81.3494099,40.4110089,0</coordinates>
      </Point>
    </Placemark>
    <Placemark>
      <name>ALPR</name>
      <description>OSM node: https://www.openstreetmap.org/node/14066172801
Manufacturer: Flock Safety
Direction: 182;111;256;38;329
Zone: traffic
Camera type: fixed</description>
      <Point>
        <coordinates>-84.376643,40.3930302,0</coordinates>
      </Point>
    </Placemark>
    <Placemark>
      <name>ALPR</name>
      <description>OSM node: https://www.openstreetmap.org/node/14066516101
Manufacturer: Genetec
Direction: 76
Zone: traffic
Camera type: fixed</description>
      <Point>
        <coordinates>-81.1557304,40.9018836,0</coordinates>
      </Point>
    </Placemark>
    <Placemark>
      <name>ALPR</name>
      <description>OSM node: https://www.openstreetmap.org/node/14066671701
Manufacturer: Flock Safety
Direction: 53
Zone: traffic
Camera type: fixed</description>
      <Point>
        <coordinates>-81.4783229,41.0723067,0</coordinates>
      </Point>
    </Placemark>
    <Placemark>
      <name>ALPR</name>
      <description>OSM node: https://www.openstreetmap.org/node/14066771601
Manufacturer: Flock Safety
Direction: 235
Zone: traffic
Camera type: fixed</description>
      <Point>
        <coordinates>-81.7860861,41.3432455,0</coordinates>
      </Point>
    </Placemark>
    <Placemark>
      <name>ALPR</name>
      <description>OSM node: https://www.openstreetmap.org/node/14066797302
Manufacturer: Flock Safety
Direction: 64
Zone: traffic
Camera type: fixed</description>
      <Point>
        <coordinates>-84.2281297,39.4465223,0</coordinates>
      </Point>
    </Placemark>
    <Placemark>
      <name>ALPR</name>
      <description>OSM node: https://www.openstreetmap.org/node/14066845201
Manufacturer: Flock Safety
Direction: 262
Zone: traffic
Camera type: fixed</description>
      <Point>
        <coordinates>-84.2249264,39.4343961,0</coordinates>
      </Point>
    </Placemark>
    <Placemark>
      <name>ALPR</name>
      <description>OSM node: https://www.openstreetmap.org/node/14066896601
Manufacturer: Flock Safety
Direction: 85
Zone: traffic
Camera type: fixed</description>
      <Point>
        <coordinates>-84.3304717,39.329392,0</coordinates>
      </Point>
    </Placemark>
    <Placemark>
      <name>ALPR</name>
      <description>OSM node: https://www.openstreetmap.org/node/14066897101
Manufacturer: Flock Safety
Direction: 173
Zone: traffic
Camera type: fixed</description>
      <Point>
        <coordinates>-84.5553307,39.2247077,0</coordinates>
      </Point>
    </Placemark>
    <Placemark>
      <name>ALPR</name>
      <description>OSM node: https://www.openstreetmap.org/node/14066929202
Manufacturer: Flock Safety
Direction: 47
Zone: traffic
Camera type: fixed</description>
      <Point>
        <coordinates>-83.526961,41.6963198,0</coordinates>
      </Point>
    </Placemark>
    <Placemark>
      <name>ALPR</name>
      <description>OSM node: https://www.openstreetmap.org/node/14066929501
Manufacturer: Flock Safety
Direction: 139
Zone: traffic
Camera type: fixed</description>
      <Point>
        <coordinates>-83.5267582,41.6918029,0</coordinates>
      </Point>
    </Placemark>
    <Placemark>
      <name>ALPR</name>
      <description>OSM node: https://www.openstreetmap.org/node/14066929502
Manufacturer: Flock Safety
Direction: 98
Zone: traffic
Camera type: fixed</description>
      <Point>
        <coordinates>-83.5270103,41.698619,0</coordinates>
      </Point>
    </Placemark>
    <Placemark>
      <name>ALPR</name>
      <description>OSM node: https://www.openstreetmap.org/node/14066931001
Manufacturer: Flock Safety
Direction: 0
Zone: traffic
Camera type: fixed</description>
      <Point>
        <coordinates>-83.5270157,41.697138,0</coordinates>
      </Point>
    </Placemark>
    <Placemark>
      <name>ALPR</name>
      <description>OSM node: https://www.openstreetmap.org/node/14066931002
Manufacturer: Flock Safety
Direction: 60
Zone: traffic
Camera type: fixed</description>
      <Point>
        <coordinates>-83.5270377,41.6987744,0</coordinates>
      </Point>
    </Placemark>
    <Placemark>
      <name>ALPR</name>
      <description>OSM node: https://www.openstreetmap.org/node/14066931401
Manufacturer: Flock Safety
Direction: 128
Zone: traffic
Camera type: fixed</description>
      <Point>
        <coordinates>-83.5270322,41.6979317,0</coordinates>
      </Point>
    </Placemark>
    <Placemark>
      <name>ALPR</name>
      <description>OSM node: https://www.openstreetmap.org/node/14067246901
Manufacturer: Flock Safety
Direction: 78
Zone: traffic
Camera type: fixed</description>
      <Point>
        <coordinates>-84.2105927,39.6113978,0</coordinates>
      </Point>
    </Placemark>
    <Placemark>
      <name>ALPR</name>
      <description>OSM node: https://www.openstreetmap.org/node/14067290702
Manufacturer: Axon
Direction: 81
Zone: traffic
Camera type: fixed</description>
      <Point>
        <coordinates>-84.2222273,39.4583461,0</coordinates>
      </Point>
    </Placemark>
    <Placemark>
      <name>ALPR</name>
      <description>OSM node: https://www.openstreetmap.org/node/14067290802
Manufacturer: Flock Safety
Direction: 20
Zone: traffic
Camera type: fixed</description>
      <Point>
        <coordinates>-81.539782,41.5449087,0</coordinates>
      </Point>
    </Placemark>
    <Placemark>
      <name>ALPR</name>
      <description>OSM node: https://www.openstreetmap.org/node/14067327801
Manufacturer: Flock Safety
Direction: 261
Zone: traffic
Camera type: fixed</description>
      <Point>
        <coordinates>-83.4840125,39.893562,0</coordinates>
      </Point>
    </Placemark>
    <Placemark>
      <name>ALPR</name>
      <description>OSM node: https://www.openstreetmap.org/node/14067328603
Manufacturer: Flock Safety
Direction: 81
Zone: traffic
Camera type: fixed</description>
      <Point>
        <coordinates>-83.4853137,39.8935955,0</coordinates>
      </Point>
    </Placemark>
    <Placemark>
      <name>ALPR</name>
      <description>OSM node: https://www.openstreetmap.org/node/14067330501
Manufacturer: Flock Safety
Direction: 239
Zone: traffic
Camera type: fixed</description>
      <Point>
        <coordinates>-83.6037519,39.927372,0</coordinates>
      </Point>
    </Placemark>
    <Placemark>
      <name>ALPR</name>
      <description>OSM node: https://www.openstreetmap.org/node/14067580001
Manufacturer: Flock Safety
Direction: 192
Zone: traffic
Camera type: fixed</description>
      <Point>
        <coordinates>-82.4016054,39.7207419,0</coordinates>
      </Point>
    </Placemark>
    <Placemark>
      <name>ALPR</name>
      <description>OSM node: https://www.openstreetmap.org/node/14068283201
Manufacturer: Flock Safety
Direction: 226;302;144;69;0
Zone: traffic
Camera type: fixed</description>
      <Point>
        <coordinates>-84.0400672,40.4398322,0</coordinates>
      </Point>
    </Placemark>
    <Placemark>
      <name>ALPR</name>
      <description>OSM node: https://www.openstreetmap.org/node/14068293801
Manufacturer: Flock Safety
Direction: 136;177;72;0;250;303
Zone: traffic
Camera type: fixed</description>
      <Point>
        <coordinates>-84.0399774,40.4397966,0</coordinates>
      </Point>
    </Placemark>
    <Placemark>
      <name>ALPR</name>
      <description>OSM node: https://www.openstreetmap.org/node/14068315101
Manufacturer: Flock Safety
Direction: 155;0;247;78;298;202
Zone: traffic
Camera type: fixed</description>
      <Point>
        <coordinates>-84.0464836,40.4399452,0</coordinates>
      </Point>
    </Placemark>
    <Placemark>
      <name>ALPR</name>
      <description>OSM node: https://www.openstreetmap.org/node/14068315103
Manufacturer: Flock Safety
Direction: 58;0;132;194;279
Zone: traffic
Camera type: fixed</description>
      <Point>
        <coordinates>-84.0556545,40.4396864,0</coordinates>
      </Point>
    </Placemark>
    <Placemark>
      <name>ALPR</name>
      <description>OSM node: https://www.openstreetmap.org/node/14068629502
Manufacturer: Flock Safety
Direction: 333
Zone: traffic
Camera type: fixed</description>
      <Point>
        <coordinates>-82.4935118,39.9264881,0</coordinates>
      </Point>
    </Placemark>
    <Placemark>
      <name>ALPR</name>
      <description>OSM node: https://www.openstreetmap.org/node/14068773902
Manufacturer: Flock Safety
Direction: 165
Zone: traffic
Camera type: fixed</description>
      <Point>
        <coordinates>-82.7814091,39.8481164,0</coordinates>
      </Point>
    </Placemark>
    <Placemark>
      <name>ALPR</name>
      <description>OSM node: https://www.openstreetmap.org/node/14069262502
Manufacturer: Flock Safety
Direction: 242
Zone: traffic
Camera type: fixed</description>
      <Point>
        <coordinates>-84.2838632,39.5400341,0</coordinates>
      </Point>
    </Placemark>
    <Placemark>
      <name>ALPR</name>
      <description>OSM node: https://www.openstreetmap.org/node/14069267001
Manufacturer: Flock Safety
Direction: 67
Zone: traffic
Camera type: fixed</description>
      <Point>
        <coordinates>-81.9728771,41.3721193,0</coordinates>
      </Point>
    </Placemark>
    <Placemark>
      <name>ALPR</name>
      <description>OSM node: https://www.openstreetmap.org/node/14069331201
Manufacturer: Flock Safety
Direction: 201
Zone: traffic
Camera type: fixed</description>
      <Point>
        <coordinates>-81.5959066,41.5063206,0</coordinates>
      </Point>
    </Placemark>
    <Placemark>
      <name>ALPR</name>
      <description>OSM node: https://www.openstreetmap.org/node/14069648501
Manufacturer: Flock Safety
Direction: 290
Zone: traffic
Camera type: fixed</description>
      <Point>
        <coordinates>-84.290725,39.3367784,0</coordinates>
      </Point>
    </Placemark>
    <Placemark>
      <name>ALPR</name>
      <description>OSM node: https://www.openstreetmap.org/node/14069720101
Manufacturer: Flock Safety
Direction: 67
Zone: traffic
Camera type: fixed</description>
      <Point>
        <coordinates>-81.4993499,41.0397456,0</coordinates>
      </Point>
    </Placemark>
    <Placemark>
      <name>ALPR</name>
      <description>OSM node: https://www.openstreetmap.org/node/14069958401
Manufacturer: Flock Safety
Direction: 48
Zone: traffic
Camera type: fixed</description>
      <Point>
        <coordinates>-82.0606939,39.3359368,0</coordinates>
      </Point>
    </Placemark>
    <Placemark>
      <name>LAW ENFORCEMENT ALPR</name>
      <description>OSM node: https://www.openstreetmap.org/node/14070811501
Operator: LAW ENFORCEMENT
Manufacturer: Flock Safety
Direction: 299
Zone: traffic
Camera type: fixed</description>
      <Point>
        <coordinates>-83.9771223,39.2798017,0</coordinates>
      </Point>
    </Placemark>
    <Placemark>
      <name>LAW ENFORCEMENT ALPR</name>
      <description>OSM node: https://www.openstreetmap.org/node/14070811502
Operator: LAW ENFORCEMENT
Manufacturer: Flock Safety
Direction: 344
Zone: traffic
Camera type: fixed</description>
      <Point>
        <coordinates>-83.9952835,39.281779,0</coordinates>
      </Point>
    </Placemark>
    <Placemark>
      <name>ALPR</name>
      <description>OSM node: https://www.openstreetmap.org/node/14070867501
Manufacturer: Genetec
Direction: 76
Zone: traffic
Camera type: fixed</description>
      <Point>
        <coordinates>-84.0464787,40.4398799,0</coordinates>
      </Point>
    </Placemark>
    <Placemark>
      <name>ALPR</name>
      <description>OSM node: https://www.openstreetmap.org/node/14070869401
Manufacturer: Genetec
Direction: 97;268
Zone: traffic
Camera type: fixed</description>
      <Point>
        <coordinates>-84.0556542,40.439738,0</coordinates>
      </Point>
    </Placemark>
    <Placemark>
      <name>ALPR</name>
      <description>OSM node: https://www.openstreetmap.org/node/14070908101
Manufacturer: Flock Safety
Direction: 0
Zone: traffic
Camera type: fixed</description>
      <Point>
        <coordinates>-80.8827585,40.2149963,0</coordinates>
      </Point>
    </Placemark>
    <Placemark>
      <name>ALPR</name>
      <description>OSM node: https://www.openstreetmap.org/node/14071163801
Manufacturer: Flock Safety
Direction: 249
Zone: traffic
Camera type: fixed</description>
      <Point>
        <coordinates>-84.7499067,39.1624462,0</coordinates>
      </Point>
    </Placemark>
    <Placemark>
      <name>ALPR</name>
      <description>OSM node: https://www.openstreetmap.org/node/14071163803
Manufacturer: Flock Safety
Direction: 71
Zone: traffic
Camera type: fixed</description>
      <Point>
        <coordinates>-84.7501042,39.1623091,0</coordinates>
      </Point>
    </Placemark>
    <Placemark>
      <name>ALPR</name>
      <description>OSM node: https://www.openstreetmap.org/node/14071519401
Manufacturer: Flock Safety
Direction: 20;308
Zone: traffic
Camera type: fixed</description>
      <Point>
        <coordinates>-81.4683767,41.6332412,0</coordinates>
      </Point>
    </Placemark>
    <Placemark>
      <name>ALPR</name>
      <description>OSM node: https://www.openstreetmap.org/node/14071546201
Manufacturer: Flock Safety
Direction: 327
Zone: traffic
Camera type: fixed</description>
      <Point>
        <coordinates>-83.0719074,40.1395591,0</coordinates>
      </Point>
    </Placemark>
    <Placemark>
      <name>ALPR</name>
      <description>OSM node: https://www.openstreetmap.org/node/14071596201
Manufacturer: Flock Safety
Zone: street
Camera type: dome</description>
      <Point>
        <coordinates>-81.5970146,41.4002927,0</coordinates>
      </Point>
    </Placemark>
    <Placemark>
      <name>ALPR</name>
      <description>OSM node: https://www.openstreetmap.org/node/14071704401
Manufacturer: Flock Safety
Direction: 333
Zone: traffic
Camera type: fixed</description>
      <Point>
        <coordinates>-82.7021486,41.2366832,0</coordinates>
      </Point>
    </Placemark>
    <Placemark>
      <name>ALPR</name>
      <description>OSM node: https://www.openstreetmap.org/node/14071884201
Manufacturer: Flock Safety
Direction: 254
Zone: traffic
Camera type: fixed</description>
      <Point>
        <coordinates>-81.624735,41.502033,0</coordinates>
      </Point>
    </Placemark>
    <Placemark>
      <name>ALPR</name>
      <description>OSM node: https://www.openstreetmap.org/node/14072192173</description>
      <Point>
        <coordinates>-84.4043347,39.1470947,0</coordinates>
      </Point>
    </Placemark>
    <Placemark>
      <name>ALPR</name>
      <description>OSM node: https://www.openstreetmap.org/node/14072883099
Direction: 271</description>
      <Point>
        <coordinates>-81.4811333,41.4096312,0</coordinates>
      </Point>
    </Placemark>
    <Placemark>
      <name>ALPR</name>
      <description>OSM node: https://www.openstreetmap.org/node/14072900043
Direction: 86
Zone: traffic</description>
      <Point>
        <coordinates>-81.5137949,41.372709,0</coordinates>
      </Point>
    </Placemark>
    <Placemark>
      <name>ALPR</name>
      <description>OSM node: https://www.openstreetmap.org/node/14073290602
Manufacturer: Flock Safety
Direction: 183
Zone: traffic
Camera type: fixed</description>
      <Point>
        <coordinates>-84.1561587,39.7392184,0</coordinates>
      </Point>
    </Placemark>
    <Placemark>
      <name>ALPR</name>
      <description>OSM node: https://www.openstreetmap.org/node/14073385479
Direction: 96
Zone: traffic</description>
      <Point>
        <coordinates>-81.6588684,41.3618724,0</coordinates>
      </Point>
    </Placemark>
    <Placemark>
      <name>ALPR</name>
      <description>OSM node: https://www.openstreetmap.org/node/14073651401
Manufacturer: Flock Safety
Direction: 88
Zone: traffic
Camera type: fixed</description>
      <Point>
        <coordinates>-84.4295561,39.2841475,0</coordinates>
      </Point>
    </Placemark>
    <Placemark>
      <name>ALPR</name>
      <description>OSM node: https://www.openstreetmap.org/node/14073664001
Manufacturer: Flock Safety
Direction: 335
Zone: traffic
Camera type: fixed</description>
      <Point>
        <coordinates>-84.4437656,39.2768364,0</coordinates>
      </Point>
    </Placemark>
    <Placemark>
      <name>ALPR</name>
      <description>OSM node: https://www.openstreetmap.org/node/14073682901
Manufacturer: Flock Safety
Direction: 156
Zone: traffic
Camera type: fixed</description>
      <Point>
        <coordinates>-82.9954942,39.905993,0</coordinates>
      </Point>
    </Placemark>
    <Placemark>
      <name>ALPR</name>
      <description>OSM node: https://www.openstreetmap.org/node/14073709402
Manufacturer: Flock Safety
Direction: 59
Zone: traffic
Camera type: fixed</description>
      <Point>
        <coordinates>-83.0282679,39.9785279,0</coordinates>
      </Point>
    </Placemark>
    <Placemark>
      <name>ALPR</name>
      <description>OSM node: https://www.openstreetmap.org/node/14073997903
Manufacturer: Flock Safety
Direction: 89
Zone: traffic
Camera type: fixed</description>
      <Point>
        <coordinates>-81.7141572,41.4564462,0</coordinates>
      </Point>
    </Placemark>
    <Placemark>
      <name>ALPR</name>
      <description>OSM node: https://www.openstreetmap.org/node/14073998102
Manufacturer: Flock Safety
Direction: 0
Zone: traffic
Camera type: fixed</description>
      <Point>
        <coordinates>-81.6377276,41.2894138,0</coordinates>
      </Point>
    </Placemark>
    <Placemark>
      <name>ALPR</name>
      <description>OSM node: https://www.openstreetmap.org/node/14074043246
Direction: 140
Zone: traffic
Camera type: fixed</description>
      <Point>
        <coordinates>-80.7638401,41.174523,0</coordinates>
      </Point>
    </Placemark>
    <Placemark>
      <name>ALPR</name>
      <description>OSM node: https://www.openstreetmap.org/node/14075007301
Manufacturer: Flock Safety
Direction: 300
Zone: traffic
Camera type: fixed</description>
      <Point>
        <coordinates>-81.5992912,40.7206567,0</coordinates>
      </Point>
    </Placemark>
    <Placemark>
      <name>ALPR</name>
      <description>OSM node: https://www.openstreetmap.org/node/14075056601
Manufacturer: Flock Safety
Direction: 217
Zone: traffic
Camera type: fixed</description>
      <Point>
        <coordinates>-80.72905,41.1965994,0</coordinates>
      </Point>
    </Placemark>
    <Placemark>
      <name>ALPR</name>
      <description>OSM node: https://www.openstreetmap.org/node/14075115601
Manufacturer: Flock Safety
Direction: 134
Zone: traffic
Camera type: fixed</description>
      <Point>
        <coordinates>-84.3786258,39.2002606,0</coordinates>
      </Point>
    </Placemark>
    <Placemark>
      <name>ALPR</name>
      <description>OSM node: https://www.openstreetmap.org/node/14075375401
Manufacturer: Flock Safety
Direction: 0
Zone: traffic
Camera type: fixed</description>
      <Point>
        <coordinates>-84.3646966,39.3527834,0</coordinates>
      </Point>
    </Placemark>
    <Placemark>
      <name>ALPR</name>
      <description>OSM node: https://www.openstreetmap.org/node/14075417001
Manufacturer: Flock Safety
Direction: 0
Zone: traffic
Camera type: fixed</description>
      <Point>
        <coordinates>-84.3946421,39.2901956,0</coordinates>
      </Point>
    </Placemark>
    <Placemark>
      <name>ALPR</name>
      <description>OSM node: https://www.openstreetmap.org/node/14075523901
Manufacturer: Flock Safety
Direction: 321
Zone: traffic
Camera type: fixed</description>
      <Point>
        <coordinates>-81.3500559,40.867018,0</coordinates>
      </Point>
    </Placemark>
    <Placemark>
      <name>ALPR</name>
      <description>OSM node: https://www.openstreetmap.org/node/14075593201
Manufacturer: Flock Safety
Direction: 0
Zone: traffic
Camera type: fixed</description>
      <Point>
        <coordinates>-81.921431,41.4672108,0</coordinates>
      </Point>
    </Placemark>
    <Placemark>
      <name>ALPR</name>
      <description>OSM node: https://www.openstreetmap.org/node/14075732501
Manufacturer: Flock Safety
Direction: 169
Zone: traffic
Camera type: fixed</description>
      <Point>
        <coordinates>-84.0996988,39.8698616,0</coordinates>
      </Point>
    </Placemark>
    <Placemark>
      <name>ALPR</name>
      <description>OSM node: https://www.openstreetmap.org/node/14075777802
Manufacturer: Flock Safety
Direction: 256
Zone: traffic
Camera type: fixed</description>
      <Point>
        <coordinates>-84.3304086,39.847428,0</coordinates>
      </Point>
    </Placemark>
    <Placemark>
      <name>ALPR</name>
      <description>OSM node: https://www.openstreetmap.org/node/14075823801
Manufacturer: Flock Safety
Direction: 130
Zone: traffic
Camera type: fixed</description>
      <Point>
        <coordinates>-81.7186194,41.2778118,0</coordinates>
      </Point>
    </Placemark>
    <Placemark>
      <name>ALPR</name>
      <description>OSM node: https://www.openstreetmap.org/node/14075938701
Manufacturer: Flock Safety
Direction: 264
Zone: traffic
Camera type: fixed</description>
      <Point>
        <coordinates>-82.0681398,41.3622972,0</coordinates>
      </Point>
    </Placemark>
    <Placemark>
      <name>ALPR</name>
      <description>OSM node: https://www.openstreetmap.org/node/14076736893
Manufacturer: Flock Safety
Direction: 0
Zone: traffic
Camera type: fixed</description>
      <Point>
        <coordinates>-82.9765918,39.9987657,0</coordinates>
      </Point>
    </Placemark>
    <Placemark>
      <name>ALPR</name>
      <description>OSM node: https://www.openstreetmap.org/node/14076750247
Manufacturer: Flock Safety
Direction: 305
Zone: traffic
Camera type: fixed</description>
      <Point>
        <coordinates>-83.003796,39.9787272,0</coordinates>
      </Point>
    </Placemark>
    <Placemark>
      <name>ALPR</name>
      <description>OSM node: https://www.openstreetmap.org/node/14076752511
Manufacturer: Flock Safety
Direction: 260
Zone: traffic
Camera type: fixed</description>
      <Point>
        <coordinates>-82.9103656,39.9642115,0</coordinates>
      </Point>
    </Placemark>
    <Placemark>
      <name>ALPR</name>
      <description>OSM node: https://www.openstreetmap.org/node/14076787926
Manufacturer: Flock Safety
Direction: 60
Zone: traffic
Camera type: fixed</description>
      <Point>
        <coordinates>-82.9652039,39.9125804,0</coordinates>
      </Point>
    </Placemark>
    <Placemark>
      <name>ALPR</name>
      <description>OSM node: https://www.openstreetmap.org/node/14076812816
Manufacturer: Flock Safety
Direction: 225
Zone: traffic
Camera type: fixed</description>
      <Point>
        <coordinates>-82.9780979,39.9737937,0</coordinates>
      </Point>
    </Placemark>
    <Placemark>
      <name>ALPR</name>
      <description>OSM node: https://www.openstreetmap.org/node/14076856305
Manufacturer: Flock Safety
Direction: 235;125
Zone: traffic
Camera type: fixed</description>
      <Point>
        <coordinates>-82.9749269,39.9779514,0</coordinates>
      </Point>
    </Placemark>
    <Placemark>
      <name>ALPR</name>
      <description>OSM node: https://www.openstreetmap.org/node/14076979236
Manufacturer: Flock Safety
Direction: 210
Zone: traffic
Camera type: fixed</description>
      <Point>
        <coordinates>-82.9540686,40.0046439,0</coordinates>
      </Point>
    </Placemark>
    <Placemark>
      <name>ALPR</name>
      <description>OSM node: https://www.openstreetmap.org/node/14076979278
Manufacturer: Flock Safety
Direction: 340
Zone: traffic
Camera type: fixed</description>
      <Point>
        <coordinates>-82.9614013,40.0129368,0</coordinates>
      </Point>
    </Placemark>
    <Placemark>
      <name>ALPR</name>
      <description>OSM node: https://www.openstreetmap.org/node/14076980341
Manufacturer: Flock Safety
Direction: 240
Zone: traffic
Camera type: fixed</description>
      <Point>
        <coordinates>-82.9618817,39.9493519,0</coordinates>
      </Point>
    </Placemark>
    <Placemark>
      <name>ALPR</name>
      <description>OSM node: https://www.openstreetmap.org/node/14077000388
Manufacturer: Flock Safety
Direction: 230
Zone: traffic
Camera type: fixed</description>
      <Point>
        <coordinates>-83.0683725,39.9445399,0</coordinates>
      </Point>
    </Placemark>
    <Placemark>
      <name>ALPR</name>
      <description>OSM node: https://www.openstreetmap.org/node/14077020655
Manufacturer: Flock Safety
Direction: 250
Zone: traffic
Camera type: fixed</description>
      <Point>
        <coordinates>-83.0960475,39.93927,0</coordinates>
      </Point>
    </Placemark>
    <Placemark>
      <name>ALPR</name>
      <description>OSM node: https://www.openstreetmap.org/node/14077096363
Manufacturer: Flock Safety
Direction: 70
Zone: traffic
Camera type: fixed</description>
      <Point>
        <coordinates>-83.0211362,39.9906169,0</coordinates>
      </Point>
    </Placemark>
    <Placemark>
      <name>ALPR</name>
      <description>OSM node: https://www.openstreetmap.org/node/14077156801
Manufacturer: Flock Safety
Direction: 303
Zone: traffic
Camera type: fixed</description>
      <Point>
        <coordinates>-84.1760186,39.7513282,0</coordinates>
      </Point>
    </Placemark>
    <Placemark>
      <name>ALPR</name>
      <description>OSM node: https://www.openstreetmap.org/node/14077179801
Manufacturer: Flock Safety
Direction: 78
Zone: traffic
Camera type: fixed</description>
      <Point>
        <coordinates>-83.5119527,41.6416976,0</coordinates>
      </Point>
    </Placemark>
    <Placemark>
      <name>ALPR</name>
      <description>OSM node: https://www.openstreetmap.org/node/14077203101
Manufacturer: Flock Safety
Direction: 359;290;72;139;211;0
Zone: traffic
Camera type: fixed</description>
      <Point>
        <coordinates>-81.1058966,40.9242591,0</coordinates>
      </Point>
    </Placemark>
    <Placemark>
      <name>ALPR</name>
      <description>OSM node: https://www.openstreetmap.org/node/14077238501
Manufacturer: Flock Safety
Direction: 7
Zone: traffic
Camera type: fixed</description>
      <Point>
        <coordinates>-81.609946,41.5010305,0</coordinates>
      </Point>
    </Placemark>
    <Placemark>
      <name>ALPR</name>
      <description>OSM node: https://www.openstreetmap.org/node/14077254602
Manufacturer: Motorola Solutions
Direction: 60
Zone: traffic
Camera type: fixed</description>
      <Point>
        <coordinates>-81.0912513,40.9015254,0</coordinates>
      </Point>
    </Placemark>
    <Placemark>
      <name>ALPR</name>
      <description>OSM node: https://www.openstreetmap.org/node/14077270802
Manufacturer: Flock Safety
Direction: 42
Zone: traffic
Camera type: fixed</description>
      <Point>
        <coordinates>-82.9066253,39.9736789,0</coordinates>
      </Point>
    </Placemark>
    <Placemark>
      <name>ALPR</name>
      <description>OSM node: https://www.openstreetmap.org/node/14077291801
Manufacturer: Flock Safety
Direction: 339
Zone: traffic
Camera type: fixed</description>
      <Point>
        <coordinates>-82.9045692,39.9730209,0</coordinates>
      </Point>
    </Placemark>
    <Placemark>
      <name>ALPR</name>
      <description>OSM node: https://www.openstreetmap.org/node/14077317501
Manufacturer: Flock Safety
Direction: 142
Zone: traffic
Camera type: fixed</description>
      <Point>
        <coordinates>-84.2516701,39.1525617,0</coordinates>
      </Point>
    </Placemark>
    <Placemark>
      <name>ALPR</name>
      <description>OSM node: https://www.openstreetmap.org/node/14077408801
Manufacturer: Flock Safety
Direction: 0
Zone: traffic
Camera type: fixed</description>
      <Point>
        <coordinates>-82.6393961,39.7338536,0</coordinates>
      </Point>
    </Placemark>
    <Placemark>
      <name>ALPR</name>
      <description>OSM node: https://www.openstreetmap.org/node/14077613402
Manufacturer: Flock Safety
Direction: 65
Zone: traffic
Camera type: fixed</description>
      <Point>
        <coordinates>-83.1318139,39.9520377,0</coordinates>
      </Point>
    </Placemark>
    <Placemark>
      <name>ALPR</name>
      <description>OSM node: https://www.openstreetmap.org/node/14077617701
Manufacturer: Flock Safety
Direction: 42
Zone: traffic
Camera type: fixed</description>
      <Point>
        <coordinates>-80.6282335,40.3490147,0</coordinates>
      </Point>
    </Placemark>
    <Placemark>
      <name>ALPR</name>
      <description>OSM node: https://www.openstreetmap.org/node/14077697103
Manufacturer: Flock Safety
Direction: 174
Zone: traffic
Camera type: fixed</description>
      <Point>
        <coordinates>-81.5331782,41.5614803,0</coordinates>
      </Point>
    </Placemark>
    <Placemark>
      <name>ALPR</name>
      <description>OSM node: https://www.openstreetmap.org/node/14077743201
Manufacturer: Flock Safety
Direction: 290;223
Zone: traffic
Camera type: fixed</description>
      <Point>
        <coordinates>-83.4996135,41.7057822,0</coordinates>
      </Point>
    </Placemark>
    <Placemark>
      <name>ALPR</name>
      <description>OSM node: https://www.openstreetmap.org/node/14077756902
Manufacturer: Flock Safety
Zone: street
Camera type: dome</description>
      <Point>
        <coordinates>-81.7078582,41.4919287,0</coordinates>
      </Point>
    </Placemark>
    <Placemark>
      <name>ALPR</name>
      <description>OSM node: https://www.openstreetmap.org/node/14077764501
Manufacturer: Flock Safety
Direction: 107
Zone: traffic
Camera type: fixed</description>
      <Point>
        <coordinates>-81.7063648,41.4967421,0</coordinates>
      </Point>
    </Placemark>
    <Placemark>
      <name>ALPR</name>
      <description>OSM node: https://www.openstreetmap.org/node/14077827801
Manufacturer: Flock Safety
Direction: 174
Zone: traffic
Camera type: fixed</description>
      <Point>
        <coordinates>-84.3753435,39.250016,0</coordinates>
      </Point>
    </Placemark>
    <Placemark>
      <name>ALPR</name>
      <description>OSM node: https://www.openstreetmap.org/node/14077827901
Manufacturer: Flock Safety
Direction: 98
Zone: traffic
Camera type: fixed</description>
      <Point>
        <coordinates>-84.3899814,39.2608436,0</coordinates>
      </Point>
    </Placemark>
    <Placemark>
      <name>ALPR</name>
      <description>OSM node: https://www.openstreetmap.org/node/14077916701
Manufacturer: Flock Safety
Direction: 329
Zone: traffic
Camera type: fixed</description>
      <Point>
        <coordinates>-82.5874031,40.7628119,0</coordinates>
      </Point>
    </Placemark>
    <Placemark>
      <name>ALPR</name>
      <description>OSM node: https://www.openstreetmap.org/node/14077916901
Manufacturer: Flock Safety
Direction: 343
Zone: traffic
Camera type: fixed</description>
      <Point>
        <coordinates>-82.5887657,40.7628448,0</coordinates>
      </Point>
    </Placemark>
    <Placemark>
      <name>ALPR</name>
      <description>OSM node: https://www.openstreetmap.org/node/14078435501
Manufacturer: Flock Safety
Direction: 157
Zone: traffic
Camera type: fixed</description>
      <Point>
        <coordinates>-81.3041836,41.3981566,0</coordinates>
      </Point>
    </Placemark>
    <Placemark>
      <name>ALPR</name>
      <description>OSM node: https://www.openstreetmap.org/node/14078504701
Manufacturer: Flock Safety
Direction: 298
Zone: traffic
Camera type: fixed</description>
      <Point>
        <coordinates>-84.3799826,39.2001393,0</coordinates>
      </Point>
    </Placemark>
    <Placemark>
      <name>ALPR</name>
      <description>OSM node: https://www.openstreetmap.org/node/14078573001
Manufacturer: Flock Safety
Direction: 218
Zone: traffic
Camera type: fixed</description>
      <Point>
        <coordinates>-84.3758708,39.2006978,0</coordinates>
      </Point>
    </Placemark>
    <Placemark>
      <name>ALPR</name>
      <description>OSM node: https://www.openstreetmap.org/node/14078772770
Manufacturer: Flock Safety
Direction: 335
Zone: traffic
Camera type: fixed</description>
      <Point>
        <coordinates>-84.4786138,39.2746297,0</coordinates>
      </Point>
    </Placemark>
    <Placemark>
      <name>ALPR</name>
      <description>OSM node: https://www.openstreetmap.org/node/14078800200
Manufacturer: Flock Safety
Direction: 100
Zone: traffic
Camera type: fixed</description>
      <Point>
        <coordinates>-84.3976826,39.1062572,0</coordinates>
      </Point>
    </Placemark>
    <Placemark>
      <name>ALPR</name>
      <description>OSM node: https://www.openstreetmap.org/node/14078831201
Manufacturer: Flock Safety
Direction: 170
Zone: traffic
Camera type: fixed</description>
      <Point>
        <coordinates>-84.2831598,39.6511893,0</coordinates>
      </Point>
    </Placemark>
    <Placemark>
      <name>ALPR</name>
      <description>OSM node: https://www.openstreetmap.org/node/14078894201
Manufacturer: Flock Safety
Direction: 91
Zone: traffic
Camera type: fixed</description>
      <Point>
        <coordinates>-81.8267727,41.3429245,0</coordinates>
      </Point>
    </Placemark>
    <Placemark>
      <name>ALPR</name>
      <description>OSM node: https://www.openstreetmap.org/node/14078994701
Manufacturer: Leonardo
Direction: 219;5;0;112;238;0
Zone: traffic
Camera type: fixed</description>
      <Point>
        <coordinates>-81.9138414,41.4172354,0</coordinates>
      </Point>
    </Placemark>
    <Placemark>
      <name>ALPR</name>
      <description>OSM node: https://www.openstreetmap.org/node/14079074801
Manufacturer: Flock Safety
Direction: 48;131;115;212;0
Zone: traffic
Camera type: fixed</description>
      <Point>
        <coordinates>-81.9019273,41.4190576,0</coordinates>
      </Point>
    </Placemark>
    <Placemark>
      <name>ALPR</name>
      <description>OSM node: https://www.openstreetmap.org/node/14079100502
Manufacturer: Flock Safety
Direction: 305
Zone: traffic
Camera type: fixed</description>
      <Point>
        <coordinates>-82.1285178,41.385593,0</coordinates>
      </Point>
    </Placemark>
    <Placemark>
      <name>ALPR</name>
      <description>OSM node: https://www.openstreetmap.org/node/14079100503
Manufacturer: Flock Safety
Direction: 170
Zone: traffic
Camera type: fixed</description>
      <Point>
        <coordinates>-82.1316303,41.4001597,0</coordinates>
      </Point>
    </Placemark>
    <Placemark>
      <name>ALPR</name>
      <description>OSM node: https://www.openstreetmap.org/node/14079166005
Manufacturer: Flock Safety
Direction: 65
Zone: traffic
Camera type: fixed</description>
      <Point>
        <coordinates>-80.8554445,40.0723744,0</coordinates>
      </Point>
    </Placemark>
    <Placemark>
      <name>ALPR</name>
      <description>OSM node: https://www.openstreetmap.org/node/14079169402
Manufacturer: Flock Safety
Direction: 266
Zone: traffic
Camera type: fixed</description>
      <Point>
        <coordinates>-80.840785,40.0684674,0</coordinates>
      </Point>
    </Placemark>
    <Placemark>
      <name>Flock Safety ALPR</name>
      <description>OSM node: https://www.openstreetmap.org/node/14079176889
Operator: Flock Safety
Direction: 264
Zone: traffic</description>
      <Point>
        <coordinates>-81.736024,41.4400881,0</coordinates>
      </Point>
    </Placemark>
    <Placemark>
      <name>ALPR</name>
      <description>OSM node: https://www.openstreetmap.org/node/14079229102
Manufacturer: Flock Safety
Direction: 196
Zone: traffic
Camera type: fixed</description>
      <Point>
        <coordinates>-83.7483523,40.3796959,0</coordinates>
      </Point>
    </Placemark>
    <Placemark>
      <name>ALPR</name>
      <description>OSM node: https://www.openstreetmap.org/node/14079339601
Manufacturer: Flock Safety
Direction: 184
Zone: traffic
Camera type: fixed</description>
      <Point>
        <coordinates>-81.8526842,41.4617029,0</coordinates>
      </Point>
    </Placemark>
    <Placemark>
      <name>ALPR</name>
      <description>OSM node: https://www.openstreetmap.org/node/14079340601
Manufacturer: Flock Safety
Direction: 252
Zone: traffic
Camera type: fixed</description>
      <Point>
        <coordinates>-84.2664416,39.7762098,0</coordinates>
      </Point>
    </Placemark>
    <Placemark>
      <name>ALPR</name>
      <description>OSM node: https://www.openstreetmap.org/node/14079369494
Manufacturer: Flock Safety
Direction: 75
Zone: traffic
Camera type: fixed</description>
      <Point>
        <coordinates>-81.6009151,41.5412549,0</coordinates>
      </Point>
    </Placemark>
    <Placemark>
      <name>ALPR</name>
      <description>OSM node: https://www.openstreetmap.org/node/14079369495
Manufacturer: Flock Safety
Direction: 310
Zone: traffic
Camera type: fixed</description>
      <Point>
        <coordinates>-81.5139056,41.5953837,0</coordinates>
      </Point>
    </Placemark>
    <Placemark>
      <name>ALPR</name>
      <description>OSM node: https://www.openstreetmap.org/node/14079369496
Manufacturer: Flock Safety
Direction: 315
Zone: traffic
Camera type: fixed</description>
      <Point>
        <coordinates>-81.51931,41.601188,0</coordinates>
      </Point>
    </Placemark>
    <Placemark>
      <name>ALPR</name>
      <description>OSM node: https://www.openstreetmap.org/node/14079369497
Manufacturer: Flock Safety
Direction: 180
Zone: traffic
Camera type: fixed</description>
      <Point>
        <coordinates>-81.5268576,41.5956533,0</coordinates>
      </Point>
    </Placemark>
    <Placemark>
      <name>ALPR</name>
      <description>OSM node: https://www.openstreetmap.org/node/14079369498
Direction: 150
Zone: traffic
Camera type: fixed</description>
      <Point>
        <coordinates>-81.5269983,41.6093645,0</coordinates>
      </Point>
    </Placemark>
    <Placemark>
      <name>ALPR</name>
      <description>OSM node: https://www.openstreetmap.org/node/14079369499
Direction: 150
Zone: traffic
Camera type: fixed</description>
      <Point>
        <coordinates>-81.5269821,41.6093742,0</coordinates>
      </Point>
    </Placemark>
    <Placemark>
      <name>ALPR</name>
      <description>OSM node: https://www.openstreetmap.org/node/14079369500
Direction: 45
Zone: traffic
Camera type: fixed</description>
      <Point>
        <coordinates>-81.526813,41.6095787,0</coordinates>
      </Point>
    </Placemark>
    <Placemark>
      <name>ALPR</name>
      <description>OSM node: https://www.openstreetmap.org/node/14079369701
Direction: 45
Zone: traffic
Camera type: fixed</description>
      <Point>
        <coordinates>-81.5268351,41.6095989,0</coordinates>
      </Point>
    </Placemark>
    <Placemark>
      <name>ALPR</name>
      <description>OSM node: https://www.openstreetmap.org/node/14079369702
Direction: 235
Zone: traffic
Camera type: fixed</description>
      <Point>
        <coordinates>-81.5271439,41.609526,0</coordinates>
      </Point>
    </Placemark>
    <Placemark>
      <name>ALPR</name>
      <description>OSM node: https://www.openstreetmap.org/node/14079369703
Direction: 235
Zone: traffic
Camera type: fixed</description>
      <Point>
        <coordinates>-81.5271303,41.609511,0</coordinates>
      </Point>
    </Placemark>
    <Placemark>
      <name>ALPR</name>
      <description>OSM node: https://www.openstreetmap.org/node/14079369704
Direction: 315
Zone: traffic
Camera type: fixed</description>
      <Point>
        <coordinates>-81.5270599,41.6096586,0</coordinates>
      </Point>
    </Placemark>
    <Placemark>
      <name>ALPR</name>
      <description>OSM node: https://www.openstreetmap.org/node/14079369705
Direction: 80
Zone: traffic
Camera type: fixed</description>
      <Point>
        <coordinates>-81.6332932,41.5198061,0</coordinates>
      </Point>
    </Placemark>
    <Placemark>
      <name>ALPR</name>
      <description>OSM node: https://www.openstreetmap.org/node/14079369706
Direction: 80
Zone: traffic
Camera type: fixed</description>
      <Point>
        <coordinates>-81.6349151,41.5196379,0</coordinates>
      </Point>
    </Placemark>
    <Placemark>
      <name>ALPR</name>
      <description>OSM node: https://www.openstreetmap.org/node/14079369707
Direction: 75
Zone: traffic
Camera type: fixed</description>
      <Point>
        <coordinates>-81.6360957,41.5195052,0</coordinates>
      </Point>
    </Placemark>
    <Placemark>
      <name>ALPR</name>
      <description>OSM node: https://www.openstreetmap.org/node/14079369708
Direction: 255
Zone: traffic
Camera type: fixed</description>
      <Point>
        <coordinates>-81.6373284,41.5195333,0</coordinates>
      </Point>
    </Placemark>
    <Placemark>
      <name>ALPR</name>
      <description>OSM node: https://www.openstreetmap.org/node/14079369709
Direction: 260
Zone: traffic
Camera type: fixed</description>
      <Point>
        <coordinates>-81.6462872,41.5185817,0</coordinates>
      </Point>
    </Placemark>
    <Placemark>
      <name>ALPR</name>
      <description>OSM node: https://www.openstreetmap.org/node/14079369710
Direction: 265
Zone: traffic
Camera type: fixed</description>
      <Point>
        <coordinates>-81.7092588,41.4904862,0</coordinates>
      </Point>
    </Placemark>
    <Placemark>
      <name>ALPR</name>
      <description>OSM node: https://www.openstreetmap.org/node/14079369711
Direction: 10
Zone: traffic
Camera type: fixed</description>
      <Point>
        <coordinates>-81.5854194,41.5492432,0</coordinates>
      </Point>
    </Placemark>
    <Placemark>
      <name>ALPR</name>
      <description>OSM node: https://www.openstreetmap.org/node/14079369712
Direction: 180
Zone: traffic
Camera type: fixed</description>
      <Point>
        <coordinates>-81.5900035,41.5522266,0</coordinates>
      </Point>
    </Placemark>
    <Placemark>
      <name>ALPR</name>
      <description>OSM node: https://www.openstreetmap.org/node/14079393601
Manufacturer: Flock Safety
Direction: 308
Zone: traffic
Camera type: fixed</description>
      <Point>
        <coordinates>-81.063934,41.3706474,0</coordinates>
      </Point>
    </Placemark>
    <Placemark>
      <name>ALPR</name>
      <description>OSM node: https://www.openstreetmap.org/node/14079394001
Manufacturer: Axis Communications
Direction: 0;0;0
Zone: traffic
Camera type: fixed</description>
      <Point>
        <coordinates>-81.0637323,41.3706895,0</coordinates>
      </Point>
    </Placemark>
    <Placemark>
      <name>ALPR</name>
      <description>OSM node: https://www.openstreetmap.org/node/14079435902
Manufacturer: Flock Safety
Direction: 149
Zone: traffic
Camera type: fixed</description>
      <Point>
        <coordinates>-81.3653783,40.8456271,0</coordinates>
      </Point>
    </Placemark>
    <Placemark>
      <name>ALPR</name>
      <description>OSM node: https://www.openstreetmap.org/node/14079444201
Manufacturer: Flock Safety
Direction: 38
Zone: traffic
Camera type: fixed</description>
      <Point>
        <coordinates>-81.4079932,40.8118177,0</coordinates>
      </Point>
    </Placemark>
    <Placemark>
      <name>ALPR</name>
      <description>OSM node: https://www.openstreetmap.org/node/14079451701
Manufacturer: Flock Safety
Direction: 0
Zone: traffic
Camera type: fixed</description>
      <Point>
        <coordinates>-80.745524,40.3655955,0</coordinates>
      </Point>
    </Placemark>
    <Placemark>
      <name>ALPR</name>
      <description>OSM node: https://www.openstreetmap.org/node/14079621701
Manufacturer: Flock Safety
Direction: 0
Zone: traffic
Camera type: fixed</description>
      <Point>
        <coordinates>-81.4864221,41.1215738,0</coordinates>
      </Point>
    </Placemark>
    <Placemark>
      <name>ALPR</name>
      <description>OSM node: https://www.openstreetmap.org/node/14079638402
Manufacturer: Flock Safety
Direction: 60
Zone: traffic
Camera type: fixed</description>
      <Point>
        <coordinates>-81.0518389,41.5625231,0</coordinates>
      </Point>
    </Placemark>
    <Placemark>
      <name>ALPR</name>
      <description>OSM node: https://www.openstreetmap.org/node/14079660901
Manufacturer: Flock Safety
Direction: 128
Zone: traffic
Camera type: fixed</description>
      <Point>
        <coordinates>-81.3895966,40.836362,0</coordinates>
      </Point>
    </Placemark>
    <Placemark>
      <name>ALPR</name>
      <description>OSM node: https://www.openstreetmap.org/node/14080031701
Manufacturer: Flock Safety
Direction: 218
Zone: traffic
Camera type: fixed</description>
      <Point>
        <coordinates>-80.8631983,41.2643367,0</coordinates>
      </Point>
    </Placemark>
    <Placemark>
      <name>ALPR</name>
      <description>OSM node: https://www.openstreetmap.org/node/14080031702
Manufacturer: Flock Safety
Direction: 99;32;169;237
Zone: traffic
Camera type: fixed</description>
      <Point>
        <coordinates>-80.862872,41.2645209,0</coordinates>
      </Point>
    </Placemark>
    <Placemark>
      <name>ALPR</name>
      <description>OSM node: https://www.openstreetmap.org/node/14080104401
Manufacturer: Flock Safety
Direction: 28
Zone: traffic
Camera type: fixed</description>
      <Point>
        <coordinates>-83.2041308,40.1323025,0</coordinates>
      </Point>
    </Placemark>
    <Placemark>
      <name>ALPR</name>
      <description>OSM node: https://www.openstreetmap.org/node/14080105301
Manufacturer: Flock Safety
Direction: 17
Zone: traffic
Camera type: fixed</description>
      <Point>
        <coordinates>-83.2053228,40.1332806,0</coordinates>
      </Point>
    </Placemark>
    <Placemark>
      <name>ALPR</name>
      <description>OSM node: https://www.openstreetmap.org/node/14080360901
Manufacturer: Flock Safety
Direction: 176
Zone: traffic
Camera type: fixed</description>
      <Point>
        <coordinates>-84.412394,39.2648306,0</coordinates>
      </Point>
    </Placemark>
    <Placemark>
      <name>ALPR</name>
      <description>OSM node: https://www.openstreetmap.org/node/14080511301
Manufacturer: Flock Safety
Direction: 339
Zone: traffic
Camera type: fixed</description>
      <Point>
        <coordinates>-84.2015406,39.3365126,0</coordinates>
      </Point>
    </Placemark>
    <Placemark>
      <name>ALPR</name>
      <description>OSM node: https://www.openstreetmap.org/node/14080560701
Manufacturer: Flock Safety
Direction: 168
Zone: traffic
Camera type: fixed</description>
      <Point>
        <coordinates>-84.1208504,39.7454829,0</coordinates>
      </Point>
    </Placemark>
    <Placemark>
      <name>ALPR</name>
      <description>OSM node: https://www.openstreetmap.org/node/14080639601
Manufacturer: Flock Safety
Direction: 0
Zone: traffic
Camera type: fixed</description>
      <Point>
        <coordinates>-83.4968275,41.7202436,0</coordinates>
      </Point>
    </Placemark>
    <Placemark>
      <name>ALPR</name>
      <description>OSM node: https://www.openstreetmap.org/node/14080677601
Manufacturer: Flock Safety
Direction: 0
Zone: traffic
Camera type: fixed</description>
      <Point>
        <coordinates>-83.6960905,41.5218151,0</coordinates>
      </Point>
    </Placemark>
    <Placemark>
      <name>ALPR</name>
      <description>OSM node: https://www.openstreetmap.org/node/14080691101
Manufacturer: Flock Safety
Direction: 266
Zone: traffic
Camera type: fixed</description>
      <Point>
        <coordinates>-84.136876,39.8871347,0</coordinates>
      </Point>
    </Placemark>
    <Placemark>
      <name>ALPR</name>
      <description>OSM node: https://www.openstreetmap.org/node/14080695701
Manufacturer: Flock Safety
Direction: 250
Zone: traffic
Camera type: fixed</description>
      <Point>
        <coordinates>-84.5282222,39.3329885,0</coordinates>
      </Point>
    </Placemark>
    <Placemark>
      <name>ALPR</name>
      <description>OSM node: https://www.openstreetmap.org/node/14080725101
Manufacturer: Flock Safety
Direction: 18
Zone: traffic
Camera type: fixed</description>
      <Point>
        <coordinates>-81.5234996,41.5102997,0</coordinates>
      </Point>
    </Placemark>
    <Placemark>
      <name>ALPR</name>
      <description>OSM node: https://www.openstreetmap.org/node/14080725502
Manufacturer: Flock Safety
Direction: 194
Zone: traffic
Camera type: fixed</description>
      <Point>
        <coordinates>-81.5238814,41.5098081,0</coordinates>
      </Point>
    </Placemark>
    <Placemark>
      <name>ALPR</name>
      <description>OSM node: https://www.openstreetmap.org/node/14080741002
Manufacturer: Flock Safety
Direction: 191
Zone: traffic
Camera type: fixed</description>
      <Point>
        <coordinates>-83.6717611,41.6746031,0</coordinates>
      </Point>
    </Placemark>
    <Placemark>
      <name>ALPR</name>
      <description>OSM node: https://www.openstreetmap.org/node/14081107601
Manufacturer: Flock Safety
Direction: 0
Zone: traffic
Camera type: fixed</description>
      <Point>
        <coordinates>-84.5301014,39.3116796,0</coordinates>
      </Point>
    </Placemark>
    <Placemark>
      <name>ALPR</name>
      <description>OSM node: https://www.openstreetmap.org/node/14081151602
Manufacturer: Flock Safety
Direction: 231
Zone: traffic
Camera type: fixed</description>
      <Point>
        <coordinates>-81.3655096,40.8384351,0</coordinates>
      </Point>
    </Placemark>
    <Placemark>
      <name>ALPR</name>
      <description>OSM node: https://www.openstreetmap.org/node/14081224201
Manufacturer: Flock Safety
Direction: 208
Zone: traffic
Camera type: fixed</description>
      <Point>
        <coordinates>-82.2276985,38.8417312,0</coordinates>
      </Point>
    </Placemark>
    <Placemark>
      <name>ALPR</name>
      <description>OSM node: https://www.openstreetmap.org/node/14081224901
Manufacturer: Flock Safety
Direction: 73
Zone: traffic
Camera type: fixed</description>
      <Point>
        <coordinates>-82.2317383,38.8437411,0</coordinates>
      </Point>
    </Placemark>
    <Placemark>
      <name>ALPR</name>
      <description>OSM node: https://www.openstreetmap.org/node/14081248301
Manufacturer: Flock Safety
Direction: 242
Zone: traffic
Camera type: fixed</description>
      <Point>
        <coordinates>-83.170989,40.131218,0</coordinates>
      </Point>
    </Placemark>
    <Placemark>
      <name>ALPR</name>
      <description>OSM node: https://www.openstreetmap.org/node/14081336702
Manufacturer: Flock Safety
Direction: 196
Zone: traffic
Camera type: fixed</description>
      <Point>
        <coordinates>-82.0045479,41.0400586,0</coordinates>
      </Point>
    </Placemark>
    <Placemark>
      <name>ALPR</name>
      <description>OSM node: https://www.openstreetmap.org/node/14081424101
Manufacturer: Flock Safety
Direction: 225
Zone: traffic
Camera type: fixed</description>
      <Point>
        <coordinates>-81.3918952,40.8464511,0</coordinates>
      </Point>
    </Placemark>
    <Placemark>
      <name>ALPR</name>
      <description>OSM node: https://www.openstreetmap.org/node/14082133701
Manufacturer: Flock Safety
Direction: 251
Zone: traffic
Camera type: fixed</description>
      <Point>
        <coordinates>-82.8113237,40.1325214,0</coordinates>
      </Point>
    </Placemark>
    <Placemark>
      <name>ALPR</name>
      <description>OSM node: https://www.openstreetmap.org/node/14082173267
Manufacturer: Flock Safety
Direction: 240
Zone: street
Camera type: fixed</description>
      <Point>
        <coordinates>-81.4590554,41.5631482,0</coordinates>
      </Point>
    </Placemark>
    <Placemark>
      <name>ALPR</name>
      <description>OSM node: https://www.openstreetmap.org/node/14082195201
Manufacturer: Flock Safety
Direction: 9
Zone: traffic
Camera type: fixed</description>
      <Point>
        <coordinates>-81.8167335,41.4502321,0</coordinates>
      </Point>
    </Placemark>
    <Placemark>
      <name>ALPR</name>
      <description>OSM node: https://www.openstreetmap.org/node/14082197101
Manufacturer: Flock Safety
Direction: 182
Zone: traffic
Camera type: fixed</description>
      <Point>
        <coordinates>-81.816841,41.4500541,0</coordinates>
      </Point>
    </Placemark>
    <Placemark>
      <name>ALPR</name>
      <description>OSM node: https://www.openstreetmap.org/node/14082409801
Manufacturer: Flock Safety
Direction: 75
Zone: traffic
Camera type: fixed</description>
      <Point>
        <coordinates>-81.082577,40.5736354,0</coordinates>
      </Point>
    </Placemark>
    <Placemark>
      <name>ALPR</name>
      <description>OSM node: https://www.openstreetmap.org/node/14082461002
Manufacturer: Flock Safety
Direction: 161
Zone: traffic
Camera type: fixed</description>
      <Point>
        <coordinates>-84.5602082,39.3376639,0</coordinates>
      </Point>
    </Placemark>
    <Placemark>
      <name>ALPR</name>
      <description>OSM node: https://www.openstreetmap.org/node/14082636801
Manufacturer: Flock Safety
Direction: 313
Zone: traffic
Camera type: fixed</description>
      <Point>
        <coordinates>-84.5600336,39.3377926,0</coordinates>
      </Point>
    </Placemark>
    <Placemark>
      <name>ALPR</name>
      <description>OSM node: https://www.openstreetmap.org/node/14084227601
Manufacturer: Flock Safety
Direction: 325
Zone: traffic
Camera type: fixed</description>
      <Point>
        <coordinates>-81.4397165,41.6038291,0</coordinates>
      </Point>
    </Placemark>
    <Placemark>
      <name>ALPR</name>
      <description>OSM node: https://www.openstreetmap.org/node/14084272001
Manufacturer: Flock Safety
Direction: 157
Zone: traffic
Camera type: fixed</description>
      <Point>
        <coordinates>-83.1595507,40.0534528,0</coordinates>
      </Point>
    </Placemark>
    <Placemark>
      <name>ALPR</name>
      <description>OSM node: https://www.openstreetmap.org/node/14084279469
Manufacturer: Flock Safety
Direction: 90
Zone: traffic
Camera type: fixed</description>
      <Point>
        <coordinates>-83.792066,40.3627972,0</coordinates>
      </Point>
    </Placemark>
    <Placemark>
      <name>ALPR</name>
      <description>OSM node: https://www.openstreetmap.org/node/14084309402
Manufacturer: Flock Safety
Direction: 44
Zone: traffic
Camera type: fixed</description>
      <Point>
        <coordinates>-83.3355948,41.3844913,0</coordinates>
      </Point>
    </Placemark>
    <Placemark>
      <name>ALPR</name>
      <description>OSM node: https://www.openstreetmap.org/node/14084334501
Manufacturer: Flock Safety
Direction: 154
Zone: traffic
Camera type: fixed</description>
      <Point>
        <coordinates>-83.3196205,41.3988213,0</coordinates>
      </Point>
    </Placemark>
    <Placemark>
      <name>ALPR</name>
      <description>OSM node: https://www.openstreetmap.org/node/14084336702
Manufacturer: Flock Safety
Direction: 172
Zone: traffic
Camera type: fixed</description>
      <Point>
        <coordinates>-82.687557,40.0807063,0</coordinates>
      </Point>
    </Placemark>
    <Placemark>
      <name>ALPR</name>
      <description>OSM node: https://www.openstreetmap.org/node/14084340901
Manufacturer: Flock Safety
Direction: 172
Zone: traffic
Camera type: fixed</description>
      <Point>
        <coordinates>-82.687557,40.0807063,0</coordinates>
      </Point>
    </Placemark>
    <Placemark>
      <name>ALPR</name>
      <description>OSM node: https://www.openstreetmap.org/node/14084374501
Manufacturer: Flock Safety
Direction: 304
Zone: traffic
Camera type: fixed</description>
      <Point>
        <coordinates>-83.0391387,40.0851367,0</coordinates>
      </Point>
    </Placemark>
    <Placemark>
      <name>ALPR</name>
      <description>OSM node: https://www.openstreetmap.org/node/14084469401
Manufacturer: Flock Safety
Direction: 271
Zone: traffic
Camera type: fixed</description>
      <Point>
        <coordinates>-84.2943252,39.2464576,0</coordinates>
      </Point>
    </Placemark>
    <Placemark>
      <name>ALPR</name>
      <description>OSM node: https://www.openstreetmap.org/node/14084479001
Manufacturer: Flock Safety
Direction: 323
Zone: traffic
Camera type: fixed</description>
      <Point>
        <coordinates>-81.7805075,41.3932882,0</coordinates>
      </Point>
    </Placemark>
    <Placemark>
      <name>ALPR</name>
      <description>OSM node: https://www.openstreetmap.org/node/14084591601
Manufacturer: Flock Safety
Direction: 250
Zone: traffic
Camera type: fixed</description>
      <Point>
        <coordinates>-82.9658276,38.8723406,0</coordinates>
      </Point>
    </Placemark>
    <Placemark>
      <name>ALPR</name>
      <description>OSM node: https://www.openstreetmap.org/node/14084633777
Manufacturer: Flock Safety
Direction: 345
Zone: traffic
Camera type: fixed</description>
      <Point>
        <coordinates>-82.1364109,41.4366592,0</coordinates>
      </Point>
    </Placemark>
    <Placemark>
      <name>ALPR</name>
      <description>OSM node: https://www.openstreetmap.org/node/14084663901
Manufacturer: Flock Safety
Direction: 83
Zone: traffic
Camera type: fixed</description>
      <Point>
        <coordinates>-82.9254249,40.1096573,0</coordinates>
      </Point>
    </Placemark>
    <Placemark>
      <name>ALPR</name>
      <description>OSM node: https://www.openstreetmap.org/node/14084669901
Manufacturer: Flock Safety
Direction: 353
Zone: traffic
Camera type: fixed</description>
      <Point>
        <coordinates>-82.9247931,40.1023982,0</coordinates>
      </Point>
    </Placemark>
    <Placemark>
      <name>ALPR</name>
      <description>OSM node: https://www.openstreetmap.org/node/14084783401
Manufacturer: Flock Safety
Direction: 193
Zone: traffic
Camera type: fixed</description>
      <Point>
        <coordinates>-82.6850637,41.2503889,0</coordinates>
      </Point>
    </Placemark>
    <Placemark>
      <name>ALPR</name>
      <description>OSM node: https://www.openstreetmap.org/node/14084821702
Manufacturer: Flock Safety
Direction: 118;258
Zone: traffic
Camera type: fixed</description>
      <Point>
        <coordinates>-82.7305752,39.9074755,0</coordinates>
      </Point>
    </Placemark>
    <Placemark>
      <name>ALPR</name>
      <description>OSM node: https://www.openstreetmap.org/node/14085472102
Manufacturer: Flock Safety
Direction: 222
Zone: traffic
Camera type: fixed</description>
      <Point>
        <coordinates>-80.81654,40.9023161,0</coordinates>
      </Point>
    </Placemark>
    <Placemark>
      <name>ALPR</name>
      <description>OSM node: https://www.openstreetmap.org/node/14085827502
Manufacturer: Flock Safety
Direction: 202
Zone: traffic
Camera type: fixed</description>
      <Point>
        <coordinates>-84.2253001,39.7558667,0</coordinates>
      </Point>
    </Placemark>
    <Placemark>
      <name>ALPR</name>
      <description>OSM node: https://www.openstreetmap.org/node/14085830402
Manufacturer: Flock Safety
Direction: 174
Zone: traffic
Camera type: fixed</description>
      <Point>
        <coordinates>-84.4844127,39.2935833,0</coordinates>
      </Point>
    </Placemark>
    <Placemark>
      <name>ALPR</name>
      <description>OSM node: https://www.openstreetmap.org/node/14085851404
Manufacturer: Flock Safety
Direction: 0
Zone: traffic
Camera type: fixed</description>
      <Point>
        <coordinates>-81.2449079,41.6669619,0</coordinates>
      </Point>
    </Placemark>
    <Placemark>
      <name>ALPR</name>
      <description>OSM node: https://www.openstreetmap.org/node/14085856502
Manufacturer: Flock Safety
Direction: 33
Zone: traffic
Camera type: fixed</description>
      <Point>
        <coordinates>-81.2454625,41.6642177,0</coordinates>
      </Point>
    </Placemark>
    <Placemark>
      <name>ALPR</name>
      <description>OSM node: https://www.openstreetmap.org/node/14085856503
Manufacturer: Flock Safety
Direction: 199
Zone: traffic
Camera type: fixed</description>
      <Point>
        <coordinates>-81.2453604,41.664357,0</coordinates>
      </Point>
    </Placemark>
    <Placemark>
      <name>ALPR</name>
      <description>OSM node: https://www.openstreetmap.org/node/14085927601
Manufacturer: Flock Safety
Direction: 0
Zone: traffic
Camera type: fixed</description>
      <Point>
        <coordinates>-82.9799157,40.0004992,0</coordinates>
      </Point>
    </Placemark>
    <Placemark>
      <name>ALPR</name>
      <description>OSM node: https://www.openstreetmap.org/node/14086194902
Manufacturer: Flock Safety
Direction: 357
Zone: traffic
Camera type: fixed</description>
      <Point>
        <coordinates>-82.1850817,41.450958,0</coordinates>
      </Point>
    </Placemark>
    <Placemark>
      <name>ALPR</name>
      <description>OSM node: https://www.openstreetmap.org/node/14086285101
Manufacturer: Flock Safety
Direction: 82
Zone: traffic
Camera type: fixed</description>
      <Point>
        <coordinates>-83.0069383,39.9967629,0</coordinates>
      </Point>
    </Placemark>
    <Placemark>
      <name>ALPR</name>
      <description>OSM node: https://www.openstreetmap.org/node/14086285202
Manufacturer: Flock Safety
Direction: 46
Zone: traffic
Camera type: fixed</description>
      <Point>
        <coordinates>-82.8725099,39.9762633,0</coordinates>
      </Point>
    </Placemark>
    <Placemark>
      <name>ALPR</name>
      <description>OSM node: https://www.openstreetmap.org/node/14086321102
Manufacturer: Flock Safety
Direction: 242
Zone: traffic
Camera type: fixed</description>
      <Point>
        <coordinates>-82.3910161,41.4141894,0</coordinates>
      </Point>
    </Placemark>
    <Placemark>
      <name>ALPR</name>
      <description>OSM node: https://www.openstreetmap.org/node/14086439001
Manufacturer: Flock Safety
Direction: 153
Zone: traffic
Camera type: fixed</description>
      <Point>
        <coordinates>-80.8803735,41.2323956,0</coordinates>
      </Point>
    </Placemark>
    <Placemark>
      <name>ALPR</name>
      <description>OSM node: https://www.openstreetmap.org/node/14086479702
Manufacturer: Flock Safety
Direction: 0
Zone: traffic
Camera type: fixed</description>
      <Point>
        <coordinates>-84.3806265,39.3751795,0</coordinates>
      </Point>
    </Placemark>
    <Placemark>
      <name>ALPR</name>
      <description>OSM node: https://www.openstreetmap.org/node/14086525101
Manufacturer: Flock Safety
Direction: 264
Zone: traffic
Camera type: fixed</description>
      <Point>
        <coordinates>-81.0975599,40.559929,0</coordinates>
      </Point>
    </Placemark>
    <Placemark>
      <name>ALPR</name>
      <description>OSM node: https://www.openstreetmap.org/node/14086532403
Manufacturer: Flock Safety
Direction: 294
Zone: traffic
Camera type: fixed</description>
      <Point>
        <coordinates>-84.5144269,39.1147621,0</coordinates>
      </Point>
    </Placemark>
    <Placemark>
      <name>ALPR</name>
      <description>OSM node: https://www.openstreetmap.org/node/14086565701
Manufacturer: Flock Safety
Direction: 325
Zone: traffic
Camera type: fixed</description>
      <Point>
        <coordinates>-83.1260808,39.9412441,0</coordinates>
      </Point>
    </Placemark>
    <Placemark>
      <name>ALPR</name>
      <description>OSM node: https://www.openstreetmap.org/node/14086672001
Manufacturer: Flock Safety
Direction: 130
Zone: traffic
Camera type: fixed</description>
      <Point>
        <coordinates>-83.2857632,41.0994877,0</coordinates>
      </Point>
    </Placemark>
    <Placemark>
      <name>ALPR</name>
      <description>OSM node: https://www.openstreetmap.org/node/14086672301
Manufacturer: Flock Safety
Direction: 54
Zone: traffic
Camera type: fixed</description>
      <Point>
        <coordinates>-83.2855338,41.1234346,0</coordinates>
      </Point>
    </Placemark>
    <Placemark>
      <name>ALPR</name>
      <description>OSM node: https://www.openstreetmap.org/node/14086674101
Manufacturer: Flock Safety
Direction: 48
Zone: traffic
Camera type: fixed</description>
      <Point>
        <coordinates>-83.1684593,41.1676246,0</coordinates>
      </Point>
    </Placemark>
    <Placemark>
      <name>ALPR</name>
      <description>OSM node: https://www.openstreetmap.org/node/14086704701
Manufacturer: Flock Safety
Direction: 332
Zone: traffic
Camera type: fixed</description>
      <Point>
        <coordinates>-82.8704901,40.0557443,0</coordinates>
      </Point>
    </Placemark>
    <Placemark>
      <name>ALPR</name>
      <description>OSM node: https://www.openstreetmap.org/node/14086749901
Manufacturer: Flock Safety
Direction: 32
Zone: traffic
Camera type: fixed</description>
      <Point>
        <coordinates>-84.2015103,40.0417312,0</coordinates>
      </Point>
    </Placemark>
    <Placemark>
      <name>ALPR</name>
      <description>OSM node: https://www.openstreetmap.org/node/14087416901
Manufacturer: Flock Safety
Direction: 134
Zone: traffic
Camera type: fixed</description>
      <Point>
        <coordinates>-81.5435366,41.5615874,0</coordinates>
      </Point>
    </Placemark>
    <Placemark>
      <name>ALPR</name>
      <description>OSM node: https://www.openstreetmap.org/node/14087470402
Manufacturer: Flock Safety
Direction: 155
Zone: traffic
Camera type: fixed</description>
      <Point>
        <coordinates>-84.2872376,39.3895884,0</coordinates>
      </Point>
    </Placemark>
    <Placemark>
      <name>ALPR</name>
      <description>OSM node: https://www.openstreetmap.org/node/14087647701
Manufacturer: Flock Safety
Direction: 268
Zone: traffic
Camera type: fixed</description>
      <Point>
        <coordinates>-81.7347511,41.0991985,0</coordinates>
      </Point>
    </Placemark>
    <Placemark>
      <name>ALPR</name>
      <description>OSM node: https://www.openstreetmap.org/node/14087670901
Manufacturer: Flock Safety
Direction: 255
Zone: traffic
Camera type: fixed</description>
      <Point>
        <coordinates>-81.4376366,41.6254201,0</coordinates>
      </Point>
    </Placemark>
    <Placemark>
      <name>ALPR</name>
      <description>OSM node: https://www.openstreetmap.org/node/14088026402
Manufacturer: Flock Safety
Direction: 180
Zone: traffic
Camera type: fixed</description>
      <Point>
        <coordinates>-81.8110217,41.3017663,0</coordinates>
      </Point>
    </Placemark>
    <Placemark>
      <name>ALPR</name>
      <description>OSM node: https://www.openstreetmap.org/node/14088082501
Manufacturer: Flock Safety
Direction: 23
Zone: traffic
Camera type: fixed</description>
      <Point>
        <coordinates>-84.1441969,39.789148,0</coordinates>
      </Point>
    </Placemark>
    <Placemark>
      <name>ALPR</name>
      <description>OSM node: https://www.openstreetmap.org/node/14088183602
Manufacturer: Flock Safety
Direction: 226
Zone: traffic
Camera type: fixed</description>
      <Point>
        <coordinates>-81.4568663,41.6425688,0</coordinates>
      </Point>
    </Placemark>
    <Placemark>
      <name>ALPR</name>
      <description>OSM node: https://www.openstreetmap.org/node/14088220501
Manufacturer: Flock Safety
Direction: 335
Zone: traffic
Camera type: fixed</description>
      <Point>
        <coordinates>-81.456861,41.6425928,0</coordinates>
      </Point>
    </Placemark>
    <Placemark>
      <name>ALPR</name>
      <description>OSM node: https://www.openstreetmap.org/node/14088223101
Manufacturer: Flock Safety
Direction: 266
Zone: traffic
Camera type: fixed</description>
      <Point>
        <coordinates>-81.4506835,41.6425245,0</coordinates>
      </Point>
    </Placemark>
    <Placemark>
      <name>ALPR</name>
      <description>OSM node: https://www.openstreetmap.org/node/14088224802
Manufacturer: Flock Safety
Direction: 179
Zone: traffic
Camera type: fixed</description>
      <Point>
        <coordinates>-81.4376563,41.6385857,0</coordinates>
      </Point>
    </Placemark>
    <Placemark>
      <name>ALPR</name>
      <description>OSM node: https://www.openstreetmap.org/node/14088224904
Manufacturer: Flock Safety
Direction: 348
Zone: traffic
Camera type: fixed</description>
      <Point>
        <coordinates>-81.4374617,41.6370188,0</coordinates>
      </Point>
    </Placemark>
    <Placemark>
      <name>ALPR</name>
      <description>OSM node: https://www.openstreetmap.org/node/14088299501
Manufacturer: Flock Safety
Direction: 196
Zone: traffic
Camera type: fixed</description>
      <Point>
        <coordinates>-84.2354085,39.8200886,0</coordinates>
      </Point>
    </Placemark>
    <Placemark>
      <name>ALPR</name>
      <description>OSM node: https://www.openstreetmap.org/node/14088369095
Manufacturer: Flock Safety
Zone: traffic
Camera type: fixed</description>
      <Point>
        <coordinates>-80.7325099,41.3081749,0</coordinates>
      </Point>
    </Placemark>
    <Placemark>
      <name>ALPR</name>
      <description>OSM node: https://www.openstreetmap.org/node/14088579901
Manufacturer: Flock Safety
Direction: 211
Zone: traffic
Camera type: fixed</description>
      <Point>
        <coordinates>-81.7281216,41.0361544,0</coordinates>
      </Point>
    </Placemark>
    <Placemark>
      <name>ALPR</name>
      <description>OSM node: https://www.openstreetmap.org/node/14088620315
Manufacturer: Flock Safety
Direction: 120
Zone: traffic
Camera type: fixed</description>
      <Point>
        <coordinates>-81.4822353,41.1201143,0</coordinates>
      </Point>
    </Placemark>
    <Placemark>
      <name>ALPR</name>
      <description>OSM node: https://www.openstreetmap.org/node/14088660862
Manufacturer: Flock Safety
Direction: 150
Zone: traffic
Camera type: fixed</description>
      <Point>
        <coordinates>-81.4886773,41.1008212,0</coordinates>
      </Point>
    </Placemark>
    <Placemark>
      <name>ALPR</name>
      <description>OSM node: https://www.openstreetmap.org/node/14088673401
Manufacturer: Flock Safety
Direction: 246
Zone: traffic
Camera type: fixed</description>
      <Point>
        <coordinates>-81.6155757,41.5217459,0</coordinates>
      </Point>
    </Placemark>
    <Placemark>
      <name>ALPR</name>
      <description>OSM node: https://www.openstreetmap.org/node/14088673404
Manufacturer: Flock Safety
Direction: 158
Zone: traffic
Camera type: fixed</description>
      <Point>
        <coordinates>-81.6155898,41.5215606,0</coordinates>
      </Point>
    </Placemark>
    <Placemark>
      <name>ALPR</name>
      <description>OSM node: https://www.openstreetmap.org/node/14088719335
Manufacturer: Flock Safety
Direction: 90
Zone: traffic
Camera type: fixed</description>
      <Point>
        <coordinates>-84.3681887,39.2498889,0</coordinates>
      </Point>
    </Placemark>
    <Placemark>
      <name>ALPR</name>
      <description>OSM node: https://www.openstreetmap.org/node/14088719337
Manufacturer: Flock Safety
Direction: 90
Zone: traffic
Camera type: fixed</description>
      <Point>
        <coordinates>-84.3682016,39.2498164,0</coordinates>
      </Point>
    </Placemark>
    <Placemark>
      <name>ALPR</name>
      <description>OSM node: https://www.openstreetmap.org/node/14088905801
Manufacturer: Flock Safety
Direction: 254
Zone: traffic
Camera type: fixed</description>
      <Point>
        <coordinates>-81.8076847,41.2907569,0</coordinates>
      </Point>
    </Placemark>
    <Placemark>
      <name>ALPR</name>
      <description>OSM node: https://www.openstreetmap.org/node/14088995901
Manufacturer: Flock Safety
Direction: 258
Zone: traffic
Camera type: fixed</description>
      <Point>
        <coordinates>-81.3487821,41.2378001,0</coordinates>
      </Point>
    </Placemark>
    <Placemark>
      <name>ALPR</name>
      <description>OSM node: https://www.openstreetmap.org/node/14089489601
Manufacturer: Flock Safety
Direction: 322
Zone: traffic
Camera type: fixed</description>
      <Point>
        <coordinates>-81.8241404,41.3524945,0</coordinates>
      </Point>
    </Placemark>
    <Placemark>
      <name>ALPR</name>
      <description>OSM node: https://www.openstreetmap.org/node/14090503801
Manufacturer: Flock Safety
Direction: 193
Zone: traffic
Camera type: fixed</description>
      <Point>
        <coordinates>-82.1287419,40.9588485,0</coordinates>
      </Point>
    </Placemark>
    <Placemark>
      <name>ALPR</name>
      <description>OSM node: https://www.openstreetmap.org/node/14090505002
Manufacturer: Flock Safety
Direction: 27
Zone: traffic
Camera type: fixed</description>
      <Point>
        <coordinates>-82.0806254,40.9921978,0</coordinates>
      </Point>
    </Placemark>
    <Placemark>
      <name>ALPR</name>
      <description>OSM node: https://www.openstreetmap.org/node/14090532401
Manufacturer: Flock Safety
Direction: 83
Zone: traffic
Camera type: fixed</description>
      <Point>
        <coordinates>-82.8952308,39.887614,0</coordinates>
      </Point>
    </Placemark>
    <Placemark>
      <name>ALPR</name>
      <description>OSM node: https://www.openstreetmap.org/node/14090716501
Manufacturer: Axis Communications
Direction: 42
Zone: traffic
Camera type: fixed</description>
      <Point>
        <coordinates>-81.6942505,40.7948068,0</coordinates>
      </Point>
    </Placemark>
    <Placemark>
      <name>ALPR</name>
      <description>OSM node: https://www.openstreetmap.org/node/14090726201
Manufacturer: Flock Safety
Direction: 134
Zone: traffic
Camera type: fixed</description>
      <Point>
        <coordinates>-83.1253587,40.051203,0</coordinates>
      </Point>
    </Placemark>
    <Placemark>
      <name>ALPR</name>
      <description>OSM node: https://www.openstreetmap.org/node/14090844501
Manufacturer: Flock Safety
Direction: 340
Zone: traffic
Camera type: fixed</description>
      <Point>
        <coordinates>-82.9751545,39.9629817,0</coordinates>
      </Point>
    </Placemark>
    <Placemark>
      <name>ALPR</name>
      <description>OSM node: https://www.openstreetmap.org/node/14090845102
Manufacturer: Flock Safety
Direction: 187
Zone: traffic
Camera type: fixed</description>
      <Point>
        <coordinates>-82.4849811,40.7711008,0</coordinates>
      </Point>
    </Placemark>
    <Placemark>
      <name>ALPR</name>
      <description>OSM node: https://www.openstreetmap.org/node/14090845627
Manufacturer: Flock Safety
Direction: 325
Zone: traffic
Camera type: fixed</description>
      <Point>
        <coordinates>-81.3792901,41.350712,0</coordinates>
      </Point>
    </Placemark>
    <Placemark>
      <name>ALPR</name>
      <description>OSM node: https://www.openstreetmap.org/node/14091132801
Manufacturer: Axis Communications
Direction: 204
Zone: traffic
Camera type: fixed</description>
      <Point>
        <coordinates>-84.4634104,39.1895477,0</coordinates>
      </Point>
    </Placemark>
    <Placemark>
      <name>ALPR</name>
      <description>OSM node: https://www.openstreetmap.org/node/14091159001
Manufacturer: Flock Safety
Direction: 111
Zone: traffic
Camera type: fixed</description>
      <Point>
        <coordinates>-81.3908291,40.8410283,0</coordinates>
      </Point>
    </Placemark>
    <Placemark>
      <name>ALPR</name>
      <description>OSM node: https://www.openstreetmap.org/node/14092306301
Manufacturer: Flock Safety
Direction: 161
Zone: traffic
Camera type: fixed</description>
      <Point>
        <coordinates>-84.6612905,39.1945213,0</coordinates>
      </Point>
    </Placemark>
    <Placemark>
      <name>ALPR</name>
      <description>OSM node: https://www.openstreetmap.org/node/14092536901
Manufacturer: Flock Safety
Direction: 335
Zone: traffic
Camera type: fixed</description>
      <Point>
        <coordinates>-82.0754136,41.4782161,0</coordinates>
      </Point>
    </Placemark>
    <Placemark>
      <name>ALPR</name>
      <description>OSM node: https://www.openstreetmap.org/node/14092735101
Manufacturer: Flock Safety
Direction: 299
Zone: traffic
Camera type: fixed</description>
      <Point>
        <coordinates>-81.3847947,41.5224987,0</coordinates>
      </Point>
    </Placemark>
    <Placemark>
      <name>ALPR</name>
      <description>OSM node: https://www.openstreetmap.org/node/14092832001
Manufacturer: Flock Safety
Direction: 0
Zone: traffic
Camera type: fixed</description>
      <Point>
        <coordinates>-83.3963987,40.942179,0</coordinates>
      </Point>
    </Placemark>
    <Placemark>
      <name>ALPR</name>
      <description>OSM node: https://www.openstreetmap.org/node/14092899801
Manufacturer: Flock Safety
Direction: 52
Zone: traffic
Camera type: fixed</description>
      <Point>
        <coordinates>-82.6478938,41.420316,0</coordinates>
      </Point>
    </Placemark>
    <Placemark>
      <name>ALPR</name>
      <description>OSM node: https://www.openstreetmap.org/node/14092922601
Manufacturer: Flock Safety
Direction: 70
Zone: traffic
Camera type: fixed</description>
      <Point>
        <coordinates>-82.1980793,41.4508159,0</coordinates>
      </Point>
    </Placemark>
    <Placemark>
      <name>ALPR</name>
      <description>OSM node: https://www.openstreetmap.org/node/14092938301
Manufacturer: Flock Safety
Direction: 348
Zone: traffic
Camera type: fixed</description>
      <Point>
        <coordinates>-81.7797847,41.437676,0</coordinates>
      </Point>
    </Placemark>
    <Placemark>
      <name>ALPR</name>
      <description>OSM node: https://www.openstreetmap.org/node/14092953001
Manufacturer: Flock Safety
Direction: 67
Zone: traffic
Camera type: fixed</description>
      <Point>
        <coordinates>-82.318979,40.868664,0</coordinates>
      </Point>
    </Placemark>
    <Placemark>
      <name>ALPR</name>
      <description>OSM node: https://www.openstreetmap.org/node/14093122301
Manufacturer: Motorola Solutions
Direction: 321;260
Zone: traffic
Camera type: fixed</description>
      <Point>
        <coordinates>-81.2617737,41.7309372,0</coordinates>
      </Point>
    </Placemark>
    <Placemark>
      <name>ALPR</name>
      <description>OSM node: https://www.openstreetmap.org/node/14093140901
Manufacturer: Flock Safety
Direction: 345
Zone: traffic
Camera type: fixed</description>
      <Point>
        <coordinates>-84.2002217,39.9861115,0</coordinates>
      </Point>
    </Placemark>
    <Placemark>
      <name>ALPR</name>
      <description>OSM node: https://www.openstreetmap.org/node/14093357802
Manufacturer: Flock Safety
Direction: 170
Zone: traffic
Camera type: fixed</description>
      <Point>
        <coordinates>-83.066302,40.1538386,0</coordinates>
      </Point>
    </Placemark>
    <Placemark>
      <name>ALPR</name>
      <description>OSM node: https://www.openstreetmap.org/node/14093460401
Manufacturer: Flock Safety
Direction: 267
Zone: traffic
Camera type: fixed</description>
      <Point>
        <coordinates>-83.3695195,41.4555064,0</coordinates>
      </Point>
    </Placemark>
    <Placemark>
      <name>ALPR</name>
      <description>OSM node: https://www.openstreetmap.org/node/14093564201
Manufacturer: Flock Safety
Direction: 300
Zone: traffic
Camera type: fixed</description>
      <Point>
        <coordinates>-82.110112,40.9921761,0</coordinates>
      </Point>
    </Placemark>
    <Placemark>
      <name>ALPR</name>
      <description>OSM node: https://www.openstreetmap.org/node/14093578001
Manufacturer: Flock Safety
Direction: 0;187
Zone: traffic
Camera type: fixed</description>
      <Point>
        <coordinates>-83.0038877,39.9561638,0</coordinates>
      </Point>
    </Placemark>
    <Placemark>
      <name>ALPR</name>
      <description>OSM node: https://www.openstreetmap.org/node/14093720302
Manufacturer: Flock Safety
Direction: 334
Zone: traffic
Camera type: fixed</description>
      <Point>
        <coordinates>-81.7579692,41.4192195,0</coordinates>
      </Point>
    </Placemark>
    <Placemark>
      <name>ALPR</name>
      <description>OSM node: https://www.openstreetmap.org/node/14093827201
Manufacturer: Flock Safety
Direction: 204
Zone: traffic
Camera type: fixed</description>
      <Point>
        <coordinates>-84.2578614,39.3164304,0</coordinates>
      </Point>
    </Placemark>
    <Placemark>
      <name>ALPR</name>
      <description>OSM node: https://www.openstreetmap.org/node/14094403801
Manufacturer: Flock Safety
Direction: 278
Zone: traffic
Camera type: fixed</description>
      <Point>
        <coordinates>-82.8082906,41.2667426,0</coordinates>
      </Point>
    </Placemark>
    <Placemark>
      <name>ALPR</name>
      <description>OSM node: https://www.openstreetmap.org/node/14094415001
Manufacturer: Flock Safety
Direction: 312
Zone: traffic
Camera type: fixed</description>
      <Point>
        <coordinates>-84.0938108,40.71691,0</coordinates>
      </Point>
    </Placemark>
    <Placemark>
      <name>ALPR</name>
      <description>OSM node: https://www.openstreetmap.org/node/14094681901
Manufacturer: Flock Safety
Direction: 186
Zone: traffic
Camera type: fixed</description>
      <Point>
        <coordinates>-82.6342276,41.3336712,0</coordinates>
      </Point>
    </Placemark>
    <Placemark>
      <name>ALPR</name>
      <description>OSM node: https://www.openstreetmap.org/node/14094825301
Manufacturer: Flock Safety
Direction: 95
Zone: traffic
Camera type: fixed</description>
      <Point>
        <coordinates>-83.0230978,40.2047722,0</coordinates>
      </Point>
    </Placemark>
    <Placemark>
      <name>ALPR</name>
      <description>OSM node: https://www.openstreetmap.org/node/14094956305
Manufacturer: Flock Safety
Direction: 90
Zone: street</description>
      <Point>
        <coordinates>-80.7322954,40.3730892,0</coordinates>
      </Point>
    </Placemark>
    <Placemark>
      <name>ALPR</name>
      <description>OSM node: https://www.openstreetmap.org/node/14094958201
Manufacturer: Flock Safety
Direction: 87
Zone: traffic
Camera type: fixed</description>
      <Point>
        <coordinates>-84.104702,39.7169813,0</coordinates>
      </Point>
    </Placemark>
    <Placemark>
      <name>ALPR</name>
      <description>OSM node: https://www.openstreetmap.org/node/14095097803
Manufacturer: Flock Safety
Direction: 111
Zone: traffic
Camera type: fixed</description>
      <Point>
        <coordinates>-84.0963931,39.7403501,0</coordinates>
      </Point>
    </Placemark>
    <Placemark>
      <name>ALPR</name>
      <description>OSM node: https://www.openstreetmap.org/node/14095150601
Manufacturer: Flock Safety
Direction: 62
Zone: traffic
Camera type: fixed</description>
      <Point>
        <coordinates>-82.4017384,39.7684197,0</coordinates>
      </Point>
    </Placemark>
    <Placemark>
      <name>ALPR</name>
      <description>OSM node: https://www.openstreetmap.org/node/14095169502
Manufacturer: Flock Safety
Direction: 211
Zone: traffic
Camera type: fixed</description>
      <Point>
        <coordinates>-82.4434661,40.0281333,0</coordinates>
      </Point>
    </Placemark>
    <Placemark>
      <name>ALPR</name>
      <description>OSM node: https://www.openstreetmap.org/node/14095425201
Manufacturer: Flock Safety
Direction: 165
Zone: traffic
Camera type: fixed</description>
      <Point>
        <coordinates>-82.5904998,40.7722854,0</coordinates>
      </Point>
    </Placemark>
    <Placemark>
      <name>ALPR</name>
      <description>OSM node: https://www.openstreetmap.org/node/14095426101
Manufacturer: Flock Safety
Direction: 291
Zone: traffic
Camera type: fixed</description>
      <Point>
        <coordinates>-81.5319764,41.5639262,0</coordinates>
      </Point>
    </Placemark>
    <Placemark>
      <name>ALPR</name>
      <description>OSM node: https://www.openstreetmap.org/node/14095598704
Manufacturer: Flock Safety
Direction: 36
Zone: traffic
Camera type: fixed</description>
      <Point>
        <coordinates>-82.7150483,41.2411071,0</coordinates>
      </Point>
    </Placemark>
    <Placemark>
      <name>ALPR</name>
      <description>OSM node: https://www.openstreetmap.org/node/14095659901
Manufacturer: Flock Safety
Direction: 0;0
Zone: traffic
Camera type: fixed</description>
      <Point>
        <coordinates>-82.2298587,39.5847187,0</coordinates>
      </Point>
    </Placemark>
    <Placemark>
      <name>ALPR</name>
      <description>OSM node: https://www.openstreetmap.org/node/14095660801
Manufacturer: Flock Safety
Direction: 177;0
Zone: traffic
Camera type: fixed</description>
      <Point>
        <coordinates>-82.8054457,40.7379816,0</coordinates>
      </Point>
    </Placemark>
    <Placemark>
      <name>ALPR</name>
      <description>OSM node: https://www.openstreetmap.org/node/14095849301
Manufacturer: Genetec
Direction: 31
Zone: traffic
Camera type: fixed</description>
      <Point>
        <coordinates>-81.2664911,40.872263,0</coordinates>
      </Point>
    </Placemark>
    <Placemark>
      <name>ALPR</name>
      <description>OSM node: https://www.openstreetmap.org/node/14096191201
Manufacturer: Flock Safety
Direction: 261
Zone: traffic
Camera type: fixed</description>
      <Point>
        <coordinates>-81.7350099,41.418657,0</coordinates>
      </Point>
    </Placemark>
    <Placemark>
      <name>ALPR</name>
      <description>OSM node: https://www.openstreetmap.org/node/14096204901
Manufacturer: Flock Safety
Direction: 207
Zone: traffic
Camera type: fixed</description>
      <Point>
        <coordinates>-81.7261679,41.4204782,0</coordinates>
      </Point>
    </Placemark>
    <Placemark>
      <name>ALPR</name>
      <description>OSM node: https://www.openstreetmap.org/node/14096267901
Manufacturer: Flock Safety
Direction: 153
Zone: traffic
Camera type: fixed</description>
      <Point>
        <coordinates>-81.4492845,39.809426,0</coordinates>
      </Point>
    </Placemark>
    <Placemark>
      <name>ALPR</name>
      <description>OSM node: https://www.openstreetmap.org/node/14096269301
Manufacturer: Flock Safety
Direction: 173
Zone: traffic
Camera type: fixed</description>
      <Point>
        <coordinates>-81.4477597,39.8099383,0</coordinates>
      </Point>
    </Placemark>
    <Placemark>
      <name>ALPR</name>
      <description>OSM node: https://www.openstreetmap.org/node/14096269302
Manufacturer: Flock Safety
Direction: 34
Zone: traffic
Camera type: fixed</description>
      <Point>
        <coordinates>-81.4462158,39.8069384,0</coordinates>
      </Point>
    </Placemark>
    <Placemark>
      <name>ALPR</name>
      <description>OSM node: https://www.openstreetmap.org/node/14096793601
Manufacturer: Flock Safety
Direction: 340
Zone: traffic
Camera type: fixed</description>
      <Point>
        <coordinates>-81.6019185,41.5060026,0</coordinates>
      </Point>
    </Placemark>
    <Placemark>
      <name>ALPR</name>
      <description>OSM node: https://www.openstreetmap.org/node/14097222489
Manufacturer: Flock Safety
Direction: 250
Zone: traffic
Camera type: fixed</description>
      <Point>
        <coordinates>-80.7183632,40.3764825,0</coordinates>
      </Point>
    </Placemark>
    <Placemark>
      <name>ALPR</name>
      <description>OSM node: https://www.openstreetmap.org/node/14097374601
Manufacturer: Axis Communications
Direction: 224
Zone: traffic
Camera type: fixed</description>
      <Point>
        <coordinates>-81.6400403,41.4375566,0</coordinates>
      </Point>
    </Placemark>
    <Placemark>
      <name>ALPR</name>
      <description>OSM node: https://www.openstreetmap.org/node/14097550701
Manufacturer: Flock Safety
Direction: 111
Zone: traffic
Camera type: fixed</description>
      <Point>
        <coordinates>-81.8376138,40.3024616,0</coordinates>
      </Point>
    </Placemark>
    <Placemark>
      <name>ALPR</name>
      <description>OSM node: https://www.openstreetmap.org/node/14097550702
Manufacturer: Flock Safety
Direction: 178
Zone: traffic
Camera type: fixed</description>
      <Point>
        <coordinates>-81.8584457,40.2372607,0</coordinates>
      </Point>
    </Placemark>
    <Placemark>
      <name>ALPR</name>
      <description>OSM node: https://www.openstreetmap.org/node/14097550703
Manufacturer: Flock Safety
Direction: 316
Zone: traffic
Camera type: fixed</description>
      <Point>
        <coordinates>-81.8691233,40.2373137,0</coordinates>
      </Point>
    </Placemark>
    <Placemark>
      <name>ALPR</name>
      <description>OSM node: https://www.openstreetmap.org/node/14097551101
Manufacturer: Flock Safety
Direction: 189
Zone: traffic
Camera type: fixed</description>
      <Point>
        <coordinates>-81.8065199,40.2775979,0</coordinates>
      </Point>
    </Placemark>
    <Placemark>
      <name>ALPR</name>
      <description>OSM node: https://www.openstreetmap.org/node/14097568501
Manufacturer: Flock Safety
Direction: 290
Zone: traffic
Camera type: fixed</description>
      <Point>
        <coordinates>-84.2694378,39.2214827,0</coordinates>
      </Point>
    </Placemark>
    <Placemark>
      <name>ALPR</name>
      <description>OSM node: https://www.openstreetmap.org/node/14097725603
Manufacturer: Flock Safety
Direction: 359
Zone: traffic
Camera type: fixed</description>
      <Point>
        <coordinates>-80.8021767,40.1765519,0</coordinates>
      </Point>
    </Placemark>
    <Placemark>
      <name>ALPR</name>
      <description>OSM node: https://www.openstreetmap.org/node/14097818501
Manufacturer: Flock Safety
Direction: 37
Zone: traffic
Camera type: fixed</description>
      <Point>
        <coordinates>-81.9160266,40.1679618,0</coordinates>
      </Point>
    </Placemark>
    <Placemark>
      <name>ALPR</name>
      <description>OSM node: https://www.openstreetmap.org/node/14097823302
Manufacturer: Flock Safety
Direction: 50
Zone: traffic
Camera type: fixed</description>
      <Point>
        <coordinates>-81.8754546,40.275024,0</coordinates>
      </Point>
    </Placemark>
    <Placemark>
      <name>ALPR</name>
      <description>OSM node: https://www.openstreetmap.org/node/14097973325
Manufacturer: Flock Safety
Direction: 315
Zone: traffic
Camera type: fixed</description>
      <Point>
        <coordinates>-81.4162247,41.0836121,0</coordinates>
      </Point>
    </Placemark>
    <Placemark>
      <name>ALPR</name>
      <description>OSM node: https://www.openstreetmap.org/node/14098043161
Direction: 245
Zone: traffic
Camera type: fixed</description>
      <Point>
        <coordinates>-81.0302398,41.762489,0</coordinates>
      </Point>
    </Placemark>
    <Placemark>
      <name>ALPR</name>
      <description>OSM node: https://www.openstreetmap.org/node/14098043162
Direction: 70
Zone: traffic
Camera type: fixed</description>
      <Point>
        <coordinates>-81.0291316,41.7620263,0</coordinates>
      </Point>
    </Placemark>
    <Placemark>
      <name>ALPR</name>
      <description>OSM node: https://www.openstreetmap.org/node/14098043163
Direction: 235
Zone: traffic
Camera type: fixed</description>
      <Point>
        <coordinates>-81.074144,41.7487429,0</coordinates>
      </Point>
    </Placemark>
    <Placemark>
      <name>ALPR</name>
      <description>OSM node: https://www.openstreetmap.org/node/14098043164
Direction: 250
Zone: traffic
Camera type: fixed</description>
      <Point>
        <coordinates>-81.1443071,41.7191287,0</coordinates>
      </Point>
    </Placemark>
    <Placemark>
      <name>ALPR</name>
      <description>OSM node: https://www.openstreetmap.org/node/14098043165
Direction: 60
Zone: traffic
Camera type: fixed</description>
      <Point>
        <coordinates>-81.393687,41.6305543,0</coordinates>
      </Point>
    </Placemark>
    <Placemark>
      <name>ALPR</name>
      <description>OSM node: https://www.openstreetmap.org/node/14098401902
Manufacturer: Flock Safety
Direction: 34
Zone: traffic
Camera type: fixed</description>
      <Point>
        <coordinates>-84.4064995,39.2250034,0</coordinates>
      </Point>
    </Placemark>
    <Placemark>
      <name>ALPR</name>
      <description>OSM node: https://www.openstreetmap.org/node/14098401903
Manufacturer: Flock Safety
Direction: 195;64
Zone: traffic
Camera type: fixed</description>
      <Point>
        <coordinates>-84.4068503,39.225176,0</coordinates>
      </Point>
    </Placemark>
    <Placemark>
      <name>ALPR</name>
      <description>OSM node: https://www.openstreetmap.org/node/14098851801
Manufacturer: Flock Safety
Direction: 182
Zone: traffic
Camera type: fixed</description>
      <Point>
        <coordinates>-83.1060525,41.3993631,0</coordinates>
      </Point>
    </Placemark>
    <Placemark>
      <name>ALPR</name>
      <description>OSM node: https://www.openstreetmap.org/node/14098935101
Manufacturer: Flock Safety
Direction: 52
Zone: traffic
Camera type: fixed</description>
      <Point>
        <coordinates>-84.5837157,39.3372774,0</coordinates>
      </Point>
    </Placemark>
    <Placemark>
      <name>ALPR</name>
      <description>OSM node: https://www.openstreetmap.org/node/14099100902
Manufacturer: Flock Safety
Direction: 185
Zone: traffic
Camera type: fixed</description>
      <Point>
        <coordinates>-82.0636861,41.3033279,0</coordinates>
      </Point>
    </Placemark>
    <Placemark>
      <name>ALPR</name>
      <description>OSM node: https://www.openstreetmap.org/node/14099461702
Manufacturer: Flock Safety
Direction: 0
Zone: traffic
Camera type: fixed</description>
      <Point>
        <coordinates>-84.2215706,39.0302,0</coordinates>
      </Point>
    </Placemark>
    <Placemark>
      <name>ALPR</name>
      <description>OSM node: https://www.openstreetmap.org/node/14099484301
Manufacturer: Flock Safety
Direction: 0
Zone: traffic
Camera type: fixed</description>
      <Point>
        <coordinates>-84.0011104,41.5522814,0</coordinates>
      </Point>
    </Placemark>
    <Placemark>
      <name>ALPR</name>
      <description>OSM node: https://www.openstreetmap.org/node/14099563301
Manufacturer: Flock Safety
Direction: 0
Zone: traffic
Camera type: fixed</description>
      <Point>
        <coordinates>-80.7322969,40.3730928,0</coordinates>
      </Point>
    </Placemark>
    <Placemark>
      <name>ALPR</name>
      <description>OSM node: https://www.openstreetmap.org/node/14099823801
Manufacturer: Flock Safety
Direction: 331
Zone: traffic
Camera type: fixed</description>
      <Point>
        <coordinates>-84.7045313,39.2130236,0</coordinates>
      </Point>
    </Placemark>
    <Placemark>
      <name>ALPR</name>
      <description>OSM node: https://www.openstreetmap.org/node/14099874302
Manufacturer: Flock Safety
Direction: 27;165
Zone: traffic
Camera type: fixed</description>
      <Point>
        <coordinates>-82.666958,39.9702976,0</coordinates>
      </Point>
    </Placemark>
    <Placemark>
      <name>ALPR</name>
      <description>OSM node: https://www.openstreetmap.org/node/14100052601
Manufacturer: Flock Safety
Direction: 152
Zone: traffic
Camera type: fixed</description>
      <Point>
        <coordinates>-83.6678164,41.6621146,0</coordinates>
      </Point>
    </Placemark>
    <Placemark>
      <name>ALPR</name>
      <description>OSM node: https://www.openstreetmap.org/node/14100061001
Manufacturer: Flock Safety
Direction: 132
Zone: traffic
Camera type: fixed</description>
      <Point>
        <coordinates>-84.5238219,39.3027809,0</coordinates>
      </Point>
    </Placemark>
    <Placemark>
      <name>ALPR</name>
      <description>OSM node: https://www.openstreetmap.org/node/14100090101
Manufacturer: Flock Safety
Direction: 344
Zone: traffic
Camera type: fixed</description>
      <Point>
        <coordinates>-82.6954441,41.2498285,0</coordinates>
      </Point>
    </Placemark>
    <Placemark>
      <name>ALPR</name>
      <description>OSM node: https://www.openstreetmap.org/node/14100095401
Manufacturer: Flock Safety
Direction: 208;0
Zone: traffic
Camera type: fixed</description>
      <Point>
        <coordinates>-82.9592401,40.1449852,0</coordinates>
      </Point>
    </Placemark>
    <Placemark>
      <name>ALPR</name>
      <description>OSM node: https://www.openstreetmap.org/node/14100158401
Manufacturer: Flock Safety
Direction: 140
Zone: traffic
Camera type: fixed</description>
      <Point>
        <coordinates>-81.3853381,40.83165,0</coordinates>
      </Point>
    </Placemark>
    <Placemark>
      <name>ALPR</name>
      <description>OSM node: https://www.openstreetmap.org/node/14100553302
Manufacturer: Flock Safety
Direction: 332
Zone: traffic
Camera type: fixed</description>
      <Point>
        <coordinates>-84.2004916,40.0134679,0</coordinates>
      </Point>
    </Placemark>
    <Placemark>
      <name>ALPR</name>
      <description>OSM node: https://www.openstreetmap.org/node/14100877201
Manufacturer: Flock Safety
Direction: 145
Zone: traffic
Camera type: fixed</description>
      <Point>
        <coordinates>-81.6073561,41.5064798,0</coordinates>
      </Point>
    </Placemark>
    <Placemark>
      <name>ALPR</name>
      <description>OSM node: https://www.openstreetmap.org/node/14100913401
Manufacturer: Flock Safety
Direction: 131
Zone: traffic
Camera type: fixed</description>
      <Point>
        <coordinates>-81.5526496,41.4024958,0</coordinates>
      </Point>
    </Placemark>
    <Placemark>
      <name>ALPR</name>
      <description>OSM node: https://www.openstreetmap.org/node/14100913901
Manufacturer: Flock Safety
Direction: 298
Zone: traffic
Camera type: fixed</description>
      <Point>
        <coordinates>-81.5505645,41.401346,0</coordinates>
      </Point>
    </Placemark>
    <Placemark>
      <name>ALPR</name>
      <description>OSM node: https://www.openstreetmap.org/node/14100915001
Manufacturer: Flock Safety
Direction: 0
Zone: traffic
Camera type: fixed</description>
      <Point>
        <coordinates>-81.5655379,41.392729,0</coordinates>
      </Point>
    </Placemark>
    <Placemark>
      <name>ALPR</name>
      <description>OSM node: https://www.openstreetmap.org/node/14101054450
Manufacturer: Flock Safety
Direction: 90</description>
      <Point>
        <coordinates>-81.5839181,41.4830791,0</coordinates>
      </Point>
    </Placemark>
    <Placemark>
      <name>ALPR</name>
      <description>OSM node: https://www.openstreetmap.org/node/14101066828
Manufacturer: Flock Safety
Direction: 135</description>
      <Point>
        <coordinates>-81.5063644,41.4239333,0</coordinates>
      </Point>
    </Placemark>
    <Placemark>
      <name>ALPR</name>
      <description>OSM node: https://www.openstreetmap.org/node/14101113801
Manufacturer: Flock Safety
Direction: 0
Zone: traffic
Camera type: fixed</description>
      <Point>
        <coordinates>-84.5233096,39.2954087,0</coordinates>
      </Point>
    </Placemark>
    <Placemark>
      <name>ALPR</name>
      <description>OSM node: https://www.openstreetmap.org/node/14101164901
Manufacturer: Rekor
Direction: 0
Zone: traffic
Camera type: fixed</description>
      <Point>
        <coordinates>-82.9444556,38.7461011,0</coordinates>
      </Point>
    </Placemark>
    <Placemark>
      <name>ALPR</name>
      <description>OSM node: https://www.openstreetmap.org/node/14101197301
Manufacturer: Flock Safety
Direction: 73
Zone: traffic
Camera type: fixed</description>
      <Point>
        <coordinates>-83.760601,41.644222,0</coordinates>
      </Point>
    </Placemark>
    <Placemark>
      <name>ALPR</name>
      <description>OSM node: https://www.openstreetmap.org/node/14101260501
Manufacturer: Flock Safety
Direction: 47;137
Zone: traffic
Camera type: fixed</description>
      <Point>
        <coordinates>-82.8662135,40.0239518,0</coordinates>
      </Point>
    </Placemark>
    <Placemark>
      <name>ALPR</name>
      <description>OSM node: https://www.openstreetmap.org/node/14101534601
Manufacturer: Flock Safety
Direction: 11
Zone: traffic
Camera type: fixed</description>
      <Point>
        <coordinates>-84.2582453,39.2680932,0</coordinates>
      </Point>
    </Placemark>
    <Placemark>
      <name>ALPR</name>
      <description>OSM node: https://www.openstreetmap.org/node/14101656330
Direction: 270
Zone: traffic
Camera type: fixed</description>
      <Point>
        <coordinates>-81.4202467,41.6426534,0</coordinates>
      </Point>
    </Placemark>
    <Placemark>
      <name>ALPR</name>
      <description>OSM node: https://www.openstreetmap.org/node/14101656331
Zone: traffic
Camera type: fixed</description>
      <Point>
        <coordinates>-81.4065409,41.6426826,0</coordinates>
      </Point>
    </Placemark>
    <Placemark>
      <name>ALPR</name>
      <description>OSM node: https://www.openstreetmap.org/node/14101656332
Zone: traffic
Camera type: fixed</description>
      <Point>
        <coordinates>-81.4067583,41.6405874,0</coordinates>
      </Point>
    </Placemark>
    <Placemark>
      <name>ALPR</name>
      <description>OSM node: https://www.openstreetmap.org/node/14101656333
Direction: 0
Zone: traffic
Camera type: fixed</description>
      <Point>
        <coordinates>-81.4067867,41.6394683,0</coordinates>
      </Point>
    </Placemark>
    <Placemark>
      <name>ALPR</name>
      <description>OSM node: https://www.openstreetmap.org/node/14101709201
Manufacturer: Flock Safety
Direction: 74
Zone: traffic
Camera type: fixed</description>
      <Point>
        <coordinates>-82.5913488,41.2471389,0</coordinates>
      </Point>
    </Placemark>
    <Placemark>
      <name>ALPR</name>
      <description>OSM node: https://www.openstreetmap.org/node/14101711201
Manufacturer: Flock Safety
Direction: 248
Zone: traffic
Camera type: fixed</description>
      <Point>
        <coordinates>-82.5788217,41.2497826,0</coordinates>
      </Point>
    </Placemark>
    <Placemark>
      <name>ALPR</name>
      <description>OSM node: https://www.openstreetmap.org/node/14101712620
Manufacturer: Flock Safety
Direction: 0
Zone: traffic
Camera type: fixed</description>
      <Point>
        <coordinates>-81.9230332,41.4259333,0</coordinates>
      </Point>
    </Placemark>
    <Placemark>
      <name>ALPR</name>
      <description>OSM node: https://www.openstreetmap.org/node/14101768801
Manufacturer: Flock Safety
Direction: 176
Zone: traffic
Camera type: fixed</description>
      <Point>
        <coordinates>-82.8649098,39.8759545,0</coordinates>
      </Point>
    </Placemark>
    <Placemark>
      <name>ALPR</name>
      <description>OSM node: https://www.openstreetmap.org/node/14101780003
Manufacturer: Flock Safety
Direction: 260
Zone: traffic
Camera type: fixed</description>
      <Point>
        <coordinates>-84.368343,39.2500673,0</coordinates>
      </Point>
    </Placemark>
    <Placemark>
      <name>ALPR</name>
      <description>OSM node: https://www.openstreetmap.org/node/14101788103
Manufacturer: Flock Safety
Direction: 180
Zone: traffic
Camera type: fixed</description>
      <Point>
        <coordinates>-81.9231195,41.425812,0</coordinates>
      </Point>
    </Placemark>
    <Placemark>
      <name>ALPR</name>
      <description>OSM node: https://www.openstreetmap.org/node/14101863001
Manufacturer: Flock Safety
Direction: 95
Zone: traffic
Camera type: fixed</description>
      <Point>
        <coordinates>-83.6941757,41.7065492,0</coordinates>
      </Point>
    </Placemark>
    <Placemark>
      <name>ALPR</name>
      <description>OSM node: https://www.openstreetmap.org/node/14101953106
Manufacturer: Flock Safety
Direction: 265
Zone: traffic
Camera type: fixed</description>
      <Point>
        <coordinates>-81.6017944,41.489214,0</coordinates>
      </Point>
    </Placemark>
    <Placemark>
      <name>ALPR</name>
      <description>OSM node: https://www.openstreetmap.org/node/14101954501
Manufacturer: Flock Safety
Direction: 202
Zone: traffic
Camera type: fixed</description>
      <Point>
        <coordinates>-81.6046759,41.4856812,0</coordinates>
      </Point>
    </Placemark>
    <Placemark>
      <name>ALPR</name>
      <description>OSM node: https://www.openstreetmap.org/node/14101956001
Manufacturer: Flock Safety
Direction: 182
Zone: traffic
Camera type: fixed</description>
      <Point>
        <coordinates>-82.5801649,40.2441591,0</coordinates>
      </Point>
    </Placemark>
    <Placemark>
      <name>ALPR</name>
      <description>OSM node: https://www.openstreetmap.org/node/14101993401
Manufacturer: Flock Safety
Direction: 62
Zone: traffic
Camera type: fixed</description>
      <Point>
        <coordinates>-83.1634135,39.9254857,0</coordinates>
      </Point>
    </Placemark>
    <Placemark>
      <name>ALPR</name>
      <description>OSM node: https://www.openstreetmap.org/node/14101993402
Manufacturer: Flock Safety
Direction: 81
Zone: traffic
Camera type: fixed</description>
      <Point>
        <coordinates>-83.1650453,39.9255974,0</coordinates>
      </Point>
    </Placemark>
    <Placemark>
      <name>ALPR</name>
      <description>OSM node: https://www.openstreetmap.org/node/14101993403
Manufacturer: Flock Safety
Direction: 291
Zone: traffic
Camera type: fixed</description>
      <Point>
        <coordinates>-83.1630012,39.9194088,0</coordinates>
      </Point>
    </Placemark>
    <Placemark>
      <name>ALPR</name>
      <description>OSM node: https://www.openstreetmap.org/node/14101994401
Manufacturer: Flock Safety
Direction: 289
Zone: traffic
Camera type: fixed</description>
      <Point>
        <coordinates>-83.1690598,39.9256035,0</coordinates>
      </Point>
    </Placemark>
    <Placemark>
      <name>ALPR</name>
      <description>OSM node: https://www.openstreetmap.org/node/14101994801
Manufacturer: Flock Safety
Direction: 324
Zone: traffic
Camera type: fixed</description>
      <Point>
        <coordinates>-83.1697835,39.9197536,0</coordinates>
      </Point>
    </Placemark>
    <Placemark>
      <name>ALPR</name>
      <description>OSM node: https://www.openstreetmap.org/node/14101997901
Manufacturer: Flock Safety
Direction: 334
Zone: traffic
Camera type: fixed</description>
      <Point>
        <coordinates>-83.1623776,39.9260662,0</coordinates>
      </Point>
    </Placemark>
    <Placemark>
      <name>ALPR</name>
      <description>OSM node: https://www.openstreetmap.org/node/14102013202
Manufacturer: Flock Safety
Direction: 140
Zone: traffic
Camera type: fixed</description>
      <Point>
        <coordinates>-84.125216,39.6608141,0</coordinates>
      </Point>
    </Placemark>
    <Placemark>
      <name>ALPR</name>
      <description>OSM node: https://www.openstreetmap.org/node/14102013901
Manufacturer: Flock Safety
Direction: 346
Zone: traffic
Camera type: fixed</description>
      <Point>
        <coordinates>-84.1250926,39.6606882,0</coordinates>
      </Point>
    </Placemark>
    <Placemark>
      <name>ALPR</name>
      <description>OSM node: https://www.openstreetmap.org/node/14102024701
Manufacturer: Flock Safety
Direction: 288
Zone: traffic
Camera type: fixed</description>
      <Point>
        <coordinates>-82.5179778,40.1901115,0</coordinates>
      </Point>
    </Placemark>
    <Placemark>
      <name>ALPR</name>
      <description>OSM node: https://www.openstreetmap.org/node/14102226301
Manufacturer: Flock Safety
Direction: 305
Zone: traffic
Camera type: fixed</description>
      <Point>
        <coordinates>-83.8175492,39.9450688,0</coordinates>
      </Point>
    </Placemark>
    <Placemark>
      <name>ALPR</name>
      <description>OSM node: https://www.openstreetmap.org/node/14102762301
Manufacturer: Flock Safety
Direction: 264
Zone: traffic
Camera type: fixed</description>
      <Point>
        <coordinates>-81.518669,41.3357578,0</coordinates>
      </Point>
    </Placemark>
    <Placemark>
      <name>ALPR</name>
      <description>OSM node: https://www.openstreetmap.org/node/14102977430
Manufacturer: Flock Safety
Direction: 80
Zone: traffic</description>
      <Point>
        <coordinates>-81.7299422,41.4713482,0</coordinates>
      </Point>
    </Placemark>
    <Placemark>
      <name>ALPR</name>
      <description>OSM node: https://www.openstreetmap.org/node/14103111045
Zone: traffic</description>
      <Point>
        <coordinates>-81.5710758,41.4459249,0</coordinates>
      </Point>
    </Placemark>
    <Placemark>
      <name>ALPR</name>
      <description>OSM node: https://www.openstreetmap.org/node/14103111046
Zone: traffic</description>
      <Point>
        <coordinates>-81.5500838,41.4545056,0</coordinates>
      </Point>
    </Placemark>
    <Placemark>
      <name>ALPR</name>
      <description>OSM node: https://www.openstreetmap.org/node/14103111073
Direction: 81
Zone: traffic</description>
      <Point>
        <coordinates>-81.5799362,41.4625507,0</coordinates>
      </Point>
    </Placemark>
    <Placemark>
      <name>ALPR</name>
      <description>OSM node: https://www.openstreetmap.org/node/14103115712
Direction: 83
Zone: traffic</description>
      <Point>
        <coordinates>-81.5799462,41.4639721,0</coordinates>
      </Point>
    </Placemark>
    <Placemark>
      <name>ALPR</name>
      <description>OSM node: https://www.openstreetmap.org/node/14103115714
Direction: 306
Zone: traffic</description>
      <Point>
        <coordinates>-81.5788928,41.4639685,0</coordinates>
      </Point>
    </Placemark>
    <Placemark>
      <name>ALPR</name>
      <description>OSM node: https://www.openstreetmap.org/node/14103115749
Direction: 209
Zone: traffic</description>
      <Point>
        <coordinates>-81.5893591,41.4746487,0</coordinates>
      </Point>
    </Placemark>
    <Placemark>
      <name>ALPR</name>
      <description>OSM node: https://www.openstreetmap.org/node/14103214801
Manufacturer: Flock Safety
Direction: 0
Zone: traffic
Camera type: fixed</description>
      <Point>
        <coordinates>-81.9344168,41.415455,0</coordinates>
      </Point>
    </Placemark>
    <Placemark>
      <name>ALPR</name>
      <description>OSM node: https://www.openstreetmap.org/node/14103230896
Manufacturer: Flock Safety</description>
      <Point>
        <coordinates>-80.8568028,40.9009169,0</coordinates>
      </Point>
    </Placemark>
    <Placemark>
      <name>ALPR</name>
      <description>OSM node: https://www.openstreetmap.org/node/14103320302
Manufacturer: Flock Safety
Direction: 100
Zone: traffic
Camera type: fixed</description>
      <Point>
        <coordinates>-81.6555832,41.4469901,0</coordinates>
      </Point>
    </Placemark>
    <Placemark>
      <name>ALPR</name>
      <description>OSM node: https://www.openstreetmap.org/node/14103342101
Manufacturer: Flock Safety
Direction: 157
Zone: traffic
Camera type: fixed</description>
      <Point>
        <coordinates>-84.7942172,40.2038757,0</coordinates>
      </Point>
    </Placemark>
    <Placemark>
      <name>ALPR</name>
      <description>OSM node: https://www.openstreetmap.org/node/14103537802
Manufacturer: Flock Safety
Direction: 179
Zone: traffic
Camera type: fixed</description>
      <Point>
        <coordinates>-81.7555121,41.4704039,0</coordinates>
      </Point>
    </Placemark>
    <Placemark>
      <name>ALPR</name>
      <description>OSM node: https://www.openstreetmap.org/node/14103542502
Manufacturer: Flock Safety
Direction: 344
Zone: traffic
Camera type: fixed</description>
      <Point>
        <coordinates>-81.7795154,41.4460889,0</coordinates>
      </Point>
    </Placemark>
    <Placemark>
      <name>ALPR</name>
      <description>OSM node: https://www.openstreetmap.org/node/14103544401
Manufacturer: Flock Safety
Direction: 164
Zone: traffic
Camera type: fixed</description>
      <Point>
        <coordinates>-81.7797905,41.4481327,0</coordinates>
      </Point>
    </Placemark>
    <Placemark>
      <name>ALPR</name>
      <description>OSM node: https://www.openstreetmap.org/node/14103574603
Manufacturer: Flock Safety
Direction: 225
Zone: traffic
Camera type: fixed</description>
      <Point>
        <coordinates>-84.1455432,40.5214811,0</coordinates>
      </Point>
    </Placemark>
    <Placemark>
      <name>ALPR</name>
      <description>OSM node: https://www.openstreetmap.org/node/14103582301
Manufacturer: Flock Safety
Direction: 270
Zone: traffic
Camera type: fixed</description>
      <Point>
        <coordinates>-82.0511092,41.2993365,0</coordinates>
      </Point>
    </Placemark>
    <Placemark>
      <name>ALPR</name>
      <description>OSM node: https://www.openstreetmap.org/node/14103584701
Manufacturer: Flock Safety
Direction: 152
Zone: traffic
Camera type: fixed</description>
      <Point>
        <coordinates>-82.0597124,41.3032754,0</coordinates>
      </Point>
    </Placemark>
    <Placemark>
      <name>ALPR</name>
      <description>OSM node: https://www.openstreetmap.org/node/14103760001
Manufacturer: Flock Safety
Direction: 0
Zone: traffic
Camera type: fixed</description>
      <Point>
        <coordinates>-81.9339201,41.4155232,0</coordinates>
      </Point>
    </Placemark>
    <Placemark>
      <name>ALPR</name>
      <description>OSM node: https://www.openstreetmap.org/node/14103760401
Manufacturer: Flock Safety
Direction: 25
Zone: traffic
Camera type: fixed</description>
      <Point>
        <coordinates>-82.668883,41.415165,0</coordinates>
      </Point>
    </Placemark>
    <Placemark>
      <name>ALPR</name>
      <description>OSM node: https://www.openstreetmap.org/node/14103766102
Manufacturer: Flock Safety
Direction: 0
Zone: traffic
Camera type: fixed</description>
      <Point>
        <coordinates>-81.9339201,41.4155232,0</coordinates>
      </Point>
    </Placemark>
    <Placemark>
      <name>ALPR</name>
      <description>OSM node: https://www.openstreetmap.org/node/14103767901
Manufacturer: Flock Safety
Direction: 0
Zone: traffic
Camera type: fixed</description>
      <Point>
        <coordinates>-81.9339201,41.4155232,0</coordinates>
      </Point>
    </Placemark>
    <Placemark>
      <name>ALPR</name>
      <description>OSM node: https://www.openstreetmap.org/node/14103923301
Manufacturer: Flock Safety
Direction: 251
Zone: traffic
Camera type: fixed</description>
      <Point>
        <coordinates>-83.8793312,41.6721777,0</coordinates>
      </Point>
    </Placemark>
    <Placemark>
      <name>ALPR</name>
      <description>OSM node: https://www.openstreetmap.org/node/14104382165
Manufacturer: Flock Safety
Direction: 75
Zone: traffic
Camera type: fixed</description>
      <Point>
        <coordinates>-82.8385802,39.8472387,0</coordinates>
      </Point>
    </Placemark>
    <Placemark>
      <name>ALPR</name>
      <description>OSM node: https://www.openstreetmap.org/node/14104501001
Manufacturer: Flock Safety
Direction: 182
Zone: traffic
Camera type: fixed</description>
      <Point>
        <coordinates>-81.4685023,41.3045369,0</coordinates>
      </Point>
    </Placemark>
    <Placemark>
      <name>ALPR</name>
      <description>OSM node: https://www.openstreetmap.org/node/14104501002
Manufacturer: Flock Safety
Direction: 55
Zone: traffic
Camera type: fixed</description>
      <Point>
        <coordinates>-81.4679566,41.3045641,0</coordinates>
      </Point>
    </Placemark>
    <Placemark>
      <name>ALPR</name>
      <description>OSM node: https://www.openstreetmap.org/node/14104546001
Manufacturer: Flock Safety
Direction: 116
Zone: traffic
Camera type: fixed</description>
      <Point>
        <coordinates>-81.4676622,41.310321,0</coordinates>
      </Point>
    </Placemark>
    <Placemark>
      <name>ALPR</name>
      <description>OSM node: https://www.openstreetmap.org/node/14104546401
Manufacturer: Flock Safety
Direction: 250
Zone: traffic
Camera type: fixed</description>
      <Point>
        <coordinates>-81.4675562,41.3103227,0</coordinates>
      </Point>
    </Placemark>
    <Placemark>
      <name>ALPR</name>
      <description>OSM node: https://www.openstreetmap.org/node/14104785601
Manufacturer: Flock Safety
Direction: 0
Zone: traffic
Camera type: fixed</description>
      <Point>
        <coordinates>-84.113839,39.8471129,0</coordinates>
      </Point>
    </Placemark>
    <Placemark>
      <name>ALPR</name>
      <description>OSM node: https://www.openstreetmap.org/node/14105118801
Manufacturer: Flock Safety
Direction: 0
Zone: traffic
Camera type: fixed</description>
      <Point>
        <coordinates>-82.8675004,40.0063004,0</coordinates>
      </Point>
    </Placemark>
    <Placemark>
      <name>ALPR</name>
      <description>OSM node: https://www.openstreetmap.org/node/14105121101
Manufacturer: Flock Safety
Direction: 159;322;36
Zone: traffic
Camera type: fixed</description>
      <Point>
        <coordinates>-82.8674602,40.0094961,0</coordinates>
      </Point>
    </Placemark>
    <Placemark>
      <name>ALPR</name>
      <description>OSM node: https://www.openstreetmap.org/node/14105121201
Manufacturer: Flock Safety
Direction: 91
Zone: traffic
Camera type: fixed</description>
      <Point>
        <coordinates>-82.8669748,40.009526,0</coordinates>
      </Point>
    </Placemark>
    <Placemark>
      <name>ALPR</name>
      <description>OSM node: https://www.openstreetmap.org/node/14105270202
Manufacturer: Flock Safety
Direction: 290
Zone: traffic
Camera type: fixed</description>
      <Point>
        <coordinates>-81.4937561,41.2325273,0</coordinates>
      </Point>
    </Placemark>
    <Placemark>
      <name>ALPR</name>
      <description>OSM node: https://www.openstreetmap.org/node/14105828444
Manufacturer: Flock Safety
Direction: 151
Zone: traffic
Camera type: fixed</description>
      <Point>
        <coordinates>-82.5101045,40.7521273,0</coordinates>
      </Point>
    </Placemark>
    <Placemark>
      <name>ALPR</name>
      <description>OSM node: https://www.openstreetmap.org/node/14105995801
Manufacturer: Flock Safety
Direction: 254
Zone: traffic
Camera type: fixed</description>
      <Point>
        <coordinates>-81.8018008,41.438201,0</coordinates>
      </Point>
    </Placemark>
    <Placemark>
      <name>ALPR</name>
      <description>OSM node: https://www.openstreetmap.org/node/14106055201
Manufacturer: Flock Safety
Direction: 163
Zone: traffic
Camera type: fixed</description>
      <Point>
        <coordinates>-82.5134131,40.0717087,0</coordinates>
      </Point>
    </Placemark>
    <Placemark>
      <name>ALPR</name>
      <description>OSM node: https://www.openstreetmap.org/node/14106055202
Manufacturer: Flock Safety
Direction: 264
Zone: traffic
Camera type: fixed</description>
      <Point>
        <coordinates>-82.5405375,40.0879934,0</coordinates>
      </Point>
    </Placemark>
    <Placemark>
      <name>ALPR</name>
      <description>OSM node: https://www.openstreetmap.org/node/14106076001
Manufacturer: Flock Safety
Direction: 260
Zone: traffic
Camera type: fixed</description>
      <Point>
        <coordinates>-84.2198995,39.3345665,0</coordinates>
      </Point>
    </Placemark>
    <Placemark>
      <name>ALPR</name>
      <description>OSM node: https://www.openstreetmap.org/node/14106212501
Manufacturer: Flock Safety
Direction: 232
Zone: traffic
Camera type: fixed</description>
      <Point>
        <coordinates>-83.1147963,40.1094751,0</coordinates>
      </Point>
    </Placemark>
    <Placemark>
      <name>ALPR</name>
      <description>OSM node: https://www.openstreetmap.org/node/14106303366
Manufacturer: Motorola Solutions
Direction: 95
Zone: traffic
Camera type: fixed</description>
      <Point>
        <coordinates>-81.503465,41.4496412,0</coordinates>
      </Point>
    </Placemark>
    <Placemark>
      <name>ALPR</name>
      <description>OSM node: https://www.openstreetmap.org/node/14106303367
Manufacturer: Motorola Solutions
Direction: 95
Zone: traffic
Camera type: fixed</description>
      <Point>
        <coordinates>-81.5034653,41.449698,0</coordinates>
      </Point>
    </Placemark>
    <Placemark>
      <name>ALPR</name>
      <description>OSM node: https://www.openstreetmap.org/node/14106303368
Manufacturer: Flock Safety
Direction: 235
Zone: traffic
Camera type: fixed</description>
      <Point>
        <coordinates>-81.4030022,41.4294871,0</coordinates>
      </Point>
    </Placemark>
    <Placemark>
      <name>ALPR</name>
      <description>OSM node: https://www.openstreetmap.org/node/14106303369
Direction: 165
Zone: traffic
Camera type: fixed</description>
      <Point>
        <coordinates>-81.4441676,41.4243299,0</coordinates>
      </Point>
    </Placemark>
    <Placemark>
      <name>ALPR</name>
      <description>OSM node: https://www.openstreetmap.org/node/14106303370
Direction: 260
Zone: traffic
Camera type: fixed</description>
      <Point>
        <coordinates>-81.4662687,41.4245246,0</coordinates>
      </Point>
    </Placemark>
    <Placemark>
      <name>ALPR</name>
      <description>OSM node: https://www.openstreetmap.org/node/14106303371
Direction: 75
Zone: traffic
Camera type: fixed</description>
      <Point>
        <coordinates>-81.4805853,41.4242387,0</coordinates>
      </Point>
    </Placemark>
    <Placemark>
      <name>ALPR</name>
      <description>OSM node: https://www.openstreetmap.org/node/14106303372
Direction: 270
Zone: traffic
Camera type: fixed</description>
      <Point>
        <coordinates>-81.4802968,41.4358404,0</coordinates>
      </Point>
    </Placemark>
    <Placemark>
      <name>ALPR</name>
      <description>OSM node: https://www.openstreetmap.org/node/14106303373
Direction: 260
Zone: traffic
Camera type: fixed</description>
      <Point>
        <coordinates>-81.4880843,41.4351656,0</coordinates>
      </Point>
    </Placemark>
    <Placemark>
      <name>ALPR</name>
      <description>OSM node: https://www.openstreetmap.org/node/14106303374
Direction: 270
Zone: traffic
Camera type: fixed</description>
      <Point>
        <coordinates>-81.4980435,41.4351928,0</coordinates>
      </Point>
    </Placemark>
    <Placemark>
      <name>ALPR</name>
      <description>OSM node: https://www.openstreetmap.org/node/14106303375
Direction: 215
Zone: traffic
Camera type: fixed</description>
      <Point>
        <coordinates>-81.5269921,41.4426023,0</coordinates>
      </Point>
    </Placemark>
    <Placemark>
      <name>ALPR</name>
      <description>OSM node: https://www.openstreetmap.org/node/14106303376
Manufacturer: Flock Safety
Direction: 130
Zone: traffic
Camera type: fixed</description>
      <Point>
        <coordinates>-81.5307416,41.4445987,0</coordinates>
      </Point>
    </Placemark>
    <Placemark>
      <name>ALPR</name>
      <description>OSM node: https://www.openstreetmap.org/node/14106303377
Manufacturer: Flock Safety
Direction: 170
Zone: traffic
Camera type: fixed</description>
      <Point>
        <coordinates>-81.5362926,41.4568552,0</coordinates>
      </Point>
    </Placemark>
    <Placemark>
      <name>ALPR</name>
      <description>OSM node: https://www.openstreetmap.org/node/14106303378
Manufacturer: Flock Safety
Direction: 255
Zone: traffic
Camera type: fixed</description>
      <Point>
        <coordinates>-81.5181001,41.4243728,0</coordinates>
      </Point>
    </Placemark>
    <Placemark>
      <name>ALPR</name>
      <description>OSM node: https://www.openstreetmap.org/node/14106303379
Manufacturer: Flock Safety
Direction: 180
Zone: traffic
Camera type: fixed</description>
      <Point>
        <coordinates>-81.5171403,41.4411123,0</coordinates>
      </Point>
    </Placemark>
    <Placemark>
      <name>ALPR</name>
      <description>OSM node: https://www.openstreetmap.org/node/14106358801
Manufacturer: Flock Safety
Direction: 267
Zone: traffic
Camera type: fixed</description>
      <Point>
        <coordinates>-81.5362949,41.4645889,0</coordinates>
      </Point>
    </Placemark>
    <Placemark>
      <name>ALPR</name>
      <description>OSM node: https://www.openstreetmap.org/node/14106383701
Manufacturer: Flock Safety
Direction: 159
Zone: traffic
Camera type: fixed</description>
      <Point>
        <coordinates>-80.8464355,41.2463684,0</coordinates>
      </Point>
    </Placemark>
    <Placemark>
      <name>ALPR</name>
      <description>OSM node: https://www.openstreetmap.org/node/14106459802
Manufacturer: Flock Safety
Direction: 63
Zone: traffic
Camera type: fixed</description>
      <Point>
        <coordinates>-83.1165025,39.9390315,0</coordinates>
      </Point>
    </Placemark>
    <Placemark>
      <name>ALPR</name>
      <description>OSM node: https://www.openstreetmap.org/node/14106460701
Manufacturer: Flock Safety
Direction: 337
Zone: traffic
Camera type: fixed</description>
      <Point>
        <coordinates>-83.1174068,39.9391614,0</coordinates>
      </Point>
    </Placemark>
    <Placemark>
      <name>ALPR</name>
      <description>OSM node: https://www.openstreetmap.org/node/14106535001
Manufacturer: Flock Safety
Direction: 280
Zone: traffic
Camera type: fixed</description>
      <Point>
        <coordinates>-80.6888852,41.116361,0</coordinates>
      </Point>
    </Placemark>
    <Placemark>
      <name>ALPR</name>
      <description>OSM node: https://www.openstreetmap.org/node/14106615301
Manufacturer: Flock Safety
Direction: 242
Zone: traffic
Camera type: fixed</description>
      <Point>
        <coordinates>-81.5754379,40.7060021,0</coordinates>
      </Point>
    </Placemark>
    <Placemark>
      <name>ALPR</name>
      <description>OSM node: https://www.openstreetmap.org/node/14107294201
Manufacturer: Flock Safety
Direction: 25
Zone: traffic
Camera type: fixed</description>
      <Point>
        <coordinates>-84.5723921,39.3977378,0</coordinates>
      </Point>
    </Placemark>
    <Placemark>
      <name>ALPR</name>
      <description>OSM node: https://www.openstreetmap.org/node/14107294601
Manufacturer: Flock Safety
Direction: 169
Zone: traffic
Camera type: fixed</description>
      <Point>
        <coordinates>-84.5731765,39.3941274,0</coordinates>
      </Point>
    </Placemark>
    <Placemark>
      <name>ALPR</name>
      <description>OSM node: https://www.openstreetmap.org/node/14107540001
Manufacturer: Flock Safety
Direction: 326
Zone: traffic
Camera type: fixed</description>
      <Point>
        <coordinates>-84.171028,39.7099834,0</coordinates>
      </Point>
    </Placemark>
    <Placemark>
      <name>ALPR</name>
      <description>OSM node: https://www.openstreetmap.org/node/14107585030
Manufacturer: Flock Safety
Direction: 90
Zone: traffic
Camera type: fixed</description>
      <Point>
        <coordinates>-82.6999078,39.7954925,0</coordinates>
      </Point>
    </Placemark>
    <Placemark>
      <name>ALPR</name>
      <description>OSM node: https://www.openstreetmap.org/node/14107632201
Manufacturer: Flock Safety
Direction: 206
Zone: traffic
Camera type: fixed</description>
      <Point>
        <coordinates>-84.5921307,39.3558247,0</coordinates>
      </Point>
    </Placemark>
    <Placemark>
      <name>ALPR</name>
      <description>OSM node: https://www.openstreetmap.org/node/14107711402
Manufacturer: Flock Safety
Direction: 88
Zone: traffic
Camera type: fixed</description>
      <Point>
        <coordinates>-84.3405418,39.4302103,0</coordinates>
      </Point>
    </Placemark>
    <Placemark>
      <name>ALPR</name>
      <description>OSM node: https://www.openstreetmap.org/node/14107716402
Manufacturer: Flock Safety
Direction: 329
Zone: traffic
Camera type: fixed</description>
      <Point>
        <coordinates>-84.3662197,39.4254386,0</coordinates>
      </Point>
    </Placemark>
    <Placemark>
      <name>ALPR</name>
      <description>OSM node: https://www.openstreetmap.org/node/14107763001
Manufacturer: Flock Safety
Direction: 155
Zone: traffic
Camera type: fixed</description>
      <Point>
        <coordinates>-84.366373,39.425463,0</coordinates>
      </Point>
    </Placemark>
    <Placemark>
      <name>ALPR</name>
      <description>OSM node: https://www.openstreetmap.org/node/14107854772
Manufacturer: Flock Safety
Direction: 271
Zone: traffic
Camera type: fixed</description>
      <Point>
        <coordinates>-83.0737986,39.8391731,0</coordinates>
      </Point>
    </Placemark>
    <Placemark>
      <name>ALPR</name>
      <description>OSM node: https://www.openstreetmap.org/node/14107859400
Manufacturer: Flock Safety
Direction: 0
Zone: traffic
Camera type: fixed</description>
      <Point>
        <coordinates>-83.0734926,39.839239,0</coordinates>
      </Point>
    </Placemark>
    <Placemark>
      <name>ALPR</name>
      <description>OSM node: https://www.openstreetmap.org/node/14108011059
Direction: 190
Zone: traffic</description>
      <Point>
        <coordinates>-84.7298596,39.2045408,0</coordinates>
      </Point>
    </Placemark>
    <Placemark>
      <name>ALPR</name>
      <description>OSM node: https://www.openstreetmap.org/node/14108048035
Direction: 5
Zone: traffic</description>
      <Point>
        <coordinates>-84.7299615,39.2045346,0</coordinates>
      </Point>
    </Placemark>
    <Placemark>
      <name>ALPR</name>
      <description>OSM node: https://www.openstreetmap.org/node/14108099801
Manufacturer: Flock Safety
Direction: 97
Zone: traffic
Camera type: fixed</description>
      <Point>
        <coordinates>-83.1132136,41.3470346,0</coordinates>
      </Point>
    </Placemark>
    <Placemark>
      <name>ALPR</name>
      <description>OSM node: https://www.openstreetmap.org/node/14108191701
Manufacturer: Flock Safety
Direction: 167
Zone: traffic
Camera type: fixed</description>
      <Point>
        <coordinates>-84.1592164,39.6273153,0</coordinates>
      </Point>
    </Placemark>
    <Placemark>
      <name>ALPR</name>
      <description>OSM node: https://www.openstreetmap.org/node/14108192901
Manufacturer: Flock Safety
Direction: 170
Zone: traffic
Camera type: fixed</description>
      <Point>
        <coordinates>-83.1321097,40.5931066,0</coordinates>
      </Point>
    </Placemark>
    <Placemark>
      <name>ALPR</name>
      <description>OSM node: https://www.openstreetmap.org/node/14108195101
Manufacturer: Flock Safety
Direction: 61
Zone: traffic
Camera type: fixed</description>
      <Point>
        <coordinates>-81.5172703,41.3579647,0</coordinates>
      </Point>
    </Placemark>
    <Placemark>
      <name>ALPR</name>
      <description>OSM node: https://www.openstreetmap.org/node/14108420903
Manufacturer: Flock Safety
Direction: 165
Zone: traffic
Camera type: fixed</description>
      <Point>
        <coordinates>-84.5034224,39.2978069,0</coordinates>
      </Point>
    </Placemark>
    <Placemark>
      <name>ALPR</name>
      <description>OSM node: https://www.openstreetmap.org/node/14108454301
Manufacturer: Flock Safety
Direction: 92
Zone: traffic
Camera type: fixed</description>
      <Point>
        <coordinates>-83.8286338,39.4453189,0</coordinates>
      </Point>
    </Placemark>
    <Placemark>
      <name>ALPR</name>
      <description>OSM node: https://www.openstreetmap.org/node/14108578901
Manufacturer: Flock Safety
Direction: 359
Zone: traffic
Camera type: fixed</description>
      <Point>
        <coordinates>-84.1347292,41.5666508,0</coordinates>
      </Point>
    </Placemark>
    <Placemark>
      <name>ALPR</name>
      <description>OSM node: https://www.openstreetmap.org/node/14108580702
Manufacturer: Motorola Solutions
Direction: 0
Zone: traffic
Camera type: fixed</description>
      <Point>
        <coordinates>-83.9412182,41.5291664,0</coordinates>
      </Point>
    </Placemark>
    <Placemark>
      <name>ALPR</name>
      <description>OSM node: https://www.openstreetmap.org/node/14108647101
Manufacturer: Flock Safety
Direction: 153
Zone: traffic
Camera type: fixed</description>
      <Point>
        <coordinates>-82.6018266,39.9276878,0</coordinates>
      </Point>
    </Placemark>
    <Placemark>
      <name>ALPR</name>
      <description>OSM node: https://www.openstreetmap.org/node/14108947201
Manufacturer: Flock Safety
Direction: 134
Zone: traffic
Camera type: fixed</description>
      <Point>
        <coordinates>-84.3321931,39.4915961,0</coordinates>
      </Point>
    </Placemark>
    <Placemark>
      <name>ALPR</name>
      <description>OSM node: https://www.openstreetmap.org/node/14109540301
Manufacturer: Flock Safety
Direction: 0
Zone: traffic
Camera type: fixed</description>
      <Point>
        <coordinates>-82.5332806,40.7342611,0</coordinates>
      </Point>
    </Placemark>
    <Placemark>
      <name>ALPR</name>
      <description>OSM node: https://www.openstreetmap.org/node/14109864322
Manufacturer: Flock Safety
Direction: 115
Zone: residential
Camera type: fixed</description>
      <Point>
        <coordinates>-81.8056289,41.4542444,0</coordinates>
      </Point>
    </Placemark>
    <Placemark>
      <name>ALPR</name>
      <description>OSM node: https://www.openstreetmap.org/node/14109864323
Manufacturer: Flock Safety
Direction: 70
Zone: residential
Camera type: fixed</description>
      <Point>
        <coordinates>-81.8056289,41.4541137,0</coordinates>
      </Point>
    </Placemark>
    <Placemark>
      <name>ALPR</name>
      <description>OSM node: https://www.openstreetmap.org/node/14109864324
Manufacturer: Flock Safety
Direction: 310
Zone: residential
Camera type: fixed</description>
      <Point>
        <coordinates>-81.805071,41.4540695,0</coordinates>
      </Point>
    </Placemark>
    <Placemark>
      <name>ALPR</name>
      <description>OSM node: https://www.openstreetmap.org/node/14109864325
Manufacturer: Flock Safety
Direction: 200
Zone: residential
Camera type: fixed</description>
      <Point>
        <coordinates>-81.8052722,41.4542806,0</coordinates>
      </Point>
    </Placemark>
    <Placemark>
      <name>ALPR</name>
      <description>OSM node: https://www.openstreetmap.org/node/14110401803
Manufacturer: Flock Safety
Direction: 169
Zone: traffic
Camera type: fixed</description>
      <Point>
        <coordinates>-81.6383535,41.3448604,0</coordinates>
      </Point>
    </Placemark>
    <Placemark>
      <name>ALPR</name>
      <description>OSM node: https://www.openstreetmap.org/node/14110696101
Manufacturer: Flock Safety
Direction: 249
Zone: traffic
Camera type: fixed</description>
      <Point>
        <coordinates>-83.1808129,40.0464268,0</coordinates>
      </Point>
    </Placemark>
    <Placemark>
      <name>ALPR</name>
      <description>OSM node: https://www.openstreetmap.org/node/14110811402
Manufacturer: Flock Safety
Direction: 225
Zone: traffic
Camera type: fixed</description>
      <Point>
        <coordinates>-81.5754763,40.7059964,0</coordinates>
      </Point>
    </Placemark>
    <Placemark>
      <name>ALPR</name>
      <description>OSM node: https://www.openstreetmap.org/node/14110816501
Manufacturer: Flock Safety
Direction: 56
Zone: traffic
Camera type: fixed</description>
      <Point>
        <coordinates>-82.882076,40.0560716,0</coordinates>
      </Point>
    </Placemark>
    <Placemark>
      <name>ALPR</name>
      <description>OSM node: https://www.openstreetmap.org/node/14110904470
Direction: 180
Zone: traffic</description>
      <Point>
        <coordinates>-81.4801491,41.1361478,0</coordinates>
      </Point>
    </Placemark>
    <Placemark>
      <name>ALPR</name>
      <description>OSM node: https://www.openstreetmap.org/node/14110963401
Manufacturer: Flock Safety
Direction: 199
Zone: traffic
Camera type: fixed</description>
      <Point>
        <coordinates>-83.1446748,40.5736586,0</coordinates>
      </Point>
    </Placemark>
    <Placemark>
      <name>ALPR</name>
      <description>OSM node: https://www.openstreetmap.org/node/14110968150
Direction: 0
Zone: traffic</description>
      <Point>
        <coordinates>-81.4803409,41.1363039,0</coordinates>
      </Point>
    </Placemark>
    <Placemark>
      <name>ALPR</name>
      <description>OSM node: https://www.openstreetmap.org/node/14111309202
Manufacturer: Flock Safety
Direction: 158
Zone: traffic
Camera type: fixed</description>
      <Point>
        <coordinates>-82.9638733,39.9277368,0</coordinates>
      </Point>
    </Placemark>
    <Placemark>
      <name>ALPR</name>
      <description>OSM node: https://www.openstreetmap.org/node/14111336601
Manufacturer: Flock Safety
Direction: 257
Zone: traffic
Camera type: fixed</description>
      <Point>
        <coordinates>-84.552137,41.4563649,0</coordinates>
      </Point>
    </Placemark>
    <Placemark>
      <name>ALPR</name>
      <description>OSM node: https://www.openstreetmap.org/node/14111379301
Manufacturer: Flock Safety
Direction: 251
Zone: traffic
Camera type: fixed</description>
      <Point>
        <coordinates>-83.130274,39.9522847,0</coordinates>
      </Point>
    </Placemark>
    <Placemark>
      <name>ALPR</name>
      <description>OSM node: https://www.openstreetmap.org/node/14111379401
Manufacturer: Flock Safety
Direction: 322
Zone: traffic
Camera type: fixed</description>
      <Point>
        <coordinates>-83.130263,39.9522901,0</coordinates>
      </Point>
    </Placemark>
    <Placemark>
      <name>ALPR</name>
      <description>OSM node: https://www.openstreetmap.org/node/14111402801
Manufacturer: Flock Safety
Direction: 300
Zone: traffic
Camera type: fixed</description>
      <Point>
        <coordinates>-84.3301016,39.4382254,0</coordinates>
      </Point>
    </Placemark>
    <Placemark>
      <name>ALPR</name>
      <description>OSM node: https://www.openstreetmap.org/node/14111422701
Manufacturer: Flock Safety
Direction: 255
Zone: traffic
Camera type: fixed</description>
      <Point>
        <coordinates>-84.4385874,39.2537652,0</coordinates>
      </Point>
    </Placemark>
    <Placemark>
      <name>ALPR</name>
      <description>OSM node: https://www.openstreetmap.org/node/14111448302
Manufacturer: Flock Safety
Direction: 139
Zone: traffic
Camera type: fixed</description>
      <Point>
        <coordinates>-83.6825969,41.6616462,0</coordinates>
      </Point>
    </Placemark>
    <Placemark>
      <name>ALPR</name>
      <description>OSM node: https://www.openstreetmap.org/node/14111455001
Manufacturer: Flock Safety
Direction: 0
Zone: traffic
Camera type: fixed</description>
      <Point>
        <coordinates>-81.5140845,41.3136353,0</coordinates>
      </Point>
    </Placemark>
    <Placemark>
      <name>ALPR</name>
      <description>OSM node: https://www.openstreetmap.org/node/14111530101
Manufacturer: Flock Safety
Direction: 345
Zone: traffic
Camera type: fixed</description>
      <Point>
        <coordinates>-84.1685203,39.6894668,0</coordinates>
      </Point>
    </Placemark>
    <Placemark>
      <name>ALPR</name>
      <description>OSM node: https://www.openstreetmap.org/node/14111561801
Manufacturer: Flock Safety
Direction: 271
Zone: traffic
Camera type: fixed</description>
      <Point>
        <coordinates>-84.3209933,39.8466499,0</coordinates>
      </Point>
    </Placemark>
    <Placemark>
      <name>ALPR</name>
      <description>OSM node: https://www.openstreetmap.org/node/14111567402
Manufacturer: Flock Safety
Direction: 126
Zone: traffic
Camera type: fixed</description>
      <Point>
        <coordinates>-82.9579533,40.1449099,0</coordinates>
      </Point>
    </Placemark>
    <Placemark>
      <name>ALPR</name>
      <description>OSM node: https://www.openstreetmap.org/node/14111570601
Manufacturer: Flock Safety
Direction: 242
Zone: traffic
Camera type: fixed</description>
      <Point>
        <coordinates>-82.9569215,40.1449283,0</coordinates>
      </Point>
    </Placemark>
    <Placemark>
      <name>ALPR</name>
      <description>OSM node: https://www.openstreetmap.org/node/14111570901
Manufacturer: Flock Safety
Direction: 148
Zone: traffic
Camera type: fixed</description>
      <Point>
        <coordinates>-82.9572345,40.1453849,0</coordinates>
      </Point>
    </Placemark>
    <Placemark>
      <name>ALPR</name>
      <description>OSM node: https://www.openstreetmap.org/node/14111601801
Manufacturer: Flock Safety
Direction: 262
Zone: traffic
Camera type: fixed</description>
      <Point>
        <coordinates>-84.5959169,39.1002208,0</coordinates>
      </Point>
    </Placemark>
    <Placemark>
      <name>ALPR</name>
      <description>OSM node: https://www.openstreetmap.org/node/14111700801
Manufacturer: Flock Safety
Direction: 324
Zone: traffic
Camera type: fixed</description>
      <Point>
        <coordinates>-81.4503919,41.409398,0</coordinates>
      </Point>
    </Placemark>
    <Placemark>
      <name>ALPR</name>
      <description>OSM node: https://www.openstreetmap.org/node/14112329102
Manufacturer: Flock Safety
Direction: 157
Zone: traffic
Camera type: fixed</description>
      <Point>
        <coordinates>-82.1170913,41.4030912,0</coordinates>
      </Point>
    </Placemark>
    <Placemark>
      <name>ALPR</name>
      <description>OSM node: https://www.openstreetmap.org/node/14112410901
Manufacturer: Flock Safety
Direction: 326
Zone: traffic
Camera type: fixed</description>
      <Point>
        <coordinates>-83.1846376,40.0406974,0</coordinates>
      </Point>
    </Placemark>
    <Placemark>
      <name>ALPR</name>
      <description>OSM node: https://www.openstreetmap.org/node/14112416401
Manufacturer: Flock Safety
Direction: 245
Zone: traffic
Camera type: fixed</description>
      <Point>
        <coordinates>-84.5731163,39.3953446,0</coordinates>
      </Point>
    </Placemark>
    <Placemark>
      <name>ALPR</name>
      <description>OSM node: https://www.openstreetmap.org/node/14112559601
Manufacturer: Flock Safety
Direction: 331
Zone: traffic
Camera type: fixed</description>
      <Point>
        <coordinates>-81.5388481,41.5832264,0</coordinates>
      </Point>
    </Placemark>
    <Placemark>
      <name>ALPR</name>
      <description>OSM node: https://www.openstreetmap.org/node/14113575701
Manufacturer: Flock Safety
Direction: 252
Zone: traffic
Camera type: fixed</description>
      <Point>
        <coordinates>-82.8201656,40.001256,0</coordinates>
      </Point>
    </Placemark>
    <Placemark>
      <name>ALPR</name>
      <description>OSM node: https://www.openstreetmap.org/node/14113815501
Manufacturer: Flock Safety
Direction: 343
Zone: traffic
Camera type: fixed</description>
      <Point>
        <coordinates>-81.8203057,41.3474638,0</coordinates>
      </Point>
    </Placemark>
    <Placemark>
      <name>ALPR</name>
      <description>OSM node: https://www.openstreetmap.org/node/14113842801
Manufacturer: Flock Safety
Direction: 160
Zone: traffic
Camera type: fixed</description>
      <Point>
        <coordinates>-81.7228682,41.4182915,0</coordinates>
      </Point>
    </Placemark>
    <Placemark>
      <name>ALPR</name>
      <description>OSM node: https://www.openstreetmap.org/node/14113853001
Manufacturer: Flock Safety
Direction: 66
Zone: traffic
Camera type: fixed</description>
      <Point>
        <coordinates>-83.0025026,40.1361143,0</coordinates>
      </Point>
    </Placemark>
    <Placemark>
      <name>ALPR</name>
      <description>OSM node: https://www.openstreetmap.org/node/14113934601
Manufacturer: Flock Safety
Direction: 139
Zone: traffic
Camera type: fixed</description>
      <Point>
        <coordinates>-83.1206603,40.5656177,0</coordinates>
      </Point>
    </Placemark>
    <Placemark>
      <name>ALPR</name>
      <description>OSM node: https://www.openstreetmap.org/node/14114001125
Manufacturer: Flock Safety
Direction: 15
Zone: traffic
Camera type: fixed</description>
      <Point>
        <coordinates>-83.7474783,41.4797108,0</coordinates>
      </Point>
    </Placemark>
    <Placemark>
      <name>ALPR</name>
      <description>OSM node: https://www.openstreetmap.org/node/14115007601
Manufacturer: Flock Safety
Direction: 75
Zone: traffic
Camera type: fixed</description>
      <Point>
        <coordinates>-84.5351354,39.3811093,0</coordinates>
      </Point>
    </Placemark>
    <Placemark>
      <name>ALPR</name>
      <description>OSM node: https://www.openstreetmap.org/node/14115375701
Manufacturer: Flock Safety
Direction: 203
Zone: traffic
Camera type: fixed</description>
      <Point>
        <coordinates>-84.1938973,39.6917029,0</coordinates>
      </Point>
    </Placemark>
    <Placemark>
      <name>ALPR</name>
      <description>OSM node: https://www.openstreetmap.org/node/14115711450
Manufacturer: Flock Safety
Direction: 55
Zone: traffic
Camera type: fixed</description>
      <Point>
        <coordinates>-81.6482196,41.1314197,0</coordinates>
      </Point>
    </Placemark>
    <Placemark>
      <name>ALPR</name>
      <description>OSM node: https://www.openstreetmap.org/node/14115711451
Manufacturer: Flock Safety
Direction: 220
Zone: traffic
Camera type: fixed</description>
      <Point>
        <coordinates>-81.646468,41.1316168,0</coordinates>
      </Point>
    </Placemark>
    <Placemark>
      <name>ALPR</name>
      <description>OSM node: https://www.openstreetmap.org/node/14116159930
Manufacturer: Flock Safety
Direction: 285
Zone: traffic
Camera type: fixed</description>
      <Point>
        <coordinates>-82.0153422,41.4614602,0</coordinates>
      </Point>
    </Placemark>
    <Placemark>
      <name>ALPR</name>
      <description>OSM node: https://www.openstreetmap.org/node/14116235601
Manufacturer: Flock Safety
Direction: 154
Zone: traffic
Camera type: fixed</description>
      <Point>
        <coordinates>-84.1342789,41.5442763,0</coordinates>
      </Point>
    </Placemark>
    <Placemark>
      <name>ALPR</name>
      <description>OSM node: https://www.openstreetmap.org/node/14116318501
Manufacturer: Flock Safety
Direction: 188
Zone: traffic
Camera type: fixed</description>
      <Point>
        <coordinates>-84.5147952,39.3376289,0</coordinates>
      </Point>
    </Placemark>
    <Placemark>
      <name>ALPR</name>
      <description>OSM node: https://www.openstreetmap.org/node/14116340801
Manufacturer: Flock Safety
Direction: 245
Zone: traffic
Camera type: fixed</description>
      <Point>
        <coordinates>-81.9345773,40.8066153,0</coordinates>
      </Point>
    </Placemark>
    <Placemark>
      <name>ALPR</name>
      <description>OSM node: https://www.openstreetmap.org/node/14116340802
Manufacturer: Flock Safety
Direction: 139
Zone: traffic
Camera type: fixed</description>
      <Point>
        <coordinates>-81.9345768,40.8066143,0</coordinates>
      </Point>
    </Placemark>
    <Placemark>
      <name>ALPR</name>
      <description>OSM node: https://www.openstreetmap.org/node/14117727401
Manufacturer: Flock Safety
Direction: 296
Zone: traffic
Camera type: fixed</description>
      <Point>
        <coordinates>-81.6021113,41.4117855,0</coordinates>
      </Point>
    </Placemark>
    <Placemark>
      <name>ALPR</name>
      <description>OSM node: https://www.openstreetmap.org/node/14118018410
Manufacturer: Flock Safety
Direction: 55
Zone: traffic
Camera type: fixed</description>
      <Point>
        <coordinates>-82.9173796,40.0498514,0</coordinates>
      </Point>
    </Placemark>
    <Placemark>
      <name>ALPR</name>
      <description>OSM node: https://www.openstreetmap.org/node/14119905902
Manufacturer: Flock Safety
Direction: 179
Zone: traffic
Camera type: fixed</description>
      <Point>
        <coordinates>-82.1663826,41.4426992,0</coordinates>
      </Point>
    </Placemark>
    <Placemark>
      <name>ALPR</name>
      <description>OSM node: https://www.openstreetmap.org/node/14120452202
Manufacturer: Flock Safety
Direction: 0
Zone: traffic
Camera type: fixed</description>
      <Point>
        <coordinates>-82.2746145,41.3469019,0</coordinates>
      </Point>
    </Placemark>
    <Placemark>
      <name>ALPR</name>
      <description>OSM node: https://www.openstreetmap.org/node/14120961101
Manufacturer: Flock Safety
Direction: 287
Zone: traffic
Camera type: fixed</description>
      <Point>
        <coordinates>-82.4947352,40.7489701,0</coordinates>
      </Point>
    </Placemark>
    <Placemark>
      <name>ALPR</name>
      <description>OSM node: https://www.openstreetmap.org/node/14120978141
Manufacturer: Flock Safety
Direction: 310
Zone: traffic
Camera type: fixed</description>
      <Point>
        <coordinates>-83.6183483,41.6180863,0</coordinates>
      </Point>
    </Placemark>
    <Placemark>
      <name>ALPR</name>
      <description>OSM node: https://www.openstreetmap.org/node/14121073001
Manufacturer: Flock Safety
Direction: 55
Zone: traffic
Camera type: fixed</description>
      <Point>
        <coordinates>-84.2653829,39.8989104,0</coordinates>
      </Point>
    </Placemark>
    <Placemark>
      <name>ALPR</name>
      <description>OSM node: https://www.openstreetmap.org/node/14121099301
Manufacturer: Flock Safety
Direction: 39
Zone: traffic
Camera type: fixed</description>
      <Point>
        <coordinates>-82.9700749,40.0092394,0</coordinates>
      </Point>
    </Placemark>
    <Placemark>
      <name>ALPR</name>
      <description>OSM node: https://www.openstreetmap.org/node/14121546702
Manufacturer: Flock Safety
Direction: 264
Zone: traffic
Camera type: fixed</description>
      <Point>
        <coordinates>-83.7796483,39.2146854,0</coordinates>
      </Point>
    </Placemark>
    <Placemark>
      <name>ALPR</name>
      <description>OSM node: https://www.openstreetmap.org/node/14122453201
Manufacturer: Genetec
Direction: 97
Zone: traffic
Camera type: fixed</description>
      <Point>
        <coordinates>-80.5681568,41.1760214,0</coordinates>
      </Point>
    </Placemark>
    <Placemark>
      <name>ALPR</name>
      <description>OSM node: https://www.openstreetmap.org/node/14122914802
Manufacturer: Flock Safety
Direction: 227
Zone: traffic
Camera type: fixed</description>
      <Point>
        <coordinates>-84.2526783,39.7266196,0</coordinates>
      </Point>
    </Placemark>
    <Placemark>
      <name>ALPR</name>
      <description>OSM node: https://www.openstreetmap.org/node/14122928102
Manufacturer: Flock Safety
Direction: 237
Zone: traffic
Camera type: fixed</description>
      <Point>
        <coordinates>-81.6483193,41.4623292,0</coordinates>
      </Point>
    </Placemark>
    <Placemark>
      <name>ALPR</name>
      <description>OSM node: https://www.openstreetmap.org/node/14123265501
Manufacturer: Flock Safety
Direction: 0
Zone: traffic
Camera type: fixed</description>
      <Point>
        <coordinates>-82.2746635,41.3468579,0</coordinates>
      </Point>
    </Placemark>
    <Placemark>
      <name>ALPR</name>
      <description>OSM node: https://www.openstreetmap.org/node/14123275801
Manufacturer: Flock Safety
Direction: 155
Zone: traffic
Camera type: fixed</description>
      <Point>
        <coordinates>-84.3672461,39.2779577,0</coordinates>
      </Point>
    </Placemark>
    <Placemark>
      <name>ALPR</name>
      <description>OSM node: https://www.openstreetmap.org/node/14123395891
Manufacturer: Flock Safety
Direction: 80
Zone: traffic
Camera type: fixed</description>
      <Point>
        <coordinates>-84.5719971,39.3945031,0</coordinates>
      </Point>
    </Placemark>
    <Placemark>
      <name>ALPR</name>
      <description>OSM node: https://www.openstreetmap.org/node/14123824501
Manufacturer: Rekor
Direction: 131
Zone: traffic
Camera type: fixed</description>
      <Point>
        <coordinates>-82.8558207,39.9994925,0</coordinates>
      </Point>
    </Placemark>
    <Placemark>
      <name>ALPR</name>
      <description>OSM node: https://www.openstreetmap.org/node/14123825201
Manufacturer: Flock Safety
Direction: 241
Zone: traffic
Camera type: fixed</description>
      <Point>
        <coordinates>-82.8853064,40.0511427,0</coordinates>
      </Point>
    </Placemark>
    <Placemark>
      <name>ALPR</name>
      <description>OSM node: https://www.openstreetmap.org/node/14123856101
Manufacturer: Flock Safety
Direction: 0
Zone: traffic
Camera type: fixed</description>
      <Point>
        <coordinates>-84.5750319,39.2808054,0</coordinates>
      </Point>
    </Placemark>
    <Placemark>
      <name>ALPR</name>
      <description>OSM node: https://www.openstreetmap.org/node/14123914401
Manufacturer: Flock Safety
Direction: 40
Zone: traffic
Camera type: fixed</description>
      <Point>
        <coordinates>-81.5892918,41.5631157,0</coordinates>
      </Point>
    </Placemark>
    <Placemark>
      <name>ALPR</name>
      <description>OSM node: https://www.openstreetmap.org/node/14123914402
Manufacturer: Flock Safety
Direction: 203
Zone: traffic
Camera type: fixed</description>
      <Point>
        <coordinates>-81.5854339,41.5691046,0</coordinates>
      </Point>
    </Placemark>
  </Document>
</kml>
