<?xml version="1.0" encoding="UTF-8"?>
<kml xmlns="http://www.opengis.net/kml/2.2">
  <Document>
    <name>DeFlock ALPR Cameras -- California (2026-08-22) -- part 5 of 11</name>
    <description>Source: OpenStreetMap (surveillance:type=ALPR), same data DeFlock.me displays. ODbL licensed -- see https://www.openstreetmap.org/copyright</description>
    <Placemark>
      <name>California State Parks ALPR</name>
      <description>OSM node: https://www.openstreetmap.org/node/13298611801
Operator: California State Parks
Manufacturer: Flock Safety
Direction: 18
Zone: traffic
Camera type: fixed</description>
      <Point>
        <coordinates>-118.2312205,34.068035,0</coordinates>
      </Point>
    </Placemark>
    <Placemark>
      <name>ALPR</name>
      <description>OSM node: https://www.openstreetmap.org/node/13298652092
Manufacturer: Flock Safety
Direction: 270
Camera type: fixed</description>
      <Point>
        <coordinates>-121.9150391,37.6915327,0</coordinates>
      </Point>
    </Placemark>
    <Placemark>
      <name>ALPR</name>
      <description>OSM node: https://www.openstreetmap.org/node/13298652093
Manufacturer: Flock Safety
Direction: 45
Camera type: fixed</description>
      <Point>
        <coordinates>-121.9041916,37.6986379,0</coordinates>
      </Point>
    </Placemark>
    <Placemark>
      <name>ALPR</name>
      <description>OSM node: https://www.openstreetmap.org/node/13298652094
Manufacturer: Flock Safety
Direction: 115
Camera type: fixed</description>
      <Point>
        <coordinates>-121.9239796,37.7061365,0</coordinates>
      </Point>
    </Placemark>
    <Placemark>
      <name>ALPR</name>
      <description>OSM node: https://www.openstreetmap.org/node/13298652095
Manufacturer: Flock Safety
Direction: 110
Camera type: fixed</description>
      <Point>
        <coordinates>-121.9237027,37.7058087,0</coordinates>
      </Point>
    </Placemark>
    <Placemark>
      <name>ALPR</name>
      <description>OSM node: https://www.openstreetmap.org/node/13298697651
Manufacturer: Flock Safety
Direction: 110
Camera type: fixed</description>
      <Point>
        <coordinates>-122.0071552,37.8279067,0</coordinates>
      </Point>
    </Placemark>
    <Placemark>
      <name>ALPR</name>
      <description>OSM node: https://www.openstreetmap.org/node/13298697652
Manufacturer: Flock Safety
Direction: 280
Camera type: fixed</description>
      <Point>
        <coordinates>-122.0072838,37.8282887,0</coordinates>
      </Point>
    </Placemark>
    <Placemark>
      <name>ALPR</name>
      <description>OSM node: https://www.openstreetmap.org/node/13298697653
Manufacturer: Flock Safety
Direction: 150
Camera type: fixed</description>
      <Point>
        <coordinates>-122.0035415,37.8284885,0</coordinates>
      </Point>
    </Placemark>
    <Placemark>
      <name>ALPR</name>
      <description>OSM node: https://www.openstreetmap.org/node/13298697654
Manufacturer: Flock Safety
Direction: 215
Camera type: fixed</description>
      <Point>
        <coordinates>-122.0018,37.8292871,0</coordinates>
      </Point>
    </Placemark>
    <Placemark>
      <name>ALPR</name>
      <description>OSM node: https://www.openstreetmap.org/node/13298697655
Manufacturer: Flock Safety
Direction: 115
Camera type: fixed</description>
      <Point>
        <coordinates>-122.0014142,37.8290572,0</coordinates>
      </Point>
    </Placemark>
    <Placemark>
      <name>ALPR</name>
      <description>OSM node: https://www.openstreetmap.org/node/13298697656
Manufacturer: Flock Safety
Direction: 35
Camera type: fixed</description>
      <Point>
        <coordinates>-122.0001788,37.8299971,0</coordinates>
      </Point>
    </Placemark>
    <Placemark>
      <name>ALPR</name>
      <description>OSM node: https://www.openstreetmap.org/node/13298697657
Manufacturer: Flock Safety
Direction: 275
Camera type: fixed</description>
      <Point>
        <coordinates>-121.994703,37.822951,0</coordinates>
      </Point>
    </Placemark>
    <Placemark>
      <name>ALPR</name>
      <description>OSM node: https://www.openstreetmap.org/node/13298697658
Manufacturer: Flock Safety
Direction: 65
Camera type: fixed</description>
      <Point>
        <coordinates>-121.9920297,37.8227985,0</coordinates>
      </Point>
    </Placemark>
    <Placemark>
      <name>ALPR</name>
      <description>OSM node: https://www.openstreetmap.org/node/13298697659
Manufacturer: Flock Safety
Direction: 150
Camera type: fixed</description>
      <Point>
        <coordinates>-121.995389,37.8111887,0</coordinates>
      </Point>
    </Placemark>
    <Placemark>
      <name>ALPR</name>
      <description>OSM node: https://www.openstreetmap.org/node/13298697660
Manufacturer: Flock Safety
Direction: 335
Camera type: fixed</description>
      <Point>
        <coordinates>-121.9955371,37.8114477,0</coordinates>
      </Point>
    </Placemark>
    <Placemark>
      <name>ALPR</name>
      <description>OSM node: https://www.openstreetmap.org/node/13298697661
Manufacturer: Flock Safety
Direction: 335
Camera type: fixed</description>
      <Point>
        <coordinates>-121.9951628,37.8116046,0</coordinates>
      </Point>
    </Placemark>
    <Placemark>
      <name>ALPR</name>
      <description>OSM node: https://www.openstreetmap.org/node/13298697662
Manufacturer: Flock Safety
Direction: 320
Camera type: fixed</description>
      <Point>
        <coordinates>-121.9908397,37.8116064,0</coordinates>
      </Point>
    </Placemark>
    <Placemark>
      <name>ALPR</name>
      <description>OSM node: https://www.openstreetmap.org/node/13298697663
Manufacturer: Motorola Solutions
Direction: 80
Camera type: fixed</description>
      <Point>
        <coordinates>-121.9906686,37.8112911,0</coordinates>
      </Point>
    </Placemark>
    <Placemark>
      <name>ALPR</name>
      <description>OSM node: https://www.openstreetmap.org/node/13298697664
Manufacturer: Motorola Solutions
Direction: 180
Camera type: fixed</description>
      <Point>
        <coordinates>-121.9909879,37.8112308,0</coordinates>
      </Point>
    </Placemark>
    <Placemark>
      <name>ALPR</name>
      <description>OSM node: https://www.openstreetmap.org/node/13298697665
Manufacturer: Motorola Solutions
Direction: 190
Camera type: fixed</description>
      <Point>
        <coordinates>-121.9910057,37.8112287,0</coordinates>
      </Point>
    </Placemark>
    <Placemark>
      <name>ALPR</name>
      <description>OSM node: https://www.openstreetmap.org/node/13298721701
Manufacturer: Flock Safety
Direction: 182
Zone: traffic
Camera type: fixed</description>
      <Point>
        <coordinates>-121.2432339,38.5253151,0</coordinates>
      </Point>
    </Placemark>
    <Placemark>
      <name>ALPR</name>
      <description>OSM node: https://www.openstreetmap.org/node/13298741702
Manufacturer: Flock Safety
Direction: 340
Zone: traffic
Camera type: fixed</description>
      <Point>
        <coordinates>-121.9706843,38.8853889,0</coordinates>
      </Point>
    </Placemark>
    <Placemark>
      <name>ALPR</name>
      <description>OSM node: https://www.openstreetmap.org/node/13298758461
Manufacturer: Flock Safety
Direction: 255
Zone: traffic
Camera type: fixed</description>
      <Point>
        <coordinates>-121.9713646,38.8817604,0</coordinates>
      </Point>
    </Placemark>
    <Placemark>
      <name>ALPR</name>
      <description>OSM node: https://www.openstreetmap.org/node/13298780078
Manufacturer: Flock Safety
Direction: 280
Zone: street
Camera type: fixed</description>
      <Point>
        <coordinates>-117.154115,33.9928845,0</coordinates>
      </Point>
    </Placemark>
    <Placemark>
      <name>ALPR</name>
      <description>OSM node: https://www.openstreetmap.org/node/13298825701
Manufacturer: Flock Safety
Direction: 88
Zone: traffic
Camera type: fixed</description>
      <Point>
        <coordinates>-119.2484475,34.2730209,0</coordinates>
      </Point>
    </Placemark>
    <Placemark>
      <name>ALPR</name>
      <description>OSM node: https://www.openstreetmap.org/node/13298840742
Manufacturer: Flock Safety
Direction: 174;228
Zone: traffic
Camera type: fixed</description>
      <Point>
        <coordinates>-117.4697367,33.9085571,0</coordinates>
      </Point>
    </Placemark>
    <Placemark>
      <name>ALPR</name>
      <description>OSM node: https://www.openstreetmap.org/node/13298857001
Manufacturer: Flock Safety
Direction: 328
Zone: traffic
Camera type: fixed</description>
      <Point>
        <coordinates>-122.0874252,39.9115105,0</coordinates>
      </Point>
    </Placemark>
    <Placemark>
      <name>ALPR</name>
      <description>OSM node: https://www.openstreetmap.org/node/13300061902
Manufacturer: Flock Safety
Direction: 319
Zone: traffic
Camera type: fixed</description>
      <Point>
        <coordinates>-122.0874779,39.9115225,0</coordinates>
      </Point>
    </Placemark>
    <Placemark>
      <name>ALPR</name>
      <description>OSM node: https://www.openstreetmap.org/node/13300258704
Manufacturer: Flock Safety
Direction: 359
Zone: traffic
Camera type: fixed</description>
      <Point>
        <coordinates>-121.7842627,38.6560965,0</coordinates>
      </Point>
    </Placemark>
    <Placemark>
      <name>ALPR</name>
      <description>OSM node: https://www.openstreetmap.org/node/13300262104
Manufacturer: Flock Safety
Direction: 73
Zone: traffic
Camera type: fixed</description>
      <Point>
        <coordinates>-121.8024748,38.6776181,0</coordinates>
      </Point>
    </Placemark>
    <Placemark>
      <name>ALPR</name>
      <description>OSM node: https://www.openstreetmap.org/node/13300264401
Manufacturer: Flock Safety
Direction: 315
Zone: traffic
Camera type: fixed</description>
      <Point>
        <coordinates>-122.4590902,37.7920655,0</coordinates>
      </Point>
    </Placemark>
    <Placemark>
      <name>ALPR</name>
      <description>OSM node: https://www.openstreetmap.org/node/13300264501
Manufacturer: Flock Safety
Direction: 160
Zone: traffic
Camera type: fixed</description>
      <Point>
        <coordinates>-121.7840935,38.6774758,0</coordinates>
      </Point>
    </Placemark>
    <Placemark>
      <name>ALPR</name>
      <description>OSM node: https://www.openstreetmap.org/node/13300265801
Manufacturer: Flock Safety
Direction: 137
Zone: traffic
Camera type: fixed</description>
      <Point>
        <coordinates>-122.4589912,37.7919978,0</coordinates>
      </Point>
    </Placemark>
    <Placemark>
      <name>ALPR</name>
      <description>OSM node: https://www.openstreetmap.org/node/13300290103
Manufacturer: Flock Safety
Direction: 217;37
Zone: traffic
Camera type: fixed</description>
      <Point>
        <coordinates>-122.4480322,37.7982102,0</coordinates>
      </Point>
    </Placemark>
    <Placemark>
      <name>ALPR</name>
      <description>OSM node: https://www.openstreetmap.org/node/13300297102
Manufacturer: Flock Safety
Direction: 217
Zone: traffic
Camera type: fixed</description>
      <Point>
        <coordinates>-122.4480322,37.7982102,0</coordinates>
      </Point>
    </Placemark>
    <Placemark>
      <name>San Mateo PD ALPR</name>
      <description>OSM node: https://www.openstreetmap.org/node/13300321435
Operator: San Mateo PD
Manufacturer: Flock Safety
Direction: 165
Zone: traffic
Camera type: fixed</description>
      <Point>
        <coordinates>-122.2846824,37.545791,0</coordinates>
      </Point>
    </Placemark>
    <Placemark>
      <name>ALPR</name>
      <description>OSM node: https://www.openstreetmap.org/node/13300341803
Manufacturer: Motorola Solutions
Direction: 160
Camera type: fixed</description>
      <Point>
        <coordinates>-118.1126473,33.7467911,0</coordinates>
      </Point>
    </Placemark>
    <Placemark>
      <name>ALPR</name>
      <description>OSM node: https://www.openstreetmap.org/node/13300341804
Manufacturer: Flock Safety
Direction: 185
Camera type: fixed</description>
      <Point>
        <coordinates>-118.1131492,33.7432563,0</coordinates>
      </Point>
    </Placemark>
    <Placemark>
      <name>ALPR</name>
      <description>OSM node: https://www.openstreetmap.org/node/13300341805
Manufacturer: Flock Safety
Direction: 55
Camera type: fixed</description>
      <Point>
        <coordinates>-118.1133728,33.7430129,0</coordinates>
      </Point>
    </Placemark>
    <Placemark>
      <name>ALPR</name>
      <description>OSM node: https://www.openstreetmap.org/node/13300341806
Manufacturer: Motorola Solutions
Direction: 250
Camera type: fixed</description>
      <Point>
        <coordinates>-118.1138519,33.7430408,0</coordinates>
      </Point>
    </Placemark>
    <Placemark>
      <name>ALPR</name>
      <description>OSM node: https://www.openstreetmap.org/node/13300341807
Manufacturer: Flock Safety
Direction: 15
Camera type: fixed</description>
      <Point>
        <coordinates>-118.1054221,33.7389095,0</coordinates>
      </Point>
    </Placemark>
    <Placemark>
      <name>ALPR</name>
      <description>OSM node: https://www.openstreetmap.org/node/13300341808
Manufacturer: Motorola Solutions
Direction: 270
Camera type: fixed</description>
      <Point>
        <coordinates>-118.1053275,33.7391153,0</coordinates>
      </Point>
    </Placemark>
    <Placemark>
      <name>ALPR</name>
      <description>OSM node: https://www.openstreetmap.org/node/13300341809
Manufacturer: Flock Safety
Direction: 245
Camera type: fixed</description>
      <Point>
        <coordinates>-118.1052823,33.7391256,0</coordinates>
      </Point>
    </Placemark>
    <Placemark>
      <name>ALPR</name>
      <description>OSM node: https://www.openstreetmap.org/node/13300341810
Manufacturer: Flock Safety
Direction: 205
Camera type: fixed</description>
      <Point>
        <coordinates>-118.1052806,33.7391245,0</coordinates>
      </Point>
    </Placemark>
    <Placemark>
      <name>ALPR</name>
      <description>OSM node: https://www.openstreetmap.org/node/13300341811
Manufacturer: Flock Safety
Direction: 10
Camera type: fixed</description>
      <Point>
        <coordinates>-118.1070046,33.7399895,0</coordinates>
      </Point>
    </Placemark>
    <Placemark>
      <name>ALPR</name>
      <description>OSM node: https://www.openstreetmap.org/node/13300341812
Manufacturer: Flock Safety
Direction: 195
Camera type: fixed</description>
      <Point>
        <coordinates>-118.1070211,33.7402095,0</coordinates>
      </Point>
    </Placemark>
    <Placemark>
      <name>ALPR</name>
      <description>OSM node: https://www.openstreetmap.org/node/13300341813
Manufacturer: Motorola Solutions
Direction: 200
Camera type: fixed</description>
      <Point>
        <coordinates>-118.1073402,33.740202,0</coordinates>
      </Point>
    </Placemark>
    <Placemark>
      <name>ALPR</name>
      <description>OSM node: https://www.openstreetmap.org/node/13300402962
Direction: 335
Zone: traffic</description>
      <Point>
        <coordinates>-118.0290289,33.9026928,0</coordinates>
      </Point>
    </Placemark>
    <Placemark>
      <name>ALPR</name>
      <description>OSM node: https://www.openstreetmap.org/node/13300402963
Direction: 80
Zone: traffic</description>
      <Point>
        <coordinates>-118.0289911,33.9024217,0</coordinates>
      </Point>
    </Placemark>
    <Placemark>
      <name>ALPR</name>
      <description>OSM node: https://www.openstreetmap.org/node/13300402964
Direction: 90
Zone: entrance</description>
      <Point>
        <coordinates>-118.0116929,33.9184191,0</coordinates>
      </Point>
    </Placemark>
    <Placemark>
      <name>ALPR</name>
      <description>OSM node: https://www.openstreetmap.org/node/13300402965
Direction: 270
Zone: entrance</description>
      <Point>
        <coordinates>-118.0117386,33.9184195,0</coordinates>
      </Point>
    </Placemark>
    <Placemark>
      <name>ALPR</name>
      <description>OSM node: https://www.openstreetmap.org/node/13300425702
Manufacturer: Flock Safety
Direction: 81
Zone: traffic
Camera type: fixed</description>
      <Point>
        <coordinates>-121.7850041,38.6193883,0</coordinates>
      </Point>
    </Placemark>
    <Placemark>
      <name>ALPR</name>
      <description>OSM node: https://www.openstreetmap.org/node/13300435818
Manufacturer: Flock Safety
Direction: 45
Zone: street
Camera type: fixed</description>
      <Point>
        <coordinates>-122.4601977,37.7435056,0</coordinates>
      </Point>
    </Placemark>
    <Placemark>
      <name>Los Gatos/Monte Sereno Police Department ALPR</name>
      <description>OSM node: https://www.openstreetmap.org/node/13300511101
Operator: Los Gatos/Monte Sereno Police Department
Manufacturer: Flock Safety
Direction: 307
Zone: traffic
Camera type: fixed</description>
      <Point>
        <coordinates>-121.977578,37.2371618,0</coordinates>
      </Point>
    </Placemark>
    <Placemark>
      <name>ALPR</name>
      <description>OSM node: https://www.openstreetmap.org/node/13300582703
Manufacturer: Flock Safety
Direction: 111
Zone: traffic
Camera type: fixed</description>
      <Point>
        <coordinates>-117.3460743,33.6396632,0</coordinates>
      </Point>
    </Placemark>
    <Placemark>
      <name>ALPR</name>
      <description>OSM node: https://www.openstreetmap.org/node/13300582802
Manufacturer: Flock Safety
Direction: 123
Zone: traffic
Camera type: fixed</description>
      <Point>
        <coordinates>-117.3066624,33.6153129,0</coordinates>
      </Point>
    </Placemark>
    <Placemark>
      <name>ALPR</name>
      <description>OSM node: https://www.openstreetmap.org/node/13300586301
Manufacturer: Flock Safety
Direction: 112
Zone: traffic
Camera type: fixed</description>
      <Point>
        <coordinates>-117.3723327,33.6559958,0</coordinates>
      </Point>
    </Placemark>
    <Placemark>
      <name>ALPR</name>
      <description>OSM node: https://www.openstreetmap.org/node/13300594101
Manufacturer: Flock Safety
Direction: 287
Zone: traffic
Camera type: fixed</description>
      <Point>
        <coordinates>-117.2782891,33.5980436,0</coordinates>
      </Point>
    </Placemark>
    <Placemark>
      <name>ALPR</name>
      <description>OSM node: https://www.openstreetmap.org/node/13300601201
Manufacturer: Flock Safety
Direction: 74
Zone: traffic
Camera type: fixed</description>
      <Point>
        <coordinates>-117.2353298,33.5976451,0</coordinates>
      </Point>
    </Placemark>
    <Placemark>
      <name>ALPR</name>
      <description>OSM node: https://www.openstreetmap.org/node/13300634301
Manufacturer: Flock Safety
Direction: 195
Zone: traffic
Camera type: fixed</description>
      <Point>
        <coordinates>-117.5954567,33.6315852,0</coordinates>
      </Point>
    </Placemark>
    <Placemark>
      <name>ALPR</name>
      <description>OSM node: https://www.openstreetmap.org/node/13300634302
Manufacturer: Flock Safety
Direction: 345
Zone: traffic
Camera type: fixed</description>
      <Point>
        <coordinates>-117.6169028,33.6108379,0</coordinates>
      </Point>
    </Placemark>
    <Placemark>
      <name>ALPR</name>
      <description>OSM node: https://www.openstreetmap.org/node/13300634501
Manufacturer: Flock Safety
Direction: 14
Zone: traffic
Camera type: fixed</description>
      <Point>
        <coordinates>-117.5952525,33.631379,0</coordinates>
      </Point>
    </Placemark>
    <Placemark>
      <name>ALPR</name>
      <description>OSM node: https://www.openstreetmap.org/node/13300634502
Manufacturer: Flock Safety
Direction: 37
Zone: traffic
Camera type: fixed</description>
      <Point>
        <coordinates>-117.6039553,33.627972,0</coordinates>
      </Point>
    </Placemark>
    <Placemark>
      <name>ALPR</name>
      <description>OSM node: https://www.openstreetmap.org/node/13300634503
Manufacturer: Flock Safety
Direction: 214
Zone: traffic
Camera type: fixed</description>
      <Point>
        <coordinates>-117.6043642,33.6281092,0</coordinates>
      </Point>
    </Placemark>
    <Placemark>
      <name>ALPR</name>
      <description>OSM node: https://www.openstreetmap.org/node/13300636701
Manufacturer: Flock Safety
Direction: 156
Zone: traffic
Camera type: fixed</description>
      <Point>
        <coordinates>-117.6172557,33.6106988,0</coordinates>
      </Point>
    </Placemark>
    <Placemark>
      <name>ALPR</name>
      <description>OSM node: https://www.openstreetmap.org/node/13300719801
Manufacturer: Flock Safety
Direction: 86
Zone: traffic
Camera type: fixed</description>
      <Point>
        <coordinates>-118.6331561,34.1346286,0</coordinates>
      </Point>
    </Placemark>
    <Placemark>
      <name>ALPR</name>
      <description>OSM node: https://www.openstreetmap.org/node/13300720603
Manufacturer: Motorola Solutions
Direction: 122
Zone: traffic
Camera type: fixed</description>
      <Point>
        <coordinates>-118.6379738,34.1382952,0</coordinates>
      </Point>
    </Placemark>
    <Placemark>
      <name>ALPR</name>
      <description>OSM node: https://www.openstreetmap.org/node/13300844901
Manufacturer: Motorola Solutions
Direction: 59;228
Zone: traffic
Camera type: fixed</description>
      <Point>
        <coordinates>-122.4116628,37.7483209,0</coordinates>
      </Point>
    </Placemark>
    <Placemark>
      <name>ALPR</name>
      <description>OSM node: https://www.openstreetmap.org/node/13300950689
Manufacturer: Flock Safety
Direction: 160
Zone: street
Camera type: fixed</description>
      <Point>
        <coordinates>-122.2853824,37.8294174,0</coordinates>
      </Point>
    </Placemark>
    <Placemark>
      <name>ALPR</name>
      <description>OSM node: https://www.openstreetmap.org/node/13300950690
Manufacturer: Flock Safety
Zone: entrance
Camera type: fixed</description>
      <Point>
        <coordinates>-122.2799138,37.8303532,0</coordinates>
      </Point>
    </Placemark>
    <Placemark>
      <name>ALPR</name>
      <description>OSM node: https://www.openstreetmap.org/node/13300950691
Manufacturer: Flock Safety
Direction: 170
Zone: traffic
Camera type: fixed</description>
      <Point>
        <coordinates>-122.2810343,37.8306299,0</coordinates>
      </Point>
    </Placemark>
    <Placemark>
      <name>ALPR</name>
      <description>OSM node: https://www.openstreetmap.org/node/13301989018
Manufacturer: Flock Safety
Direction: 290
Camera type: fixed</description>
      <Point>
        <coordinates>-117.7873676,33.5435807,0</coordinates>
      </Point>
    </Placemark>
    <Placemark>
      <name>ALPR</name>
      <description>OSM node: https://www.openstreetmap.org/node/13301991878
Manufacturer: Flock Safety
Direction: 105
Camera type: fixed</description>
      <Point>
        <coordinates>-117.7851722,33.5425642,0</coordinates>
      </Point>
    </Placemark>
    <Placemark>
      <name>ALPR</name>
      <description>OSM node: https://www.openstreetmap.org/node/13302091701
Manufacturer: Flock Safety
Direction: 141
Zone: traffic
Camera type: fixed</description>
      <Point>
        <coordinates>-118.0018624,33.9486165,0</coordinates>
      </Point>
    </Placemark>
    <Placemark>
      <name>ALPR</name>
      <description>OSM node: https://www.openstreetmap.org/node/13302143901
Manufacturer: Flock Safety
Direction: 357
Zone: traffic
Camera type: fixed</description>
      <Point>
        <coordinates>-119.2843364,36.1960308,0</coordinates>
      </Point>
    </Placemark>
    <Placemark>
      <name>ALPR</name>
      <description>OSM node: https://www.openstreetmap.org/node/13302251801
Manufacturer: Flock Safety
Direction: 249
Zone: traffic
Camera type: fixed</description>
      <Point>
        <coordinates>-122.4058367,37.6309836,0</coordinates>
      </Point>
    </Placemark>
    <Placemark>
      <name>ALPR</name>
      <description>OSM node: https://www.openstreetmap.org/node/13302535401
Manufacturer: Flock Safety
Direction: 0
Zone: traffic
Camera type: fixed</description>
      <Point>
        <coordinates>-117.2942562,33.1845198,0</coordinates>
      </Point>
    </Placemark>
    <Placemark>
      <name>ALPR</name>
      <description>OSM node: https://www.openstreetmap.org/node/13302782301
Manufacturer: Flock Safety
Direction: 67
Zone: traffic
Camera type: fixed</description>
      <Point>
        <coordinates>-117.7242965,35.6516849,0</coordinates>
      </Point>
    </Placemark>
    <Placemark>
      <name>ALPR</name>
      <description>OSM node: https://www.openstreetmap.org/node/13302987001
Manufacturer: Flock Safety
Direction: 67
Zone: traffic
Camera type: fixed</description>
      <Point>
        <coordinates>-122.4186446,37.5966709,0</coordinates>
      </Point>
    </Placemark>
    <Placemark>
      <name>ALPR</name>
      <description>OSM node: https://www.openstreetmap.org/node/13302987701
Manufacturer: Flock Safety
Direction: 75
Zone: traffic
Camera type: fixed</description>
      <Point>
        <coordinates>-122.4053806,37.6308216,0</coordinates>
      </Point>
    </Placemark>
    <Placemark>
      <name>ALPR</name>
      <description>OSM node: https://www.openstreetmap.org/node/13302990001
Manufacturer: Flock Safety
Direction: 302
Zone: traffic
Camera type: fixed</description>
      <Point>
        <coordinates>-122.4182758,37.5959578,0</coordinates>
      </Point>
    </Placemark>
    <Placemark>
      <name>ALPR</name>
      <description>OSM node: https://www.openstreetmap.org/node/13302998901
Manufacturer: Flock Safety
Direction: 341
Zone: traffic
Camera type: fixed</description>
      <Point>
        <coordinates>-122.4186898,37.6322273,0</coordinates>
      </Point>
    </Placemark>
    <Placemark>
      <name>ALPR</name>
      <description>OSM node: https://www.openstreetmap.org/node/13303005701
Manufacturer: Flock Safety
Direction: 310
Zone: traffic
Camera type: fixed</description>
      <Point>
        <coordinates>-122.4362454,37.6300038,0</coordinates>
      </Point>
    </Placemark>
    <Placemark>
      <name>ALPR</name>
      <description>OSM node: https://www.openstreetmap.org/node/13303012102
Manufacturer: Flock Safety
Direction: 18
Zone: traffic
Camera type: fixed</description>
      <Point>
        <coordinates>-118.0109514,33.8326443,0</coordinates>
      </Point>
    </Placemark>
    <Placemark>
      <name>ALPR</name>
      <description>OSM node: https://www.openstreetmap.org/node/13303012602
Manufacturer: Flock Safety
Direction: 0
Zone: traffic
Camera type: fixed</description>
      <Point>
        <coordinates>-118.0283709,33.7911602,0</coordinates>
      </Point>
    </Placemark>
    <Placemark>
      <name>ALPR</name>
      <description>OSM node: https://www.openstreetmap.org/node/13303017601
Manufacturer: Flock Safety
Direction: 180
Zone: traffic
Camera type: fixed</description>
      <Point>
        <coordinates>-118.0286162,33.7918885,0</coordinates>
      </Point>
    </Placemark>
    <Placemark>
      <name>ALPR</name>
      <description>OSM node: https://www.openstreetmap.org/node/13303018201
Manufacturer: Flock Safety
Direction: 0
Zone: traffic
Camera type: fixed</description>
      <Point>
        <coordinates>-118.0283406,33.7931289,0</coordinates>
      </Point>
    </Placemark>
    <Placemark>
      <name>ALPR</name>
      <description>OSM node: https://www.openstreetmap.org/node/13303019301
Manufacturer: Flock Safety
Direction: 261
Zone: traffic
Camera type: fixed</description>
      <Point>
        <coordinates>-118.0166056,33.8030958,0</coordinates>
      </Point>
    </Placemark>
    <Placemark>
      <name>ALPR</name>
      <description>OSM node: https://www.openstreetmap.org/node/13304477401
Manufacturer: Flock Safety
Direction: 157
Zone: traffic
Camera type: fixed</description>
      <Point>
        <coordinates>-122.42869,37.633114,0</coordinates>
      </Point>
    </Placemark>
    <Placemark>
      <name>ALPR</name>
      <description>OSM node: https://www.openstreetmap.org/node/13304516301
Manufacturer: Flock Safety
Direction: 193
Zone: traffic
Camera type: fixed</description>
      <Point>
        <coordinates>-122.4291027,37.6238517,0</coordinates>
      </Point>
    </Placemark>
    <Placemark>
      <name>ALPR</name>
      <description>OSM node: https://www.openstreetmap.org/node/13305223093
Manufacturer: Flock Safety
Direction: 80
Zone: traffic
Camera type: fixed</description>
      <Point>
        <coordinates>-117.6299661,33.44625,0</coordinates>
      </Point>
    </Placemark>
    <Placemark>
      <name>ALPR</name>
      <description>OSM node: https://www.openstreetmap.org/node/13305257160
Manufacturer: Flock Safety
Direction: 260
Zone: traffic
Camera type: fixed</description>
      <Point>
        <coordinates>-117.6294705,33.4465421,0</coordinates>
      </Point>
    </Placemark>
    <Placemark>
      <name>ALPR</name>
      <description>OSM node: https://www.openstreetmap.org/node/13305267001
Manufacturer: Flock Safety
Direction: 74
Zone: traffic
Camera type: fixed</description>
      <Point>
        <coordinates>-121.1411907,38.6168352,0</coordinates>
      </Point>
    </Placemark>
    <Placemark>
      <name>ALPR</name>
      <description>OSM node: https://www.openstreetmap.org/node/13305273801
Manufacturer: Flock Safety
Direction: 23
Zone: traffic
Camera type: fixed</description>
      <Point>
        <coordinates>-121.0795531,38.6322858,0</coordinates>
      </Point>
    </Placemark>
    <Placemark>
      <name>ALPR</name>
      <description>OSM node: https://www.openstreetmap.org/node/13305297397
Manufacturer: Flock Safety
Direction: 155
Camera type: fixed</description>
      <Point>
        <coordinates>-122.2531706,38.1644874,0</coordinates>
      </Point>
    </Placemark>
    <Placemark>
      <name>ALPR</name>
      <description>OSM node: https://www.openstreetmap.org/node/13305297398
Manufacturer: Flock Safety
Direction: 320
Camera type: fixed</description>
      <Point>
        <coordinates>-122.2532935,38.1720593,0</coordinates>
      </Point>
    </Placemark>
    <Placemark>
      <name>ALPR</name>
      <description>OSM node: https://www.openstreetmap.org/node/13305396601
Manufacturer: Flock Safety
Direction: 300
Zone: traffic
Camera type: fixed</description>
      <Point>
        <coordinates>-117.6086104,33.4531761,0</coordinates>
      </Point>
    </Placemark>
    <Placemark>
      <name>ALPR</name>
      <description>OSM node: https://www.openstreetmap.org/node/13305415501
Manufacturer: Flock Safety
Direction: 176
Zone: traffic
Camera type: fixed</description>
      <Point>
        <coordinates>-117.6234138,33.4383658,0</coordinates>
      </Point>
    </Placemark>
    <Placemark>
      <name>ALPR</name>
      <description>OSM node: https://www.openstreetmap.org/node/13305419101
Manufacturer: Flock Safety
Direction: 350
Zone: traffic
Camera type: fixed</description>
      <Point>
        <coordinates>-117.6233045,33.4378229,0</coordinates>
      </Point>
    </Placemark>
    <Placemark>
      <name>ALPR</name>
      <description>OSM node: https://www.openstreetmap.org/node/13305434801
Manufacturer: Flock Safety
Direction: 201
Zone: traffic
Camera type: fixed</description>
      <Point>
        <coordinates>-117.632055,33.4436116,0</coordinates>
      </Point>
    </Placemark>
    <Placemark>
      <name>ALPR</name>
      <description>OSM node: https://www.openstreetmap.org/node/13305463603
Manufacturer: Flock Safety
Direction: 243
Zone: traffic
Camera type: fixed</description>
      <Point>
        <coordinates>-117.6011322,33.4649175,0</coordinates>
      </Point>
    </Placemark>
    <Placemark>
      <name>ALPR</name>
      <description>OSM node: https://www.openstreetmap.org/node/13305475003
Manufacturer: Flock Safety
Direction: 262
Zone: traffic
Camera type: fixed</description>
      <Point>
        <coordinates>-117.5967563,33.4582041,0</coordinates>
      </Point>
    </Placemark>
    <Placemark>
      <name>ALPR</name>
      <description>OSM node: https://www.openstreetmap.org/node/13305481902
Manufacturer: Flock Safety
Direction: 91
Zone: traffic
Camera type: fixed</description>
      <Point>
        <coordinates>-117.5967113,33.4580802,0</coordinates>
      </Point>
    </Placemark>
    <Placemark>
      <name>ALPR</name>
      <description>OSM node: https://www.openstreetmap.org/node/13305488802
Manufacturer: Flock Safety
Direction: 144
Zone: traffic
Camera type: fixed</description>
      <Point>
        <coordinates>-117.5926521,33.4605567,0</coordinates>
      </Point>
    </Placemark>
    <Placemark>
      <name>ALPR</name>
      <description>OSM node: https://www.openstreetmap.org/node/13305490401
Manufacturer: Flock Safety
Direction: 27
Zone: traffic
Camera type: fixed</description>
      <Point>
        <coordinates>-117.5923146,33.4599148,0</coordinates>
      </Point>
    </Placemark>
    <Placemark>
      <name>ALPR</name>
      <description>OSM node: https://www.openstreetmap.org/node/13305490402
Manufacturer: Flock Safety
Direction: 327
Zone: traffic
Camera type: fixed</description>
      <Point>
        <coordinates>-117.575992,33.4567362,0</coordinates>
      </Point>
    </Placemark>
    <Placemark>
      <name>ALPR</name>
      <description>OSM node: https://www.openstreetmap.org/node/13305494201
Manufacturer: Flock Safety
Direction: 143
Zone: traffic
Camera type: fixed</description>
      <Point>
        <coordinates>-117.5762838,33.4567116,0</coordinates>
      </Point>
    </Placemark>
    <Placemark>
      <name>ALPR</name>
      <description>OSM node: https://www.openstreetmap.org/node/13305494202
Manufacturer: Flock Safety
Direction: 216
Zone: traffic
Camera type: fixed</description>
      <Point>
        <coordinates>-117.5918615,33.4618988,0</coordinates>
      </Point>
    </Placemark>
    <Placemark>
      <name>ALPR</name>
      <description>OSM node: https://www.openstreetmap.org/node/13305517701
Manufacturer: Flock Safety
Direction: 279
Zone: traffic
Camera type: fixed</description>
      <Point>
        <coordinates>-117.6125177,33.4437948,0</coordinates>
      </Point>
    </Placemark>
    <Placemark>
      <name>ALPR</name>
      <description>OSM node: https://www.openstreetmap.org/node/13305529573
Manufacturer: Flock Safety
Direction: 340
Zone: street
Camera type: fixed</description>
      <Point>
        <coordinates>-122.2871702,37.8284319,0</coordinates>
      </Point>
    </Placemark>
    <Placemark>
      <name>ALPR</name>
      <description>OSM node: https://www.openstreetmap.org/node/13305529574
Manufacturer: Flock Safety
Direction: 140
Zone: street
Camera type: fixed</description>
      <Point>
        <coordinates>-122.2876432,37.8292189,0</coordinates>
      </Point>
    </Placemark>
    <Placemark>
      <name>ALPR</name>
      <description>OSM node: https://www.openstreetmap.org/node/13305529575
Manufacturer: Flock Safety
Direction: 60
Camera type: fixed</description>
      <Point>
        <coordinates>-122.2882974,37.8292127,0</coordinates>
      </Point>
    </Placemark>
    <Placemark>
      <name>ALPR</name>
      <description>OSM node: https://www.openstreetmap.org/node/13305529576
Manufacturer: Flock Safety
Zone: entrance
Camera type: fixed</description>
      <Point>
        <coordinates>-122.2887419,37.8290688,0</coordinates>
      </Point>
    </Placemark>
    <Placemark>
      <name>ALPR</name>
      <description>OSM node: https://www.openstreetmap.org/node/13305529577
Manufacturer: Flock Safety
Direction: 330
Camera type: fixed</description>
      <Point>
        <coordinates>-122.2804478,37.8291555,0</coordinates>
      </Point>
    </Placemark>
    <Placemark>
      <name>ALPR</name>
      <description>OSM node: https://www.openstreetmap.org/node/13305529578
Manufacturer: Flock Safety
Direction: 190
Zone: entrance
Camera type: fixed</description>
      <Point>
        <coordinates>-122.286265,37.8294651,0</coordinates>
      </Point>
    </Placemark>
    <Placemark>
      <name>ALPR</name>
      <description>OSM node: https://www.openstreetmap.org/node/13305565901
Manufacturer: Flock Safety
Direction: 77
Zone: traffic
Camera type: fixed</description>
      <Point>
        <coordinates>-121.8022425,38.6921028,0</coordinates>
      </Point>
    </Placemark>
    <Placemark>
      <name>ALPR</name>
      <description>OSM node: https://www.openstreetmap.org/node/13305565902
Manufacturer: Flock Safety
Direction: 0
Zone: traffic
Camera type: fixed</description>
      <Point>
        <coordinates>-121.728465,38.6687131,0</coordinates>
      </Point>
    </Placemark>
    <Placemark>
      <name>ALPR</name>
      <description>OSM node: https://www.openstreetmap.org/node/13305566801
Manufacturer: Flock Safety
Direction: 79
Zone: traffic
Camera type: fixed</description>
      <Point>
        <coordinates>-121.8025285,38.6630808,0</coordinates>
      </Point>
    </Placemark>
    <Placemark>
      <name>ALPR</name>
      <description>OSM node: https://www.openstreetmap.org/node/13305567601
Manufacturer: Flock Safety
Direction: 351
Zone: traffic
Camera type: fixed</description>
      <Point>
        <coordinates>-121.765729,38.6557122,0</coordinates>
      </Point>
    </Placemark>
    <Placemark>
      <name>ALPR</name>
      <description>OSM node: https://www.openstreetmap.org/node/13305621901
Manufacturer: Flock Safety
Direction: 210
Zone: traffic
Camera type: fixed</description>
      <Point>
        <coordinates>-117.9944715,33.7878091,0</coordinates>
      </Point>
    </Placemark>
    <Placemark>
      <name>ALPR</name>
      <description>OSM node: https://www.openstreetmap.org/node/13305679301
Manufacturer: Flock Safety
Direction: 32
Zone: traffic
Camera type: fixed</description>
      <Point>
        <coordinates>-122.268047,37.5275371,0</coordinates>
      </Point>
    </Placemark>
    <Placemark>
      <name>ALPR</name>
      <description>OSM node: https://www.openstreetmap.org/node/13305683301
Manufacturer: Flock Safety
Direction: 229
Zone: traffic
Camera type: fixed</description>
      <Point>
        <coordinates>-122.2672004,37.5284238,0</coordinates>
      </Point>
    </Placemark>
    <Placemark>
      <name>ALPR</name>
      <description>OSM node: https://www.openstreetmap.org/node/13305721500
Manufacturer: Flock Safety
Direction: 330
Camera type: fixed</description>
      <Point>
        <coordinates>-121.0155692,37.109191,0</coordinates>
      </Point>
    </Placemark>
    <Placemark>
      <name>ALPR</name>
      <description>OSM node: https://www.openstreetmap.org/node/13305754201
Manufacturer: Flock Safety
Direction: 331
Zone: traffic
Camera type: fixed</description>
      <Point>
        <coordinates>-117.6320143,33.4428814,0</coordinates>
      </Point>
    </Placemark>
    <Placemark>
      <name>ALPR</name>
      <description>OSM node: https://www.openstreetmap.org/node/13305754202
Manufacturer: Flock Safety
Direction: 42
Zone: traffic
Camera type: fixed</description>
      <Point>
        <coordinates>-117.6039201,33.4640622,0</coordinates>
      </Point>
    </Placemark>
    <Placemark>
      <name>San Leandro Police Department ALPR</name>
      <description>OSM node: https://www.openstreetmap.org/node/13305839286
Operator: San Leandro Police Department
Manufacturer: Flock Safety
Direction: 110
Camera type: fixed</description>
      <Point>
        <coordinates>-122.1626696,37.7214576,0</coordinates>
      </Point>
    </Placemark>
    <Placemark>
      <name>ALPR</name>
      <description>OSM node: https://www.openstreetmap.org/node/13306928601
Manufacturer: Flock Safety
Direction: 242
Zone: traffic
Camera type: fixed</description>
      <Point>
        <coordinates>-121.7289353,38.6628473,0</coordinates>
      </Point>
    </Placemark>
    <Placemark>
      <name>ALPR</name>
      <description>OSM node: https://www.openstreetmap.org/node/13307074703
Manufacturer: Flock Safety
Direction: 255
Zone: traffic
Camera type: fixed</description>
      <Point>
        <coordinates>-121.7657478,38.6775225,0</coordinates>
      </Point>
    </Placemark>
    <Placemark>
      <name>ALPR</name>
      <description>OSM node: https://www.openstreetmap.org/node/13307081396
Manufacturer: Flock Safety
Direction: 100
Camera type: fixed</description>
      <Point>
        <coordinates>-121.936281,37.7021887,0</coordinates>
      </Point>
    </Placemark>
    <Placemark>
      <name>ALPR</name>
      <description>OSM node: https://www.openstreetmap.org/node/13307081397
Manufacturer: Flock Safety
Direction: 340
Camera type: fixed</description>
      <Point>
        <coordinates>-121.9357421,37.7024161,0</coordinates>
      </Point>
    </Placemark>
    <Placemark>
      <name>ALPR</name>
      <description>OSM node: https://www.openstreetmap.org/node/13307081398
Manufacturer: Flock Safety
Direction: 145
Camera type: fixed</description>
      <Point>
        <coordinates>-121.9361116,37.7017767,0</coordinates>
      </Point>
    </Placemark>
    <Placemark>
      <name>ALPR</name>
      <description>OSM node: https://www.openstreetmap.org/node/13307081399
Manufacturer: Flock Safety
Direction: 50
Camera type: fixed</description>
      <Point>
        <coordinates>-121.9355469,37.7020955,0</coordinates>
      </Point>
    </Placemark>
    <Placemark>
      <name>ALPR</name>
      <description>OSM node: https://www.openstreetmap.org/node/13307084001
Manufacturer: Flock Safety
Direction: 346
Zone: traffic
Camera type: fixed</description>
      <Point>
        <coordinates>-121.7837802,38.6913132,0</coordinates>
      </Point>
    </Placemark>
    <Placemark>
      <name>ALPR</name>
      <description>OSM node: https://www.openstreetmap.org/node/13307084501
Manufacturer: Flock Safety
Direction: 78
Zone: traffic
Camera type: fixed</description>
      <Point>
        <coordinates>-121.7652154,38.6773738,0</coordinates>
      </Point>
    </Placemark>
    <Placemark>
      <name>ALPR</name>
      <description>OSM node: https://www.openstreetmap.org/node/13307138301
Manufacturer: Flock Safety
Direction: 304-349
Zone: traffic
Camera type: fixed</description>
      <Point>
        <coordinates>-121.3829737,38.5815896,0</coordinates>
      </Point>
    </Placemark>
    <Placemark>
      <name>ALPR</name>
      <description>OSM node: https://www.openstreetmap.org/node/13307214727
Manufacturer: Motorola Solutions
Direction: 315</description>
      <Point>
        <coordinates>-121.0607156,38.6498024,0</coordinates>
      </Point>
    </Placemark>
    <Placemark>
      <name>ALPR</name>
      <description>OSM node: https://www.openstreetmap.org/node/13307235889
Direction: 225</description>
      <Point>
        <coordinates>-121.2161879,38.6292114,0</coordinates>
      </Point>
    </Placemark>
    <Placemark>
      <name>ALPR</name>
      <description>OSM node: https://www.openstreetmap.org/node/13307235890
Direction: 225</description>
      <Point>
        <coordinates>-121.2161815,38.6292024,0</coordinates>
      </Point>
    </Placemark>
    <Placemark>
      <name>ALPR</name>
      <description>OSM node: https://www.openstreetmap.org/node/13307245492
Manufacturer: Flock Safety
Direction: 45
Camera type: fixed</description>
      <Point>
        <coordinates>-119.701122,37.1200845,0</coordinates>
      </Point>
    </Placemark>
    <Placemark>
      <name>ALPR</name>
      <description>OSM node: https://www.openstreetmap.org/node/13307245493
Manufacturer: Flock Safety
Direction: 255
Camera type: fixed</description>
      <Point>
        <coordinates>-119.7017261,37.1202106,0</coordinates>
      </Point>
    </Placemark>
    <Placemark>
      <name>ALPR</name>
      <description>OSM node: https://www.openstreetmap.org/node/13307251501
Manufacturer: Flock Safety
Direction: 53
Zone: traffic
Camera type: fixed</description>
      <Point>
        <coordinates>-122.0345278,39.9307144,0</coordinates>
      </Point>
    </Placemark>
    <Placemark>
      <name>ALPR</name>
      <description>OSM node: https://www.openstreetmap.org/node/13307296601
Manufacturer: Flock Safety
Direction: 226
Zone: traffic
Camera type: fixed</description>
      <Point>
        <coordinates>-117.6070177,33.4692486,0</coordinates>
      </Point>
    </Placemark>
    <Placemark>
      <name>ALPR</name>
      <description>OSM node: https://www.openstreetmap.org/node/13307418201
Manufacturer: Flock Safety
Direction: 350
Zone: traffic
Camera type: fixed</description>
      <Point>
        <coordinates>-117.8849948,33.7400186,0</coordinates>
      </Point>
    </Placemark>
    <Placemark>
      <name>Santa Ana Police Department ALPR</name>
      <description>OSM node: https://www.openstreetmap.org/node/13307424801
Operator: Santa Ana Police Department
Manufacturer: Flock Safety
Direction: 345
Zone: traffic
Camera type: fixed</description>
      <Point>
        <coordinates>-117.8847227,33.7692922,0</coordinates>
      </Point>
    </Placemark>
    <Placemark>
      <name>ALPR</name>
      <description>OSM node: https://www.openstreetmap.org/node/13307453701
Manufacturer: Flock Safety
Direction: 214
Zone: traffic
Camera type: fixed</description>
      <Point>
        <coordinates>-122.0350357,39.931036,0</coordinates>
      </Point>
    </Placemark>
    <Placemark>
      <name>ALPR</name>
      <description>OSM node: https://www.openstreetmap.org/node/13307646001
Manufacturer: Flock Safety
Direction: 56
Zone: traffic
Camera type: fixed</description>
      <Point>
        <coordinates>-122.2214032,37.8416112,0</coordinates>
      </Point>
    </Placemark>
    <Placemark>
      <name>ALPR</name>
      <description>OSM node: https://www.openstreetmap.org/node/13308100802
Manufacturer: Flock Safety
Direction: 147
Zone: traffic
Camera type: fixed</description>
      <Point>
        <coordinates>-122.4203249,37.63471,0</coordinates>
      </Point>
    </Placemark>
    <Placemark>
      <name>Burlingame Police Department ALPR</name>
      <description>OSM node: https://www.openstreetmap.org/node/13308107801
Operator: Burlingame Police Department
Manufacturer: Flock Safety
Direction: 164
Zone: traffic
Camera type: fixed</description>
      <Point>
        <coordinates>-122.3841186,37.5952674,0</coordinates>
      </Point>
    </Placemark>
    <Placemark>
      <name>ALPR</name>
      <description>OSM node: https://www.openstreetmap.org/node/13308107901
Manufacturer: Flock Safety
Direction: 232
Zone: traffic
Camera type: fixed</description>
      <Point>
        <coordinates>-122.4192439,37.6401473,0</coordinates>
      </Point>
    </Placemark>
    <Placemark>
      <name>ALPR</name>
      <description>OSM node: https://www.openstreetmap.org/node/13308107902
Manufacturer: Flock Safety
Direction: 62
Zone: traffic
Camera type: fixed</description>
      <Point>
        <coordinates>-122.4264261,37.6251973,0</coordinates>
      </Point>
    </Placemark>
    <Placemark>
      <name>ALPR</name>
      <description>OSM node: https://www.openstreetmap.org/node/13308108001
Manufacturer: Flock Safety
Direction: 313
Zone: traffic
Camera type: fixed</description>
      <Point>
        <coordinates>-122.4242327,37.626198,0</coordinates>
      </Point>
    </Placemark>
    <Placemark>
      <name>ALPR</name>
      <description>OSM node: https://www.openstreetmap.org/node/13308108002
Manufacturer: Flock Safety
Direction: 227
Zone: traffic
Camera type: fixed</description>
      <Point>
        <coordinates>-122.4257181,37.6255279,0</coordinates>
      </Point>
    </Placemark>
    <Placemark>
      <name>ALPR</name>
      <description>OSM node: https://www.openstreetmap.org/node/13308366201
Manufacturer: Flock Safety
Direction: 275
Zone: traffic
Camera type: fixed</description>
      <Point>
        <coordinates>-117.8422123,33.6340353,0</coordinates>
      </Point>
    </Placemark>
    <Placemark>
      <name>ALPR</name>
      <description>OSM node: https://www.openstreetmap.org/node/13308377601
Manufacturer: Flock Safety
Direction: 185
Zone: traffic
Camera type: fixed</description>
      <Point>
        <coordinates>-121.7801466,38.6778152,0</coordinates>
      </Point>
    </Placemark>
    <Placemark>
      <name>ALPR</name>
      <description>OSM node: https://www.openstreetmap.org/node/13308631202
Manufacturer: Motorola Solutions
Direction: 252
Zone: traffic
Camera type: fixed</description>
      <Point>
        <coordinates>-121.0855522,38.7095495,0</coordinates>
      </Point>
    </Placemark>
    <Placemark>
      <name>ALPR</name>
      <description>OSM node: https://www.openstreetmap.org/node/13308762701
Manufacturer: Flock Safety
Direction: 29
Zone: traffic
Camera type: fixed</description>
      <Point>
        <coordinates>-119.2584344,34.4276273,0</coordinates>
      </Point>
    </Placemark>
    <Placemark>
      <name>ALPR</name>
      <description>OSM node: https://www.openstreetmap.org/node/13308763501
Manufacturer: Flock Safety
Direction: 60
Zone: traffic
Camera type: fixed</description>
      <Point>
        <coordinates>-119.2234792,34.4541735,0</coordinates>
      </Point>
    </Placemark>
    <Placemark>
      <name>ALPR</name>
      <description>OSM node: https://www.openstreetmap.org/node/13308768701
Manufacturer: Flock Safety
Direction: 153
Zone: traffic
Camera type: fixed</description>
      <Point>
        <coordinates>-120.2604479,37.1190874,0</coordinates>
      </Point>
    </Placemark>
    <Placemark>
      <name>ALPR</name>
      <description>OSM node: https://www.openstreetmap.org/node/13308769401
Manufacturer: Flock Safety
Direction: 153
Zone: traffic
Camera type: fixed</description>
      <Point>
        <coordinates>-120.2570142,37.1128629,0</coordinates>
      </Point>
    </Placemark>
    <Placemark>
      <name>Elk Grove Police Department ALPR</name>
      <description>OSM node: https://www.openstreetmap.org/node/13308832154
Operator: Elk Grove Police Department
Manufacturer: Flock Safety
Direction: 235
Camera type: fixed</description>
      <Point>
        <coordinates>-121.481095,38.4279014,0</coordinates>
      </Point>
    </Placemark>
    <Placemark>
      <name>Elk Grove Police Department ALPR</name>
      <description>OSM node: https://www.openstreetmap.org/node/13308866284
Operator: Elk Grove Police Department
Manufacturer: Flock Safety
Direction: 50
Zone: traffic
Camera type: fixed</description>
      <Point>
        <coordinates>-121.4805149,38.4276912,0</coordinates>
      </Point>
    </Placemark>
    <Placemark>
      <name>ALPR</name>
      <description>OSM node: https://www.openstreetmap.org/node/13309113001
Manufacturer: Flock Safety
Direction: 162
Zone: traffic
Camera type: fixed</description>
      <Point>
        <coordinates>-121.9854943,38.3619071,0</coordinates>
      </Point>
    </Placemark>
    <Placemark>
      <name>ALPR</name>
      <description>OSM node: https://www.openstreetmap.org/node/13309114401
Manufacturer: Flock Safety
Direction: 151
Zone: traffic
Camera type: fixed</description>
      <Point>
        <coordinates>-121.9933838,38.3699706,0</coordinates>
      </Point>
    </Placemark>
    <Placemark>
      <name>ALPR</name>
      <description>OSM node: https://www.openstreetmap.org/node/13309114501
Manufacturer: Flock Safety
Direction: 151
Zone: traffic
Camera type: fixed</description>
      <Point>
        <coordinates>-121.9933838,38.3699706,0</coordinates>
      </Point>
    </Placemark>
    <Placemark>
      <name>ALPR</name>
      <description>OSM node: https://www.openstreetmap.org/node/13309164301
Manufacturer: Flock Safety
Direction: 161-231
Zone: traffic
Camera type: fixed</description>
      <Point>
        <coordinates>-117.118965,33.5978845,0</coordinates>
      </Point>
    </Placemark>
    <Placemark>
      <name>ALPR</name>
      <description>OSM node: https://www.openstreetmap.org/node/13309173302
Manufacturer: Flock Safety
Direction: 230
Zone: traffic
Camera type: fixed</description>
      <Point>
        <coordinates>-117.0839445,33.5909726,0</coordinates>
      </Point>
    </Placemark>
    <Placemark>
      <name>ALPR</name>
      <description>OSM node: https://www.openstreetmap.org/node/13309221401
Manufacturer: Flock Safety
Direction: 321
Zone: traffic
Camera type: fixed</description>
      <Point>
        <coordinates>-117.1009946,33.6076687,0</coordinates>
      </Point>
    </Placemark>
    <Placemark>
      <name>ALPR</name>
      <description>OSM node: https://www.openstreetmap.org/node/13309257462
Manufacturer: Motorola Solutions
Direction: 315
Camera type: fixed</description>
      <Point>
        <coordinates>-121.9096787,37.7052293,0</coordinates>
      </Point>
    </Placemark>
    <Placemark>
      <name>ALPR</name>
      <description>OSM node: https://www.openstreetmap.org/node/13309258910
Manufacturer: Flock Safety
Direction: 280
Camera type: fixed</description>
      <Point>
        <coordinates>-121.9233406,37.7058543,0</coordinates>
      </Point>
    </Placemark>
    <Placemark>
      <name>ALPR</name>
      <description>OSM node: https://www.openstreetmap.org/node/13309258911
Manufacturer: Flock Safety
Direction: 260
Camera type: fixed</description>
      <Point>
        <coordinates>-121.8821573,37.7062872,0</coordinates>
      </Point>
    </Placemark>
    <Placemark>
      <name>ALPR</name>
      <description>OSM node: https://www.openstreetmap.org/node/13309258912
Manufacturer: Flock Safety
Direction: 90
Camera type: fixed</description>
      <Point>
        <coordinates>-121.881938,37.7059142,0</coordinates>
      </Point>
    </Placemark>
    <Placemark>
      <name>ALPR</name>
      <description>OSM node: https://www.openstreetmap.org/node/13309258913
Manufacturer: Flock Safety
Direction: 285
Camera type: fixed</description>
      <Point>
        <coordinates>-121.8726461,37.7056845,0</coordinates>
      </Point>
    </Placemark>
    <Placemark>
      <name>ALPR</name>
      <description>OSM node: https://www.openstreetmap.org/node/13309258914
Manufacturer: Flock Safety
Direction: 345
Camera type: fixed</description>
      <Point>
        <coordinates>-121.8718509,37.7040558,0</coordinates>
      </Point>
    </Placemark>
    <Placemark>
      <name>ALPR</name>
      <description>OSM node: https://www.openstreetmap.org/node/13309269101
Manufacturer: Flock Safety
Direction: 319
Zone: traffic
Camera type: fixed</description>
      <Point>
        <coordinates>-122.2952305,37.5357956,0</coordinates>
      </Point>
    </Placemark>
    <Placemark>
      <name>ALPR</name>
      <description>OSM node: https://www.openstreetmap.org/node/13309286101
Manufacturer: Flock Safety
Direction: 92
Zone: traffic
Camera type: fixed</description>
      <Point>
        <coordinates>-121.9567948,37.3014478,0</coordinates>
      </Point>
    </Placemark>
    <Placemark>
      <name>ALPR</name>
      <description>OSM node: https://www.openstreetmap.org/node/13309294440
Manufacturer: Flock Safety
Direction: 95
Camera type: fixed</description>
      <Point>
        <coordinates>-123.998053,40.8844641,0</coordinates>
      </Point>
    </Placemark>
    <Placemark>
      <name>Ridgecrest Police Department ALPR</name>
      <description>OSM node: https://www.openstreetmap.org/node/13309299002
Operator: Ridgecrest Police Department
Manufacturer: Flock Safety
Direction: 5-50
Zone: traffic
Camera type: fixed</description>
      <Point>
        <coordinates>-117.6877049,35.6303585,0</coordinates>
      </Point>
    </Placemark>
    <Placemark>
      <name>Ridgecrest Police Department ALPR</name>
      <description>OSM node: https://www.openstreetmap.org/node/13309303301
Operator: Ridgecrest Police Department
Manufacturer: Flock Safety
Direction: 207
Zone: traffic
Camera type: fixed</description>
      <Point>
        <coordinates>-117.6877038,35.6295792,0</coordinates>
      </Point>
    </Placemark>
    <Placemark>
      <name>Ridgecrest Police Department ALPR</name>
      <description>OSM node: https://www.openstreetmap.org/node/13309304901
Operator: Ridgecrest Police Department
Manufacturer: Flock Safety
Direction: 241
Zone: traffic
Camera type: fixed</description>
      <Point>
        <coordinates>-117.6706541,35.6079358,0</coordinates>
      </Point>
    </Placemark>
    <Placemark>
      <name>Ridgecrest Police Department ALPR</name>
      <description>OSM node: https://www.openstreetmap.org/node/13309305201
Operator: Ridgecrest Police Department
Manufacturer: Flock Safety
Direction: 235
Zone: traffic
Camera type: fixed</description>
      <Point>
        <coordinates>-117.6706321,35.6076218,0</coordinates>
      </Point>
    </Placemark>
    <Placemark>
      <name>Ridgecrest Police Department ALPR</name>
      <description>OSM node: https://www.openstreetmap.org/node/13309305301
Operator: Ridgecrest Police Department
Manufacturer: Flock Safety
Direction: 354
Zone: traffic
Camera type: fixed</description>
      <Point>
        <coordinates>-117.6703384,35.6079425,0</coordinates>
      </Point>
    </Placemark>
    <Placemark>
      <name>ALPR</name>
      <description>OSM node: https://www.openstreetmap.org/node/13309417462
Manufacturer: Flock Safety
Direction: 200
Zone: town
Camera type: fixed</description>
      <Point>
        <coordinates>-117.2765651,33.0260973,0</coordinates>
      </Point>
    </Placemark>
    <Placemark>
      <name>ALPR</name>
      <description>OSM node: https://www.openstreetmap.org/node/13309709801
Manufacturer: Flock Safety
Direction: 23
Zone: traffic
Camera type: fixed</description>
      <Point>
        <coordinates>-120.2629813,37.1204253,0</coordinates>
      </Point>
    </Placemark>
    <Placemark>
      <name>ALPR</name>
      <description>OSM node: https://www.openstreetmap.org/node/13309709802
Manufacturer: Flock Safety
Direction: 204
Zone: traffic
Camera type: fixed</description>
      <Point>
        <coordinates>-120.2559593,37.1261846,0</coordinates>
      </Point>
    </Placemark>
    <Placemark>
      <name>ALPR</name>
      <description>OSM node: https://www.openstreetmap.org/node/13309711001
Manufacturer: Flock Safety
Direction: 18
Zone: traffic
Camera type: fixed</description>
      <Point>
        <coordinates>-120.2557326,37.1259827,0</coordinates>
      </Point>
    </Placemark>
    <Placemark>
      <name>Lowe's ALPR</name>
      <description>OSM node: https://www.openstreetmap.org/node/13309719501
Operator: Lowe's
Manufacturer: Flock Safety
Direction: 218
Zone: traffic
Camera type: fixed</description>
      <Point>
        <coordinates>-120.0823346,36.9744807,0</coordinates>
      </Point>
    </Placemark>
    <Placemark>
      <name>ALPR</name>
      <description>OSM node: https://www.openstreetmap.org/node/13309720101
Manufacturer: Flock Safety
Direction: 236
Zone: traffic
Camera type: fixed</description>
      <Point>
        <coordinates>-120.0807325,36.9739201,0</coordinates>
      </Point>
    </Placemark>
    <Placemark>
      <name>ALPR</name>
      <description>OSM node: https://www.openstreetmap.org/node/13309720201
Manufacturer: Flock Safety
Direction: 236
Zone: traffic
Camera type: fixed</description>
      <Point>
        <coordinates>-120.0807275,36.9737191,0</coordinates>
      </Point>
    </Placemark>
    <Placemark>
      <name>ALPR</name>
      <description>OSM node: https://www.openstreetmap.org/node/13309842802
Manufacturer: Flock Safety
Direction: 268
Zone: traffic
Camera type: fixed</description>
      <Point>
        <coordinates>-122.6076308,38.7566545,0</coordinates>
      </Point>
    </Placemark>
    <Placemark>
      <name>ALPR</name>
      <description>OSM node: https://www.openstreetmap.org/node/13309843501
Manufacturer: Flock Safety
Direction: 88
Zone: traffic
Camera type: fixed</description>
      <Point>
        <coordinates>-122.608225,38.7565423,0</coordinates>
      </Point>
    </Placemark>
    <Placemark>
      <name>ALPR</name>
      <description>OSM node: https://www.openstreetmap.org/node/13309844101
Manufacturer: Flock Safety
Direction: 278
Zone: traffic
Camera type: fixed</description>
      <Point>
        <coordinates>-122.6255334,38.7550201,0</coordinates>
      </Point>
    </Placemark>
    <Placemark>
      <name>ALPR</name>
      <description>OSM node: https://www.openstreetmap.org/node/13309844201
Manufacturer: Flock Safety
Direction: 129
Zone: traffic
Camera type: fixed</description>
      <Point>
        <coordinates>-122.6254696,38.7550018,0</coordinates>
      </Point>
    </Placemark>
    <Placemark>
      <name>Ridgecrest Police Department ALPR</name>
      <description>OSM node: https://www.openstreetmap.org/node/13309860701
Operator: Ridgecrest Police Department
Manufacturer: Flock Safety
Direction: 236
Zone: traffic
Camera type: fixed</description>
      <Point>
        <coordinates>-117.6880381,35.6226525,0</coordinates>
      </Point>
    </Placemark>
    <Placemark>
      <name>Ridgecrest Police Department ALPR</name>
      <description>OSM node: https://www.openstreetmap.org/node/13309860801
Operator: Ridgecrest Police Department
Manufacturer: Flock Safety
Direction: 68
Zone: traffic
Camera type: fixed</description>
      <Point>
        <coordinates>-117.6877285,35.6224595,0</coordinates>
      </Point>
    </Placemark>
    <Placemark>
      <name>Ridgecrest Police Department ALPR</name>
      <description>OSM node: https://www.openstreetmap.org/node/13309862101
Operator: Ridgecrest Police Department
Manufacturer: Flock Safety
Direction: 160
Zone: traffic
Camera type: fixed</description>
      <Point>
        <coordinates>-117.6881287,35.6074425,0</coordinates>
      </Point>
    </Placemark>
    <Placemark>
      <name>Ridgecrest Police Department ALPR</name>
      <description>OSM node: https://www.openstreetmap.org/node/13309862201
Operator: Ridgecrest Police Department
Manufacturer: Flock Safety
Direction: 344
Zone: traffic
Camera type: fixed</description>
      <Point>
        <coordinates>-117.6878527,35.6074531,0</coordinates>
      </Point>
    </Placemark>
    <Placemark>
      <name>ALPR</name>
      <description>OSM node: https://www.openstreetmap.org/node/13310080001
Manufacturer: Flock Safety
Direction: 274;94
Zone: traffic
Camera type: fixed</description>
      <Point>
        <coordinates>-118.3983082,33.9163982,0</coordinates>
      </Point>
    </Placemark>
    <Placemark>
      <name>ALPR</name>
      <description>OSM node: https://www.openstreetmap.org/node/13310080002
Manufacturer: Flock Safety
Direction: 64
Zone: traffic
Camera type: fixed</description>
      <Point>
        <coordinates>-118.3956848,33.9068385,0</coordinates>
      </Point>
    </Placemark>
    <Placemark>
      <name>ALPR</name>
      <description>OSM node: https://www.openstreetmap.org/node/13310082401
Manufacturer: Flock Safety
Direction: 129
Zone: traffic
Camera type: fixed</description>
      <Point>
        <coordinates>-118.3956666,33.9062488,0</coordinates>
      </Point>
    </Placemark>
    <Placemark>
      <name>ALPR</name>
      <description>OSM node: https://www.openstreetmap.org/node/13310115801
Manufacturer: Flock Safety
Direction: 275
Zone: traffic
Camera type: fixed</description>
      <Point>
        <coordinates>-122.5272393,38.2365904,0</coordinates>
      </Point>
    </Placemark>
    <Placemark>
      <name>ALPR</name>
      <description>OSM node: https://www.openstreetmap.org/node/13310116001
Manufacturer: Flock Safety
Direction: 284
Zone: traffic
Camera type: fixed</description>
      <Point>
        <coordinates>-122.5816096,38.2536289,0</coordinates>
      </Point>
    </Placemark>
    <Placemark>
      <name>ALPR</name>
      <description>OSM node: https://www.openstreetmap.org/node/13310127365
Manufacturer: Flock Safety
Direction: 180
Camera type: fixed</description>
      <Point>
        <coordinates>-118.2323665,34.164988,0</coordinates>
      </Point>
    </Placemark>
    <Placemark>
      <name>ALPR</name>
      <description>OSM node: https://www.openstreetmap.org/node/13310128984
Manufacturer: Flock Safety
Direction: 90
Camera type: fixed</description>
      <Point>
        <coordinates>-118.2319427,34.1648297,0</coordinates>
      </Point>
    </Placemark>
    <Placemark>
      <name>Ridgecrest Police Department ALPR</name>
      <description>OSM node: https://www.openstreetmap.org/node/13311139901
Operator: Ridgecrest Police Department
Manufacturer: Flock Safety
Direction: 63
Zone: traffic
Camera type: fixed</description>
      <Point>
        <coordinates>-117.6697102,35.6223929,0</coordinates>
      </Point>
    </Placemark>
    <Placemark>
      <name>Ridgecrest Police Department ALPR</name>
      <description>OSM node: https://www.openstreetmap.org/node/13311140101
Operator: Ridgecrest Police Department
Manufacturer: Flock Safety
Direction: 340
Zone: traffic
Camera type: fixed</description>
      <Point>
        <coordinates>-117.6697896,35.6226651,0</coordinates>
      </Point>
    </Placemark>
    <Placemark>
      <name>ALPR</name>
      <description>OSM node: https://www.openstreetmap.org/node/13311144801
Manufacturer: Flock Safety
Direction: 125
Zone: traffic
Camera type: fixed</description>
      <Point>
        <coordinates>-122.4062805,37.6150051,0</coordinates>
      </Point>
    </Placemark>
    <Placemark>
      <name>San Francisco Police Department ALPR</name>
      <description>OSM node: https://www.openstreetmap.org/node/13311188463
Operator: San Francisco Police Department
Manufacturer: Flock Safety
Direction: 65
Zone: traffic</description>
      <Point>
        <coordinates>-122.4031274,37.7306817,0</coordinates>
      </Point>
    </Placemark>
    <Placemark>
      <name>Ridgecrest Police Department ALPR</name>
      <description>OSM node: https://www.openstreetmap.org/node/13311215201
Operator: Ridgecrest Police Department
Manufacturer: Flock Safety
Direction: 57
Zone: traffic
Camera type: fixed</description>
      <Point>
        <coordinates>-117.6490608,35.6223501,0</coordinates>
      </Point>
    </Placemark>
    <Placemark>
      <name>Ridgecrest Police Department ALPR</name>
      <description>OSM node: https://www.openstreetmap.org/node/13311215301
Operator: Ridgecrest Police Department
Manufacturer: Flock Safety
Direction: 168
Zone: traffic
Camera type: fixed</description>
      <Point>
        <coordinates>-117.6700891,35.6222653,0</coordinates>
      </Point>
    </Placemark>
    <Placemark>
      <name>Ridgecrest Police Department ALPR</name>
      <description>OSM node: https://www.openstreetmap.org/node/13311216001
Operator: Ridgecrest Police Department
Manufacturer: Flock Safety
Direction: 256
Zone: traffic
Camera type: fixed</description>
      <Point>
        <coordinates>-117.6702386,35.622608,0</coordinates>
      </Point>
    </Placemark>
    <Placemark>
      <name>ALPR</name>
      <description>OSM node: https://www.openstreetmap.org/node/13311216601
Manufacturer: Flock Safety
Direction: 262
Zone: traffic
Camera type: fixed</description>
      <Point>
        <coordinates>-117.6700439,35.6317979,0</coordinates>
      </Point>
    </Placemark>
    <Placemark>
      <name>Ridgecrest Police Department ALPR</name>
      <description>OSM node: https://www.openstreetmap.org/node/13311216901
Operator: Ridgecrest Police Department
Manufacturer: Flock Safety
Direction: 182
Zone: traffic
Camera type: fixed</description>
      <Point>
        <coordinates>-117.6691757,35.6445741,0</coordinates>
      </Point>
    </Placemark>
    <Placemark>
      <name>ALPR</name>
      <description>OSM node: https://www.openstreetmap.org/node/13311280201
Manufacturer: Flock Safety
Direction: 105;274
Zone: traffic
Camera type: fixed</description>
      <Point>
        <coordinates>-121.6354027,37.0884268,0</coordinates>
      </Point>
    </Placemark>
    <Placemark>
      <name>ALPR</name>
      <description>OSM node: https://www.openstreetmap.org/node/13311329701
Manufacturer: Flock Safety
Direction: 62;15;157
Zone: traffic
Camera type: fixed</description>
      <Point>
        <coordinates>-119.4309885,36.5968189,0</coordinates>
      </Point>
    </Placemark>
    <Placemark>
      <name>ALPR</name>
      <description>OSM node: https://www.openstreetmap.org/node/13311333701
Manufacturer: Flock Safety
Direction: 311;201
Zone: traffic
Camera type: fixed</description>
      <Point>
        <coordinates>-119.4305906,36.5897696,0</coordinates>
      </Point>
    </Placemark>
    <Placemark>
      <name>ALPR</name>
      <description>OSM node: https://www.openstreetmap.org/node/13311334301
Manufacturer: Flock Safety
Direction: 39
Zone: traffic
Camera type: fixed</description>
      <Point>
        <coordinates>-119.4314991,36.5895473,0</coordinates>
      </Point>
    </Placemark>
    <Placemark>
      <name>ALPR</name>
      <description>OSM node: https://www.openstreetmap.org/node/13311348801
Manufacturer: Flock Safety
Direction: 151
Zone: traffic
Camera type: fixed</description>
      <Point>
        <coordinates>-119.0389943,35.3613186,0</coordinates>
      </Point>
    </Placemark>
    <Placemark>
      <name>ALPR</name>
      <description>OSM node: https://www.openstreetmap.org/node/13311356001
Manufacturer: Flock Safety
Direction: 47
Zone: traffic
Camera type: fixed</description>
      <Point>
        <coordinates>-121.5499307,39.653517,0</coordinates>
      </Point>
    </Placemark>
    <Placemark>
      <name>ALPR</name>
      <description>OSM node: https://www.openstreetmap.org/node/13311369101
Manufacturer: Flock Safety
Direction: 54;126
Zone: traffic
Camera type: fixed</description>
      <Point>
        <coordinates>-119.4586998,36.6003743,0</coordinates>
      </Point>
    </Placemark>
    <Placemark>
      <name>ALPR</name>
      <description>OSM node: https://www.openstreetmap.org/node/13311375563
Manufacturer: Flock Safety
Direction: 210
Camera type: fixed</description>
      <Point>
        <coordinates>-117.6150579,33.4305973,0</coordinates>
      </Point>
    </Placemark>
    <Placemark>
      <name>ALPR</name>
      <description>OSM node: https://www.openstreetmap.org/node/13311377603
Manufacturer: Flock Safety
Direction: 344
Zone: traffic
Camera type: fixed</description>
      <Point>
        <coordinates>-121.6960378,37.9467299,0</coordinates>
      </Point>
    </Placemark>
    <Placemark>
      <name>ALPR</name>
      <description>OSM node: https://www.openstreetmap.org/node/13311386801
Manufacturer: Flock Safety
Direction: 319;138
Zone: traffic
Camera type: fixed</description>
      <Point>
        <coordinates>-119.4307393,36.583055,0</coordinates>
      </Point>
    </Placemark>
    <Placemark>
      <name>ALPR</name>
      <description>OSM node: https://www.openstreetmap.org/node/13311396301
Manufacturer: Flock Safety
Direction: 348
Zone: traffic
Camera type: fixed</description>
      <Point>
        <coordinates>-121.6959754,37.9689736,0</coordinates>
      </Point>
    </Placemark>
    <Placemark>
      <name>ALPR</name>
      <description>OSM node: https://www.openstreetmap.org/node/13311397301
Manufacturer: Flock Safety
Direction: 345
Zone: traffic
Camera type: fixed</description>
      <Point>
        <coordinates>-121.6960616,37.9615747,0</coordinates>
      </Point>
    </Placemark>
    <Placemark>
      <name>ALPR</name>
      <description>OSM node: https://www.openstreetmap.org/node/13311398201
Manufacturer: Flock Safety
Direction: 252
Zone: traffic
Camera type: fixed</description>
      <Point>
        <coordinates>-121.6961756,37.9615895,0</coordinates>
      </Point>
    </Placemark>
    <Placemark>
      <name>ALPR</name>
      <description>OSM node: https://www.openstreetmap.org/node/13311399401
Manufacturer: Flock Safety
Direction: 80
Zone: traffic
Camera type: fixed</description>
      <Point>
        <coordinates>-121.6854265,37.9544184,0</coordinates>
      </Point>
    </Placemark>
    <Placemark>
      <name>ALPR</name>
      <description>OSM node: https://www.openstreetmap.org/node/13311399402
Manufacturer: Flock Safety
Direction: 171
Zone: traffic
Camera type: fixed</description>
      <Point>
        <coordinates>-121.696244,37.9465753,0</coordinates>
      </Point>
    </Placemark>
    <Placemark>
      <name>ALPR</name>
      <description>OSM node: https://www.openstreetmap.org/node/13311400201
Manufacturer: Flock Safety
Direction: 229
Zone: traffic
Camera type: fixed</description>
      <Point>
        <coordinates>-121.6823135,37.9332446,0</coordinates>
      </Point>
    </Placemark>
    <Placemark>
      <name>ALPR</name>
      <description>OSM node: https://www.openstreetmap.org/node/13311403301
Manufacturer: Flock Safety
Direction: 76
Zone: traffic
Camera type: fixed</description>
      <Point>
        <coordinates>-121.6960376,37.9465698,0</coordinates>
      </Point>
    </Placemark>
    <Placemark>
      <name>ALPR</name>
      <description>OSM node: https://www.openstreetmap.org/node/13311403801
Manufacturer: Flock Safety
Direction: 246
Zone: traffic
Camera type: fixed</description>
      <Point>
        <coordinates>-121.6966179,37.9467413,0</coordinates>
      </Point>
    </Placemark>
    <Placemark>
      <name>ALPR</name>
      <description>OSM node: https://www.openstreetmap.org/node/13311409101
Manufacturer: Flock Safety
Direction: 207;249
Zone: traffic
Camera type: fixed</description>
      <Point>
        <coordinates>-119.4309619,36.6043097,0</coordinates>
      </Point>
    </Placemark>
    <Placemark>
      <name>ALPR</name>
      <description>OSM node: https://www.openstreetmap.org/node/13311436801
Manufacturer: Flock Safety
Direction: 175
Zone: traffic
Camera type: fixed</description>
      <Point>
        <coordinates>-121.7968949,38.0007788,0</coordinates>
      </Point>
    </Placemark>
    <Placemark>
      <name>ALPR</name>
      <description>OSM node: https://www.openstreetmap.org/node/13311462601
Manufacturer: Flock Safety
Direction: 43
Zone: traffic
Camera type: fixed</description>
      <Point>
        <coordinates>-121.9075476,36.5435664,0</coordinates>
      </Point>
    </Placemark>
    <Placemark>
      <name>ALPR</name>
      <description>OSM node: https://www.openstreetmap.org/node/13311686302
Manufacturer: Flock Safety
Direction: 180
Zone: traffic
Camera type: fixed</description>
      <Point>
        <coordinates>-123.1659884,39.130647,0</coordinates>
      </Point>
    </Placemark>
    <Placemark>
      <name>ALPR</name>
      <description>OSM node: https://www.openstreetmap.org/node/13311774501
Manufacturer: Flock Safety
Direction: 85
Zone: traffic
Camera type: fixed</description>
      <Point>
        <coordinates>-116.3819762,33.7234506,0</coordinates>
      </Point>
    </Placemark>
    <Placemark>
      <name>ALPR</name>
      <description>OSM node: https://www.openstreetmap.org/node/13311777101
Manufacturer: Flock Safety
Direction: 352
Zone: traffic
Camera type: fixed</description>
      <Point>
        <coordinates>-116.377089,33.7207086,0</coordinates>
      </Point>
    </Placemark>
    <Placemark>
      <name>ALPR</name>
      <description>OSM node: https://www.openstreetmap.org/node/13311789703
Manufacturer: Flock Safety
Direction: 62
Zone: traffic
Camera type: fixed</description>
      <Point>
        <coordinates>-117.6640855,33.5577833,0</coordinates>
      </Point>
    </Placemark>
    <Placemark>
      <name>ALPR</name>
      <description>OSM node: https://www.openstreetmap.org/node/13311961401
Manufacturer: Flock Safety
Direction: 259
Zone: traffic
Camera type: fixed</description>
      <Point>
        <coordinates>-122.7387163,38.3346482,0</coordinates>
      </Point>
    </Placemark>
    <Placemark>
      <name>ALPR</name>
      <description>OSM node: https://www.openstreetmap.org/node/13312166902
Manufacturer: Flock Safety
Direction: 162
Zone: traffic
Camera type: fixed</description>
      <Point>
        <coordinates>-117.6788445,35.6369262,0</coordinates>
      </Point>
    </Placemark>
    <Placemark>
      <name>ALPR</name>
      <description>OSM node: https://www.openstreetmap.org/node/13312166903
Manufacturer: Flock Safety
Direction: 349
Zone: traffic
Camera type: fixed</description>
      <Point>
        <coordinates>-117.6786495,35.6372303,0</coordinates>
      </Point>
    </Placemark>
    <Placemark>
      <name>ALPR</name>
      <description>OSM node: https://www.openstreetmap.org/node/13312172501
Manufacturer: Flock Safety
Direction: 237
Zone: traffic
Camera type: fixed</description>
      <Point>
        <coordinates>-117.6788475,35.6372419,0</coordinates>
      </Point>
    </Placemark>
    <Placemark>
      <name>ALPR</name>
      <description>OSM node: https://www.openstreetmap.org/node/13312173201
Manufacturer: Flock Safety
Direction: 71
Zone: traffic
Camera type: fixed</description>
      <Point>
        <coordinates>-117.6786441,35.6369575,0</coordinates>
      </Point>
    </Placemark>
    <Placemark>
      <name>ALPR</name>
      <description>OSM node: https://www.openstreetmap.org/node/13312176901
Manufacturer: Flock Safety
Direction: 169
Zone: traffic
Camera type: fixed</description>
      <Point>
        <coordinates>-119.039041,35.332192,0</coordinates>
      </Point>
    </Placemark>
    <Placemark>
      <name>ALPR</name>
      <description>OSM node: https://www.openstreetmap.org/node/13312179601
Manufacturer: Flock Safety
Direction: 327
Zone: traffic
Camera type: fixed</description>
      <Point>
        <coordinates>-121.7811398,38.6785599,0</coordinates>
      </Point>
    </Placemark>
    <Placemark>
      <name>ALPR</name>
      <description>OSM node: https://www.openstreetmap.org/node/13312182101
Manufacturer: Flock Safety
Direction: 135;287
Zone: traffic
Camera type: fixed</description>
      <Point>
        <coordinates>-121.6939812,38.5467147,0</coordinates>
      </Point>
    </Placemark>
    <Placemark>
      <name>ALPR</name>
      <description>OSM node: https://www.openstreetmap.org/node/13312188132
Manufacturer: Flock Safety
Direction: 165
Camera type: fixed</description>
      <Point>
        <coordinates>-122.2328987,37.4496767,0</coordinates>
      </Point>
    </Placemark>
    <Placemark>
      <name>ALPR</name>
      <description>OSM node: https://www.openstreetmap.org/node/13312253701
Manufacturer: Flock Safety
Direction: 211
Zone: traffic
Camera type: fixed</description>
      <Point>
        <coordinates>-121.9525141,38.372803,0</coordinates>
      </Point>
    </Placemark>
    <Placemark>
      <name>ALPR</name>
      <description>OSM node: https://www.openstreetmap.org/node/13312288362
Manufacturer: Flock Safety
Direction: 60
Camera type: fixed</description>
      <Point>
        <coordinates>-122.2606869,37.4461306,0</coordinates>
      </Point>
    </Placemark>
    <Placemark>
      <name>ALPR</name>
      <description>OSM node: https://www.openstreetmap.org/node/13312288363
Manufacturer: Flock Safety
Direction: 225
Camera type: fixed</description>
      <Point>
        <coordinates>-122.2604446,37.4466195,0</coordinates>
      </Point>
    </Placemark>
    <Placemark>
      <name>ALPR</name>
      <description>OSM node: https://www.openstreetmap.org/node/13312289651
Manufacturer: Flock Safety
Direction: 260
Camera type: fixed</description>
      <Point>
        <coordinates>-117.5406408,33.868616,0</coordinates>
      </Point>
    </Placemark>
    <Placemark>
      <name>ALPR</name>
      <description>OSM node: https://www.openstreetmap.org/node/13312289652
Manufacturer: Flock Safety
Direction: 215
Camera type: fixed</description>
      <Point>
        <coordinates>-117.5402287,33.8678714,0</coordinates>
      </Point>
    </Placemark>
    <Placemark>
      <name>ALPR</name>
      <description>OSM node: https://www.openstreetmap.org/node/13312321003
Manufacturer: Flock Safety
Direction: 205
Zone: traffic
Camera type: fixed</description>
      <Point>
        <coordinates>-120.2630867,37.120579,0</coordinates>
      </Point>
    </Placemark>
    <Placemark>
      <name>ALPR</name>
      <description>OSM node: https://www.openstreetmap.org/node/13312323801
Manufacturer: Flock Safety
Direction: 111
Zone: traffic
Camera type: fixed</description>
      <Point>
        <coordinates>-120.2711191,37.1138173,0</coordinates>
      </Point>
    </Placemark>
    <Placemark>
      <name>ALPR</name>
      <description>OSM node: https://www.openstreetmap.org/node/13312333601
Manufacturer: Flock Safety
Direction: 190
Zone: traffic
Camera type: fixed</description>
      <Point>
        <coordinates>-120.273777,37.1112367,0</coordinates>
      </Point>
    </Placemark>
    <Placemark>
      <name>ALPR</name>
      <description>OSM node: https://www.openstreetmap.org/node/13312333602
Manufacturer: Flock Safety
Direction: 17
Zone: traffic
Camera type: fixed</description>
      <Point>
        <coordinates>-120.2728909,37.1120309,0</coordinates>
      </Point>
    </Placemark>
    <Placemark>
      <name>ALPR</name>
      <description>OSM node: https://www.openstreetmap.org/node/13312337601
Manufacturer: Flock Safety
Direction: 181;0;89;268
Zone: traffic
Camera type: fixed</description>
      <Point>
        <coordinates>-121.453302,37.7540281,0</coordinates>
      </Point>
    </Placemark>
    <Placemark>
      <name>ALPR</name>
      <description>OSM node: https://www.openstreetmap.org/node/13312376602
Manufacturer: Flock Safety
Direction: 250
Zone: traffic
Camera type: fixed</description>
      <Point>
        <coordinates>-121.7969249,38.0049863,0</coordinates>
      </Point>
    </Placemark>
    <Placemark>
      <name>ALPR</name>
      <description>OSM node: https://www.openstreetmap.org/node/13312376603
Manufacturer: Flock Safety
Direction: 74
Zone: traffic
Camera type: fixed</description>
      <Point>
        <coordinates>-121.7955112,38.0048129,0</coordinates>
      </Point>
    </Placemark>
    <Placemark>
      <name>ALPR</name>
      <description>OSM node: https://www.openstreetmap.org/node/13312409602
Manufacturer: Flock Safety
Direction: 331
Zone: traffic
Camera type: fixed</description>
      <Point>
        <coordinates>-121.5485393,38.5764816,0</coordinates>
      </Point>
    </Placemark>
    <Placemark>
      <name>ALPR</name>
      <description>OSM node: https://www.openstreetmap.org/node/13312410801
Manufacturer: Motorola Solutions
Direction: 213
Zone: traffic
Camera type: fixed</description>
      <Point>
        <coordinates>-121.5486292,38.5717571,0</coordinates>
      </Point>
    </Placemark>
    <Placemark>
      <name>ALPR</name>
      <description>OSM node: https://www.openstreetmap.org/node/13312422101
Manufacturer: Flock Safety
Direction: 160
Zone: traffic
Camera type: fixed</description>
      <Point>
        <coordinates>-121.5270518,38.5893248,0</coordinates>
      </Point>
    </Placemark>
    <Placemark>
      <name>ALPR</name>
      <description>OSM node: https://www.openstreetmap.org/node/13312496001
Manufacturer: Flock Safety
Direction: 21
Zone: traffic
Camera type: fixed</description>
      <Point>
        <coordinates>-123.1987055,39.135227,0</coordinates>
      </Point>
    </Placemark>
    <Placemark>
      <name>ALPR</name>
      <description>OSM node: https://www.openstreetmap.org/node/13312507401
Manufacturer: Flock Safety
Direction: 228
Zone: traffic
Camera type: fixed</description>
      <Point>
        <coordinates>-121.5529596,39.6529421,0</coordinates>
      </Point>
    </Placemark>
    <Placemark>
      <name>ALPR</name>
      <description>OSM node: https://www.openstreetmap.org/node/13312724701
Manufacturer: Flock Safety
Direction: 244
Zone: traffic
Camera type: fixed</description>
      <Point>
        <coordinates>-121.3830571,38.6904416,0</coordinates>
      </Point>
    </Placemark>
    <Placemark>
      <name>ALPR</name>
      <description>OSM node: https://www.openstreetmap.org/node/13312737301
Manufacturer: Motorola Solutions
Direction: 21
Zone: traffic
Camera type: fixed</description>
      <Point>
        <coordinates>-118.255047,33.808506,0</coordinates>
      </Point>
    </Placemark>
    <Placemark>
      <name>ALPR</name>
      <description>OSM node: https://www.openstreetmap.org/node/13312737401
Manufacturer: Motorola Solutions
Direction: 30
Zone: traffic
Camera type: fixed</description>
      <Point>
        <coordinates>-118.2550985,33.8085165,0</coordinates>
      </Point>
    </Placemark>
    <Placemark>
      <name>ALPR</name>
      <description>OSM node: https://www.openstreetmap.org/node/13312737601
Manufacturer: Flock Safety
Direction: 8
Zone: traffic
Camera type: fixed</description>
      <Point>
        <coordinates>-118.2550172,33.8085091,0</coordinates>
      </Point>
    </Placemark>
    <Placemark>
      <name>ALPR</name>
      <description>OSM node: https://www.openstreetmap.org/node/13312737602
Manufacturer: Flock Safety
Direction: 104
Zone: traffic
Camera type: fixed</description>
      <Point>
        <coordinates>-118.2551406,33.8083563,0</coordinates>
      </Point>
    </Placemark>
    <Placemark>
      <name>ALPR</name>
      <description>OSM node: https://www.openstreetmap.org/node/13312738701
Manufacturer: Flock Safety
Direction: 259
Zone: traffic
Camera type: fixed</description>
      <Point>
        <coordinates>-118.2553097,33.8085309,0</coordinates>
      </Point>
    </Placemark>
    <Placemark>
      <name>ALPR</name>
      <description>OSM node: https://www.openstreetmap.org/node/13312751501
Manufacturer: Flock Safety
Zone: traffic
Camera type: fixed</description>
      <Point>
        <coordinates>-118.2425815,33.8241662,0</coordinates>
      </Point>
    </Placemark>
    <Placemark>
      <name>ALPR</name>
      <description>OSM node: https://www.openstreetmap.org/node/13312751701
Manufacturer: Motorola Solutions
Zone: traffic
Camera type: fixed</description>
      <Point>
        <coordinates>-118.2421728,33.8243397,0</coordinates>
      </Point>
    </Placemark>
    <Placemark>
      <name>ALPR</name>
      <description>OSM node: https://www.openstreetmap.org/node/13312751702
Manufacturer: Motorola Solutions
Direction: 257
Zone: traffic
Camera type: fixed</description>
      <Point>
        <coordinates>-118.2350061,33.8581753,0</coordinates>
      </Point>
    </Placemark>
    <Placemark>
      <name>ALPR</name>
      <description>OSM node: https://www.openstreetmap.org/node/13312752501
Manufacturer: Motorola Solutions
Zone: traffic
Camera type: fixed</description>
      <Point>
        <coordinates>-118.242538,33.8242898,0</coordinates>
      </Point>
    </Placemark>
    <Placemark>
      <name>ALPR</name>
      <description>OSM node: https://www.openstreetmap.org/node/13312754301
Manufacturer: Motorola Solutions
Direction: 185
Zone: traffic
Camera type: fixed</description>
      <Point>
        <coordinates>-118.2357785,33.8677582,0</coordinates>
      </Point>
    </Placemark>
    <Placemark>
      <name>ALPR</name>
      <description>OSM node: https://www.openstreetmap.org/node/13312759501
Manufacturer: Neology, Inc.
Direction: 267
Zone: traffic
Camera type: fixed</description>
      <Point>
        <coordinates>-118.225075,33.903388,0</coordinates>
      </Point>
    </Placemark>
    <Placemark>
      <name>ALPR</name>
      <description>OSM node: https://www.openstreetmap.org/node/13312759601
Manufacturer: Neology, Inc.
Direction: 262
Zone: traffic
Camera type: fixed</description>
      <Point>
        <coordinates>-118.2250701,33.9033524,0</coordinates>
      </Point>
    </Placemark>
    <Placemark>
      <name>ALPR</name>
      <description>OSM node: https://www.openstreetmap.org/node/13312759602
Manufacturer: Neology, Inc.
Direction: 83
Zone: traffic
Camera type: fixed</description>
      <Point>
        <coordinates>-118.2249987,33.9032854,0</coordinates>
      </Point>
    </Placemark>
    <Placemark>
      <name>ALPR</name>
      <description>OSM node: https://www.openstreetmap.org/node/13312759603
Manufacturer: Neology, Inc.
Direction: 95
Zone: traffic
Camera type: fixed</description>
      <Point>
        <coordinates>-118.225005,33.9032379,0</coordinates>
      </Point>
    </Placemark>
    <Placemark>
      <name>ALPR</name>
      <description>OSM node: https://www.openstreetmap.org/node/13312759701
Manufacturer: Flock Safety
Direction: 144
Zone: traffic
Camera type: fixed</description>
      <Point>
        <coordinates>-121.5261528,38.5792655,0</coordinates>
      </Point>
    </Placemark>
    <Placemark>
      <name>ALPR</name>
      <description>OSM node: https://www.openstreetmap.org/node/13312759901
Manufacturer: Flock Safety
Direction: 144
Zone: traffic
Camera type: fixed</description>
      <Point>
        <coordinates>-121.5261528,38.5792655,0</coordinates>
      </Point>
    </Placemark>
    <Placemark>
      <name>ALPR</name>
      <description>OSM node: https://www.openstreetmap.org/node/13312760001
Manufacturer: Flock Safety
Direction: 323
Zone: traffic
Camera type: fixed</description>
      <Point>
        <coordinates>-121.5260502,38.5793742,0</coordinates>
      </Point>
    </Placemark>
    <Placemark>
      <name>ALPR</name>
      <description>OSM node: https://www.openstreetmap.org/node/13312760201
Manufacturer: Neology, Inc.
Direction: 81
Zone: traffic
Camera type: fixed</description>
      <Point>
        <coordinates>-118.2249952,33.9032639,0</coordinates>
      </Point>
    </Placemark>
    <Placemark>
      <name>ALPR</name>
      <description>OSM node: https://www.openstreetmap.org/node/13312772401
Manufacturer: Motorola Solutions
Direction: 82
Zone: traffic
Camera type: fixed</description>
      <Point>
        <coordinates>-118.2194576,33.7826979,0</coordinates>
      </Point>
    </Placemark>
    <Placemark>
      <name>ALPR</name>
      <description>OSM node: https://www.openstreetmap.org/node/13312774201
Manufacturer: Motorola Solutions
Direction: 75
Zone: traffic
Camera type: fixed</description>
      <Point>
        <coordinates>-118.2194541,33.7826464,0</coordinates>
      </Point>
    </Placemark>
    <Placemark>
      <name>ALPR</name>
      <description>OSM node: https://www.openstreetmap.org/node/13312774301
Manufacturer: Motorola Solutions
Direction: 75
Zone: traffic
Camera type: fixed</description>
      <Point>
        <coordinates>-118.2194541,33.7826464,0</coordinates>
      </Point>
    </Placemark>
    <Placemark>
      <name>ALPR</name>
      <description>OSM node: https://www.openstreetmap.org/node/13312774302
Manufacturer: Motorola Solutions
Direction: 87
Zone: traffic
Camera type: fixed</description>
      <Point>
        <coordinates>-118.2194541,33.7826464,0</coordinates>
      </Point>
    </Placemark>
    <Placemark>
      <name>ALPR</name>
      <description>OSM node: https://www.openstreetmap.org/node/13312784445
Manufacturer: Flock Safety
Direction: 160
Camera type: fixed</description>
      <Point>
        <coordinates>-121.8959996,37.386873,0</coordinates>
      </Point>
    </Placemark>
    <Placemark>
      <name>ALPR</name>
      <description>OSM node: https://www.openstreetmap.org/node/13312834674
Manufacturer: Flock Safety
Direction: 50
Camera type: fixed</description>
      <Point>
        <coordinates>-121.8971884,37.3850844,0</coordinates>
      </Point>
    </Placemark>
    <Placemark>
      <name>ALPR</name>
      <description>OSM node: https://www.openstreetmap.org/node/13312834675
Manufacturer: Flock Safety
Direction: 160
Camera type: fixed</description>
      <Point>
        <coordinates>-121.8963821,37.3849948,0</coordinates>
      </Point>
    </Placemark>
    <Placemark>
      <name>ALPR</name>
      <description>OSM node: https://www.openstreetmap.org/node/13312835845
Manufacturer: Flock Safety
Direction: 235
Zone: traffic
Camera type: fixed</description>
      <Point>
        <coordinates>-118.916295,34.2975679,0</coordinates>
      </Point>
    </Placemark>
    <Placemark>
      <name>ALPR</name>
      <description>OSM node: https://www.openstreetmap.org/node/13312857201
Manufacturer: Flock Safety
Direction: 74
Zone: traffic
Camera type: fixed</description>
      <Point>
        <coordinates>-121.5506481,38.5917695,0</coordinates>
      </Point>
    </Placemark>
    <Placemark>
      <name>ALPR</name>
      <description>OSM node: https://www.openstreetmap.org/node/13312909001
Manufacturer: Flock Safety
Direction: 48
Zone: traffic
Camera type: fixed</description>
      <Point>
        <coordinates>-121.2688549,38.6058749,0</coordinates>
      </Point>
    </Placemark>
    <Placemark>
      <name>ALPR</name>
      <description>OSM node: https://www.openstreetmap.org/node/13312911601
Manufacturer: Flock Safety
Direction: 245
Zone: traffic
Camera type: fixed</description>
      <Point>
        <coordinates>-121.2699773,38.6055127,0</coordinates>
      </Point>
    </Placemark>
    <Placemark>
      <name>ALPR</name>
      <description>OSM node: https://www.openstreetmap.org/node/13312938301
Manufacturer: Flock Safety
Direction: 141
Zone: traffic
Camera type: fixed</description>
      <Point>
        <coordinates>-122.4204673,37.6142231,0</coordinates>
      </Point>
    </Placemark>
    <Placemark>
      <name>ALPR</name>
      <description>OSM node: https://www.openstreetmap.org/node/13312975701
Manufacturer: Flock Safety
Direction: 134
Zone: traffic
Camera type: fixed</description>
      <Point>
        <coordinates>-122.4218604,37.6152668,0</coordinates>
      </Point>
    </Placemark>
    <Placemark>
      <name>ALPR</name>
      <description>OSM node: https://www.openstreetmap.org/node/13313042402
Manufacturer: Flock Safety
Direction: 276
Zone: traffic
Camera type: fixed</description>
      <Point>
        <coordinates>-117.6876082,33.4652082,0</coordinates>
      </Point>
    </Placemark>
    <Placemark>
      <name>ALPR</name>
      <description>OSM node: https://www.openstreetmap.org/node/13313105601
Manufacturer: Flock Safety
Direction: 280
Zone: traffic
Camera type: fixed</description>
      <Point>
        <coordinates>-122.3239673,37.9142703,0</coordinates>
      </Point>
    </Placemark>
    <Placemark>
      <name>ALPR</name>
      <description>OSM node: https://www.openstreetmap.org/node/13313344601
Manufacturer: Flock Safety
Direction: 270
Zone: traffic
Camera type: fixed</description>
      <Point>
        <coordinates>-117.67108,33.547268,0</coordinates>
      </Point>
    </Placemark>
    <Placemark>
      <name>ALPR</name>
      <description>OSM node: https://www.openstreetmap.org/node/13313345501
Manufacturer: Flock Safety
Direction: 347
Zone: traffic
Camera type: fixed</description>
      <Point>
        <coordinates>-117.6740248,33.5473881,0</coordinates>
      </Point>
    </Placemark>
    <Placemark>
      <name>ALPR</name>
      <description>OSM node: https://www.openstreetmap.org/node/13313375801
Manufacturer: Flock Safety
Direction: 226
Zone: traffic
Camera type: fixed</description>
      <Point>
        <coordinates>-117.6821899,33.5160381,0</coordinates>
      </Point>
    </Placemark>
    <Placemark>
      <name>ALPR</name>
      <description>OSM node: https://www.openstreetmap.org/node/13313405901
Manufacturer: Flock Safety
Direction: 237
Zone: traffic
Camera type: fixed</description>
      <Point>
        <coordinates>-117.6567094,33.4581029,0</coordinates>
      </Point>
    </Placemark>
    <Placemark>
      <name>ALPR</name>
      <description>OSM node: https://www.openstreetmap.org/node/13313435701
Manufacturer: Flock Safety
Direction: 285
Zone: traffic
Camera type: fixed</description>
      <Point>
        <coordinates>-117.6430897,33.4404173,0</coordinates>
      </Point>
    </Placemark>
    <Placemark>
      <name>ALPR</name>
      <description>OSM node: https://www.openstreetmap.org/node/13313444017
Manufacturer: Flock Safety
Direction: 335
Camera type: fixed</description>
      <Point>
        <coordinates>-121.8600967,37.3452382,0</coordinates>
      </Point>
    </Placemark>
    <Placemark>
      <name>ALPR</name>
      <description>OSM node: https://www.openstreetmap.org/node/13313454790
Manufacturer: Flock Safety
Direction: 200
Camera type: fixed</description>
      <Point>
        <coordinates>-121.8434701,37.3700038,0</coordinates>
      </Point>
    </Placemark>
    <Placemark>
      <name>ALPR</name>
      <description>OSM node: https://www.openstreetmap.org/node/13313470101
Manufacturer: Flock Safety
Direction: 196
Zone: traffic
Camera type: fixed</description>
      <Point>
        <coordinates>-117.5910622,33.4621297,0</coordinates>
      </Point>
    </Placemark>
    <Placemark>
      <name>ALPR</name>
      <description>OSM node: https://www.openstreetmap.org/node/13313499771
Manufacturer: Flock Safety
Direction: 25
Camera type: fixed</description>
      <Point>
        <coordinates>-121.8423872,37.3703231,0</coordinates>
      </Point>
    </Placemark>
    <Placemark>
      <name>ALPR</name>
      <description>OSM node: https://www.openstreetmap.org/node/13313509525
Manufacturer: Flock Safety
Direction: 295
Camera type: fixed</description>
      <Point>
        <coordinates>-121.84329,37.3706301,0</coordinates>
      </Point>
    </Placemark>
    <Placemark>
      <name>ALPR</name>
      <description>OSM node: https://www.openstreetmap.org/node/13313521736
Manufacturer: Flock Safety
Direction: 105
Camera type: fixed</description>
      <Point>
        <coordinates>-121.8426107,37.3694102,0</coordinates>
      </Point>
    </Placemark>
    <Placemark>
      <name>ALPR</name>
      <description>OSM node: https://www.openstreetmap.org/node/13313548401
Manufacturer: Motorola Solutions
Direction: 0
Zone: traffic
Camera type: fixed</description>
      <Point>
        <coordinates>-121.9350945,37.3004494,0</coordinates>
      </Point>
    </Placemark>
    <Placemark>
      <name>Ridgecrest Police Department ALPR</name>
      <description>OSM node: https://www.openstreetmap.org/node/13313667002
Operator: Ridgecrest Police Department
Manufacturer: Flock Safety
Direction: 34
Zone: traffic
Camera type: fixed</description>
      <Point>
        <coordinates>-117.6925505,35.5922371,0</coordinates>
      </Point>
    </Placemark>
    <Placemark>
      <name>Ridgecrest Police Department ALPR</name>
      <description>OSM node: https://www.openstreetmap.org/node/13313667003
Operator: Ridgecrest Police Department
Manufacturer: Flock Safety
Direction: 215
Zone: traffic
Camera type: fixed</description>
      <Point>
        <coordinates>-117.692773,35.5925065,0</coordinates>
      </Point>
    </Placemark>
    <Placemark>
      <name>Home Depot ALPR</name>
      <description>OSM node: https://www.openstreetmap.org/node/13313709501
Operator: Home Depot
Manufacturer: Flock Safety
Direction: 20
Zone: traffic
Camera type: fixed</description>
      <Point>
        <coordinates>-117.6705914,35.6299303,0</coordinates>
      </Point>
    </Placemark>
    <Placemark>
      <name>Home Depot ALPR</name>
      <description>OSM node: https://www.openstreetmap.org/node/13313709701
Operator: Home Depot
Manufacturer: Flock Safety
Direction: 145
Zone: traffic
Camera type: fixed</description>
      <Point>
        <coordinates>-117.670074,35.6310985,0</coordinates>
      </Point>
    </Placemark>
    <Placemark>
      <name>ALPR</name>
      <description>OSM node: https://www.openstreetmap.org/node/13314130701
Manufacturer: Flock Safety
Direction: 15;70
Zone: traffic
Camera type: fixed</description>
      <Point>
        <coordinates>-119.4396078,36.6040354,0</coordinates>
      </Point>
    </Placemark>
    <Placemark>
      <name>ALPR</name>
      <description>OSM node: https://www.openstreetmap.org/node/13314130801
Manufacturer: Flock Safety
Direction: 141;208
Zone: traffic
Camera type: fixed</description>
      <Point>
        <coordinates>-119.4399302,36.6042875,0</coordinates>
      </Point>
    </Placemark>
    <Placemark>
      <name>ALPR</name>
      <description>OSM node: https://www.openstreetmap.org/node/13314133501
Manufacturer: Flock Safety
Direction: 111;154
Zone: traffic
Camera type: fixed</description>
      <Point>
        <coordinates>-119.4488732,36.6108893,0</coordinates>
      </Point>
    </Placemark>
    <Placemark>
      <name>ALPR</name>
      <description>OSM node: https://www.openstreetmap.org/node/13314139303
Manufacturer: Genetec
Direction: 0;76;151;224;290
Zone: traffic
Camera type: fixed</description>
      <Point>
        <coordinates>-119.4308001,36.6040522,0</coordinates>
      </Point>
    </Placemark>
    <Placemark>
      <name>ALPR</name>
      <description>OSM node: https://www.openstreetmap.org/node/13314146501
Manufacturer: Genetec
Direction: 0;76;143;218;287
Zone: traffic
Camera type: fixed</description>
      <Point>
        <coordinates>-119.4575755,36.6040752,0</coordinates>
      </Point>
    </Placemark>
    <Placemark>
      <name>ALPR</name>
      <description>OSM node: https://www.openstreetmap.org/node/13314146701
Manufacturer: Genetec
Direction: 0;71;135;200;281
Zone: traffic
Camera type: fixed</description>
      <Point>
        <coordinates>-119.4396503,36.6040544,0</coordinates>
      </Point>
    </Placemark>
    <Placemark>
      <name>Reedley Police Department ALPR</name>
      <description>OSM node: https://www.openstreetmap.org/node/13314167001
Operator: Reedley Police Department
Manufacturer: Genetec
Direction: 0;71;145;216;289
Zone: traffic
Camera type: fixed</description>
      <Point>
        <coordinates>-119.4530421,36.5950656,0</coordinates>
      </Point>
    </Placemark>
    <Placemark>
      <name>ALPR</name>
      <description>OSM node: https://www.openstreetmap.org/node/13314179501
Manufacturer: Flock Safety
Direction: 310;0
Zone: traffic
Camera type: fixed</description>
      <Point>
        <coordinates>-119.4577438,36.5782327,0</coordinates>
      </Point>
    </Placemark>
    <Placemark>
      <name>ALPR</name>
      <description>OSM node: https://www.openstreetmap.org/node/13314197501
Manufacturer: Flock Safety
Direction: 125;165
Zone: traffic
Camera type: fixed</description>
      <Point>
        <coordinates>-119.457874,36.6095305,0</coordinates>
      </Point>
    </Placemark>
    <Placemark>
      <name>ALPR</name>
      <description>OSM node: https://www.openstreetmap.org/node/13314374537
Manufacturer: Flock Safety
Direction: 245
Camera type: fixed</description>
      <Point>
        <coordinates>-121.8929583,37.4470814,0</coordinates>
      </Point>
    </Placemark>
    <Placemark>
      <name>ALPR</name>
      <description>OSM node: https://www.openstreetmap.org/node/13314391537
Manufacturer: Flock Safety
Direction: 140
Camera type: fixed</description>
      <Point>
        <coordinates>-121.8841211,37.4346592,0</coordinates>
      </Point>
    </Placemark>
    <Placemark>
      <name>ALPR</name>
      <description>OSM node: https://www.openstreetmap.org/node/13314391954
Manufacturer: Flock Safety
Direction: 305
Camera type: fixed</description>
      <Point>
        <coordinates>-121.8842166,37.4357593,0</coordinates>
      </Point>
    </Placemark>
    <Placemark>
      <name>ALPR</name>
      <description>OSM node: https://www.openstreetmap.org/node/13314421514
Manufacturer: Flock Safety
Direction: 225
Camera type: fixed</description>
      <Point>
        <coordinates>-121.8928926,37.4338533,0</coordinates>
      </Point>
    </Placemark>
    <Placemark>
      <name>ALPR</name>
      <description>OSM node: https://www.openstreetmap.org/node/13314569767
Manufacturer: Flock Safety
Direction: 95
Camera type: fixed</description>
      <Point>
        <coordinates>-121.872305,37.4375574,0</coordinates>
      </Point>
    </Placemark>
    <Placemark>
      <name>ALPR</name>
      <description>OSM node: https://www.openstreetmap.org/node/13314587159
Manufacturer: Flock Safety
Direction: 295
Camera type: fixed</description>
      <Point>
        <coordinates>-121.8613293,37.4225833,0</coordinates>
      </Point>
    </Placemark>
    <Placemark>
      <name>ALPR</name>
      <description>OSM node: https://www.openstreetmap.org/node/13314589401
Manufacturer: Flock Safety
Direction: 258
Zone: traffic
Camera type: fixed</description>
      <Point>
        <coordinates>-117.6628274,33.4930674,0</coordinates>
      </Point>
    </Placemark>
    <Placemark>
      <name>ALPR</name>
      <description>OSM node: https://www.openstreetmap.org/node/13314589801
Manufacturer: Flock Safety
Direction: 259
Zone: traffic
Camera type: fixed</description>
      <Point>
        <coordinates>-117.6628283,33.4933777,0</coordinates>
      </Point>
    </Placemark>
    <Placemark>
      <name>ALPR</name>
      <description>OSM node: https://www.openstreetmap.org/node/13314590401
Manufacturer: Flock Safety
Direction: 164
Zone: traffic
Camera type: fixed</description>
      <Point>
        <coordinates>-117.6637539,33.4941284,0</coordinates>
      </Point>
    </Placemark>
    <Placemark>
      <name>ALPR</name>
      <description>OSM node: https://www.openstreetmap.org/node/13314644663
Manufacturer: Flock Safety
Direction: 105
Camera type: fixed</description>
      <Point>
        <coordinates>-121.861316,37.3403426,0</coordinates>
      </Point>
    </Placemark>
    <Placemark>
      <name>ALPR</name>
      <description>OSM node: https://www.openstreetmap.org/node/13314647320
Manufacturer: Flock Safety
Direction: 115
Camera type: fixed</description>
      <Point>
        <coordinates>-121.8583613,37.3373073,0</coordinates>
      </Point>
    </Placemark>
    <Placemark>
      <name>ALPR</name>
      <description>OSM node: https://www.openstreetmap.org/node/13314694217
Manufacturer: Flock Safety
Direction: 275
Camera type: fixed</description>
      <Point>
        <coordinates>-121.8588478,37.3381233,0</coordinates>
      </Point>
    </Placemark>
    <Placemark>
      <name>ALPR</name>
      <description>OSM node: https://www.openstreetmap.org/node/13314930724
Manufacturer: Flock Safety
Direction: 330
Camera type: fixed</description>
      <Point>
        <coordinates>-122.2845814,37.8278498,0</coordinates>
      </Point>
    </Placemark>
    <Placemark>
      <name>ALPR</name>
      <description>OSM node: https://www.openstreetmap.org/node/13314941801
Manufacturer: Flock Safety
Direction: 65
Zone: traffic
Camera type: fixed</description>
      <Point>
        <coordinates>-119.8519655,36.7936912,0</coordinates>
      </Point>
    </Placemark>
    <Placemark>
      <name>ALPR</name>
      <description>OSM node: https://www.openstreetmap.org/node/13314975701
Manufacturer: Flock Safety
Direction: 16
Zone: traffic
Camera type: fixed</description>
      <Point>
        <coordinates>-118.0006723,33.9471005,0</coordinates>
      </Point>
    </Placemark>
    <Placemark>
      <name>ALPR</name>
      <description>OSM node: https://www.openstreetmap.org/node/13314978301
Manufacturer: Flock Safety
Direction: 94
Zone: traffic
Camera type: fixed</description>
      <Point>
        <coordinates>-118.0064719,33.9486706,0</coordinates>
      </Point>
    </Placemark>
    <Placemark>
      <name>ALPR</name>
      <description>OSM node: https://www.openstreetmap.org/node/13315021867
Manufacturer: Flock Safety
Direction: 30
Camera type: fixed</description>
      <Point>
        <coordinates>-121.9113038,37.4574648,0</coordinates>
      </Point>
    </Placemark>
    <Placemark>
      <name>ALPR</name>
      <description>OSM node: https://www.openstreetmap.org/node/13315297801
Manufacturer: Flock Safety
Direction: 320
Zone: traffic
Camera type: fixed</description>
      <Point>
        <coordinates>-121.2227557,37.9665932,0</coordinates>
      </Point>
    </Placemark>
    <Placemark>
      <name>ALPR</name>
      <description>OSM node: https://www.openstreetmap.org/node/13315298501
Manufacturer: Flock Safety
Direction: 125
Zone: traffic
Camera type: fixed</description>
      <Point>
        <coordinates>-121.2228028,37.9663163,0</coordinates>
      </Point>
    </Placemark>
    <Placemark>
      <name>ALPR</name>
      <description>OSM node: https://www.openstreetmap.org/node/13315312201
Manufacturer: Flock Safety
Direction: 0
Zone: traffic
Camera type: fixed</description>
      <Point>
        <coordinates>-121.3528468,38.4270579,0</coordinates>
      </Point>
    </Placemark>
    <Placemark>
      <name>ALPR</name>
      <description>OSM node: https://www.openstreetmap.org/node/13315312601
Manufacturer: Flock Safety
Direction: 323
Zone: traffic
Camera type: fixed</description>
      <Point>
        <coordinates>-116.9143721,33.4643544,0</coordinates>
      </Point>
    </Placemark>
    <Placemark>
      <name>ALPR</name>
      <description>OSM node: https://www.openstreetmap.org/node/13315312701
Manufacturer: Flock Safety
Direction: 0
Zone: traffic
Camera type: fixed</description>
      <Point>
        <coordinates>-116.9144097,33.4646058,0</coordinates>
      </Point>
    </Placemark>
    <Placemark>
      <name>ALPR</name>
      <description>OSM node: https://www.openstreetmap.org/node/13315315302
Manufacturer: Flock Safety
Direction: 165
Zone: traffic
Camera type: fixed</description>
      <Point>
        <coordinates>-116.8609704,33.4429214,0</coordinates>
      </Point>
    </Placemark>
    <Placemark>
      <name>ALPR</name>
      <description>OSM node: https://www.openstreetmap.org/node/13315320401
Manufacturer: Flock Safety
Direction: 0
Zone: traffic
Camera type: fixed</description>
      <Point>
        <coordinates>-116.8614647,33.442109,0</coordinates>
      </Point>
    </Placemark>
    <Placemark>
      <name>ALPR</name>
      <description>OSM node: https://www.openstreetmap.org/node/13315324801
Manufacturer: Motorola Solutions
Direction: 120
Zone: traffic
Camera type: fixed</description>
      <Point>
        <coordinates>-118.4859679,34.0147179,0</coordinates>
      </Point>
    </Placemark>
    <Placemark>
      <name>ALPR</name>
      <description>OSM node: https://www.openstreetmap.org/node/13315333301
Manufacturer: Flock Safety
Direction: 43
Zone: traffic
Camera type: fixed</description>
      <Point>
        <coordinates>-116.8346235,33.4845989,0</coordinates>
      </Point>
    </Placemark>
    <Placemark>
      <name>ALPR</name>
      <description>OSM node: https://www.openstreetmap.org/node/13315350201
Manufacturer: Flock Safety
Direction: 47
Zone: traffic
Camera type: fixed</description>
      <Point>
        <coordinates>-122.0905813,37.6510122,0</coordinates>
      </Point>
    </Placemark>
    <Placemark>
      <name>ALPR</name>
      <description>OSM node: https://www.openstreetmap.org/node/13315350301
Manufacturer: Flock Safety
Direction: 225
Zone: traffic
Camera type: fixed</description>
      <Point>
        <coordinates>-122.0901836,37.6518842,0</coordinates>
      </Point>
    </Placemark>
    <Placemark>
      <name>ALPR</name>
      <description>OSM node: https://www.openstreetmap.org/node/13315353601
Manufacturer: Flock Safety
Direction: 40
Zone: traffic
Camera type: fixed</description>
      <Point>
        <coordinates>-122.0840094,37.6629452,0</coordinates>
      </Point>
    </Placemark>
    <Placemark>
      <name>ALPR</name>
      <description>OSM node: https://www.openstreetmap.org/node/13315355702
Manufacturer: Flock Safety
Direction: 89
Zone: traffic
Camera type: fixed</description>
      <Point>
        <coordinates>-121.3879965,38.4523618,0</coordinates>
      </Point>
    </Placemark>
    <Placemark>
      <name>ALPR</name>
      <description>OSM node: https://www.openstreetmap.org/node/13315357101
Manufacturer: Flock Safety
Direction: 0
Zone: traffic
Camera type: fixed</description>
      <Point>
        <coordinates>-121.3528468,38.4270579,0</coordinates>
      </Point>
    </Placemark>
    <Placemark>
      <name>ALPR</name>
      <description>OSM node: https://www.openstreetmap.org/node/13315358701
Manufacturer: Flock Safety
Direction: 0
Zone: traffic
Camera type: fixed</description>
      <Point>
        <coordinates>-121.3345949,38.4092296,0</coordinates>
      </Point>
    </Placemark>
    <Placemark>
      <name>ALPR</name>
      <description>OSM node: https://www.openstreetmap.org/node/13315358702
Manufacturer: Flock Safety
Direction: 182
Zone: traffic
Camera type: fixed</description>
      <Point>
        <coordinates>-121.3719779,38.4349085,0</coordinates>
      </Point>
    </Placemark>
    <Placemark>
      <name>ALPR</name>
      <description>OSM node: https://www.openstreetmap.org/node/13315359301
Manufacturer: Flock Safety
Direction: 0
Zone: traffic
Camera type: fixed</description>
      <Point>
        <coordinates>-121.3531005,38.3933234,0</coordinates>
      </Point>
    </Placemark>
    <Placemark>
      <name>ALPR</name>
      <description>OSM node: https://www.openstreetmap.org/node/13315361601
Manufacturer: Flock Safety
Direction: 266
Zone: traffic
Camera type: fixed</description>
      <Point>
        <coordinates>-121.3714531,38.4527987,0</coordinates>
      </Point>
    </Placemark>
    <Placemark>
      <name>ALPR</name>
      <description>OSM node: https://www.openstreetmap.org/node/13315361801
Manufacturer: Flock Safety
Direction: 330
Zone: traffic
Camera type: fixed</description>
      <Point>
        <coordinates>-121.3714531,38.4527987,0</coordinates>
      </Point>
    </Placemark>
    <Placemark>
      <name>ALPR</name>
      <description>OSM node: https://www.openstreetmap.org/node/13315363301
Manufacturer: Flock Safety
Direction: 185
Zone: traffic
Camera type: fixed</description>
      <Point>
        <coordinates>-121.3719086,38.4476727,0</coordinates>
      </Point>
    </Placemark>
    <Placemark>
      <name>ALPR</name>
      <description>OSM node: https://www.openstreetmap.org/node/13315454601
Manufacturer: Flock Safety
Direction: 316
Zone: traffic
Camera type: fixed</description>
      <Point>
        <coordinates>-118.0495088,33.966907,0</coordinates>
      </Point>
    </Placemark>
    <Placemark>
      <name>ALPR</name>
      <description>OSM node: https://www.openstreetmap.org/node/13315459301
Manufacturer: Flock Safety
Direction: 297
Zone: traffic
Camera type: fixed</description>
      <Point>
        <coordinates>-118.0490214,33.9665687,0</coordinates>
      </Point>
    </Placemark>
    <Placemark>
      <name>ALPR</name>
      <description>OSM node: https://www.openstreetmap.org/node/13315461101
Manufacturer: Flock Safety
Direction: 92
Zone: public
Camera type: fixed</description>
      <Point>
        <coordinates>-118.0529143,33.9778073,0</coordinates>
      </Point>
    </Placemark>
    <Placemark>
      <name>ALPR</name>
      <description>OSM node: https://www.openstreetmap.org/node/13315464701
Manufacturer: Flock Safety
Direction: 54
Zone: traffic
Camera type: fixed</description>
      <Point>
        <coordinates>-117.0324143,33.7726462,0</coordinates>
      </Point>
    </Placemark>
    <Placemark>
      <name>ALPR</name>
      <description>OSM node: https://www.openstreetmap.org/node/13315490301
Manufacturer: Flock Safety
Direction: 59
Zone: traffic
Camera type: fixed</description>
      <Point>
        <coordinates>-121.2844314,38.5817145,0</coordinates>
      </Point>
    </Placemark>
    <Placemark>
      <name>ALPR</name>
      <description>OSM node: https://www.openstreetmap.org/node/13315490401
Manufacturer: Flock Safety
Direction: 150
Zone: traffic
Camera type: fixed</description>
      <Point>
        <coordinates>-121.2847067,38.5816024,0</coordinates>
      </Point>
    </Placemark>
    <Placemark>
      <name>ALPR</name>
      <description>OSM node: https://www.openstreetmap.org/node/13315490402
Manufacturer: Flock Safety
Direction: 250
Zone: traffic
Camera type: fixed</description>
      <Point>
        <coordinates>-121.5297168,37.7582095,0</coordinates>
      </Point>
    </Placemark>
    <Placemark>
      <name>ALPR</name>
      <description>OSM node: https://www.openstreetmap.org/node/13315490501
Manufacturer: Flock Safety
Direction: 63
Zone: traffic
Camera type: fixed</description>
      <Point>
        <coordinates>-121.5573331,37.7559889,0</coordinates>
      </Point>
    </Placemark>
    <Placemark>
      <name>ALPR</name>
      <description>OSM node: https://www.openstreetmap.org/node/13315491001
Manufacturer: Flock Safety
Direction: 7
Zone: traffic
Camera type: fixed</description>
      <Point>
        <coordinates>-122.253882,37.5169833,0</coordinates>
      </Point>
    </Placemark>
    <Placemark>
      <name>ALPR</name>
      <description>OSM node: https://www.openstreetmap.org/node/13315493301
Manufacturer: Flock Safety
Direction: 247
Zone: traffic
Camera type: fixed</description>
      <Point>
        <coordinates>-121.2849133,38.5818262,0</coordinates>
      </Point>
    </Placemark>
    <Placemark>
      <name>ALPR</name>
      <description>OSM node: https://www.openstreetmap.org/node/13315493401
Manufacturer: Flock Safety
Direction: 188
Zone: traffic
Camera type: fixed</description>
      <Point>
        <coordinates>-122.254163,37.5170903,0</coordinates>
      </Point>
    </Placemark>
    <Placemark>
      <name>ALPR</name>
      <description>OSM node: https://www.openstreetmap.org/node/13315493601
Manufacturer: Flock Safety
Direction: 82
Zone: traffic
Camera type: fixed</description>
      <Point>
        <coordinates>-121.28665,38.5878173,0</coordinates>
      </Point>
    </Placemark>
    <Placemark>
      <name>ALPR</name>
      <description>OSM node: https://www.openstreetmap.org/node/13315494901
Manufacturer: Flock Safety
Direction: 258
Zone: traffic
Camera type: fixed</description>
      <Point>
        <coordinates>-121.2869412,38.587875,0</coordinates>
      </Point>
    </Placemark>
    <Placemark>
      <name>ALPR</name>
      <description>OSM node: https://www.openstreetmap.org/node/13315499301
Manufacturer: Flock Safety
Direction: 169
Zone: traffic
Camera type: fixed</description>
      <Point>
        <coordinates>-121.2869476,38.5877689,0</coordinates>
      </Point>
    </Placemark>
    <Placemark>
      <name>ALPR</name>
      <description>OSM node: https://www.openstreetmap.org/node/13315505901
Manufacturer: Flock Safety
Direction: 65
Zone: traffic
Camera type: fixed</description>
      <Point>
        <coordinates>-116.9586744,33.7872823,0</coordinates>
      </Point>
    </Placemark>
    <Placemark>
      <name>ALPR</name>
      <description>OSM node: https://www.openstreetmap.org/node/13315522102
Manufacturer: Flock Safety
Direction: 175
Zone: traffic
Camera type: fixed</description>
      <Point>
        <coordinates>-121.4090448,38.4810808,0</coordinates>
      </Point>
    </Placemark>
    <Placemark>
      <name>ALPR</name>
      <description>OSM node: https://www.openstreetmap.org/node/13315704458
Manufacturer: Flock Safety
Direction: 125
Camera type: fixed</description>
      <Point>
        <coordinates>-121.8587215,37.343843,0</coordinates>
      </Point>
    </Placemark>
    <Placemark>
      <name>Lowe's ALPR</name>
      <description>OSM node: https://www.openstreetmap.org/node/13315836701
Operator: Lowe's
Manufacturer: Flock Safety
Direction: 99
Zone: traffic
Camera type: fixed</description>
      <Point>
        <coordinates>-117.8202141,34.1079797,0</coordinates>
      </Point>
    </Placemark>
    <Placemark>
      <name>ALPR</name>
      <description>OSM node: https://www.openstreetmap.org/node/13315837201
Manufacturer: Flock Safety
Direction: 15
Zone: traffic
Camera type: fixed</description>
      <Point>
        <coordinates>-117.8397153,34.096163,0</coordinates>
      </Point>
    </Placemark>
    <Placemark>
      <name>ALPR</name>
      <description>OSM node: https://www.openstreetmap.org/node/13315865101
Manufacturer: Flock Safety
Direction: 313
Zone: traffic
Camera type: fixed</description>
      <Point>
        <coordinates>-122.4414274,37.6402447,0</coordinates>
      </Point>
    </Placemark>
    <Placemark>
      <name>ALPR</name>
      <description>OSM node: https://www.openstreetmap.org/node/13315997197
Manufacturer: Flock Safety
Direction: 260
Camera type: fixed</description>
      <Point>
        <coordinates>-123.0113797,38.7832792,0</coordinates>
      </Point>
    </Placemark>
    <Placemark>
      <name>ALPR</name>
      <description>OSM node: https://www.openstreetmap.org/node/13316092502
Manufacturer: Flock Safety
Direction: 0
Zone: traffic
Camera type: fixed</description>
      <Point>
        <coordinates>-117.1989991,33.9102449,0</coordinates>
      </Point>
    </Placemark>
    <Placemark>
      <name>ALPR</name>
      <description>OSM node: https://www.openstreetmap.org/node/13316323351
Manufacturer: Flock Safety
Direction: 35
Camera type: fixed</description>
      <Point>
        <coordinates>-121.9216917,37.4209348,0</coordinates>
      </Point>
    </Placemark>
    <Placemark>
      <name>ALPR</name>
      <description>OSM node: https://www.openstreetmap.org/node/13316373089
Manufacturer: Flock Safety
Direction: 50
Camera type: fixed</description>
      <Point>
        <coordinates>-121.9233282,37.4262985,0</coordinates>
      </Point>
    </Placemark>
    <Placemark>
      <name>ALPR</name>
      <description>OSM node: https://www.openstreetmap.org/node/13316385185
Manufacturer: Flock Safety
Direction: 40
Camera type: fixed</description>
      <Point>
        <coordinates>-121.9203698,37.4544981,0</coordinates>
      </Point>
    </Placemark>
    <Placemark>
      <name>ALPR</name>
      <description>OSM node: https://www.openstreetmap.org/node/13316389557
Manufacturer: Flock Safety
Direction: 45
Camera type: fixed</description>
      <Point>
        <coordinates>-121.9218035,37.4325938,0</coordinates>
      </Point>
    </Placemark>
    <Placemark>
      <name>ALPR</name>
      <description>OSM node: https://www.openstreetmap.org/node/13316481703
Manufacturer: Flock Safety
Direction: 25
Camera type: fixed</description>
      <Point>
        <coordinates>-122.0362874,37.5661797,0</coordinates>
      </Point>
    </Placemark>
    <Placemark>
      <name>ALPR</name>
      <description>OSM node: https://www.openstreetmap.org/node/13316511807
Manufacturer: Flock Safety
Direction: 310
Camera type: fixed</description>
      <Point>
        <coordinates>-122.0650982,37.536191,0</coordinates>
      </Point>
    </Placemark>
    <Placemark>
      <name>ALPR</name>
      <description>OSM node: https://www.openstreetmap.org/node/13316806901
Manufacturer: Flock Safety
Direction: 177
Zone: traffic
Camera type: fixed</description>
      <Point>
        <coordinates>-116.9278254,32.7816245,0</coordinates>
      </Point>
    </Placemark>
    <Placemark>
      <name>ALPR</name>
      <description>OSM node: https://www.openstreetmap.org/node/13316808702
Manufacturer: Flock Safety
Direction: 57
Zone: traffic
Camera type: fixed</description>
      <Point>
        <coordinates>-121.5179367,38.5809961,0</coordinates>
      </Point>
    </Placemark>
    <Placemark>
      <name>ALPR</name>
      <description>OSM node: https://www.openstreetmap.org/node/13316998501
Manufacturer: Flock Safety
Direction: 150
Zone: traffic
Camera type: fixed</description>
      <Point>
        <coordinates>-117.1012504,33.6073838,0</coordinates>
      </Point>
    </Placemark>
    <Placemark>
      <name>ALPR</name>
      <description>OSM node: https://www.openstreetmap.org/node/13317188106
Manufacturer: Flock Safety
Direction: 160
Zone: traffic
Camera type: fixed</description>
      <Point>
        <coordinates>-121.1147222,38.640288,0</coordinates>
      </Point>
    </Placemark>
    <Placemark>
      <name>ALPR</name>
      <description>OSM node: https://www.openstreetmap.org/node/13317199103
Manufacturer: Flock Safety
Direction: 171
Zone: traffic
Camera type: fixed</description>
      <Point>
        <coordinates>-121.1141935,38.6231846,0</coordinates>
      </Point>
    </Placemark>
    <Placemark>
      <name>ALPR</name>
      <description>OSM node: https://www.openstreetmap.org/node/13317224801
Manufacturer: Flock Safety
Direction: 171
Zone: traffic
Camera type: fixed</description>
      <Point>
        <coordinates>-121.1141935,38.6231846,0</coordinates>
      </Point>
    </Placemark>
    <Placemark>
      <name>ALPR</name>
      <description>OSM node: https://www.openstreetmap.org/node/13317311401
Manufacturer: Flock Safety
Direction: 77
Zone: traffic
Camera type: fixed</description>
      <Point>
        <coordinates>-121.2405561,38.592005,0</coordinates>
      </Point>
    </Placemark>
    <Placemark>
      <name>ALPR</name>
      <description>OSM node: https://www.openstreetmap.org/node/13317341202
Manufacturer: Flock Safety
Direction: 240
Zone: traffic
Camera type: fixed</description>
      <Point>
        <coordinates>-122.0256203,37.9383668,0</coordinates>
      </Point>
    </Placemark>
    <Placemark>
      <name>ALPR</name>
      <description>OSM node: https://www.openstreetmap.org/node/13317369901
Manufacturer: Flock Safety
Direction: 163
Zone: traffic
Camera type: fixed</description>
      <Point>
        <coordinates>-122.022979,38.011176,0</coordinates>
      </Point>
    </Placemark>
    <Placemark>
      <name>ALPR</name>
      <description>OSM node: https://www.openstreetmap.org/node/13317402201
Manufacturer: Flock Safety
Direction: 336
Zone: traffic
Camera type: fixed</description>
      <Point>
        <coordinates>-122.0231523,38.0111564,0</coordinates>
      </Point>
    </Placemark>
    <Placemark>
      <name>ALPR</name>
      <description>OSM node: https://www.openstreetmap.org/node/13317474402
Manufacturer: Flock Safety
Direction: 57
Zone: traffic
Camera type: fixed</description>
      <Point>
        <coordinates>-121.5179367,38.5809961,0</coordinates>
      </Point>
    </Placemark>
    <Placemark>
      <name>ALPR</name>
      <description>OSM node: https://www.openstreetmap.org/node/13317562201
Manufacturer: Flock Safety
Direction: 139
Zone: traffic
Camera type: fixed</description>
      <Point>
        <coordinates>-121.5246198,38.5751457,0</coordinates>
      </Point>
    </Placemark>
    <Placemark>
      <name>ALPR</name>
      <description>OSM node: https://www.openstreetmap.org/node/13317577101
Manufacturer: Flock Safety
Direction: 0
Zone: traffic
Camera type: fixed</description>
      <Point>
        <coordinates>-121.5233045,38.5715002,0</coordinates>
      </Point>
    </Placemark>
    <Placemark>
      <name>ALPR</name>
      <description>OSM node: https://www.openstreetmap.org/node/13317596801
Manufacturer: Motorola Solutions
Direction: 36
Zone: traffic
Camera type: fixed</description>
      <Point>
        <coordinates>-121.5314965,38.557809,0</coordinates>
      </Point>
    </Placemark>
    <Placemark>
      <name>ALPR</name>
      <description>OSM node: https://www.openstreetmap.org/node/13317629401
Manufacturer: Flock Safety
Direction: 109
Zone: traffic
Camera type: fixed</description>
      <Point>
        <coordinates>-122.0250324,37.9385106,0</coordinates>
      </Point>
    </Placemark>
    <Placemark>
      <name>ALPR</name>
      <description>OSM node: https://www.openstreetmap.org/node/13317640501
Manufacturer: Flock Safety
Direction: 10
Zone: traffic
Camera type: fixed</description>
      <Point>
        <coordinates>-122.0140518,37.9458588,0</coordinates>
      </Point>
    </Placemark>
    <Placemark>
      <name>ALPR</name>
      <description>OSM node: https://www.openstreetmap.org/node/13317678901
Manufacturer: Flock Safety
Direction: 141
Zone: traffic
Camera type: fixed</description>
      <Point>
        <coordinates>-121.9537095,37.9502358,0</coordinates>
      </Point>
    </Placemark>
    <Placemark>
      <name>ALPR</name>
      <description>OSM node: https://www.openstreetmap.org/node/13317682702
Manufacturer: Flock Safety
Direction: 68
Zone: traffic
Camera type: fixed</description>
      <Point>
        <coordinates>-122.0236559,37.8519847,0</coordinates>
      </Point>
    </Placemark>
    <Placemark>
      <name>ALPR</name>
      <description>OSM node: https://www.openstreetmap.org/node/13317706501
Manufacturer: Flock Safety
Direction: 42
Zone: traffic
Camera type: fixed</description>
      <Point>
        <coordinates>-122.0278533,37.8515987,0</coordinates>
      </Point>
    </Placemark>
    <Placemark>
      <name>ALPR</name>
      <description>OSM node: https://www.openstreetmap.org/node/13317706502
Manufacturer: Flock Safety
Direction: 215
Zone: traffic
Camera type: fixed</description>
      <Point>
        <coordinates>-122.0304746,37.8510476,0</coordinates>
      </Point>
    </Placemark>
    <Placemark>
      <name>Ridgecrest Police Department ALPR</name>
      <description>OSM node: https://www.openstreetmap.org/node/13317724001
Operator: Ridgecrest Police Department
Manufacturer: Flock Safety
Direction: 173
Zone: traffic
Camera type: fixed</description>
      <Point>
        <coordinates>-117.6687944,35.6445719,0</coordinates>
      </Point>
    </Placemark>
    <Placemark>
      <name>ALPR</name>
      <description>OSM node: https://www.openstreetmap.org/node/13317759901
Manufacturer: Flock Safety
Direction: 43
Zone: traffic
Camera type: fixed</description>
      <Point>
        <coordinates>-122.0319797,37.8503541,0</coordinates>
      </Point>
    </Placemark>
    <Placemark>
      <name>ALPR</name>
      <description>OSM node: https://www.openstreetmap.org/node/13317761502
Manufacturer: Flock Safety
Direction: 162
Zone: traffic
Camera type: fixed</description>
      <Point>
        <coordinates>-117.0345837,33.7650551,0</coordinates>
      </Point>
    </Placemark>
    <Placemark>
      <name>ALPR</name>
      <description>OSM node: https://www.openstreetmap.org/node/13317762301
Manufacturer: Flock Safety
Direction: 193
Zone: traffic
Camera type: fixed</description>
      <Point>
        <coordinates>-121.9859553,37.8453396,0</coordinates>
      </Point>
    </Placemark>
    <Placemark>
      <name>ALPR</name>
      <description>OSM node: https://www.openstreetmap.org/node/13317762701
Manufacturer: Flock Safety
Direction: 155
Zone: traffic
Camera type: fixed</description>
      <Point>
        <coordinates>-117.0767186,33.7386277,0</coordinates>
      </Point>
    </Placemark>
    <Placemark>
      <name>ALPR</name>
      <description>OSM node: https://www.openstreetmap.org/node/13317762901
Manufacturer: Flock Safety
Direction: 343
Zone: traffic
Camera type: fixed</description>
      <Point>
        <coordinates>-121.9857472,37.8448684,0</coordinates>
      </Point>
    </Placemark>
    <Placemark>
      <name>ALPR</name>
      <description>OSM node: https://www.openstreetmap.org/node/13317767601
Manufacturer: Flock Safety
Direction: 202
Zone: traffic
Camera type: fixed</description>
      <Point>
        <coordinates>-121.9916864,37.8465625,0</coordinates>
      </Point>
    </Placemark>
    <Placemark>
      <name>ALPR</name>
      <description>OSM node: https://www.openstreetmap.org/node/13317768601
Manufacturer: Flock Safety
Direction: 35
Zone: traffic
Camera type: fixed</description>
      <Point>
        <coordinates>-121.9918549,37.8463517,0</coordinates>
      </Point>
    </Placemark>
    <Placemark>
      <name>ALPR</name>
      <description>OSM node: https://www.openstreetmap.org/node/13317772201
Manufacturer: Flock Safety
Direction: 298
Zone: traffic
Camera type: fixed</description>
      <Point>
        <coordinates>-122.0008599,37.8494654,0</coordinates>
      </Point>
    </Placemark>
    <Placemark>
      <name>ALPR</name>
      <description>OSM node: https://www.openstreetmap.org/node/13317786201
Manufacturer: Flock Safety
Direction: 167
Zone: traffic
Camera type: fixed</description>
      <Point>
        <coordinates>-117.0339861,33.8231884,0</coordinates>
      </Point>
    </Placemark>
    <Placemark>
      <name>ALPR</name>
      <description>OSM node: https://www.openstreetmap.org/node/13317798203
Manufacturer: Flock Safety
Direction: 73
Zone: traffic
Camera type: fixed</description>
      <Point>
        <coordinates>-122.0229046,37.8663815,0</coordinates>
      </Point>
    </Placemark>
    <Placemark>
      <name>ALPR</name>
      <description>OSM node: https://www.openstreetmap.org/node/13317812701
Manufacturer: Flock Safety
Direction: 227
Zone: traffic
Camera type: fixed</description>
      <Point>
        <coordinates>-122.0295423,37.8656818,0</coordinates>
      </Point>
    </Placemark>
    <Placemark>
      <name>ALPR</name>
      <description>OSM node: https://www.openstreetmap.org/node/13317816601
Manufacturer: Flock Safety
Direction: 66
Zone: traffic
Camera type: fixed</description>
      <Point>
        <coordinates>-122.0346037,37.8635728,0</coordinates>
      </Point>
    </Placemark>
    <Placemark>
      <name>ALPR</name>
      <description>OSM node: https://www.openstreetmap.org/node/13317859901
Manufacturer: Flock Safety
Direction: 226
Zone: traffic
Camera type: fixed</description>
      <Point>
        <coordinates>-122.0361211,37.8631248,0</coordinates>
      </Point>
    </Placemark>
    <Placemark>
      <name>ALPR</name>
      <description>OSM node: https://www.openstreetmap.org/node/13317883601
Manufacturer: Flock Safety
Direction: 247
Zone: traffic
Camera type: fixed</description>
      <Point>
        <coordinates>-117.0502984,33.7456621,0</coordinates>
      </Point>
    </Placemark>
    <Placemark>
      <name>ALPR</name>
      <description>OSM node: https://www.openstreetmap.org/node/13317884001
Manufacturer: Flock Safety
Direction: 234
Zone: traffic
Camera type: fixed</description>
      <Point>
        <coordinates>-117.0503851,33.7487428,0</coordinates>
      </Point>
    </Placemark>
    <Placemark>
      <name>ALPR</name>
      <description>OSM node: https://www.openstreetmap.org/node/13318016501
Manufacturer: Flock Safety
Direction: 307
Zone: traffic
Camera type: fixed</description>
      <Point>
        <coordinates>-121.9258168,37.7877931,0</coordinates>
      </Point>
    </Placemark>
    <Placemark>
      <name>ALPR</name>
      <description>OSM node: https://www.openstreetmap.org/node/13318018202
Manufacturer: Flock Safety
Direction: 44
Zone: traffic
Camera type: fixed</description>
      <Point>
        <coordinates>-121.9242058,37.7912231,0</coordinates>
      </Point>
    </Placemark>
    <Placemark>
      <name>ALPR</name>
      <description>OSM node: https://www.openstreetmap.org/node/13318022101
Manufacturer: Flock Safety
Direction: 8
Zone: traffic
Camera type: fixed</description>
      <Point>
        <coordinates>-121.9240693,37.7911533,0</coordinates>
      </Point>
    </Placemark>
    <Placemark>
      <name>ALPR</name>
      <description>OSM node: https://www.openstreetmap.org/node/13318023901
Manufacturer: Flock Safety
Direction: 243
Zone: traffic
Camera type: fixed</description>
      <Point>
        <coordinates>-121.9239152,37.7916443,0</coordinates>
      </Point>
    </Placemark>
    <Placemark>
      <name>ALPR</name>
      <description>OSM node: https://www.openstreetmap.org/node/13318030201
Manufacturer: Flock Safety
Direction: 32
Zone: traffic
Camera type: fixed</description>
      <Point>
        <coordinates>-121.5536059,38.5351278,0</coordinates>
      </Point>
    </Placemark>
    <Placemark>
      <name>Dixon Police Department ALPR</name>
      <description>OSM node: https://www.openstreetmap.org/node/13318034129
Operator: Dixon Police Department
Manufacturer: Flock Safety
Direction: 335
Zone: traffic
Camera type: fixed</description>
      <Point>
        <coordinates>-121.8036988,38.4908983,0</coordinates>
      </Point>
    </Placemark>
    <Placemark>
      <name>ALPR</name>
      <description>OSM node: https://www.openstreetmap.org/node/13318069401
Manufacturer: Flock Safety
Direction: 153
Zone: traffic
Camera type: fixed</description>
      <Point>
        <coordinates>-116.9910013,33.8831404,0</coordinates>
      </Point>
    </Placemark>
    <Placemark>
      <name>ALPR</name>
      <description>OSM node: https://www.openstreetmap.org/node/13318117601
Manufacturer: Flock Safety
Direction: -20
Zone: traffic
Camera type: fixed</description>
      <Point>
        <coordinates>-117.0333724,33.7734642,0</coordinates>
      </Point>
    </Placemark>
    <Placemark>
      <name>ALPR</name>
      <description>OSM node: https://www.openstreetmap.org/node/13318123401
Manufacturer: Flock Safety
Direction: 332
Zone: traffic
Camera type: fixed</description>
      <Point>
        <coordinates>-121.7333244,37.7294655,0</coordinates>
      </Point>
    </Placemark>
    <Placemark>
      <name>ALPR</name>
      <description>OSM node: https://www.openstreetmap.org/node/13318123402
Manufacturer: Flock Safety
Direction: 201
Zone: traffic
Camera type: fixed</description>
      <Point>
        <coordinates>-121.7333362,37.729345,0</coordinates>
      </Point>
    </Placemark>
    <Placemark>
      <name>ALPR</name>
      <description>OSM node: https://www.openstreetmap.org/node/13318127101
Manufacturer: Flock Safety
Direction: 109-179
Zone: traffic
Camera type: fixed</description>
      <Point>
        <coordinates>-121.7243605,37.7268327,0</coordinates>
      </Point>
    </Placemark>
    <Placemark>
      <name>ALPR</name>
      <description>OSM node: https://www.openstreetmap.org/node/13318128001
Manufacturer: Flock Safety
Direction: 308-18
Zone: traffic
Camera type: fixed</description>
      <Point>
        <coordinates>-121.7240456,37.7271031,0</coordinates>
      </Point>
    </Placemark>
    <Placemark>
      <name>ALPR</name>
      <description>OSM node: https://www.openstreetmap.org/node/13318190101
Manufacturer: Flock Safety
Direction: 54
Zone: traffic
Camera type: fixed</description>
      <Point>
        <coordinates>-117.0353334,33.7072382,0</coordinates>
      </Point>
    </Placemark>
    <Placemark>
      <name>ALPR</name>
      <description>OSM node: https://www.openstreetmap.org/node/13318192501
Manufacturer: Flock Safety
Direction: 328
Zone: traffic
Camera type: fixed</description>
      <Point>
        <coordinates>-117.0323717,33.7294742,0</coordinates>
      </Point>
    </Placemark>
    <Placemark>
      <name>ALPR</name>
      <description>OSM node: https://www.openstreetmap.org/node/13318194201
Manufacturer: Flock Safety
Direction: 54
Zone: traffic
Camera type: fixed</description>
      <Point>
        <coordinates>-117.0321509,33.7290154,0</coordinates>
      </Point>
    </Placemark>
    <Placemark>
      <name>ALPR</name>
      <description>OSM node: https://www.openstreetmap.org/node/13318210701
Manufacturer: Flock Safety
Direction: 155
Zone: traffic
Camera type: fixed</description>
      <Point>
        <coordinates>-116.966169,33.9264153,0</coordinates>
      </Point>
    </Placemark>
    <Placemark>
      <name>ALPR</name>
      <description>OSM node: https://www.openstreetmap.org/node/13318212101
Manufacturer: Flock Safety
Direction: 237
Zone: traffic
Camera type: fixed</description>
      <Point>
        <coordinates>-116.9662718,33.921856,0</coordinates>
      </Point>
    </Placemark>
    <Placemark>
      <name>ALPR</name>
      <description>OSM node: https://www.openstreetmap.org/node/13318246301
Manufacturer: Flock Safety
Direction: 200
Zone: traffic
Camera type: fixed</description>
      <Point>
        <coordinates>-122.5271656,38.2359402,0</coordinates>
      </Point>
    </Placemark>
    <Placemark>
      <name>ALPR</name>
      <description>OSM node: https://www.openstreetmap.org/node/13318326301
Manufacturer: Flock Safety
Direction: 159
Zone: traffic
Camera type: fixed</description>
      <Point>
        <coordinates>-121.5488844,38.5768391,0</coordinates>
      </Point>
    </Placemark>
    <Placemark>
      <name>ALPR</name>
      <description>OSM node: https://www.openstreetmap.org/node/13318558602
Manufacturer: Motorola Solutions
Direction: 55
Zone: traffic
Camera type: fixed</description>
      <Point>
        <coordinates>-122.0145623,37.9274204,0</coordinates>
      </Point>
    </Placemark>
    <Placemark>
      <name>ALPR</name>
      <description>OSM node: https://www.openstreetmap.org/node/13318560301
Manufacturer: Motorola Solutions
Direction: 245
Zone: traffic
Camera type: fixed</description>
      <Point>
        <coordinates>-122.0148861,37.9274951,0</coordinates>
      </Point>
    </Placemark>
    <Placemark>
      <name>ALPR</name>
      <description>OSM node: https://www.openstreetmap.org/node/13318560302
Manufacturer: Motorola Solutions
Direction: 32
Zone: traffic
Camera type: fixed</description>
      <Point>
        <coordinates>-122.014523,37.9273699,0</coordinates>
      </Point>
    </Placemark>
    <Placemark>
      <name>ALPR</name>
      <description>OSM node: https://www.openstreetmap.org/node/13318560501
Manufacturer: Motorola Solutions
Direction: 236
Zone: traffic
Camera type: fixed</description>
      <Point>
        <coordinates>-122.0148636,37.9274621,0</coordinates>
      </Point>
    </Placemark>
    <Placemark>
      <name>ALPR</name>
      <description>OSM node: https://www.openstreetmap.org/node/13318560601
Manufacturer: Motorola Solutions
Direction: 239
Zone: traffic
Camera type: fixed</description>
      <Point>
        <coordinates>-122.0148392,37.9274268,0</coordinates>
      </Point>
    </Placemark>
    <Placemark>
      <name>ALPR</name>
      <description>OSM node: https://www.openstreetmap.org/node/13318560602
Manufacturer: Motorola Solutions
Direction: 60
Zone: traffic
Camera type: fixed</description>
      <Point>
        <coordinates>-122.0145471,37.9273955,0</coordinates>
      </Point>
    </Placemark>
    <Placemark>
      <name>ALPR</name>
      <description>OSM node: https://www.openstreetmap.org/node/13318561801
Manufacturer: Flock Safety
Direction: 241
Zone: traffic
Camera type: fixed</description>
      <Point>
        <coordinates>-122.0150718,37.9272849,0</coordinates>
      </Point>
    </Placemark>
    <Placemark>
      <name>ALPR</name>
      <description>OSM node: https://www.openstreetmap.org/node/13318562101
Manufacturer: Flock Safety
Direction: 83
Zone: traffic
Camera type: fixed</description>
      <Point>
        <coordinates>-121.9925411,37.9646157,0</coordinates>
      </Point>
    </Placemark>
    <Placemark>
      <name>ALPR</name>
      <description>OSM node: https://www.openstreetmap.org/node/13318562701
Manufacturer: Flock Safety
Direction: 260
Zone: traffic
Camera type: fixed</description>
      <Point>
        <coordinates>-121.9927769,37.9650022,0</coordinates>
      </Point>
    </Placemark>
    <Placemark>
      <name>ALPR</name>
      <description>OSM node: https://www.openstreetmap.org/node/13318567101
Manufacturer: Flock Safety
Direction: 183
Zone: traffic
Camera type: fixed</description>
      <Point>
        <coordinates>-121.951547,37.9870014,0</coordinates>
      </Point>
    </Placemark>
    <Placemark>
      <name>ALPR</name>
      <description>OSM node: https://www.openstreetmap.org/node/13318584001
Manufacturer: Flock Safety
Direction: 78
Zone: traffic
Camera type: fixed</description>
      <Point>
        <coordinates>-118.029813,33.8308438,0</coordinates>
      </Point>
    </Placemark>
    <Placemark>
      <name>The Home Depot ALPR</name>
      <description>OSM node: https://www.openstreetmap.org/node/13318585401
Operator: The Home Depot
Manufacturer: Flock Safety
Direction: 154
Zone: traffic
Camera type: fixed</description>
      <Point>
        <coordinates>-118.0307517,33.8315663,0</coordinates>
      </Point>
    </Placemark>
    <Placemark>
      <name>The Home Depot ALPR</name>
      <description>OSM node: https://www.openstreetmap.org/node/13318587001
Operator: The Home Depot
Manufacturer: Flock Safety
Direction: 156
Zone: traffic
Camera type: fixed</description>
      <Point>
        <coordinates>-118.0318961,33.8315766,0</coordinates>
      </Point>
    </Placemark>
    <Placemark>
      <name>The Home Depot ALPR</name>
      <description>OSM node: https://www.openstreetmap.org/node/13318587101
Operator: The Home Depot
Manufacturer: Flock Safety
Direction: 156
Zone: traffic
Camera type: fixed</description>
      <Point>
        <coordinates>-118.0318961,33.8315766,0</coordinates>
      </Point>
    </Placemark>
    <Placemark>
      <name>The Home Depot ALPR</name>
      <description>OSM node: https://www.openstreetmap.org/node/13318587401
Operator: The Home Depot
Manufacturer: Flock Safety
Direction: 137
Zone: traffic
Camera type: fixed</description>
      <Point>
        <coordinates>-118.0301354,33.8316234,0</coordinates>
      </Point>
    </Placemark>
    <Placemark>
      <name>ALPR</name>
      <description>OSM node: https://www.openstreetmap.org/node/13318587902
Manufacturer: Flock Safety
Direction: 327
Zone: traffic
Camera type: fixed</description>
      <Point>
        <coordinates>-118.0719777,33.8316067,0</coordinates>
      </Point>
    </Placemark>
    <Placemark>
      <name>ALPR</name>
      <description>OSM node: https://www.openstreetmap.org/node/13318588501
Manufacturer: Flock Safety
Direction: 230
Zone: traffic
Camera type: fixed</description>
      <Point>
        <coordinates>-118.063428,33.8317024,0</coordinates>
      </Point>
    </Placemark>
    <Placemark>
      <name>ALPR</name>
      <description>OSM node: https://www.openstreetmap.org/node/13318588502
Manufacturer: Flock Safety
Direction: 62
Zone: traffic
Camera type: fixed</description>
      <Point>
        <coordinates>-118.0719428,33.8313628,0</coordinates>
      </Point>
    </Placemark>
    <Placemark>
      <name>ALPR</name>
      <description>OSM node: https://www.openstreetmap.org/node/13318588503
Manufacturer: Flock Safety
Direction: 139
Zone: traffic
Camera type: fixed</description>
      <Point>
        <coordinates>-118.072135,33.831365,0</coordinates>
      </Point>
    </Placemark>
    <Placemark>
      <name>ALPR</name>
      <description>OSM node: https://www.openstreetmap.org/node/13318588601
Manufacturer: Flock Safety
Direction: 230
Zone: traffic
Camera type: fixed</description>
      <Point>
        <coordinates>-118.063428,33.8317024,0</coordinates>
      </Point>
    </Placemark>
    <Placemark>
      <name>ALPR</name>
      <description>OSM node: https://www.openstreetmap.org/node/13318590201
Manufacturer: Flock Safety
Direction: 139
Zone: traffic
Camera type: fixed</description>
      <Point>
        <coordinates>-118.072135,33.831365,0</coordinates>
      </Point>
    </Placemark>
    <Placemark>
      <name>ALPR</name>
      <description>OSM node: https://www.openstreetmap.org/node/13318590601
Manufacturer: Flock Safety
Direction: 245
Zone: traffic
Camera type: fixed</description>
      <Point>
        <coordinates>-118.0721471,33.8315663,0</coordinates>
      </Point>
    </Placemark>
    <Placemark>
      <name>ALPR</name>
      <description>OSM node: https://www.openstreetmap.org/node/13318654501
Manufacturer: Flock Safety
Direction: 217
Zone: traffic
Camera type: fixed</description>
      <Point>
        <coordinates>-122.3982262,37.6030926,0</coordinates>
      </Point>
    </Placemark>
    <Placemark>
      <name>ALPR</name>
      <description>OSM node: https://www.openstreetmap.org/node/13318740985
Manufacturer: Flock Safety
Direction: 215
Camera type: fixed</description>
      <Point>
        <coordinates>-117.6004665,34.061933,0</coordinates>
      </Point>
    </Placemark>
    <Placemark>
      <name>ALPR</name>
      <description>OSM node: https://www.openstreetmap.org/node/13318740986
Manufacturer: Flock Safety
Direction: 305
Camera type: fixed</description>
      <Point>
        <coordinates>-117.5970838,34.0623059,0</coordinates>
      </Point>
    </Placemark>
    <Placemark>
      <name>ALPR</name>
      <description>OSM node: https://www.openstreetmap.org/node/13318740987
Manufacturer: Flock Safety
Direction: 25
Camera type: fixed</description>
      <Point>
        <coordinates>-117.6004247,34.0620959,0</coordinates>
      </Point>
    </Placemark>
    <Placemark>
      <name>ALPR</name>
      <description>OSM node: https://www.openstreetmap.org/node/13318740988
Manufacturer: Flock Safety
Direction: 205
Camera type: fixed</description>
      <Point>
        <coordinates>-117.594981,34.0619233,0</coordinates>
      </Point>
    </Placemark>
    <Placemark>
      <name>ALPR</name>
      <description>OSM node: https://www.openstreetmap.org/node/13318740989
Manufacturer: Flock Safety
Direction: 35
Camera type: fixed</description>
      <Point>
        <coordinates>-117.5952267,34.0612765,0</coordinates>
      </Point>
    </Placemark>
    <Placemark>
      <name>ALPR</name>
      <description>OSM node: https://www.openstreetmap.org/node/13318740990
Manufacturer: Flock Safety
Direction: 35
Camera type: fixed</description>
      <Point>
        <coordinates>-117.5899146,34.0612453,0</coordinates>
      </Point>
    </Placemark>
    <Placemark>
      <name>ALPR</name>
      <description>OSM node: https://www.openstreetmap.org/node/13318740991
Manufacturer: Flock Safety
Direction: 220
Camera type: fixed</description>
      <Point>
        <coordinates>-117.5897002,34.0621381,0</coordinates>
      </Point>
    </Placemark>
    <Placemark>
      <name>ALPR</name>
      <description>OSM node: https://www.openstreetmap.org/node/13318740992
Manufacturer: Flock Safety
Direction: 40
Camera type: fixed</description>
      <Point>
        <coordinates>-117.5848247,34.0619207,0</coordinates>
      </Point>
    </Placemark>
    <Placemark>
      <name>ALPR</name>
      <description>OSM node: https://www.openstreetmap.org/node/13318740993
Manufacturer: Flock Safety
Direction: 305
Camera type: fixed</description>
      <Point>
        <coordinates>-117.5862898,34.062548,0</coordinates>
      </Point>
    </Placemark>
    <Placemark>
      <name>ALPR</name>
      <description>OSM node: https://www.openstreetmap.org/node/13318740994
Manufacturer: Flock Safety
Direction: 300
Camera type: fixed</description>
      <Point>
        <coordinates>-117.5930249,34.0617866,0</coordinates>
      </Point>
    </Placemark>
    <Placemark>
      <name>ALPR</name>
      <description>OSM node: https://www.openstreetmap.org/node/13318740995
Manufacturer: Flock Safety
Direction: 305
Camera type: fixed</description>
      <Point>
        <coordinates>-117.5958858,34.0623357,0</coordinates>
      </Point>
    </Placemark>
    <Placemark>
      <name>ALPR</name>
      <description>OSM node: https://www.openstreetmap.org/node/13318752428
Manufacturer: Flock Safety
Direction: 340
Camera type: fixed</description>
      <Point>
        <coordinates>-117.6887927,33.9769064,0</coordinates>
      </Point>
    </Placemark>
    <Placemark>
      <name>ALPR</name>
      <description>OSM node: https://www.openstreetmap.org/node/13318752429
Manufacturer: Flock Safety
Direction: 80
Camera type: fixed</description>
      <Point>
        <coordinates>-117.6878445,33.976143,0</coordinates>
      </Point>
    </Placemark>
    <Placemark>
      <name>ALPR</name>
      <description>OSM node: https://www.openstreetmap.org/node/13318756752
Manufacturer: Motorola Solutions
Direction: 90
Camera type: fixed</description>
      <Point>
        <coordinates>-117.6632401,33.9299837,0</coordinates>
      </Point>
    </Placemark>
    <Placemark>
      <name>ALPR</name>
      <description>OSM node: https://www.openstreetmap.org/node/13318756753
Manufacturer: Motorola Solutions
Direction: 100
Camera type: fixed</description>
      <Point>
        <coordinates>-117.6632444,33.9299534,0</coordinates>
      </Point>
    </Placemark>
    <Placemark>
      <name>ALPR</name>
      <description>OSM node: https://www.openstreetmap.org/node/13318756754
Manufacturer: Motorola Solutions
Direction: 280
Camera type: fixed</description>
      <Point>
        <coordinates>-117.6634692,33.9301278,0</coordinates>
      </Point>
    </Placemark>
    <Placemark>
      <name>ALPR</name>
      <description>OSM node: https://www.openstreetmap.org/node/13318756755
Manufacturer: Motorola Solutions
Direction: 275
Camera type: fixed</description>
      <Point>
        <coordinates>-117.6634768,33.9300751,0</coordinates>
      </Point>
    </Placemark>
    <Placemark>
      <name>ALPR</name>
      <description>OSM node: https://www.openstreetmap.org/node/13318757040
Manufacturer: Flock Safety
Direction: 240
Camera type: fixed</description>
      <Point>
        <coordinates>-117.6624945,33.9301092,0</coordinates>
      </Point>
    </Placemark>
    <Placemark>
      <name>ALPR</name>
      <description>OSM node: https://www.openstreetmap.org/node/13318769862
Manufacturer: Flock Safety
Direction: 165
Camera type: fixed</description>
      <Point>
        <coordinates>-117.2755646,34.3835701,0</coordinates>
      </Point>
    </Placemark>
    <Placemark>
      <name>ALPR</name>
      <description>OSM node: https://www.openstreetmap.org/node/13318769863
Manufacturer: Flock Safety
Direction: 325
Camera type: fixed</description>
      <Point>
        <coordinates>-117.2753951,34.383571,0</coordinates>
      </Point>
    </Placemark>
    <Placemark>
      <name>ALPR</name>
      <description>OSM node: https://www.openstreetmap.org/node/13318779916
Manufacturer: Flock Safety
Direction: 20
Camera type: fixed</description>
      <Point>
        <coordinates>-117.9530018,34.0309631,0</coordinates>
      </Point>
    </Placemark>
    <Placemark>
      <name>ALPR</name>
      <description>OSM node: https://www.openstreetmap.org/node/13318910001
Manufacturer: Flock Safety
Direction: 150
Zone: traffic
Camera type: fixed</description>
      <Point>
        <coordinates>-117.6846218,33.5175609,0</coordinates>
      </Point>
    </Placemark>
    <Placemark>
      <name>ALPR</name>
      <description>OSM node: https://www.openstreetmap.org/node/13318910101
Manufacturer: Flock Safety
Direction: 291
Zone: traffic
Camera type: fixed</description>
      <Point>
        <coordinates>-117.6846228,33.5175609,0</coordinates>
      </Point>
    </Placemark>
    <Placemark>
      <name>ALPR</name>
      <description>OSM node: https://www.openstreetmap.org/node/13319503101
Manufacturer: Flock Safety
Direction: 23
Zone: traffic
Camera type: fixed</description>
      <Point>
        <coordinates>-122.0810453,37.6691924,0</coordinates>
      </Point>
    </Placemark>
    <Placemark>
      <name>ALPR</name>
      <description>OSM node: https://www.openstreetmap.org/node/13319503201
Manufacturer: Flock Safety
Direction: 80
Zone: traffic
Camera type: fixed</description>
      <Point>
        <coordinates>-121.5295375,37.758024,0</coordinates>
      </Point>
    </Placemark>
    <Placemark>
      <name>ALPR</name>
      <description>OSM node: https://www.openstreetmap.org/node/13319648401
Manufacturer: Flock Safety
Direction: 359
Zone: traffic
Camera type: fixed</description>
      <Point>
        <coordinates>-117.6706348,33.5473419,0</coordinates>
      </Point>
    </Placemark>
    <Placemark>
      <name>ALPR</name>
      <description>OSM node: https://www.openstreetmap.org/node/13320030501
Manufacturer: Flock Safety
Direction: 92
Zone: traffic
Camera type: fixed</description>
      <Point>
        <coordinates>-121.4175051,38.4742729,0</coordinates>
      </Point>
    </Placemark>
    <Placemark>
      <name>ALPR</name>
      <description>OSM node: https://www.openstreetmap.org/node/13320134539
Direction: 35
Zone: traffic
Camera type: fixed</description>
      <Point>
        <coordinates>-121.8519771,37.3336814,0</coordinates>
      </Point>
    </Placemark>
    <Placemark>
      <name>ALPR</name>
      <description>OSM node: https://www.openstreetmap.org/node/13320137221
Manufacturer: Flock Safety
Direction: 200
Camera type: fixed</description>
      <Point>
        <coordinates>-121.8520588,37.3340027,0</coordinates>
      </Point>
    </Placemark>
    <Placemark>
      <name>ALPR</name>
      <description>OSM node: https://www.openstreetmap.org/node/13320161701
Manufacturer: Flock Safety
Direction: 45
Zone: traffic
Camera type: fixed</description>
      <Point>
        <coordinates>-121.2881047,38.5390651,0</coordinates>
      </Point>
    </Placemark>
    <Placemark>
      <name>ALPR</name>
      <description>OSM node: https://www.openstreetmap.org/node/13320174132
Manufacturer: Flock Safety
Direction: 300
Camera type: fixed</description>
      <Point>
        <coordinates>-121.822646,37.3540092,0</coordinates>
      </Point>
    </Placemark>
    <Placemark>
      <name>ALPR</name>
      <description>OSM node: https://www.openstreetmap.org/node/13320200064
Manufacturer: Flock Safety
Direction: 280
Camera type: fixed</description>
      <Point>
        <coordinates>-121.8233471,37.3535425,0</coordinates>
      </Point>
    </Placemark>
    <Placemark>
      <name>ALPR</name>
      <description>OSM node: https://www.openstreetmap.org/node/13320201902
Manufacturer: Flock Safety
Direction: 47
Zone: traffic
Camera type: fixed</description>
      <Point>
        <coordinates>-122.2318807,37.7678757,0</coordinates>
      </Point>
    </Placemark>
    <Placemark>
      <name>ALPR</name>
      <description>OSM node: https://www.openstreetmap.org/node/13320204401
Manufacturer: Flock Safety
Direction: 229
Zone: traffic
Camera type: fixed</description>
      <Point>
        <coordinates>-122.23228,37.7680003,0</coordinates>
      </Point>
    </Placemark>
    <Placemark>
      <name>ALPR</name>
      <description>OSM node: https://www.openstreetmap.org/node/13320230301
Manufacturer: Flock Safety
Direction: 0
Zone: traffic
Camera type: fixed</description>
      <Point>
        <coordinates>-122.4194,37.7749,0</coordinates>
      </Point>
    </Placemark>
    <Placemark>
      <name>ALPR</name>
      <description>OSM node: https://www.openstreetmap.org/node/13320254491
Manufacturer: Flock Safety
Direction: 295
Camera type: fixed</description>
      <Point>
        <coordinates>-121.8623311,37.3415395,0</coordinates>
      </Point>
    </Placemark>
    <Placemark>
      <name>ALPR</name>
      <description>OSM node: https://www.openstreetmap.org/node/13320302501
Manufacturer: Flock Safety
Direction: 306
Zone: traffic
Camera type: fixed</description>
      <Point>
        <coordinates>-117.8806803,33.9345949,0</coordinates>
      </Point>
    </Placemark>
    <Placemark>
      <name>ALPR</name>
      <description>OSM node: https://www.openstreetmap.org/node/13320303701
Manufacturer: Flock Safety
Direction: 130
Zone: traffic
Camera type: fixed</description>
      <Point>
        <coordinates>-117.8805932,33.9344904,0</coordinates>
      </Point>
    </Placemark>
    <Placemark>
      <name>ALPR</name>
      <description>OSM node: https://www.openstreetmap.org/node/13320354001
Manufacturer: Motorola Solutions
Direction: 180
Zone: traffic
Camera type: fixed</description>
      <Point>
        <coordinates>-121.4089712,38.5103508,0</coordinates>
      </Point>
    </Placemark>
    <Placemark>
      <name>ALPR</name>
      <description>OSM node: https://www.openstreetmap.org/node/13320355401
Manufacturer: Motorola Solutions
Direction: 166
Zone: traffic
Camera type: fixed</description>
      <Point>
        <coordinates>-121.4091016,38.495904,0</coordinates>
      </Point>
    </Placemark>
    <Placemark>
      <name>ALPR</name>
      <description>OSM node: https://www.openstreetmap.org/node/13320355402
Manufacturer: Flock Safety
Direction: 81
Zone: traffic
Camera type: fixed</description>
      <Point>
        <coordinates>-121.4085065,38.481496,0</coordinates>
      </Point>
    </Placemark>
    <Placemark>
      <name>Lakeshore Homes Association (LHA) ALPR</name>
      <description>OSM node: https://www.openstreetmap.org/node/13320393501
Operator: Lakeshore Homes Association (LHA)
Manufacturer: Flock Safety
Direction: 187
Zone: traffic
Camera type: fixed</description>
      <Point>
        <coordinates>-122.2319643,37.8053799,0</coordinates>
      </Point>
    </Placemark>
    <Placemark>
      <name>ALPR</name>
      <description>OSM node: https://www.openstreetmap.org/node/13320431601
Manufacturer: Flock Safety
Direction: 341
Zone: traffic
Camera type: fixed</description>
      <Point>
        <coordinates>-120.5281262,37.3171887,0</coordinates>
      </Point>
    </Placemark>
    <Placemark>
      <name>ALPR</name>
      <description>OSM node: https://www.openstreetmap.org/node/13320436501
Manufacturer: Flock Safety
Direction: 168
Zone: traffic
Camera type: fixed</description>
      <Point>
        <coordinates>-120.5280834,37.3308503,0</coordinates>
      </Point>
    </Placemark>
    <Placemark>
      <name>ALPR</name>
      <description>OSM node: https://www.openstreetmap.org/node/13320451501
Manufacturer: Motorola Solutions
Direction: 102;173;242;311;29
Zone: traffic
Camera type: fixed</description>
      <Point>
        <coordinates>-120.6091554,37.3713574,0</coordinates>
      </Point>
    </Placemark>
    <Placemark>
      <name>ALPR</name>
      <description>OSM node: https://www.openstreetmap.org/node/13320453701
Manufacturer: Flock Safety
Direction: 181;111;251
Zone: traffic
Camera type: fixed</description>
      <Point>
        <coordinates>-120.609036,37.3713426,0</coordinates>
      </Point>
    </Placemark>
    <Placemark>
      <name>ALPR</name>
      <description>OSM node: https://www.openstreetmap.org/node/13320478801
Manufacturer: Motorola Solutions
Direction: 202
Zone: traffic
Camera type: fixed</description>
      <Point>
        <coordinates>-120.5279181,37.3210549,0</coordinates>
      </Point>
    </Placemark>
    <Placemark>
      <name>ALPR</name>
      <description>OSM node: https://www.openstreetmap.org/node/13320479101
Manufacturer: Motorola Solutions
Direction: 136
Zone: traffic
Camera type: fixed</description>
      <Point>
        <coordinates>-120.5276993,37.3210468,0</coordinates>
      </Point>
    </Placemark>
    <Placemark>
      <name>ALPR</name>
      <description>OSM node: https://www.openstreetmap.org/node/13320479201
Manufacturer: Motorola Solutions
Direction: 176
Zone: traffic
Camera type: fixed</description>
      <Point>
        <coordinates>-120.5278142,37.3210475,0</coordinates>
      </Point>
    </Placemark>
    <Placemark>
      <name>ALPR</name>
      <description>OSM node: https://www.openstreetmap.org/node/13320480101
Manufacturer: Flock Safety
Direction: 281
Zone: traffic
Camera type: fixed</description>
      <Point>
        <coordinates>-121.5050275,38.5859544,0</coordinates>
      </Point>
    </Placemark>
    <Placemark>
      <name>ALPR</name>
      <description>OSM node: https://www.openstreetmap.org/node/13320481001
Manufacturer: Flock Safety
Direction: 75
Zone: traffic
Camera type: fixed</description>
      <Point>
        <coordinates>-121.5099427,38.5883782,0</coordinates>
      </Point>
    </Placemark>
    <Placemark>
      <name>ALPR</name>
      <description>OSM node: https://www.openstreetmap.org/node/13321366862
Manufacturer: Flock Safety
Direction: 5
Camera type: fixed</description>
      <Point>
        <coordinates>-118.5009712,34.2189487,0</coordinates>
      </Point>
    </Placemark>
    <Placemark>
      <name>ALPR</name>
      <description>OSM node: https://www.openstreetmap.org/node/13321368586
Manufacturer: Flock Safety
Direction: 175
Camera type: fixed</description>
      <Point>
        <coordinates>-118.5001013,34.220807,0</coordinates>
      </Point>
    </Placemark>
    <Placemark>
      <name>ALPR</name>
      <description>OSM node: https://www.openstreetmap.org/node/13321376807
Manufacturer: Flock Safety
Direction: 75
Camera type: fixed</description>
      <Point>
        <coordinates>-118.500985,34.2189591,0</coordinates>
      </Point>
    </Placemark>
    <Placemark>
      <name>ALPR</name>
      <description>OSM node: https://www.openstreetmap.org/node/13321620536
Manufacturer: Flock Safety
Direction: 100
Camera type: fixed</description>
      <Point>
        <coordinates>-121.846035,37.3426075,0</coordinates>
      </Point>
    </Placemark>
    <Placemark>
      <name>ALPR</name>
      <description>OSM node: https://www.openstreetmap.org/node/13321626252
Manufacturer: Flock Safety
Direction: 5
Camera type: fixed</description>
      <Point>
        <coordinates>-121.8443807,37.3416081,0</coordinates>
      </Point>
    </Placemark>
    <Placemark>
      <name>ALPR</name>
      <description>OSM node: https://www.openstreetmap.org/node/13321738364
Manufacturer: Flock Safety
Direction: 90
Camera type: fixed</description>
      <Point>
        <coordinates>-121.9719819,37.5031421,0</coordinates>
      </Point>
    </Placemark>
    <Placemark>
      <name>ALPR</name>
      <description>OSM node: https://www.openstreetmap.org/node/13321746346
Manufacturer: Flock Safety
Direction: 35
Camera type: fixed</description>
      <Point>
        <coordinates>-121.9728071,37.5039781,0</coordinates>
      </Point>
    </Placemark>
    <Placemark>
      <name>ALPR</name>
      <description>OSM node: https://www.openstreetmap.org/node/13321757367
Manufacturer: Flock Safety
Direction: 35
Camera type: fixed</description>
      <Point>
        <coordinates>-121.947377,37.5111299,0</coordinates>
      </Point>
    </Placemark>
    <Placemark>
      <name>ALPR</name>
      <description>OSM node: https://www.openstreetmap.org/node/13321758123
Manufacturer: Flock Safety
Direction: 50
Camera type: fixed</description>
      <Point>
        <coordinates>-121.9474782,37.5117425,0</coordinates>
      </Point>
    </Placemark>
    <Placemark>
      <name>ALPR</name>
      <description>OSM node: https://www.openstreetmap.org/node/13321811187
Manufacturer: Flock Safety
Direction: 345
Camera type: fixed</description>
      <Point>
        <coordinates>-121.9099734,37.4281993,0</coordinates>
      </Point>
    </Placemark>
    <Placemark>
      <name>ALPR</name>
      <description>OSM node: https://www.openstreetmap.org/node/13321825409
Manufacturer: Flock Safety
Direction: 165
Camera type: fixed</description>
      <Point>
        <coordinates>-121.9102943,37.4282912,0</coordinates>
      </Point>
    </Placemark>
    <Placemark>
      <name>ALPR</name>
      <description>OSM node: https://www.openstreetmap.org/node/13321889226
Manufacturer: Flock Safety
Direction: 225
Camera type: fixed</description>
      <Point>
        <coordinates>-121.8644028,37.4316549,0</coordinates>
      </Point>
    </Placemark>
    <Placemark>
      <name>ALPR</name>
      <description>OSM node: https://www.openstreetmap.org/node/13321933709
Manufacturer: Flock Safety
Direction: 300
Camera type: fixed</description>
      <Point>
        <coordinates>-121.8676903,37.4192976,0</coordinates>
      </Point>
    </Placemark>
    <Placemark>
      <name>ALPR</name>
      <description>OSM node: https://www.openstreetmap.org/node/13322048617
Manufacturer: Flock Safety
Direction: 85
Camera type: fixed</description>
      <Point>
        <coordinates>-121.9227359,37.3515821,0</coordinates>
      </Point>
    </Placemark>
    <Placemark>
      <name>ALPR</name>
      <description>OSM node: https://www.openstreetmap.org/node/13322317101
Manufacturer: Flock Safety
Direction: 89
Zone: traffic
Camera type: fixed</description>
      <Point>
        <coordinates>-117.6707163,33.5799493,0</coordinates>
      </Point>
    </Placemark>
    <Placemark>
      <name>ALPR</name>
      <description>OSM node: https://www.openstreetmap.org/node/13322435021
Direction: 340
Zone: traffic
Camera type: fixed</description>
      <Point>
        <coordinates>-121.9336053,38.3840825,0</coordinates>
      </Point>
    </Placemark>
    <Placemark>
      <name>ALPR</name>
      <description>OSM node: https://www.openstreetmap.org/node/13322459820
Direction: 340
Zone: traffic</description>
      <Point>
        <coordinates>-121.9336629,38.3398035,0</coordinates>
      </Point>
    </Placemark>
    <Placemark>
      <name>ALPR</name>
      <description>OSM node: https://www.openstreetmap.org/node/13322473524
Direction: 340
Zone: traffic</description>
      <Point>
        <coordinates>-121.9336029,38.3864577,0</coordinates>
      </Point>
    </Placemark>
    <Placemark>
      <name>ALPR</name>
      <description>OSM node: https://www.openstreetmap.org/node/13322509320
Manufacturer: Flock Safety
Direction: 63
Zone: traffic
Camera type: fixed</description>
      <Point>
        <coordinates>-122.7350122,38.4796353,0</coordinates>
      </Point>
    </Placemark>
    <Placemark>
      <name>ALPR</name>
      <description>OSM node: https://www.openstreetmap.org/node/13322582501
Manufacturer: Flock Safety
Direction: 125
Zone: traffic
Camera type: fixed</description>
      <Point>
        <coordinates>-119.8758488,36.8372057,0</coordinates>
      </Point>
    </Placemark>
    <Placemark>
      <name>ALPR</name>
      <description>OSM node: https://www.openstreetmap.org/node/13322824001
Manufacturer: Flock Safety
Direction: 111
Zone: traffic
Camera type: fixed</description>
      <Point>
        <coordinates>-121.6603228,37.1465715,0</coordinates>
      </Point>
    </Placemark>
    <Placemark>
      <name>ALPR</name>
      <description>OSM node: https://www.openstreetmap.org/node/13322827201
Manufacturer: Flock Safety
Direction: 287
Zone: traffic
Camera type: fixed</description>
      <Point>
        <coordinates>-121.665174,37.1451461,0</coordinates>
      </Point>
    </Placemark>
    <Placemark>
      <name>ALPR</name>
      <description>OSM node: https://www.openstreetmap.org/node/13322828701
Manufacturer: Flock Safety
Direction: 187
Zone: traffic
Camera type: fixed</description>
      <Point>
        <coordinates>-117.6706566,33.5537397,0</coordinates>
      </Point>
    </Placemark>
    <Placemark>
      <name>ALPR</name>
      <description>OSM node: https://www.openstreetmap.org/node/13322865601
Manufacturer: Flock Safety
Direction: 281
Zone: traffic
Camera type: fixed</description>
      <Point>
        <coordinates>-117.6595351,33.5562607,0</coordinates>
      </Point>
    </Placemark>
    <Placemark>
      <name>ALPR</name>
      <description>OSM node: https://www.openstreetmap.org/node/13322865901
Manufacturer: Flock Safety
Direction: 285
Zone: traffic
Camera type: fixed</description>
      <Point>
        <coordinates>-117.6587934,33.5576812,0</coordinates>
      </Point>
    </Placemark>
    <Placemark>
      <name>ALPR</name>
      <description>OSM node: https://www.openstreetmap.org/node/13322914001
Manufacturer: Flock Safety
Direction: 147;201;270;181;295
Zone: traffic
Camera type: fixed</description>
      <Point>
        <coordinates>-121.26235,37.5367408,0</coordinates>
      </Point>
    </Placemark>
    <Placemark>
      <name>Palo Alto Police Department ALPR</name>
      <description>OSM node: https://www.openstreetmap.org/node/13322924201
Operator: Palo Alto Police Department
Direction: 320
Zone: traffic
Camera type: fixed</description>
      <Point>
        <coordinates>-122.1267208,37.4524126,0</coordinates>
      </Point>
    </Placemark>
    <Placemark>
      <name>ALPR</name>
      <description>OSM node: https://www.openstreetmap.org/node/13322962501
Manufacturer: Flock Safety
Direction: 263;112
Zone: traffic
Camera type: fixed</description>
      <Point>
        <coordinates>-120.9204449,37.5512051,0</coordinates>
      </Point>
    </Placemark>
    <Placemark>
      <name>ALPR</name>
      <description>OSM node: https://www.openstreetmap.org/node/13323008201
Manufacturer: Flock Safety
Direction: 64
Zone: traffic
Camera type: fixed</description>
      <Point>
        <coordinates>-117.0487191,33.9791304,0</coordinates>
      </Point>
    </Placemark>
    <Placemark>
      <name>ALPR</name>
      <description>OSM node: https://www.openstreetmap.org/node/13323008901
Manufacturer: Flock Safety
Direction: 92
Zone: traffic
Camera type: fixed</description>
      <Point>
        <coordinates>-116.9657571,33.9215806,0</coordinates>
      </Point>
    </Placemark>
    <Placemark>
      <name>ALPR</name>
      <description>OSM node: https://www.openstreetmap.org/node/13323010201
Manufacturer: Flock Safety
Direction: 239
Zone: traffic
Camera type: fixed</description>
      <Point>
        <coordinates>-116.8389399,33.8603421,0</coordinates>
      </Point>
    </Placemark>
    <Placemark>
      <name>ALPR</name>
      <description>OSM node: https://www.openstreetmap.org/node/13323162301
Manufacturer: Flock Safety
Direction: 76
Zone: traffic
Camera type: fixed</description>
      <Point>
        <coordinates>-122.2335476,37.722541,0</coordinates>
      </Point>
    </Placemark>
    <Placemark>
      <name>ALPR</name>
      <description>OSM node: https://www.openstreetmap.org/node/13323177101
Manufacturer: Flock Safety
Direction: 227
Zone: traffic
Camera type: fixed</description>
      <Point>
        <coordinates>-122.2129675,37.7361833,0</coordinates>
      </Point>
    </Placemark>
    <Placemark>
      <name>ALPR</name>
      <description>OSM node: https://www.openstreetmap.org/node/13323183801
Manufacturer: Flock Safety
Direction: 0
Zone: traffic
Camera type: fixed</description>
      <Point>
        <coordinates>-122.2444957,37.8190609,0</coordinates>
      </Point>
    </Placemark>
    <Placemark>
      <name>ALPR</name>
      <description>OSM node: https://www.openstreetmap.org/node/13323183901
Manufacturer: Flock Safety
Direction: 166
Zone: traffic
Camera type: fixed</description>
      <Point>
        <coordinates>-122.2447693,37.8192622,0</coordinates>
      </Point>
    </Placemark>
    <Placemark>
      <name>ALPR</name>
      <description>OSM node: https://www.openstreetmap.org/node/13323219001
Manufacturer: Flock Safety
Direction: 233
Zone: traffic
Camera type: fixed</description>
      <Point>
        <coordinates>-122.5405407,38.0336554,0</coordinates>
      </Point>
    </Placemark>
    <Placemark>
      <name>ALPR</name>
      <description>OSM node: https://www.openstreetmap.org/node/13323219101
Manufacturer: Flock Safety
Direction: 233
Zone: traffic
Camera type: fixed</description>
      <Point>
        <coordinates>-122.5405407,38.0336554,0</coordinates>
      </Point>
    </Placemark>
    <Placemark>
      <name>ALPR</name>
      <description>OSM node: https://www.openstreetmap.org/node/13323221001
Manufacturer: Flock Safety
Direction: 97
Zone: traffic
Camera type: fixed</description>
      <Point>
        <coordinates>-122.5400498,38.0335967,0</coordinates>
      </Point>
    </Placemark>
    <Placemark>
      <name>ALPR</name>
      <description>OSM node: https://www.openstreetmap.org/node/13323244301
Manufacturer: Flock Safety
Direction: 0
Zone: traffic
Camera type: fixed</description>
      <Point>
        <coordinates>-121.4352534,37.7542083,0</coordinates>
      </Point>
    </Placemark>
    <Placemark>
      <name>ALPR</name>
      <description>OSM node: https://www.openstreetmap.org/node/13323244401
Manufacturer: Flock Safety
Direction: 124
Zone: traffic
Camera type: fixed</description>
      <Point>
        <coordinates>-122.0075908,37.9610458,0</coordinates>
      </Point>
    </Placemark>
    <Placemark>
      <name>ALPR</name>
      <description>OSM node: https://www.openstreetmap.org/node/13323245901
Manufacturer: Flock Safety
Direction: 107
Zone: traffic
Camera type: fixed</description>
      <Point>
        <coordinates>-122.1366784,38.2165993,0</coordinates>
      </Point>
    </Placemark>
    <Placemark>
      <name>ALPR</name>
      <description>OSM node: https://www.openstreetmap.org/node/13323246201
Manufacturer: Flock Safety
Direction: 15
Zone: traffic
Camera type: fixed</description>
      <Point>
        <coordinates>-122.1365427,38.2167346,0</coordinates>
      </Point>
    </Placemark>
    <Placemark>
      <name>ALPR</name>
      <description>OSM node: https://www.openstreetmap.org/node/13323246301
Manufacturer: Flock Safety
Direction: 245
Zone: traffic
Camera type: fixed</description>
      <Point>
        <coordinates>-122.1366068,38.2166693,0</coordinates>
      </Point>
    </Placemark>
    <Placemark>
      <name>ALPR</name>
      <description>OSM node: https://www.openstreetmap.org/node/13323249301
Manufacturer: Flock Safety
Direction: 31
Zone: traffic
Camera type: fixed</description>
      <Point>
        <coordinates>-121.4679176,37.7552846,0</coordinates>
      </Point>
    </Placemark>
    <Placemark>
      <name>ALPR</name>
      <description>OSM node: https://www.openstreetmap.org/node/13323249601
Manufacturer: Flock Safety
Direction: 0
Zone: traffic
Camera type: fixed</description>
      <Point>
        <coordinates>-121.4679463,37.7552955,0</coordinates>
      </Point>
    </Placemark>
    <Placemark>
      <name>ALPR</name>
      <description>OSM node: https://www.openstreetmap.org/node/13323286601
Manufacturer: Flock Safety
Direction: 321
Zone: traffic
Camera type: fixed</description>
      <Point>
        <coordinates>-117.8542503,33.9972377,0</coordinates>
      </Point>
    </Placemark>
    <Placemark>
      <name>ALPR</name>
      <description>OSM node: https://www.openstreetmap.org/node/13323326634
Direction: 15
Zone: traffic
Camera type: fixed</description>
      <Point>
        <coordinates>-117.6872505,33.4650978,0</coordinates>
      </Point>
    </Placemark>
    <Placemark>
      <name>Burbank ALPR</name>
      <description>OSM node: https://www.openstreetmap.org/node/13323419800
Operator: Burbank
Manufacturer: Flock Safety
Direction: 145
Zone: street
Camera type: fixed</description>
      <Point>
        <coordinates>-118.341151,34.1457731,0</coordinates>
      </Point>
    </Placemark>
    <Placemark>
      <name>Burbank ALPR</name>
      <description>OSM node: https://www.openstreetmap.org/node/13323504987
Operator: Burbank
Manufacturer: Flock Safety
Direction: 230
Zone: street
Camera type: fixed</description>
      <Point>
        <coordinates>-118.3545619,34.1654567,0</coordinates>
      </Point>
    </Placemark>
    <Placemark>
      <name>ALPR</name>
      <description>OSM node: https://www.openstreetmap.org/node/13323634174
Manufacturer: Flock Safety
Direction: 180
Camera type: fixed</description>
      <Point>
        <coordinates>-117.8547226,33.9979815,0</coordinates>
      </Point>
    </Placemark>
    <Placemark>
      <name>ALPR</name>
      <description>OSM node: https://www.openstreetmap.org/node/13324188470
Manufacturer: Flock Safety
Direction: 45
Zone: traffic
Camera type: fixed</description>
      <Point>
        <coordinates>-121.3921626,38.7288348,0</coordinates>
      </Point>
    </Placemark>
    <Placemark>
      <name>ALPR</name>
      <description>OSM node: https://www.openstreetmap.org/node/13324199198
Manufacturer: Flock Safety
Direction: 45
Camera type: fixed</description>
      <Point>
        <coordinates>-121.4693228,38.7515293,0</coordinates>
      </Point>
    </Placemark>
    <Placemark>
      <name>ALPR</name>
      <description>OSM node: https://www.openstreetmap.org/node/13324218650
Manufacturer: Flock Safety
Direction: 235
Camera type: fixed</description>
      <Point>
        <coordinates>-121.4869944,38.7513956,0</coordinates>
      </Point>
    </Placemark>
    <Placemark>
      <name>Home Depot ALPR</name>
      <description>OSM node: https://www.openstreetmap.org/node/13324228703
Operator: Home Depot
Manufacturer: Flock Safety
Direction: 0
Zone: traffic
Camera type: fixed</description>
      <Point>
        <coordinates>-117.6709862,35.6299991,0</coordinates>
      </Point>
    </Placemark>
    <Placemark>
      <name>ALPR</name>
      <description>OSM node: https://www.openstreetmap.org/node/13324231002
Manufacturer: Flock Safety
Direction: 180
Camera type: fixed</description>
      <Point>
        <coordinates>-121.3926148,38.7250724,0</coordinates>
      </Point>
    </Placemark>
    <Placemark>
      <name>ALPR</name>
      <description>OSM node: https://www.openstreetmap.org/node/13324498401
Manufacturer: Flock Safety
Direction: 251
Zone: traffic
Camera type: fixed</description>
      <Point>
        <coordinates>-121.6286207,37.1184164,0</coordinates>
      </Point>
    </Placemark>
    <Placemark>
      <name>ALPR</name>
      <description>OSM node: https://www.openstreetmap.org/node/13324568401
Manufacturer: Flock Safety
Direction: 185
Zone: traffic
Camera type: fixed</description>
      <Point>
        <coordinates>-119.8504695,36.8088324,0</coordinates>
      </Point>
    </Placemark>
    <Placemark>
      <name>ALPR</name>
      <description>OSM node: https://www.openstreetmap.org/node/13324570001
Manufacturer: Flock Safety
Direction: 268
Zone: traffic
Camera type: fixed</description>
      <Point>
        <coordinates>-119.8513004,36.8088345,0</coordinates>
      </Point>
    </Placemark>
    <Placemark>
      <name>ALPR</name>
      <description>OSM node: https://www.openstreetmap.org/node/13324572801
Manufacturer: Flock Safety
Direction: 78
Zone: traffic
Camera type: fixed</description>
      <Point>
        <coordinates>-119.8511673,36.8096574,0</coordinates>
      </Point>
    </Placemark>
    <Placemark>
      <name>ALPR</name>
      <description>OSM node: https://www.openstreetmap.org/node/13324583001
Manufacturer: Motorola Solutions
Direction: 50;0
Zone: traffic
Camera type: fixed</description>
      <Point>
        <coordinates>-121.0320861,38.6594857,0</coordinates>
      </Point>
    </Placemark>
    <Placemark>
      <name>ALPR</name>
      <description>OSM node: https://www.openstreetmap.org/node/13324618401
Manufacturer: Flock Safety
Direction: 88
Zone: traffic
Camera type: fixed</description>
      <Point>
        <coordinates>-119.8497161,36.8096454,0</coordinates>
      </Point>
    </Placemark>
    <Placemark>
      <name>ALPR</name>
      <description>OSM node: https://www.openstreetmap.org/node/13324626301
Manufacturer: Flock Safety
Direction: 345
Zone: traffic
Camera type: fixed</description>
      <Point>
        <coordinates>-117.6979346,33.4673663,0</coordinates>
      </Point>
    </Placemark>
    <Placemark>
      <name>ALPR</name>
      <description>OSM node: https://www.openstreetmap.org/node/13324627501
Manufacturer: Flock Safety
Direction: 58
Zone: traffic
Camera type: fixed</description>
      <Point>
        <coordinates>-117.6979174,33.4671768,0</coordinates>
      </Point>
    </Placemark>
    <Placemark>
      <name>ALPR</name>
      <description>OSM node: https://www.openstreetmap.org/node/13324630601
Manufacturer: Flock Safety
Direction: 147
Zone: traffic
Camera type: fixed</description>
      <Point>
        <coordinates>-117.6982744,33.4671163,0</coordinates>
      </Point>
    </Placemark>
    <Placemark>
      <name>ALPR</name>
      <description>OSM node: https://www.openstreetmap.org/node/13324630602
Manufacturer: Flock Safety
Direction: 248
Zone: traffic
Camera type: fixed</description>
      <Point>
        <coordinates>-117.6982573,33.4673058,0</coordinates>
      </Point>
    </Placemark>
    <Placemark>
      <name>ALPR</name>
      <description>OSM node: https://www.openstreetmap.org/node/13324632301
Manufacturer: Flock Safety
Direction: 47
Zone: traffic
Camera type: fixed</description>
      <Point>
        <coordinates>-117.6678268,33.5198361,0</coordinates>
      </Point>
    </Placemark>
    <Placemark>
      <name>ALPR</name>
      <description>OSM node: https://www.openstreetmap.org/node/13324632501
Manufacturer: Flock Safety
Direction: 250
Zone: traffic
Camera type: fixed</description>
      <Point>
        <coordinates>-117.6681037,33.519973,0</coordinates>
      </Point>
    </Placemark>
    <Placemark>
      <name>ALPR</name>
      <description>OSM node: https://www.openstreetmap.org/node/13324651801
Manufacturer: Flock Safety
Direction: 215
Zone: traffic
Camera type: fixed</description>
      <Point>
        <coordinates>-121.2682949,38.7936179,0</coordinates>
      </Point>
    </Placemark>
    <Placemark>
      <name>ALPR</name>
      <description>OSM node: https://www.openstreetmap.org/node/13324810401
Manufacturer: Flock Safety
Direction: 253
Zone: traffic
Camera type: fixed</description>
      <Point>
        <coordinates>-121.5498431,39.0263669,0</coordinates>
      </Point>
    </Placemark>
    <Placemark>
      <name>ALPR</name>
      <description>OSM node: https://www.openstreetmap.org/node/13324819601
Manufacturer: Flock Safety
Direction: 42
Zone: traffic
Camera type: fixed</description>
      <Point>
        <coordinates>-121.5771413,39.0064578,0</coordinates>
      </Point>
    </Placemark>
    <Placemark>
      <name>ALPR</name>
      <description>OSM node: https://www.openstreetmap.org/node/13324826001
Manufacturer: Flock Safety
Direction: 332
Zone: traffic
Camera type: fixed</description>
      <Point>
        <coordinates>-122.2819236,37.7901751,0</coordinates>
      </Point>
    </Placemark>
    <Placemark>
      <name>ALPR</name>
      <description>OSM node: https://www.openstreetmap.org/node/13324842901
Manufacturer: Flock Safety
Direction: 88
Zone: traffic
Camera type: fixed</description>
      <Point>
        <coordinates>-118.6486417,34.2197649,0</coordinates>
      </Point>
    </Placemark>
    <Placemark>
      <name>ALPR</name>
      <description>OSM node: https://www.openstreetmap.org/node/13324845701
Manufacturer: Flock Safety
Direction: 291
Zone: traffic
Camera type: fixed</description>
      <Point>
        <coordinates>-118.6468709,34.2209433,0</coordinates>
      </Point>
    </Placemark>
    <Placemark>
      <name>ALPR</name>
      <description>OSM node: https://www.openstreetmap.org/node/13324909602
Manufacturer: Flock Safety
Direction: 248
Zone: traffic
Camera type: fixed</description>
      <Point>
        <coordinates>-124.1894681,41.7728438,0</coordinates>
      </Point>
    </Placemark>
    <Placemark>
      <name>Santa Clara Police Department ALPR</name>
      <description>OSM node: https://www.openstreetmap.org/node/13324942801
Operator: Santa Clara Police Department
Manufacturer: Flock Safety
Direction: 63
Zone: traffic
Camera type: fixed</description>
      <Point>
        <coordinates>-121.9950493,37.3453199,0</coordinates>
      </Point>
    </Placemark>
    <Placemark>
      <name>ALPR</name>
      <description>OSM node: https://www.openstreetmap.org/node/13324964401
Manufacturer: Flock Safety
Direction: 131
Zone: traffic
Camera type: fixed</description>
      <Point>
        <coordinates>-122.2510155,37.7578222,0</coordinates>
      </Point>
    </Placemark>
    <Placemark>
      <name>ALPR</name>
      <description>OSM node: https://www.openstreetmap.org/node/13324965801
Manufacturer: Flock Safety
Direction: 131
Zone: traffic
Camera type: fixed</description>
      <Point>
        <coordinates>-122.2510155,37.7578222,0</coordinates>
      </Point>
    </Placemark>
    <Placemark>
      <name>ALPR</name>
      <description>OSM node: https://www.openstreetmap.org/node/13324966001
Manufacturer: Flock Safety
Direction: 113
Zone: traffic
Camera type: fixed</description>
      <Point>
        <coordinates>-122.2506568,37.7582373,0</coordinates>
      </Point>
    </Placemark>
    <Placemark>
      <name>ALPR</name>
      <description>OSM node: https://www.openstreetmap.org/node/13324971801
Manufacturer: Flock Safety
Direction: 148
Zone: traffic
Camera type: fixed</description>
      <Point>
        <coordinates>-124.2004388,41.7726557,0</coordinates>
      </Point>
    </Placemark>
    <Placemark>
      <name>ALPR</name>
      <description>OSM node: https://www.openstreetmap.org/node/13324971901
Manufacturer: Flock Safety
Direction: 148
Zone: traffic
Camera type: fixed</description>
      <Point>
        <coordinates>-124.2004388,41.7726557,0</coordinates>
      </Point>
    </Placemark>
    <Placemark>
      <name>ALPR</name>
      <description>OSM node: https://www.openstreetmap.org/node/13324972201
Manufacturer: Flock Safety
Direction: 148
Zone: traffic
Camera type: fixed</description>
      <Point>
        <coordinates>-124.2004388,41.7726557,0</coordinates>
      </Point>
    </Placemark>
    <Placemark>
      <name>ALPR</name>
      <description>OSM node: https://www.openstreetmap.org/node/13324972301
Manufacturer: Flock Safety
Direction: 339
Zone: traffic
Camera type: fixed</description>
      <Point>
        <coordinates>-124.2003132,41.7727989,0</coordinates>
      </Point>
    </Placemark>
    <Placemark>
      <name>ALPR</name>
      <description>OSM node: https://www.openstreetmap.org/node/13324972601
Manufacturer: Flock Safety
Direction: 339
Zone: traffic
Camera type: fixed</description>
      <Point>
        <coordinates>-124.2003132,41.7727989,0</coordinates>
      </Point>
    </Placemark>
    <Placemark>
      <name>ALPR</name>
      <description>OSM node: https://www.openstreetmap.org/node/13325035802
Manufacturer: Flock Safety
Direction: 257
Zone: traffic
Camera type: fixed</description>
      <Point>
        <coordinates>-122.2023536,37.7259589,0</coordinates>
      </Point>
    </Placemark>
    <Placemark>
      <name>ALPR</name>
      <description>OSM node: https://www.openstreetmap.org/node/13325040705
Manufacturer: Flock Safety
Direction: 24
Zone: traffic
Camera type: fixed</description>
      <Point>
        <coordinates>-122.2078655,37.7290521,0</coordinates>
      </Point>
    </Placemark>
    <Placemark>
      <name>ALPR</name>
      <description>OSM node: https://www.openstreetmap.org/node/13325041302
Manufacturer: Flock Safety
Direction: 257
Zone: traffic
Camera type: fixed</description>
      <Point>
        <coordinates>-122.2023536,37.7259589,0</coordinates>
      </Point>
    </Placemark>
    <Placemark>
      <name>ALPR</name>
      <description>OSM node: https://www.openstreetmap.org/node/13325051601
Manufacturer: Flock Safety
Direction: 31
Zone: traffic
Camera type: fixed</description>
      <Point>
        <coordinates>-119.9015555,36.8260264,0</coordinates>
      </Point>
    </Placemark>
    <Placemark>
      <name>ALPR</name>
      <description>OSM node: https://www.openstreetmap.org/node/13325060701
Manufacturer: Flock Safety
Direction: 260
Zone: traffic
Camera type: fixed</description>
      <Point>
        <coordinates>-119.6371878,36.3574252,0</coordinates>
      </Point>
    </Placemark>
    <Placemark>
      <name>ALPR</name>
      <description>OSM node: https://www.openstreetmap.org/node/13325094701
Manufacturer: Flock Safety
Direction: 47
Zone: traffic
Camera type: fixed</description>
      <Point>
        <coordinates>-124.1558908,41.7402453,0</coordinates>
      </Point>
    </Placemark>
    <Placemark>
      <name>ALPR</name>
      <description>OSM node: https://www.openstreetmap.org/node/13325116701
Manufacturer: Flock Safety
Direction: 310
Zone: traffic
Camera type: fixed</description>
      <Point>
        <coordinates>-121.364947,38.3734353,0</coordinates>
      </Point>
    </Placemark>
    <Placemark>
      <name>ALPR</name>
      <description>OSM node: https://www.openstreetmap.org/node/13325116801
Manufacturer: Flock Safety
Direction: 310
Zone: traffic
Camera type: fixed</description>
      <Point>
        <coordinates>-121.364947,38.3734353,0</coordinates>
      </Point>
    </Placemark>
    <Placemark>
      <name>Stockton Police Department ALPR</name>
      <description>OSM node: https://www.openstreetmap.org/node/13325167101
Operator: Stockton Police Department
Manufacturer: Flock Safety
Direction: 74
Zone: traffic
Camera type: fixed</description>
      <Point>
        <coordinates>-121.2517962,37.9547531,0</coordinates>
      </Point>
    </Placemark>
    <Placemark>
      <name>Stockton Police Department ALPR</name>
      <description>OSM node: https://www.openstreetmap.org/node/13325167301
Operator: Stockton Police Department
Manufacturer: Flock Safety
Direction: 257
Zone: traffic
Camera type: fixed</description>
      <Point>
        <coordinates>-121.2519658,37.954946,0</coordinates>
      </Point>
    </Placemark>
    <Placemark>
      <name>ALPR</name>
      <description>OSM node: https://www.openstreetmap.org/node/13325244601
Manufacturer: Flock Safety
Direction: 269
Zone: traffic
Camera type: fixed</description>
      <Point>
        <coordinates>-121.4261118,37.7543912,0</coordinates>
      </Point>
    </Placemark>
    <Placemark>
      <name>Lowe's ALPR</name>
      <description>OSM node: https://www.openstreetmap.org/node/13325264401
Operator: Lowe's
Manufacturer: Flock Safety
Direction: 246
Zone: traffic
Camera type: fixed</description>
      <Point>
        <coordinates>-120.4202791,34.9241934,0</coordinates>
      </Point>
    </Placemark>
    <Placemark>
      <name>ALPR</name>
      <description>OSM node: https://www.openstreetmap.org/node/13325292001
Manufacturer: Flock Safety
Direction: 0
Zone: traffic
Camera type: fixed</description>
      <Point>
        <coordinates>-123.8069056,39.4266222,0</coordinates>
      </Point>
    </Placemark>
    <Placemark>
      <name>ALPR</name>
      <description>OSM node: https://www.openstreetmap.org/node/13325292101
Manufacturer: Flock Safety
Direction: 173
Zone: traffic
Camera type: fixed</description>
      <Point>
        <coordinates>-123.8068041,39.4281903,0</coordinates>
      </Point>
    </Placemark>
    <Placemark>
      <name>ALPR</name>
      <description>OSM node: https://www.openstreetmap.org/node/13325292501
Manufacturer: Flock Safety
Direction: 180
Zone: traffic
Camera type: fixed</description>
      <Point>
        <coordinates>-123.8058202,39.4538263,0</coordinates>
      </Point>
    </Placemark>
    <Placemark>
      <name>ALPR</name>
      <description>OSM node: https://www.openstreetmap.org/node/13325299301
Manufacturer: Flock Safety
Direction: 76
Zone: traffic
Camera type: fixed</description>
      <Point>
        <coordinates>-123.8044588,39.4344863,0</coordinates>
      </Point>
    </Placemark>
    <Placemark>
      <name>ALPR</name>
      <description>OSM node: https://www.openstreetmap.org/node/13325304001
Manufacturer: Flock Safety
Direction: 246
Zone: traffic
Camera type: fixed</description>
      <Point>
        <coordinates>-123.7992397,39.4363705,0</coordinates>
      </Point>
    </Placemark>
    <Placemark>
      <name>ALPR</name>
      <description>OSM node: https://www.openstreetmap.org/node/13325306001
Manufacturer: Flock Safety
Direction: 89
Zone: traffic
Camera type: fixed</description>
      <Point>
        <coordinates>-123.804219,39.419419,0</coordinates>
      </Point>
    </Placemark>
    <Placemark>
      <name>ALPR</name>
      <description>OSM node: https://www.openstreetmap.org/node/13325317401
Manufacturer: Flock Safety
Direction: 283
Zone: traffic
Camera type: fixed</description>
      <Point>
        <coordinates>-123.7957586,39.4179364,0</coordinates>
      </Point>
    </Placemark>
    <Placemark>
      <name>ALPR</name>
      <description>OSM node: https://www.openstreetmap.org/node/13325362301
Manufacturer: Flock Safety
Direction: 339
Zone: traffic
Camera type: fixed</description>
      <Point>
        <coordinates>-117.5768509,33.6531889,0</coordinates>
      </Point>
    </Placemark>
    <Placemark>
      <name>ALPR</name>
      <description>OSM node: https://www.openstreetmap.org/node/13325362302
Manufacturer: Flock Safety
Direction: 172
Zone: traffic
Camera type: fixed</description>
      <Point>
        <coordinates>-117.5770195,33.6530833,0</coordinates>
      </Point>
    </Placemark>
    <Placemark>
      <name>ALPR</name>
      <description>OSM node: https://www.openstreetmap.org/node/13325532702
Manufacturer: Flock Safety
Direction: 154
Zone: traffic
Camera type: fixed</description>
      <Point>
        <coordinates>-122.0551529,37.8936214,0</coordinates>
      </Point>
    </Placemark>
    <Placemark>
      <name>ALPR</name>
      <description>OSM node: https://www.openstreetmap.org/node/13325533401
Manufacturer: Flock Safety
Direction: 27
Zone: traffic
Camera type: fixed</description>
      <Point>
        <coordinates>-122.0656482,37.8949416,0</coordinates>
      </Point>
    </Placemark>
    <Placemark>
      <name>ALPR</name>
      <description>OSM node: https://www.openstreetmap.org/node/13325533601
Manufacturer: Flock Safety
Direction: 356
Zone: traffic
Camera type: fixed</description>
      <Point>
        <coordinates>-122.0554431,37.8945071,0</coordinates>
      </Point>
    </Placemark>
    <Placemark>
      <name>ALPR</name>
      <description>OSM node: https://www.openstreetmap.org/node/13325537701
Manufacturer: Flock Safety
Direction: 49
Zone: traffic
Camera type: fixed</description>
      <Point>
        <coordinates>-122.4470262,37.7541285,0</coordinates>
      </Point>
    </Placemark>
    <Placemark>
      <name>ALPR</name>
      <description>OSM node: https://www.openstreetmap.org/node/13325635801
Manufacturer: Flock Safety
Direction: 96
Zone: traffic
Camera type: fixed</description>
      <Point>
        <coordinates>-117.9280833,34.1336678,0</coordinates>
      </Point>
    </Placemark>
    <Placemark>
      <name>ALPR</name>
      <description>OSM node: https://www.openstreetmap.org/node/13325665301
Manufacturer: Flock Safety
Direction: 27
Zone: traffic
Camera type: fixed</description>
      <Point>
        <coordinates>-118.1592142,34.2018367,0</coordinates>
      </Point>
    </Placemark>
    <Placemark>
      <name>ALPR</name>
      <description>OSM node: https://www.openstreetmap.org/node/13325698707
Manufacturer: Flock Safety
Direction: 200
Camera type: fixed</description>
      <Point>
        <coordinates>-121.8618248,37.4218452,0</coordinates>
      </Point>
    </Placemark>
    <Placemark>
      <name>ALPR</name>
      <description>OSM node: https://www.openstreetmap.org/node/13325737216
Manufacturer: Flock Safety
Direction: 230
Camera type: fixed</description>
      <Point>
        <coordinates>-121.6954096,36.8594163,0</coordinates>
      </Point>
    </Placemark>
    <Placemark>
      <name>ALPR</name>
      <description>OSM node: https://www.openstreetmap.org/node/13325737217
Manufacturer: Flock Safety
Direction: 40
Camera type: fixed</description>
      <Point>
        <coordinates>-121.6949737,36.8592459,0</coordinates>
      </Point>
    </Placemark>
    <Placemark>
      <name>ALPR</name>
      <description>OSM node: https://www.openstreetmap.org/node/13325762289
Manufacturer: Flock Safety
Direction: 30
Camera type: fixed</description>
      <Point>
        <coordinates>-121.5644777,37.0230182,0</coordinates>
      </Point>
    </Placemark>
    <Placemark>
      <name>ALPR</name>
      <description>OSM node: https://www.openstreetmap.org/node/13325782773
Manufacturer: Flock Safety
Direction: 205
Camera type: fixed</description>
      <Point>
        <coordinates>-121.5651528,37.0231599,0</coordinates>
      </Point>
    </Placemark>
    <Placemark>
      <name>ALPR</name>
      <description>OSM node: https://www.openstreetmap.org/node/13325804198
Manufacturer: Flock Safety
Direction: 145
Camera type: fixed</description>
      <Point>
        <coordinates>-121.5510381,37.0039264,0</coordinates>
      </Point>
    </Placemark>
    <Placemark>
      <name>ALPR</name>
      <description>OSM node: https://www.openstreetmap.org/node/13325829728
Manufacturer: Flock Safety
Direction: 300
Camera type: fixed</description>
      <Point>
        <coordinates>-121.5509129,37.005209,0</coordinates>
      </Point>
    </Placemark>
    <Placemark>
      <name>ALPR</name>
      <description>OSM node: https://www.openstreetmap.org/node/13325830585
Manufacturer: Flock Safety
Direction: 35
Camera type: fixed</description>
      <Point>
        <coordinates>-121.5544467,37.003466,0</coordinates>
      </Point>
    </Placemark>
    <Placemark>
      <name>ALPR</name>
      <description>OSM node: https://www.openstreetmap.org/node/13326320188
Manufacturer: Flock Safety
Direction: 305
Camera type: fixed</description>
      <Point>
        <coordinates>-121.8868019,37.4128364,0</coordinates>
      </Point>
    </Placemark>
    <Placemark>
      <name>ALPR</name>
      <description>OSM node: https://www.openstreetmap.org/node/13326354960
Manufacturer: Flock Safety
Direction: 135
Camera type: fixed</description>
      <Point>
        <coordinates>-121.8751072,37.4157021,0</coordinates>
      </Point>
    </Placemark>
    <Placemark>
      <name>ALPR</name>
      <description>OSM node: https://www.openstreetmap.org/node/13326356194
Manufacturer: Flock Safety
Direction: 210
Camera type: fixed</description>
      <Point>
        <coordinates>-121.871968,37.4173885,0</coordinates>
      </Point>
    </Placemark>
    <Placemark>
      <name>ALPR</name>
      <description>OSM node: https://www.openstreetmap.org/node/13326392340
Manufacturer: Flock Safety
Direction: 310
Camera type: fixed</description>
      <Point>
        <coordinates>-121.8752643,37.417178,0</coordinates>
      </Point>
    </Placemark>
    <Placemark>
      <name>ALPR</name>
      <description>OSM node: https://www.openstreetmap.org/node/13326518701
Manufacturer: Flock Safety
Direction: 35
Zone: traffic
Camera type: fixed</description>
      <Point>
        <coordinates>-117.6076448,33.4688697,0</coordinates>
      </Point>
    </Placemark>
    <Placemark>
      <name>ALPR</name>
      <description>OSM node: https://www.openstreetmap.org/node/13326819602
Manufacturer: Flock Safety
Direction: 53;71
Zone: traffic
Camera type: fixed</description>
      <Point>
        <coordinates>-119.422251,36.5894666,0</coordinates>
      </Point>
    </Placemark>
    <Placemark>
      <name>ALPR</name>
      <description>OSM node: https://www.openstreetmap.org/node/13326985966
Manufacturer: Flock Safety
Direction: 335
Camera type: fixed</description>
      <Point>
        <coordinates>-121.8737921,37.6767748,0</coordinates>
      </Point>
    </Placemark>
    <Placemark>
      <name>ALPR</name>
      <description>OSM node: https://www.openstreetmap.org/node/13326985967
Manufacturer: Flock Safety
Direction: 75
Camera type: fixed</description>
      <Point>
        <coordinates>-121.8736902,37.6765322,0</coordinates>
      </Point>
    </Placemark>
    <Placemark>
      <name>ALPR</name>
      <description>OSM node: https://www.openstreetmap.org/node/13326985968
Manufacturer: Flock Safety
Direction: 145
Camera type: fixed</description>
      <Point>
        <coordinates>-121.8740201,37.6764733,0</coordinates>
      </Point>
    </Placemark>
    <Placemark>
      <name>ALPR</name>
      <description>OSM node: https://www.openstreetmap.org/node/13326985969
Manufacturer: Flock Safety
Direction: 250
Camera type: fixed</description>
      <Point>
        <coordinates>-121.8741408,37.6767997,0</coordinates>
      </Point>
    </Placemark>
    <Placemark>
      <name>ALPR</name>
      <description>OSM node: https://www.openstreetmap.org/node/13326985970
Manufacturer: Flock Safety
Direction: 180
Camera type: fixed</description>
      <Point>
        <coordinates>-121.8771597,37.6860395,0</coordinates>
      </Point>
    </Placemark>
    <Placemark>
      <name>ALPR</name>
      <description>OSM node: https://www.openstreetmap.org/node/13326985971
Manufacturer: Flock Safety
Direction: 205
Camera type: fixed</description>
      <Point>
        <coordinates>-121.8739504,37.6596119,0</coordinates>
      </Point>
    </Placemark>
    <Placemark>
      <name>ALPR</name>
      <description>OSM node: https://www.openstreetmap.org/node/13327017001
Manufacturer: Flock Safety
Direction: 301
Zone: traffic
Camera type: fixed</description>
      <Point>
        <coordinates>-117.9932653,33.787868,0</coordinates>
      </Point>
    </Placemark>
    <Placemark>
      <name>ALPR</name>
      <description>OSM node: https://www.openstreetmap.org/node/13327017801
Manufacturer: Flock Safety
Direction: 295
Zone: traffic
Camera type: fixed</description>
      <Point>
        <coordinates>-117.9939942,33.7878422,0</coordinates>
      </Point>
    </Placemark>
    <Placemark>
      <name>ALPR</name>
      <description>OSM node: https://www.openstreetmap.org/node/13327040356
Manufacturer: Motorola Solutions
Direction: 345
Camera type: fixed</description>
      <Point>
        <coordinates>-118.2917253,34.1106839,0</coordinates>
      </Point>
    </Placemark>
    <Placemark>
      <name>Lakeshore Avenue Business Improvement District (LABID) ALPR</name>
      <description>OSM node: https://www.openstreetmap.org/node/13327140010
Operator: Lakeshore Avenue Business Improvement District (LABID)
Manufacturer: Flock Safety
Direction: 142
Zone: traffic
Camera type: fixed</description>
      <Point>
        <coordinates>-122.2448254,37.8103228,0</coordinates>
      </Point>
    </Placemark>
    <Placemark>
      <name>Lakeshore Homes Association (LHA) ALPR</name>
      <description>OSM node: https://www.openstreetmap.org/node/13327140107
Operator: Lakeshore Homes Association (LHA)
Manufacturer: Flock Safety
Direction: 147
Zone: traffic
Camera type: fixed</description>
      <Point>
        <coordinates>-122.2340833,37.8110854,0</coordinates>
      </Point>
    </Placemark>
    <Placemark>
      <name>ALPR</name>
      <description>OSM node: https://www.openstreetmap.org/node/13327144601
Manufacturer: Flock Safety
Direction: 46
Zone: traffic
Camera type: fixed</description>
      <Point>
        <coordinates>-122.2333421,37.8166114,0</coordinates>
      </Point>
    </Placemark>
    <Placemark>
      <name>ALPR</name>
      <description>OSM node: https://www.openstreetmap.org/node/13327394383
Manufacturer: Flock Safety
Direction: 60
Camera type: fixed</description>
      <Point>
        <coordinates>-121.9364425,37.7055583,0</coordinates>
      </Point>
    </Placemark>
    <Placemark>
      <name>ALPR</name>
      <description>OSM node: https://www.openstreetmap.org/node/13328388403
Manufacturer: Flock Safety
Direction: 101
Zone: traffic
Camera type: fixed</description>
      <Point>
        <coordinates>-116.9698545,32.6621972,0</coordinates>
      </Point>
    </Placemark>
    <Placemark>
      <name>ALPR</name>
      <description>OSM node: https://www.openstreetmap.org/node/13328435202
Manufacturer: Flock Safety
Direction: 61
Zone: traffic
Camera type: fixed</description>
      <Point>
        <coordinates>-116.9778616,33.2281066,0</coordinates>
      </Point>
    </Placemark>
    <Placemark>
      <name>ALPR</name>
      <description>OSM node: https://www.openstreetmap.org/node/13328438301
Manufacturer: Flock Safety
Direction: 306
Zone: traffic
Camera type: fixed</description>
      <Point>
        <coordinates>-116.9773058,33.2281069,0</coordinates>
      </Point>
    </Placemark>
    <Placemark>
      <name>ALPR</name>
      <description>OSM node: https://www.openstreetmap.org/node/13328465401
Manufacturer: Flock Safety
Direction: 0
Zone: traffic
Camera type: fixed</description>
      <Point>
        <coordinates>-116.9757211,33.2272499,0</coordinates>
      </Point>
    </Placemark>
    <Placemark>
      <name>ALPR</name>
      <description>OSM node: https://www.openstreetmap.org/node/13328468701
Manufacturer: Flock Safety
Direction: 73
Zone: traffic
Camera type: fixed</description>
      <Point>
        <coordinates>-116.9713395,33.2191447,0</coordinates>
      </Point>
    </Placemark>
    <Placemark>
      <name>ALPR</name>
      <description>OSM node: https://www.openstreetmap.org/node/13328468801
Manufacturer: Flock Safety
Direction: 106
Zone: traffic
Camera type: fixed</description>
      <Point>
        <coordinates>-116.9827555,32.6706012,0</coordinates>
      </Point>
    </Placemark>
    <Placemark>
      <name>ALPR</name>
      <description>OSM node: https://www.openstreetmap.org/node/13328556209
Manufacturer: Flock Safety
Direction: 190
Zone: traffic
Camera type: fixed</description>
      <Point>
        <coordinates>-122.8260039,38.5579508,0</coordinates>
      </Point>
    </Placemark>
    <Placemark>
      <name>ALPR</name>
      <description>OSM node: https://www.openstreetmap.org/node/13328582201
Manufacturer: Flock Safety
Direction: 94
Zone: traffic
Camera type: fixed</description>
      <Point>
        <coordinates>-117.5756391,34.048151,0</coordinates>
      </Point>
    </Placemark>
    <Placemark>
      <name>ALPR</name>
      <description>OSM node: https://www.openstreetmap.org/node/13328730401
Manufacturer: Flock Safety
Direction: 0
Zone: traffic
Camera type: fixed</description>
      <Point>
        <coordinates>-118.1865223,34.1979173,0</coordinates>
      </Point>
    </Placemark>
    <Placemark>
      <name>ALPR</name>
      <description>OSM node: https://www.openstreetmap.org/node/13328732101
Manufacturer: Flock Safety
Direction: 205
Zone: traffic
Camera type: fixed</description>
      <Point>
        <coordinates>-118.1914645,34.2003579,0</coordinates>
      </Point>
    </Placemark>
    <Placemark>
      <name>ALPR</name>
      <description>OSM node: https://www.openstreetmap.org/node/13328936703
Manufacturer: Flock Safety
Direction: 154
Zone: traffic
Camera type: fixed</description>
      <Point>
        <coordinates>-122.4484107,37.7581912,0</coordinates>
      </Point>
    </Placemark>
    <Placemark>
      <name>ALPR</name>
      <description>OSM node: https://www.openstreetmap.org/node/13329055801
Manufacturer: Flock Safety
Direction: 44
Zone: traffic
Camera type: fixed</description>
      <Point>
        <coordinates>-117.71631,33.5994778,0</coordinates>
      </Point>
    </Placemark>
    <Placemark>
      <name>ALPR</name>
      <description>OSM node: https://www.openstreetmap.org/node/13329056801
Manufacturer: Flock Safety
Direction: 349
Zone: traffic
Camera type: fixed</description>
      <Point>
        <coordinates>-117.7163779,33.5997246,0</coordinates>
      </Point>
    </Placemark>
    <Placemark>
      <name>ALPR</name>
      <description>OSM node: https://www.openstreetmap.org/node/13329061701
Manufacturer: Flock Safety
Direction: 0
Zone: traffic
Camera type: fixed</description>
      <Point>
        <coordinates>-117.7011411,33.5737708,0</coordinates>
      </Point>
    </Placemark>
    <Placemark>
      <name>ALPR</name>
      <description>OSM node: https://www.openstreetmap.org/node/13329062201
Manufacturer: Flock Safety
Direction: 31
Zone: traffic
Camera type: fixed</description>
      <Point>
        <coordinates>-117.7002068,33.5725166,0</coordinates>
      </Point>
    </Placemark>
    <Placemark>
      <name>ALPR</name>
      <description>OSM node: https://www.openstreetmap.org/node/13329062601
Manufacturer: Flock Safety
Direction: 225
Zone: traffic
Camera type: fixed</description>
      <Point>
        <coordinates>-117.7006993,33.5726586,0</coordinates>
      </Point>
    </Placemark>
    <Placemark>
      <name>ALPR</name>
      <description>OSM node: https://www.openstreetmap.org/node/13329063001
Manufacturer: Flock Safety
Direction: 71
Zone: traffic
Camera type: fixed</description>
      <Point>
        <coordinates>-117.6998909,33.5728379,0</coordinates>
      </Point>
    </Placemark>
    <Placemark>
      <name>ALPR</name>
      <description>OSM node: https://www.openstreetmap.org/node/13329294501
Manufacturer: Flock Safety
Direction: 230-275
Zone: traffic
Camera type: fixed</description>
      <Point>
        <coordinates>-122.786107,38.5258475,0</coordinates>
      </Point>
    </Placemark>
    <Placemark>
      <name>ALPR</name>
      <description>OSM node: https://www.openstreetmap.org/node/13329451301
Manufacturer: Flock Safety
Direction: 10-55
Zone: traffic
Camera type: fixed</description>
      <Point>
        <coordinates>-121.8121184,37.2660937,0</coordinates>
      </Point>
    </Placemark>
    <Placemark>
      <name>ALPR</name>
      <description>OSM node: https://www.openstreetmap.org/node/13329452901
Manufacturer: Flock Safety
Direction: 144-189
Zone: traffic
Camera type: fixed</description>
      <Point>
        <coordinates>-121.8100284,37.2615586,0</coordinates>
      </Point>
    </Placemark>
    <Placemark>
      <name>ALPR</name>
      <description>OSM node: https://www.openstreetmap.org/node/13329489501
Manufacturer: Flock Safety
Direction: 182
Zone: traffic
Camera type: fixed</description>
      <Point>
        <coordinates>-121.4531369,37.7070447,0</coordinates>
      </Point>
    </Placemark>
    <Placemark>
      <name>ALPR</name>
      <description>OSM node: https://www.openstreetmap.org/node/13329491101
Manufacturer: Flock Safety
Direction: 0
Zone: traffic
Camera type: fixed</description>
      <Point>
        <coordinates>-121.4530396,37.6760035,0</coordinates>
      </Point>
    </Placemark>
    <Placemark>
      <name>ALPR</name>
      <description>OSM node: https://www.openstreetmap.org/node/13329491601
Manufacturer: Flock Safety
Direction: 25
Zone: traffic
Camera type: fixed</description>
      <Point>
        <coordinates>-121.4538446,37.674768,0</coordinates>
      </Point>
    </Placemark>
    <Placemark>
      <name>ALPR</name>
      <description>OSM node: https://www.openstreetmap.org/node/13329550711
Manufacturer: Flock Safety
Direction: 245
Camera type: fixed</description>
      <Point>
        <coordinates>-122.2380342,38.1224813,0</coordinates>
      </Point>
    </Placemark>
    <Placemark>
      <name>ALPR</name>
      <description>OSM node: https://www.openstreetmap.org/node/13329550712
Manufacturer: Flock Safety
Direction: 225
Camera type: fixed</description>
      <Point>
        <coordinates>-122.239642,38.1292493,0</coordinates>
      </Point>
    </Placemark>
    <Placemark>
      <name>ALPR</name>
      <description>OSM node: https://www.openstreetmap.org/node/13329550713
Manufacturer: Flock Safety
Direction: 305
Camera type: fixed</description>
      <Point>
        <coordinates>-122.2392984,38.1293277,0</coordinates>
      </Point>
    </Placemark>
    <Placemark>
      <name>ALPR</name>
      <description>OSM node: https://www.openstreetmap.org/node/13329552101
Manufacturer: Flock Safety
Direction: 338-23
Zone: traffic
Camera type: fixed</description>
      <Point>
        <coordinates>-121.8099775,37.2657648,0</coordinates>
      </Point>
    </Placemark>
    <Placemark>
      <name>ALPR</name>
      <description>OSM node: https://www.openstreetmap.org/node/13329552102
Manufacturer: Flock Safety
Direction: 161
Zone: traffic
Camera type: fixed</description>
      <Point>
        <coordinates>-120.6153699,35.1212133,0</coordinates>
      </Point>
    </Placemark>
    <Placemark>
      <name>ALPR</name>
      <description>OSM node: https://www.openstreetmap.org/node/13329556901
Manufacturer: Flock Safety
Direction: 328-13
Zone: traffic
Camera type: fixed</description>
      <Point>
        <coordinates>-121.8058143,37.2658952,0</coordinates>
      </Point>
    </Placemark>
    <Placemark>
      <name>ALPR</name>
      <description>OSM node: https://www.openstreetmap.org/node/13329557702
Manufacturer: Flock Safety
Direction: 338-23
Zone: traffic
Camera type: fixed</description>
      <Point>
        <coordinates>-121.8112031,37.2658734,0</coordinates>
      </Point>
    </Placemark>
    <Placemark>
      <name>ALPR</name>
      <description>OSM node: https://www.openstreetmap.org/node/13329561501
Manufacturer: Flock Safety
Direction: 269-314
Zone: traffic
Camera type: fixed</description>
      <Point>
        <coordinates>-121.8041047,37.2569102,0</coordinates>
      </Point>
    </Placemark>
    <Placemark>
      <name>ALPR</name>
      <description>OSM node: https://www.openstreetmap.org/node/13329563301
Manufacturer: Flock Safety
Direction: 169-214
Zone: traffic
Camera type: fixed</description>
      <Point>
        <coordinates>-121.8147508,37.2636052,0</coordinates>
      </Point>
    </Placemark>
    <Placemark>
      <name>ALPR</name>
      <description>OSM node: https://www.openstreetmap.org/node/13329564301
Manufacturer: Flock Safety
Direction: 338-23;265-310;113-158
Zone: traffic
Camera type: fixed</description>
      <Point>
        <coordinates>-121.8224834,37.3690576,0</coordinates>
      </Point>
    </Placemark>
    <Placemark>
      <name>ALPR</name>
      <description>OSM node: https://www.openstreetmap.org/node/13329573350
Manufacturer: Flock Safety
Direction: 80
Camera type: fixed</description>
      <Point>
        <coordinates>-122.4051055,37.6543275,0</coordinates>
      </Point>
    </Placemark>
    <Placemark>
      <name>ALPR</name>
      <description>OSM node: https://www.openstreetmap.org/node/13329694202
Manufacturer: Flock Safety
Direction: 89
Zone: traffic
Camera type: fixed</description>
      <Point>
        <coordinates>-121.989462,37.9766237,0</coordinates>
      </Point>
    </Placemark>
    <Placemark>
      <name>Stockton Police Department ALPR</name>
      <description>OSM node: https://www.openstreetmap.org/node/13329729235
Operator: Stockton Police Department
Manufacturer: Flock Safety
Direction: 60
Camera type: fixed</description>
      <Point>
        <coordinates>-121.2667839,37.9315846,0</coordinates>
      </Point>
    </Placemark>
    <Placemark>
      <name>Stockton Police Department ALPR</name>
      <description>OSM node: https://www.openstreetmap.org/node/13329729236
Operator: Stockton Police Department
Manufacturer: Flock Safety
Direction: 315
Camera type: fixed</description>
      <Point>
        <coordinates>-121.2669133,37.9318189,0</coordinates>
      </Point>
    </Placemark>
    <Placemark>
      <name>Stockton Police Department ALPR</name>
      <description>OSM node: https://www.openstreetmap.org/node/13329729237
Operator: Stockton Police Department
Manufacturer: Flock Safety
Direction: 180
Camera type: fixed</description>
      <Point>
        <coordinates>-121.2430794,37.9381668,0</coordinates>
      </Point>
    </Placemark>
    <Placemark>
      <name>Stockton Police Department ALPR</name>
      <description>OSM node: https://www.openstreetmap.org/node/13329729238
Operator: Stockton Police Department
Manufacturer: Flock Safety
Direction: 270
Camera type: fixed</description>
      <Point>
        <coordinates>-121.2429345,37.9384353,0</coordinates>
      </Point>
    </Placemark>
    <Placemark>
      <name>Stockton Police Department ALPR</name>
      <description>OSM node: https://www.openstreetmap.org/node/13329788957
Operator: Stockton Police Department
Manufacturer: Flock Safety
Direction: 45
Camera type: fixed</description>
      <Point>
        <coordinates>-121.3014834,37.9661043,0</coordinates>
      </Point>
    </Placemark>
    <Placemark>
      <name>Stockton Police Department ALPR</name>
      <description>OSM node: https://www.openstreetmap.org/node/13329788958
Operator: Stockton Police Department
Manufacturer: Flock Safety
Direction: 45
Camera type: fixed</description>
      <Point>
        <coordinates>-121.293643,37.9674492,0</coordinates>
      </Point>
    </Placemark>
    <Placemark>
      <name>Stockton Police Department ALPR</name>
      <description>OSM node: https://www.openstreetmap.org/node/13329788959
Operator: Stockton Police Department
Manufacturer: Flock Safety
Direction: 215
Camera type: fixed</description>
      <Point>
        <coordinates>-121.2940107,37.9675833,0</coordinates>
      </Point>
    </Placemark>
    <Placemark>
      <name>ALPR</name>
      <description>OSM node: https://www.openstreetmap.org/node/13329894195
Manufacturer: Flock Safety
Direction: 80
Camera type: fixed</description>
      <Point>
        <coordinates>-121.8600044,37.3039587,0</coordinates>
      </Point>
    </Placemark>
    <Placemark>
      <name>ALPR</name>
      <description>OSM node: https://www.openstreetmap.org/node/13329894196
Manufacturer: Flock Safety
Direction: 40
Camera type: fixed</description>
      <Point>
        <coordinates>-121.8910842,37.3073985,0</coordinates>
      </Point>
    </Placemark>
    <Placemark>
      <name>ALPR</name>
      <description>OSM node: https://www.openstreetmap.org/node/13329894197
Manufacturer: Flock Safety
Direction: 90
Camera type: fixed</description>
      <Point>
        <coordinates>-121.943132,37.3231857,0</coordinates>
      </Point>
    </Placemark>
    <Placemark>
      <name>ALPR</name>
      <description>OSM node: https://www.openstreetmap.org/node/13329956411
Manufacturer: Flock Safety
Direction: 85
Camera type: fixed</description>
      <Point>
        <coordinates>-121.8251888,37.3530812,0</coordinates>
      </Point>
    </Placemark>
    <Placemark>
      <name>ALPR</name>
      <description>OSM node: https://www.openstreetmap.org/node/13329973840
Manufacturer: Flock Safety
Direction: 75
Camera type: fixed</description>
      <Point>
        <coordinates>-121.8249361,37.3531525,0</coordinates>
      </Point>
    </Placemark>
    <Placemark>
      <name>ALPR</name>
      <description>OSM node: https://www.openstreetmap.org/node/13329975687
Manufacturer: Flock Safety
Direction: 15
Camera type: fixed</description>
      <Point>
        <coordinates>-121.8206244,37.3550302,0</coordinates>
      </Point>
    </Placemark>
    <Placemark>
      <name>ALPR</name>
      <description>OSM node: https://www.openstreetmap.org/node/13329979350
Manufacturer: Flock Safety
Direction: 295
Camera type: fixed</description>
      <Point>
        <coordinates>-121.8237067,37.3517775,0</coordinates>
      </Point>
    </Placemark>
    <Placemark>
      <name>ALPR</name>
      <description>OSM node: https://www.openstreetmap.org/node/13330512001
Manufacturer: Flock Safety
Direction: 61
Zone: traffic
Camera type: fixed</description>
      <Point>
        <coordinates>-117.9822298,34.1349573,0</coordinates>
      </Point>
    </Placemark>
    <Placemark>
      <name>ALPR</name>
      <description>OSM node: https://www.openstreetmap.org/node/13331227302
Manufacturer: Flock Safety
Direction: 205
Zone: traffic
Camera type: fixed</description>
      <Point>
        <coordinates>-121.0800894,38.6318641,0</coordinates>
      </Point>
    </Placemark>
    <Placemark>
      <name>ALPR</name>
      <description>OSM node: https://www.openstreetmap.org/node/13331524702
Manufacturer: Flock Safety
Direction: 88
Zone: traffic
Camera type: fixed</description>
      <Point>
        <coordinates>-122.2324638,37.7744688,0</coordinates>
      </Point>
    </Placemark>
    <Placemark>
      <name>ALPR</name>
      <description>OSM node: https://www.openstreetmap.org/node/13331524801
Manufacturer: Flock Safety
Direction: 187
Zone: traffic
Camera type: fixed</description>
      <Point>
        <coordinates>-122.237587,37.7705674,0</coordinates>
      </Point>
    </Placemark>
    <Placemark>
      <name>ALPR</name>
      <description>OSM node: https://www.openstreetmap.org/node/13331527101
Manufacturer: Flock Safety
Direction: 279
Zone: traffic
Camera type: fixed</description>
      <Point>
        <coordinates>-122.2375478,37.7706985,0</coordinates>
      </Point>
    </Placemark>
    <Placemark>
      <name>ALPR</name>
      <description>OSM node: https://www.openstreetmap.org/node/13331532601
Manufacturer: Flock Safety
Direction: 117
Zone: traffic
Camera type: fixed</description>
      <Point>
        <coordinates>-122.2236191,37.7711894,0</coordinates>
      </Point>
    </Placemark>
    <Placemark>
      <name>Santa Clara Police Department ALPR</name>
      <description>OSM node: https://www.openstreetmap.org/node/13332366701
Operator: Santa Clara Police Department
Manufacturer: Flock Safety
Direction: 65
Zone: traffic
Camera type: fixed</description>
      <Point>
        <coordinates>-121.9774342,37.38224,0</coordinates>
      </Point>
    </Placemark>
    <Placemark>
      <name>ALPR</name>
      <description>OSM node: https://www.openstreetmap.org/node/13332404305
Manufacturer: Flock Safety
Direction: 121
Zone: traffic
Camera type: fixed</description>
      <Point>
        <coordinates>-122.4753057,38.3015869,0</coordinates>
      </Point>
    </Placemark>
    <Placemark>
      <name>ALPR</name>
      <description>OSM node: https://www.openstreetmap.org/node/13332431501
Manufacturer: Flock Safety
Direction: 274
Zone: traffic
Camera type: fixed</description>
      <Point>
        <coordinates>-122.4766474,38.2939948,0</coordinates>
      </Point>
    </Placemark>
    <Placemark>
      <name>ALPR</name>
      <description>OSM node: https://www.openstreetmap.org/node/13332535401
Manufacturer: Flock Safety
Direction: 145
Zone: traffic
Camera type: fixed</description>
      <Point>
        <coordinates>-118.4883199,34.1351758,0</coordinates>
      </Point>
    </Placemark>
    <Placemark>
      <name>ALPR</name>
      <description>OSM node: https://www.openstreetmap.org/node/13332539001
Manufacturer: Flock Safety
Direction: 111
Zone: traffic
Camera type: fixed</description>
      <Point>
        <coordinates>-118.7308643,34.2490976,0</coordinates>
      </Point>
    </Placemark>
    <Placemark>
      <name>ALPR</name>
      <description>OSM node: https://www.openstreetmap.org/node/13332632201
Manufacturer: Flock Safety
Direction: 245
Zone: traffic
Camera type: fixed</description>
      <Point>
        <coordinates>-119.0745764,35.3183345,0</coordinates>
      </Point>
    </Placemark>
    <Placemark>
      <name>ALPR</name>
      <description>OSM node: https://www.openstreetmap.org/node/13332774101
Manufacturer: Flock Safety
Direction: 0
Zone: traffic
Camera type: fixed</description>
      <Point>
        <coordinates>-122.0475888,38.003225,0</coordinates>
      </Point>
    </Placemark>
    <Placemark>
      <name>ALPR</name>
      <description>OSM node: https://www.openstreetmap.org/node/13332782101
Manufacturer: Flock Safety
Direction: 194-239
Zone: traffic
Camera type: fixed</description>
      <Point>
        <coordinates>-121.3040206,38.5747898,0</coordinates>
      </Point>
    </Placemark>
    <Placemark>
      <name>ALPR</name>
      <description>OSM node: https://www.openstreetmap.org/node/13332787501
Manufacturer: Flock Safety
Direction: 279-324
Zone: traffic
Camera type: fixed</description>
      <Point>
        <coordinates>-121.3037754,38.5749681,0</coordinates>
      </Point>
    </Placemark>
    <Placemark>
      <name>ALPR</name>
      <description>OSM node: https://www.openstreetmap.org/node/13332800801
Manufacturer: Flock Safety
Direction: 184
Zone: traffic
Camera type: fixed</description>
      <Point>
        <coordinates>-122.0240299,38.0048958,0</coordinates>
      </Point>
    </Placemark>
    <Placemark>
      <name>Orange County Sheriff ALPR</name>
      <description>OSM node: https://www.openstreetmap.org/node/13332833954
Operator: Orange County Sheriff
Direction: 180
Zone: traffic
Camera type: fixed</description>
      <Point>
        <coordinates>-117.6811833,33.6364664,0</coordinates>
      </Point>
    </Placemark>
    <Placemark>
      <name>ALPR</name>
      <description>OSM node: https://www.openstreetmap.org/node/13332849577
Manufacturer: Flock Safety
Direction: 100
Zone: street
Camera type: fixed</description>
      <Point>
        <coordinates>-122.5779672,38.4352968,0</coordinates>
      </Point>
    </Placemark>
    <Placemark>
      <name>ALPR</name>
      <description>OSM node: https://www.openstreetmap.org/node/13332850397
Manufacturer: Flock Safety
Direction: 320
Camera type: fixed</description>
      <Point>
        <coordinates>-121.1344867,38.6438155,0</coordinates>
      </Point>
    </Placemark>
    <Placemark>
      <name>Thousand Oaks Police Department ALPR</name>
      <description>OSM node: https://www.openstreetmap.org/node/13332897353
Operator: Thousand Oaks Police Department
Manufacturer: Flock Safety
Direction: 250
Zone: street
Camera type: fixed</description>
      <Point>
        <coordinates>-118.8838442,34.182603,0</coordinates>
      </Point>
    </Placemark>
    <Placemark>
      <name>Sunnyvale Department of Public Safety ALPR</name>
      <description>OSM node: https://www.openstreetmap.org/node/13332918202
Operator: Sunnyvale Department of Public Safety
Manufacturer: Flock Safety
Direction: 140
Zone: traffic
Camera type: fixed</description>
      <Point>
        <coordinates>-121.9960727,37.3991443,0</coordinates>
      </Point>
    </Placemark>
    <Placemark>
      <name>Burbank ALPR</name>
      <description>OSM node: https://www.openstreetmap.org/node/13332966940
Operator: Burbank
Manufacturer: Flock Safety
Direction: 225
Zone: street</description>
      <Point>
        <coordinates>-118.3241743,34.1597045,0</coordinates>
      </Point>
    </Placemark>
    <Placemark>
      <name>Burbank ALPR</name>
      <description>OSM node: https://www.openstreetmap.org/node/13333003413
Operator: Burbank
Manufacturer: Flock Safety
Direction: 300
Zone: street</description>
      <Point>
        <coordinates>-118.3023242,34.1804953,0</coordinates>
      </Point>
    </Placemark>
    <Placemark>
      <name>ALPR</name>
      <description>OSM node: https://www.openstreetmap.org/node/13333060901
Manufacturer: Flock Safety
Direction: 76
Zone: traffic
Camera type: fixed</description>
      <Point>
        <coordinates>-123.7431719,39.8869602,0</coordinates>
      </Point>
    </Placemark>
    <Placemark>
      <name>ALPR</name>
      <description>OSM node: https://www.openstreetmap.org/node/13333081001
Manufacturer: Flock Safety
Direction: 339
Zone: traffic
Camera type: fixed</description>
      <Point>
        <coordinates>-117.9157344,34.1268694,0</coordinates>
      </Point>
    </Placemark>
    <Placemark>
      <name>ALPR</name>
      <description>OSM node: https://www.openstreetmap.org/node/13333089001
Manufacturer: Flock Safety
Direction: 153
Zone: traffic
Camera type: fixed</description>
      <Point>
        <coordinates>-121.9214724,37.4108996,0</coordinates>
      </Point>
    </Placemark>
    <Placemark>
      <name>ALPR</name>
      <description>OSM node: https://www.openstreetmap.org/node/13333104801
Manufacturer: Flock Safety
Direction: 113
Zone: traffic
Camera type: fixed</description>
      <Point>
        <coordinates>-117.9230203,34.1431405,0</coordinates>
      </Point>
    </Placemark>
    <Placemark>
      <name>ALPR</name>
      <description>OSM node: https://www.openstreetmap.org/node/13333109901
Manufacturer: Flock Safety
Direction: 342
Zone: traffic
Camera type: fixed</description>
      <Point>
        <coordinates>-117.8900439,34.1215448,0</coordinates>
      </Point>
    </Placemark>
    <Placemark>
      <name>California Resources Corporation ALPR</name>
      <description>OSM node: https://www.openstreetmap.org/node/13333112301
Operator: California Resources Corporation
Manufacturer: Flock Safety
Direction: 146-191
Zone: traffic
Camera type: fixed</description>
      <Point>
        <coordinates>-119.0252609,35.4669115,0</coordinates>
      </Point>
    </Placemark>
    <Placemark>
      <name>California Resources Corporation ALPR</name>
      <description>OSM node: https://www.openstreetmap.org/node/13333115401
Operator: California Resources Corporation
Manufacturer: Flock Safety
Direction: 18-63
Zone: traffic
Camera type: fixed</description>
      <Point>
        <coordinates>-119.0253487,35.4664954,0</coordinates>
      </Point>
    </Placemark>
    <Placemark>
      <name>ALPR</name>
      <description>OSM node: https://www.openstreetmap.org/node/13334017794
Manufacturer: Flock Safety
Direction: 170
Camera type: fixed</description>
      <Point>
        <coordinates>-118.0841567,34.0009117,0</coordinates>
      </Point>
    </Placemark>
    <Placemark>
      <name>ALPR</name>
      <description>OSM node: https://www.openstreetmap.org/node/13334334901
Manufacturer: Flock Safety
Direction: 79
Zone: traffic
Camera type: fixed</description>
      <Point>
        <coordinates>-122.4024891,38.1552303,0</coordinates>
      </Point>
    </Placemark>
    <Placemark>
      <name>ALPR</name>
      <description>OSM node: https://www.openstreetmap.org/node/13334335501
Manufacturer: Flock Safety
Direction: 246
Zone: traffic
Camera type: fixed</description>
      <Point>
        <coordinates>-122.4105364,38.1560678,0</coordinates>
      </Point>
    </Placemark>
    <Placemark>
      <name>ALPR</name>
      <description>OSM node: https://www.openstreetmap.org/node/13334433201
Manufacturer: Flock Safety
Direction: 51;78
Zone: traffic
Camera type: fixed</description>
      <Point>
        <coordinates>-119.4320667,36.6111918,0</coordinates>
      </Point>
    </Placemark>
    <Placemark>
      <name>California Highway Patrol (CHP) ALPR</name>
      <description>OSM node: https://www.openstreetmap.org/node/13334437536
Operator: California Highway Patrol (CHP)
Manufacturer: Flock Safety
Direction: 120
Camera type: fixed</description>
      <Point>
        <coordinates>-122.2593338,37.8411977,0</coordinates>
      </Point>
    </Placemark>
    <Placemark>
      <name>California Highway Patrol (CHP) ALPR</name>
      <description>OSM node: https://www.openstreetmap.org/node/13334446876
Operator: California Highway Patrol (CHP)
Manufacturer: Flock Safety
Direction: 245
Camera type: fixed</description>
      <Point>
        <coordinates>-122.256238,37.8433152,0</coordinates>
      </Point>
    </Placemark>
    <Placemark>
      <name>California Highway Patrol (CHP) ALPR</name>
      <description>OSM node: https://www.openstreetmap.org/node/13334447382
Operator: California Highway Patrol (CHP)
Manufacturer: Flock Safety
Direction: 30
Camera type: fixed</description>
      <Point>
        <coordinates>-122.1940887,37.722256,0</coordinates>
      </Point>
    </Placemark>
    <Placemark>
      <name>ALPR</name>
      <description>OSM node: https://www.openstreetmap.org/node/13334468401
Manufacturer: Flock Safety
Direction: 112
Zone: traffic
Camera type: fixed</description>
      <Point>
        <coordinates>-122.2374452,37.770525,0</coordinates>
      </Point>
    </Placemark>
    <Placemark>
      <name>ALPR</name>
      <description>OSM node: https://www.openstreetmap.org/node/13334569201
Manufacturer: Flock Safety
Direction: 150
Zone: traffic
Camera type: fixed</description>
      <Point>
        <coordinates>-116.963261,33.7685463,0</coordinates>
      </Point>
    </Placemark>
    <Placemark>
      <name>ALPR</name>
      <description>OSM node: https://www.openstreetmap.org/node/13334581101
Manufacturer: Flock Safety
Direction: 111
Zone: traffic
Camera type: fixed</description>
      <Point>
        <coordinates>-118.7308643,34.2490976,0</coordinates>
      </Point>
    </Placemark>
    <Placemark>
      <name>ALPR</name>
      <description>OSM node: https://www.openstreetmap.org/node/13334603001
Manufacturer: Flock Safety
Direction: 32
Zone: traffic
Camera type: fixed</description>
      <Point>
        <coordinates>-116.5921246,33.5688922,0</coordinates>
      </Point>
    </Placemark>
    <Placemark>
      <name>ALPR</name>
      <description>OSM node: https://www.openstreetmap.org/node/13334613301
Manufacturer: Flock Safety
Direction: 205
Zone: traffic
Camera type: fixed</description>
      <Point>
        <coordinates>-117.8636934,33.6736587,0</coordinates>
      </Point>
    </Placemark>
    <Placemark>
      <name>ALPR</name>
      <description>OSM node: https://www.openstreetmap.org/node/13334630537
Manufacturer: Flock Safety
Direction: 70
Zone: traffic
Camera type: fixed</description>
      <Point>
        <coordinates>-120.8379235,37.5001117,0</coordinates>
      </Point>
    </Placemark>
    <Placemark>
      <name>ALPR</name>
      <description>OSM node: https://www.openstreetmap.org/node/13334710901
Manufacturer: Flock Safety
Direction: 3
Zone: traffic
Camera type: fixed</description>
      <Point>
        <coordinates>-122.0227884,37.9739428,0</coordinates>
      </Point>
    </Placemark>
    <Placemark>
      <name>ALPR</name>
      <description>OSM node: https://www.openstreetmap.org/node/13334756901
Manufacturer: Flock Safety
Direction: 224
Zone: traffic
Camera type: fixed</description>
      <Point>
        <coordinates>-122.4819179,37.7906906,0</coordinates>
      </Point>
    </Placemark>
    <Placemark>
      <name>ALPR</name>
      <description>OSM node: https://www.openstreetmap.org/node/13334802703
Manufacturer: Flock Safety
Direction: 271
Zone: traffic
Camera type: fixed</description>
      <Point>
        <coordinates>-116.9577573,32.7877842,0</coordinates>
      </Point>
    </Placemark>
    <Placemark>
      <name>ALPR</name>
      <description>OSM node: https://www.openstreetmap.org/node/13334812601
Manufacturer: Flock Safety
Direction: 0
Zone: traffic
Camera type: fixed</description>
      <Point>
        <coordinates>-116.9575013,32.7877674,0</coordinates>
      </Point>
    </Placemark>
    <Placemark>
      <name>ALPR</name>
      <description>OSM node: https://www.openstreetmap.org/node/13334813901
Manufacturer: Flock Safety
Direction: 180
Zone: traffic
Camera type: fixed</description>
      <Point>
        <coordinates>-116.9577739,32.7875019,0</coordinates>
      </Point>
    </Placemark>
    <Placemark>
      <name>ALPR</name>
      <description>OSM node: https://www.openstreetmap.org/node/13334818701
Manufacturer: Flock Safety
Direction: 270
Zone: traffic
Camera type: fixed</description>
      <Point>
        <coordinates>-116.9579458,32.7805588,0</coordinates>
      </Point>
    </Placemark>
    <Placemark>
      <name>ALPR</name>
      <description>OSM node: https://www.openstreetmap.org/node/13334818702
Manufacturer: Flock Safety
Direction: 90
Zone: traffic
Camera type: fixed</description>
      <Point>
        <coordinates>-116.9576833,32.7802234,0</coordinates>
      </Point>
    </Placemark>
    <Placemark>
      <name>ALPR</name>
      <description>OSM node: https://www.openstreetmap.org/node/13334820701
Manufacturer: Flock Safety
Direction: 265
Zone: traffic
Camera type: fixed</description>
      <Point>
        <coordinates>-116.9605549,32.7805336,0</coordinates>
      </Point>
    </Placemark>
    <Placemark>
      <name>ALPR</name>
      <description>OSM node: https://www.openstreetmap.org/node/13334826201
Manufacturer: Flock Safety
Direction: 168
Zone: traffic
Camera type: fixed</description>
      <Point>
        <coordinates>-116.5440261,33.5610008,0</coordinates>
      </Point>
    </Placemark>
    <Placemark>
      <name>ALPR</name>
      <description>OSM node: https://www.openstreetmap.org/node/13334827101
Manufacturer: Flock Safety
Direction: 271
Zone: traffic
Camera type: fixed</description>
      <Point>
        <coordinates>-116.5437282,33.5609762,0</coordinates>
      </Point>
    </Placemark>
    <Placemark>
      <name>ALPR</name>
      <description>OSM node: https://www.openstreetmap.org/node/13334830101
Manufacturer: Flock Safety
Direction: 36
Zone: traffic
Camera type: fixed</description>
      <Point>
        <coordinates>-116.9775734,32.784666,0</coordinates>
      </Point>
    </Placemark>
    <Placemark>
      <name>ALPR</name>
      <description>OSM node: https://www.openstreetmap.org/node/13334840201
Manufacturer: Flock Safety
Direction: 314
Zone: traffic
Camera type: fixed</description>
      <Point>
        <coordinates>-116.9752801,32.7883384,0</coordinates>
      </Point>
    </Placemark>
    <Placemark>
      <name>ALPR</name>
      <description>OSM node: https://www.openstreetmap.org/node/13334862102
Manufacturer: Flock Safety
Direction: 247
Zone: traffic
Camera type: fixed</description>
      <Point>
        <coordinates>-116.98318,32.7948523,0</coordinates>
      </Point>
    </Placemark>
    <Placemark>
      <name>ALPR</name>
      <description>OSM node: https://www.openstreetmap.org/node/13334875801
Manufacturer: Flock Safety
Direction: 268
Zone: traffic
Camera type: fixed</description>
      <Point>
        <coordinates>-122.2770141,37.779587,0</coordinates>
      </Point>
    </Placemark>
    <Placemark>
      <name>ALPR</name>
      <description>OSM node: https://www.openstreetmap.org/node/13334877801
Manufacturer: Flock Safety
Direction: 262
Zone: traffic
Camera type: fixed</description>
      <Point>
        <coordinates>-116.9832625,32.8278684,0</coordinates>
      </Point>
    </Placemark>
    <Placemark>
      <name>ALPR</name>
      <description>OSM node: https://www.openstreetmap.org/node/13334877802
Manufacturer: Flock Safety
Direction: 89
Zone: traffic
Camera type: fixed</description>
      <Point>
        <coordinates>-116.9835832,32.8274717,0</coordinates>
      </Point>
    </Placemark>
    <Placemark>
      <name>ALPR</name>
      <description>OSM node: https://www.openstreetmap.org/node/13334887101
Manufacturer: Flock Safety
Direction: 77
Zone: traffic
Camera type: fixed</description>
      <Point>
        <coordinates>-116.9631116,32.8074874,0</coordinates>
      </Point>
    </Placemark>
    <Placemark>
      <name>ALPR</name>
      <description>OSM node: https://www.openstreetmap.org/node/13334888501
Manufacturer: Flock Safety
Direction: 0
Zone: traffic
Camera type: fixed</description>
      <Point>
        <coordinates>-116.9580874,32.8078467,0</coordinates>
      </Point>
    </Placemark>
    <Placemark>
      <name>ALPR</name>
      <description>OSM node: https://www.openstreetmap.org/node/13334890901
Manufacturer: Flock Safety
Direction: 77
Zone: traffic
Camera type: fixed</description>
      <Point>
        <coordinates>-116.9509289,32.8075776,0</coordinates>
      </Point>
    </Placemark>
    <Placemark>
      <name>ALPR</name>
      <description>OSM node: https://www.openstreetmap.org/node/13334891101
Manufacturer: Flock Safety
Direction: 248
Zone: traffic
Camera type: fixed</description>
      <Point>
        <coordinates>-116.9510883,32.807813,0</coordinates>
      </Point>
    </Placemark>
    <Placemark>
      <name>ALPR</name>
      <description>OSM node: https://www.openstreetmap.org/node/13334891202
Manufacturer: Flock Safety
Direction: 173
Zone: traffic
Camera type: fixed</description>
      <Point>
        <coordinates>-116.951122,32.807557,0</coordinates>
      </Point>
    </Placemark>
    <Placemark>
      <name>ALPR</name>
      <description>OSM node: https://www.openstreetmap.org/node/13334891301
Manufacturer: Flock Safety
Direction: 356
Zone: traffic
Camera type: fixed</description>
      <Point>
        <coordinates>-116.9509432,32.8078121,0</coordinates>
      </Point>
    </Placemark>
    <Placemark>
      <name>ALPR</name>
      <description>OSM node: https://www.openstreetmap.org/node/13334892603
Manufacturer: Flock Safety
Direction: 349
Zone: traffic
Camera type: fixed</description>
      <Point>
        <coordinates>-116.9445694,32.8078151,0</coordinates>
      </Point>
    </Placemark>
    <Placemark>
      <name>ALPR</name>
      <description>OSM node: https://www.openstreetmap.org/node/13334893869
Manufacturer: Flock Safety
Camera type: fixed</description>
      <Point>
        <coordinates>-116.5515961,33.8520485,0</coordinates>
      </Point>
    </Placemark>
    <Placemark>
      <name>ALPR</name>
      <description>OSM node: https://www.openstreetmap.org/node/13334893901
Manufacturer: Flock Safety
Direction: 163
Zone: traffic
Camera type: fixed</description>
      <Point>
        <coordinates>-116.9446818,32.8075737,0</coordinates>
      </Point>
    </Placemark>
    <Placemark>
      <name>ALPR</name>
      <description>OSM node: https://www.openstreetmap.org/node/13334895901
Manufacturer: Flock Safety
Direction: 162
Zone: traffic
Camera type: fixed</description>
      <Point>
        <coordinates>-116.9358523,32.8075642,0</coordinates>
      </Point>
    </Placemark>
    <Placemark>
      <name>ALPR</name>
      <description>OSM node: https://www.openstreetmap.org/node/13334896101
Manufacturer: Flock Safety
Direction: 350
Zone: traffic
Camera type: fixed</description>
      <Point>
        <coordinates>-116.9356061,32.8078347,0</coordinates>
      </Point>
    </Placemark>
    <Placemark>
      <name>ALPR</name>
      <description>OSM node: https://www.openstreetmap.org/node/13334896201
Manufacturer: Flock Safety
Direction: 255
Zone: traffic
Camera type: fixed</description>
      <Point>
        <coordinates>-116.9358707,32.807845,0</coordinates>
      </Point>
    </Placemark>
    <Placemark>
      <name>ALPR</name>
      <description>OSM node: https://www.openstreetmap.org/node/13334896501
Manufacturer: Flock Safety
Direction: 73
Zone: traffic
Camera type: fixed</description>
      <Point>
        <coordinates>-116.9355999,32.8075728,0</coordinates>
      </Point>
    </Placemark>
    <Placemark>
      <name>ALPR</name>
      <description>OSM node: https://www.openstreetmap.org/node/13334896502
Manufacturer: Flock Safety
Direction: 73
Zone: traffic
Camera type: fixed</description>
      <Point>
        <coordinates>-116.9355999,32.8075728,0</coordinates>
      </Point>
    </Placemark>
    <Placemark>
      <name>ALPR</name>
      <description>OSM node: https://www.openstreetmap.org/node/13334898301
Manufacturer: Flock Safety
Direction: 347
Zone: traffic
Camera type: fixed</description>
      <Point>
        <coordinates>-116.9356117,32.8021403,0</coordinates>
      </Point>
    </Placemark>
    <Placemark>
      <name>ALPR</name>
      <description>OSM node: https://www.openstreetmap.org/node/13334902001
Manufacturer: Flock Safety
Direction: 56
Zone: traffic
Camera type: fixed</description>
      <Point>
        <coordinates>-116.9335392,32.792561,0</coordinates>
      </Point>
    </Placemark>
    <Placemark>
      <name>ALPR</name>
      <description>OSM node: https://www.openstreetmap.org/node/13334929701
Manufacturer: Flock Safety
Direction: 315-360
Zone: traffic
Camera type: fixed</description>
      <Point>
        <coordinates>-117.8637143,34.1070932,0</coordinates>
      </Point>
    </Placemark>
    <Placemark>
      <name>ALPR</name>
      <description>OSM node: https://www.openstreetmap.org/node/13334932501
Manufacturer: Flock Safety
Direction: 328
Zone: traffic
Camera type: fixed</description>
      <Point>
        <coordinates>-116.9669692,33.7294968,0</coordinates>
      </Point>
    </Placemark>
    <Placemark>
      <name>ALPR</name>
      <description>OSM node: https://www.openstreetmap.org/node/13334932901
Manufacturer: Flock Safety
Direction: 297-342
Zone: traffic
Camera type: fixed</description>
      <Point>
        <coordinates>-117.8549969,34.1071793,0</coordinates>
      </Point>
    </Placemark>
    <Placemark>
      <name>ALPR</name>
      <description>OSM node: https://www.openstreetmap.org/node/13334960284
Manufacturer: Flock Safety
Direction: 20
Zone: traffic
Camera type: fixed</description>
      <Point>
        <coordinates>-117.6510982,34.1072994,0</coordinates>
      </Point>
    </Placemark>
    <Placemark>
      <name>ALPR</name>
      <description>OSM node: https://www.openstreetmap.org/node/13334965101
Manufacturer: Flock Safety
Direction: 254
Zone: traffic
Camera type: fixed</description>
      <Point>
        <coordinates>-116.9717223,33.7367274,0</coordinates>
      </Point>
    </Placemark>
    <Placemark>
      <name>ALPR</name>
      <description>OSM node: https://www.openstreetmap.org/node/13334990201
Manufacturer: Flock Safety
Direction: 88
Zone: traffic
Camera type: fixed</description>
      <Point>
        <coordinates>-119.8497161,36.8096454,0</coordinates>
      </Point>
    </Placemark>
    <Placemark>
      <name>ALPR</name>
      <description>OSM node: https://www.openstreetmap.org/node/13335005994
Manufacturer: Flock Safety
Direction: 240
Zone: traffic
Camera type: fixed</description>
      <Point>
        <coordinates>-117.7995254,34.103168,0</coordinates>
      </Point>
    </Placemark>
    <Placemark>
      <name>ALPR</name>
      <description>OSM node: https://www.openstreetmap.org/node/13335026301
Manufacturer: Flock Safety
Direction: 281
Zone: traffic
Camera type: fixed</description>
      <Point>
        <coordinates>-121.9583523,37.9525937,0</coordinates>
      </Point>
    </Placemark>
    <Placemark>
      <name>ALPR</name>
      <description>OSM node: https://www.openstreetmap.org/node/13335027901
Manufacturer: Flock Safety
Direction: 319
Zone: traffic
Camera type: fixed</description>
      <Point>
        <coordinates>-121.9590527,37.9527452,0</coordinates>
      </Point>
    </Placemark>
    <Placemark>
      <name>ALPR</name>
      <description>OSM node: https://www.openstreetmap.org/node/13335254201
Manufacturer: Flock Safety
Direction: 290-335;168-213
Zone: traffic
Camera type: fixed</description>
      <Point>
        <coordinates>-122.4717254,37.8827519,0</coordinates>
      </Point>
    </Placemark>
    <Placemark>
      <name>ALPR</name>
      <description>OSM node: https://www.openstreetmap.org/node/13335359801
Manufacturer: Flock Safety
Direction: 338-23
Zone: traffic
Camera type: fixed</description>
      <Point>
        <coordinates>-122.704196,38.4165181,0</coordinates>
      </Point>
    </Placemark>
    <Placemark>
      <name>ALPR</name>
      <description>OSM node: https://www.openstreetmap.org/node/13335360401
Manufacturer: Flock Safety
Direction: 247-292
Zone: traffic
Camera type: fixed</description>
      <Point>
        <coordinates>-122.7043357,38.4165225,0</coordinates>
      </Point>
    </Placemark>
    <Placemark>
      <name>ALPR</name>
      <description>OSM node: https://www.openstreetmap.org/node/13336454601
Manufacturer: Flock Safety
Direction: 51-96
Zone: traffic
Camera type: fixed</description>
      <Point>
        <coordinates>-122.6194483,38.2269805,0</coordinates>
      </Point>
    </Placemark>
    <Placemark>
      <name>ALPR</name>
      <description>OSM node: https://www.openstreetmap.org/node/13336953801
Manufacturer: Flock Safety
Direction: 330-15
Zone: traffic
Camera type: fixed</description>
      <Point>
        <coordinates>-121.9274593,37.6828415,0</coordinates>
      </Point>
    </Placemark>
    <Placemark>
      <name>ALPR</name>
      <description>OSM node: https://www.openstreetmap.org/node/13336954001
Manufacturer: Flock Safety
Direction: 157-202
Zone: traffic
Camera type: fixed</description>
      <Point>
        <coordinates>-121.9275982,37.6828962,0</coordinates>
      </Point>
    </Placemark>
    <Placemark>
      <name>ALPR</name>
      <description>OSM node: https://www.openstreetmap.org/node/13337053501
Manufacturer: Flock Safety
Direction: 93
Zone: traffic
Camera type: fixed</description>
      <Point>
        <coordinates>-121.5724556,39.5239647,0</coordinates>
      </Point>
    </Placemark>
    <Placemark>
      <name>ALPR</name>
      <description>OSM node: https://www.openstreetmap.org/node/13337064101
Manufacturer: Flock Safety
Direction: 321-6
Zone: traffic
Camera type: fixed</description>
      <Point>
        <coordinates>-118.0464057,33.9385717,0</coordinates>
      </Point>
    </Placemark>
    <Placemark>
      <name>ALPR</name>
      <description>OSM node: https://www.openstreetmap.org/node/13337069901
Manufacturer: Flock Safety
Direction: 144-189
Zone: traffic
Camera type: fixed</description>
      <Point>
        <coordinates>-118.0466013,33.9385508,0</coordinates>
      </Point>
    </Placemark>
    <Placemark>
      <name>ALPR</name>
      <description>OSM node: https://www.openstreetmap.org/node/13337346901
Manufacturer: Flock Safety
Direction: 135
Zone: traffic
Camera type: fixed</description>
      <Point>
        <coordinates>-117.4653848,33.9618026,0</coordinates>
      </Point>
    </Placemark>
    <Placemark>
      <name>ALPR</name>
      <description>OSM node: https://www.openstreetmap.org/node/13337403901
Manufacturer: Flock Safety
Direction: 36
Zone: traffic
Camera type: fixed</description>
      <Point>
        <coordinates>-117.1604223,33.5611624,0</coordinates>
      </Point>
    </Placemark>
    <Placemark>
      <name>ALPR</name>
      <description>OSM node: https://www.openstreetmap.org/node/13337454801
Manufacturer: Motorola Solutions
Direction: 274-334;57-117
Zone: traffic
Camera type: fixed</description>
      <Point>
        <coordinates>-120.8470012,38.6821734,0</coordinates>
      </Point>
    </Placemark>
    <Placemark>
      <name>ALPR</name>
      <description>OSM node: https://www.openstreetmap.org/node/13337455401
Manufacturer: Motorola Solutions
Direction: 279-339
Zone: traffic
Camera type: fixed</description>
      <Point>
        <coordinates>-120.8414182,38.7127517,0</coordinates>
      </Point>
    </Placemark>
    <Placemark>
      <name>ALPR</name>
      <description>OSM node: https://www.openstreetmap.org/node/13337455402
Manufacturer: Motorola Solutions
Direction: 103-163
Zone: traffic
Camera type: fixed</description>
      <Point>
        <coordinates>-120.8414643,38.7125721,0</coordinates>
      </Point>
    </Placemark>
    <Placemark>
      <name>ALPR</name>
      <description>OSM node: https://www.openstreetmap.org/node/13337455403
Manufacturer: Motorola Solutions
Direction: 92-152
Zone: traffic
Camera type: fixed</description>
      <Point>
        <coordinates>-120.9853003,38.5609036,0</coordinates>
      </Point>
    </Placemark>
    <Placemark>
      <name>ALPR</name>
      <description>OSM node: https://www.openstreetmap.org/node/13337461401
Manufacturer: Motorola Solutions
Direction: 290-350
Zone: traffic
Camera type: fixed</description>
      <Point>
        <coordinates>-120.98517,38.561244,0</coordinates>
      </Point>
    </Placemark>
    <Placemark>
      <name>San Diego Sheriff Department ALPR</name>
      <description>OSM node: https://www.openstreetmap.org/node/13337606480
Operator: San Diego Sheriff Department
Manufacturer: Flock Safety
Direction: 45
Zone: public</description>
      <Point>
        <coordinates>-117.0639685,32.934472,0</coordinates>
      </Point>
    </Placemark>
    <Placemark>
      <name>San Diego Sheriff Department ALPR</name>
      <description>OSM node: https://www.openstreetmap.org/node/13337606481
Operator: San Diego Sheriff Department
Manufacturer: Flock Safety
Direction: 20
Zone: public</description>
      <Point>
        <coordinates>-117.0743773,32.9488623,0</coordinates>
      </Point>
    </Placemark>
    <Placemark>
      <name>San Diego Sheriff Department ALPR</name>
      <description>OSM node: https://www.openstreetmap.org/node/13337606482
Operator: San Diego Sheriff Department
Manufacturer: Flock Safety
Direction: 145
Zone: public</description>
      <Point>
        <coordinates>-117.0625368,32.9783494,0</coordinates>
      </Point>
    </Placemark>
    <Placemark>
      <name>San Diego Sheriff Department ALPR</name>
      <description>OSM node: https://www.openstreetmap.org/node/13337606483
Operator: San Diego Sheriff Department
Manufacturer: Flock Safety
Direction: 350
Zone: public</description>
      <Point>
        <coordinates>-117.0616673,32.983601,0</coordinates>
      </Point>
    </Placemark>
    <Placemark>
      <name>San Diego Sheriff Department ALPR</name>
      <description>OSM node: https://www.openstreetmap.org/node/13337606484
Operator: San Diego Sheriff Department
Manufacturer: Flock Safety
Direction: 50
Zone: public</description>
      <Point>
        <coordinates>-117.052599,33.0186769,0</coordinates>
      </Point>
    </Placemark>
    <Placemark>
      <name>San Diego Sheriff Department ALPR</name>
      <description>OSM node: https://www.openstreetmap.org/node/13337606485
Operator: San Diego Sheriff Department
Manufacturer: Flock Safety
Direction: 105
Zone: public</description>
      <Point>
        <coordinates>-117.0585451,32.9799337,0</coordinates>
      </Point>
    </Placemark>
    <Placemark>
      <name>The Home Depot ALPR</name>
      <description>OSM node: https://www.openstreetmap.org/node/13337606486
Operator: The Home Depot
Manufacturer: Flock Safety
Direction: 160
Zone: public</description>
      <Point>
        <coordinates>-117.0360111,32.9366872,0</coordinates>
      </Point>
    </Placemark>
    <Placemark>
      <name>Chula Vista Police Department ALPR</name>
      <description>OSM node: https://www.openstreetmap.org/node/13337606487
Operator: Chula Vista Police Department
Manufacturer: Flock Safety
Direction: 240
Zone: public</description>
      <Point>
        <coordinates>-117.084905,32.5949916,0</coordinates>
      </Point>
    </Placemark>
    <Placemark>
      <name>Chula Vista Police Department ALPR</name>
      <description>OSM node: https://www.openstreetmap.org/node/13337606488
Operator: Chula Vista Police Department
Manufacturer: Flock Safety
Direction: 50
Zone: public</description>
      <Point>
        <coordinates>-117.0832094,32.5947068,0</coordinates>
      </Point>
    </Placemark>
    <Placemark>
      <name>Chula Vista Police Department ALPR</name>
      <description>OSM node: https://www.openstreetmap.org/node/13337606489
Operator: Chula Vista Police Department
Manufacturer: Flock Safety
Direction: 50
Zone: public</description>
      <Point>
        <coordinates>-117.0615781,32.6014237,0</coordinates>
      </Point>
    </Placemark>
    <Placemark>
      <name>Chula Vista Police Department ALPR</name>
      <description>OSM node: https://www.openstreetmap.org/node/13337606490
Operator: Chula Vista Police Department
Manufacturer: Flock Safety
Direction: 135
Zone: public</description>
      <Point>
        <coordinates>-117.0693013,32.6010613,0</coordinates>
      </Point>
    </Placemark>
    <Placemark>
      <name>Lowe's ALPR</name>
      <description>OSM node: https://www.openstreetmap.org/node/13337606491
Operator: Lowe's
Manufacturer: Flock Safety
Direction: 275
Zone: public</description>
      <Point>
        <coordinates>-117.1269746,32.7826282,0</coordinates>
      </Point>
    </Placemark>
    <Placemark>
      <name>ALPR</name>
      <description>OSM node: https://www.openstreetmap.org/node/13339049301
Manufacturer: Flock Safety
Direction: 234-279
Zone: traffic
Camera type: fixed</description>
      <Point>
        <coordinates>-122.0517082,37.6938316,0</coordinates>
      </Point>
    </Placemark>
    <Placemark>
      <name>ALPR</name>
      <description>OSM node: https://www.openstreetmap.org/node/13339073202
Manufacturer: Flock Safety
Direction: 349
Zone: traffic
Camera type: fixed</description>
      <Point>
        <coordinates>-116.950338,32.6341443,0</coordinates>
      </Point>
    </Placemark>
    <Placemark>
      <name>ALPR</name>
      <description>OSM node: https://www.openstreetmap.org/node/13339077702
Manufacturer: Flock Safety
Direction: 159
Zone: traffic
Camera type: fixed</description>
      <Point>
        <coordinates>-116.9481855,32.6310938,0</coordinates>
      </Point>
    </Placemark>
    <Placemark>
      <name>ALPR</name>
      <description>OSM node: https://www.openstreetmap.org/node/13339138348
Manufacturer: Flock Safety
Direction: 320
Camera type: fixed</description>
      <Point>
        <coordinates>-122.6967911,38.3299147,0</coordinates>
      </Point>
    </Placemark>
    <Placemark>
      <name>ALPR</name>
      <description>OSM node: https://www.openstreetmap.org/node/13339183101
Manufacturer: Flock Safety
Direction: 50-95
Zone: traffic
Camera type: fixed</description>
      <Point>
        <coordinates>-122.3220292,37.9767126,0</coordinates>
      </Point>
    </Placemark>
    <Placemark>
      <name>ALPR</name>
      <description>OSM node: https://www.openstreetmap.org/node/13339184701
Manufacturer: Flock Safety
Direction: 263-308
Zone: traffic
Camera type: fixed</description>
      <Point>
        <coordinates>-122.3236173,37.976821,0</coordinates>
      </Point>
    </Placemark>
    <Placemark>
      <name>ALPR</name>
      <description>OSM node: https://www.openstreetmap.org/node/13339185801
Manufacturer: Flock Safety
Direction: 156-201
Zone: traffic
Camera type: fixed</description>
      <Point>
        <coordinates>-122.3173135,37.9867767,0</coordinates>
      </Point>
    </Placemark>
    <Placemark>
      <name>ALPR</name>
      <description>OSM node: https://www.openstreetmap.org/node/13339186001
Manufacturer: Flock Safety
Direction: 343-28
Zone: traffic
Camera type: fixed</description>
      <Point>
        <coordinates>-122.3171325,37.9864193,0</coordinates>
      </Point>
    </Placemark>
    <Placemark>
      <name>ALPR</name>
      <description>OSM node: https://www.openstreetmap.org/node/13339187501
Manufacturer: Flock Safety
Direction: 175-220
Zone: traffic
Camera type: fixed</description>
      <Point>
        <coordinates>-122.3306495,37.9553812,0</coordinates>
      </Point>
    </Placemark>
    <Placemark>
      <name>ALPR</name>
      <description>OSM node: https://www.openstreetmap.org/node/13339219101
Manufacturer: Flock Safety
Direction: 338-23
Zone: traffic
Camera type: fixed</description>
      <Point>
        <coordinates>-118.0100492,33.9180346,0</coordinates>
      </Point>
    </Placemark>
    <Placemark>
      <name>ALPR</name>
      <description>OSM node: https://www.openstreetmap.org/node/13339261216
Manufacturer: Flock Safety
Direction: 70, 210, 300
Zone: traffic
Camera type: fixed</description>
      <Point>
        <coordinates>-116.5466667,33.8248647,0</coordinates>
      </Point>
    </Placemark>
    <Placemark>
      <name>ALPR</name>
      <description>OSM node: https://www.openstreetmap.org/node/13339291629
Manufacturer: Flock Safety
Direction: 70, 150, 290
Zone: traffic
Camera type: fixed</description>
      <Point>
        <coordinates>-116.546939,33.8302375,0</coordinates>
      </Point>
    </Placemark>
    <Placemark>
      <name>ALPR</name>
      <description>OSM node: https://www.openstreetmap.org/node/13339294621
Manufacturer: Flock Safety
Direction: 340
Zone: street
Camera type: fixed</description>
      <Point>
        <coordinates>-116.5466619,33.8405053,0</coordinates>
      </Point>
    </Placemark>
    <Placemark>
      <name>ALPR</name>
      <description>OSM node: https://www.openstreetmap.org/node/13339298530
Manufacturer: Flock Safety
Direction: 340
Zone: traffic
Camera type: fixed</description>
      <Point>
        <coordinates>-116.5466995,33.8305553,0</coordinates>
      </Point>
    </Placemark>
    <Placemark>
      <name>ALPR</name>
      <description>OSM node: https://www.openstreetmap.org/node/13339309050
Manufacturer: Flock Safety
Direction: 70, 210, 300
Zone: traffic
Camera type: fixed</description>
      <Point>
        <coordinates>-116.5466452,33.8230082,0</coordinates>
      </Point>
    </Placemark>
    <Placemark>
      <name>The Home Depot ALPR</name>
      <description>OSM node: https://www.openstreetmap.org/node/13339316501
Operator: The Home Depot
Manufacturer: Flock Safety
Direction: 210
Zone: traffic
Camera type: fixed</description>
      <Point>
        <coordinates>-117.8310758,34.1159165,0</coordinates>
      </Point>
    </Placemark>
    <Placemark>
      <name>ALPR</name>
      <description>OSM node: https://www.openstreetmap.org/node/13339318501
Manufacturer: Flock Safety
Direction: 79
Zone: traffic
Camera type: fixed</description>
      <Point>
        <coordinates>-117.7886018,34.1216295,0</coordinates>
      </Point>
    </Placemark>
    <Placemark>
      <name>ALPR</name>
      <description>OSM node: https://www.openstreetmap.org/node/13339350801
Manufacturer: Neology, Inc.
Direction: 151
Zone: traffic
Camera type: fixed</description>
      <Point>
        <coordinates>-121.9279056,37.4868703,0</coordinates>
      </Point>
    </Placemark>
    <Placemark>
      <name>ALPR</name>
      <description>OSM node: https://www.openstreetmap.org/node/13339351101
Manufacturer: Neology, Inc.
Direction: 239
Zone: traffic
Camera type: fixed</description>
      <Point>
        <coordinates>-121.9282056,37.4870644,0</coordinates>
      </Point>
    </Placemark>
    <Placemark>
      <name>ALPR</name>
      <description>OSM node: https://www.openstreetmap.org/node/13339351201
Manufacturer: Neology, Inc.
Direction: 331
Zone: traffic
Camera type: fixed</description>
      <Point>
        <coordinates>-121.9279423,37.4873556,0</coordinates>
      </Point>
    </Placemark>
    <Placemark>
      <name>ALPR</name>
      <description>OSM node: https://www.openstreetmap.org/node/13339359701
Manufacturer: Flock Safety
Direction: 104
Zone: traffic
Camera type: fixed</description>
      <Point>
        <coordinates>-121.9407063,37.4806855,0</coordinates>
      </Point>
    </Placemark>
    <Placemark>
      <name>ALPR</name>
      <description>OSM node: https://www.openstreetmap.org/node/13339493001
Manufacturer: Flock Safety
Direction: 176-221
Zone: traffic
Camera type: fixed</description>
      <Point>
        <coordinates>-118.0465515,33.9370634,0</coordinates>
      </Point>
    </Placemark>
    <Placemark>
      <name>ALPR</name>
      <description>OSM node: https://www.openstreetmap.org/node/13339555801
Manufacturer: Flock Safety
Direction: 306-351
Zone: traffic
Camera type: fixed</description>
      <Point>
        <coordinates>-118.0378898,33.9096845,0</coordinates>
      </Point>
    </Placemark>
    <Placemark>
      <name>ALPR</name>
      <description>OSM node: https://www.openstreetmap.org/node/13339576101
Manufacturer: Flock Safety
Direction: 0
Zone: traffic
Camera type: fixed</description>
      <Point>
        <coordinates>-116.9445447,32.7950912,0</coordinates>
      </Point>
    </Placemark>
    <Placemark>
      <name>ALPR</name>
      <description>OSM node: https://www.openstreetmap.org/node/13339576301
Manufacturer: Flock Safety
Direction: 262
Zone: traffic
Camera type: fixed</description>
      <Point>
        <coordinates>-116.9446708,32.7950636,0</coordinates>
      </Point>
    </Placemark>
    <Placemark>
      <name>ALPR</name>
      <description>OSM node: https://www.openstreetmap.org/node/13339576401
Manufacturer: Flock Safety
Direction: 181
Zone: traffic
Camera type: fixed</description>
      <Point>
        <coordinates>-116.9446643,32.7947978,0</coordinates>
      </Point>
    </Placemark>
    <Placemark>
      <name>ALPR</name>
      <description>OSM node: https://www.openstreetmap.org/node/13339576501
Manufacturer: Flock Safety
Direction: 94
Zone: traffic
Camera type: fixed</description>
      <Point>
        <coordinates>-116.9445217,32.7948075,0</coordinates>
      </Point>
    </Placemark>
    <Placemark>
      <name>ALPR</name>
      <description>OSM node: https://www.openstreetmap.org/node/13339588702
Manufacturer: Flock Safety
Direction: 78
Zone: traffic
Camera type: fixed</description>
      <Point>
        <coordinates>-116.9176965,32.7874663,0</coordinates>
      </Point>
    </Placemark>
    <Placemark>
      <name>ALPR</name>
      <description>OSM node: https://www.openstreetmap.org/node/13339589301
Manufacturer: Flock Safety
Direction: 257
Zone: traffic
Camera type: fixed</description>
      <Point>
        <coordinates>-116.917896,32.7876341,0</coordinates>
      </Point>
    </Placemark>
    <Placemark>
      <name>ALPR</name>
      <description>OSM node: https://www.openstreetmap.org/node/13339616692
Manufacturer: Flock Safety
Direction: 305
Camera type: fixed</description>
      <Point>
        <coordinates>-122.711823,38.3363233,0</coordinates>
      </Point>
    </Placemark>
    <Placemark>
      <name>ALPR</name>
      <description>OSM node: https://www.openstreetmap.org/node/13339642901
Manufacturer: Flock Safety
Direction: 105
Camera type: fixed</description>
      <Point>
        <coordinates>-122.7119209,38.3360393,0</coordinates>
      </Point>
    </Placemark>
    <Placemark>
      <name>ALPR</name>
      <description>OSM node: https://www.openstreetmap.org/node/13339650004
Direction: 135
Zone: traffic</description>
      <Point>
        <coordinates>-122.3111143,37.5492725,0</coordinates>
      </Point>
    </Placemark>
    <Placemark>
      <name>St Francis Wood HOA ALPR</name>
      <description>OSM node: https://www.openstreetmap.org/node/13339650631
Operator: St Francis Wood HOA
Manufacturer: Flock Safety
Direction: 180
Zone: street
Camera type: fixed</description>
      <Point>
        <coordinates>-122.4681432,37.7371616,0</coordinates>
      </Point>
    </Placemark>
    <Placemark>
      <name>St Francis Wood HOA ALPR</name>
      <description>OSM node: https://www.openstreetmap.org/node/13339650632
Operator: St Francis Wood HOA
Manufacturer: Flock Safety
Direction: 120
Zone: street
Camera type: fixed</description>
      <Point>
        <coordinates>-122.4679662,37.7373567,0</coordinates>
      </Point>
    </Placemark>
    <Placemark>
      <name>ALPR</name>
      <description>OSM node: https://www.openstreetmap.org/node/13339657623
Manufacturer: Flock Safety
Direction: 315
Zone: traffic
Camera type: fixed</description>
      <Point>
        <coordinates>-122.3108552,37.5493915,0</coordinates>
      </Point>
    </Placemark>
    <Placemark>
      <name>ALPR</name>
      <description>OSM node: https://www.openstreetmap.org/node/13339673865
Manufacturer: Flock Safety
Direction: 205
Camera type: fixed</description>
      <Point>
        <coordinates>-121.0902966,38.7262831,0</coordinates>
      </Point>
    </Placemark>
    <Placemark>
      <name>ALPR</name>
      <description>OSM node: https://www.openstreetmap.org/node/13339690847
Manufacturer: Flock Safety
Direction: 220
Camera type: fixed</description>
      <Point>
        <coordinates>-122.0688897,37.6053643,0</coordinates>
      </Point>
    </Placemark>
    <Placemark>
      <name>ALPR</name>
      <description>OSM node: https://www.openstreetmap.org/node/13339690848
Manufacturer: Flock Safety
Direction: 220
Camera type: fixed</description>
      <Point>
        <coordinates>-122.068952,37.6050722,0</coordinates>
      </Point>
    </Placemark>
    <Placemark>
      <name>ALPR</name>
      <description>OSM node: https://www.openstreetmap.org/node/13339690849
Manufacturer: Flock Safety
Direction: 40
Camera type: fixed</description>
      <Point>
        <coordinates>-122.069034,37.6045895,0</coordinates>
      </Point>
    </Placemark>
    <Placemark>
      <name>ALPR</name>
      <description>OSM node: https://www.openstreetmap.org/node/13339690850
Manufacturer: Flock Safety
Direction: 350
Camera type: fixed</description>
      <Point>
        <coordinates>-122.0688115,37.6048391,0</coordinates>
      </Point>
    </Placemark>
    <Placemark>
      <name>ALPR</name>
      <description>OSM node: https://www.openstreetmap.org/node/13339757701
Manufacturer: Flock Safety
Direction: 0
Zone: traffic
Camera type: fixed</description>
      <Point>
        <coordinates>-116.9878911,33.1778509,0</coordinates>
      </Point>
    </Placemark>
    <Placemark>
      <name>ALPR</name>
      <description>OSM node: https://www.openstreetmap.org/node/13339757801
Manufacturer: Flock Safety
Direction: 232
Zone: traffic
Camera type: fixed</description>
      <Point>
        <coordinates>-116.9880916,33.177752,0</coordinates>
      </Point>
    </Placemark>
    <Placemark>
      <name>ALPR</name>
      <description>OSM node: https://www.openstreetmap.org/node/13339946901
Manufacturer: Flock Safety
Direction: 187
Zone: traffic
Camera type: fixed</description>
      <Point>
        <coordinates>-117.6830203,33.4868001,0</coordinates>
      </Point>
    </Placemark>
    <Placemark>
      <name>ALPR</name>
      <description>OSM node: https://www.openstreetmap.org/node/13340733202
Manufacturer: Flock Safety
Direction: 202-247
Zone: traffic
Camera type: fixed</description>
      <Point>
        <coordinates>-117.0965334,32.6214868,0</coordinates>
      </Point>
    </Placemark>
    <Placemark>
      <name>ALPR</name>
      <description>OSM node: https://www.openstreetmap.org/node/13340756005
Manufacturer: Flock Safety
Camera type: fixed</description>
      <Point>
        <coordinates>-116.5017698,33.9031613,0</coordinates>
      </Point>
    </Placemark>
    <Placemark>
      <name>ALPR</name>
      <description>OSM node: https://www.openstreetmap.org/node/13340756006
Manufacturer: Flock Safety
Camera type: fixed</description>
      <Point>
        <coordinates>-116.5013915,33.9033267,0</coordinates>
      </Point>
    </Placemark>
    <Placemark>
      <name>ALPR</name>
      <description>OSM node: https://www.openstreetmap.org/node/13341042801
Manufacturer: Flock Safety
Direction: 186-231
Zone: traffic
Camera type: fixed</description>
      <Point>
        <coordinates>-121.3512557,38.8043758,0</coordinates>
      </Point>
    </Placemark>
    <Placemark>
      <name>ALPR</name>
      <description>OSM node: https://www.openstreetmap.org/node/13341072210
Direction: 90
Zone: traffic</description>
      <Point>
        <coordinates>-119.6726617,36.3571222,0</coordinates>
      </Point>
    </Placemark>
    <Placemark>
      <name>ALPR</name>
      <description>OSM node: https://www.openstreetmap.org/node/13341234816
Manufacturer: Flock Safety
Direction: 290
Zone: traffic
Camera type: fixed</description>
      <Point>
        <coordinates>-117.0273687,32.7737278,0</coordinates>
      </Point>
    </Placemark>
    <Placemark>
      <name>ALPR</name>
      <description>OSM node: https://www.openstreetmap.org/node/13341255601
Manufacturer: Flock Safety
Direction: 152
Zone: traffic
Camera type: fixed</description>
      <Point>
        <coordinates>-117.689081,33.9755709,0</coordinates>
      </Point>
    </Placemark>
    <Placemark>
      <name>ALPR</name>
      <description>OSM node: https://www.openstreetmap.org/node/13341303901
Manufacturer: Motorola Solutions
Direction: 327
Zone: traffic
Camera type: fixed</description>
      <Point>
        <coordinates>-117.6892953,34.0337516,0</coordinates>
      </Point>
    </Placemark>
    <Placemark>
      <name>ALPR</name>
      <description>OSM node: https://www.openstreetmap.org/node/13341304101
Manufacturer: Motorola Solutions
Direction: 145
Zone: traffic
Camera type: fixed</description>
      <Point>
        <coordinates>-117.689655,34.0333979,0</coordinates>
      </Point>
    </Placemark>
    <Placemark>
      <name>ALPR</name>
      <description>OSM node: https://www.openstreetmap.org/node/13341304301
Manufacturer: Motorola Solutions
Direction: 248
Zone: traffic
Camera type: fixed</description>
      <Point>
        <coordinates>-117.6904334,34.0336805,0</coordinates>
      </Point>
    </Placemark>
    <Placemark>
      <name>ALPR</name>
      <description>OSM node: https://www.openstreetmap.org/node/13341305602
Manufacturer: Flock Safety
Direction: 37
Zone: traffic
Camera type: fixed</description>
      <Point>
        <coordinates>-117.6894882,34.0492112,0</coordinates>
      </Point>
    </Placemark>
    <Placemark>
      <name>ALPR</name>
      <description>OSM node: https://www.openstreetmap.org/node/13341363301
Manufacturer: Flock Safety
Direction: 284
Zone: traffic
Camera type: fixed</description>
      <Point>
        <coordinates>-121.7449778,37.9616527,0</coordinates>
      </Point>
    </Placemark>
    <Placemark>
      <name>ALPR</name>
      <description>OSM node: https://www.openstreetmap.org/node/13341369502
Manufacturer: Flock Safety
Direction: 207
Zone: traffic
Camera type: fixed</description>
      <Point>
        <coordinates>-117.689572,34.0451974,0</coordinates>
      </Point>
    </Placemark>
    <Placemark>
      <name>San Mateo Police Department ALPR</name>
      <description>OSM node: https://www.openstreetmap.org/node/13341370754
Operator: San Mateo Police Department
Manufacturer: Flock Safety
Direction: 200
Zone: street
Camera type: fixed</description>
      <Point>
        <coordinates>-122.3158935,37.5700641,0</coordinates>
      </Point>
    </Placemark>
    <Placemark>
      <name>San Mateo Police Department ALPR</name>
      <description>OSM node: https://www.openstreetmap.org/node/13341374508
Operator: San Mateo Police Department
Manufacturer: Flock Safety
Direction: 200
Zone: street
Camera type: fixed</description>
      <Point>
        <coordinates>-122.3156863,37.5701671,0</coordinates>
      </Point>
    </Placemark>
    <Placemark>
      <name>ALPR</name>
      <description>OSM node: https://www.openstreetmap.org/node/13341379301
Manufacturer: Flock Safety
Direction: 207
Zone: traffic
Camera type: fixed</description>
      <Point>
        <coordinates>-117.689572,34.0451974,0</coordinates>
      </Point>
    </Placemark>
    <Placemark>
      <name>San Mateo Police Department ALPR</name>
      <description>OSM node: https://www.openstreetmap.org/node/13341395439
Operator: San Mateo Police Department
Manufacturer: Flock Safety
Direction: 45
Zone: street
Camera type: fixed</description>
      <Point>
        <coordinates>-122.3250443,37.5799353,0</coordinates>
      </Point>
    </Placemark>
    <Placemark>
      <name>San Mateo Police Department ALPR</name>
      <description>OSM node: https://www.openstreetmap.org/node/13341396329
Operator: San Mateo Police Department
Manufacturer: Flock Safety
Direction: 0
Zone: street
Camera type: fixed</description>
      <Point>
        <coordinates>-122.3248712,37.5798234,0</coordinates>
      </Point>
    </Placemark>
    <Placemark>
      <name>San Mateo Police Department ALPR</name>
      <description>OSM node: https://www.openstreetmap.org/node/13341414238
Operator: San Mateo Police Department
Manufacturer: Flock Safety
Direction: 115
Zone: street
Camera type: fixed</description>
      <Point>
        <coordinates>-122.3235615,37.579148,0</coordinates>
      </Point>
    </Placemark>
    <Placemark>
      <name>ALPR</name>
      <description>OSM node: https://www.openstreetmap.org/node/13341537001
Manufacturer: Flock Safety
Direction: 307
Zone: traffic
Camera type: fixed</description>
      <Point>
        <coordinates>-119.7866459,36.8229525,0</coordinates>
      </Point>
    </Placemark>
    <Placemark>
      <name>ALPR</name>
      <description>OSM node: https://www.openstreetmap.org/node/13341537301
Manufacturer: Flock Safety
Direction: 273
Zone: traffic
Camera type: fixed</description>
      <Point>
        <coordinates>-119.7837767,36.8229961,0</coordinates>
      </Point>
    </Placemark>
    <Placemark>
      <name>ALPR</name>
      <description>OSM node: https://www.openstreetmap.org/node/13341557801
Manufacturer: Flock Safety
Direction: 316-1
Zone: traffic
Camera type: fixed</description>
      <Point>
        <coordinates>-122.7116948,38.3620264,0</coordinates>
      </Point>
    </Placemark>
    <Placemark>
      <name>ALPR</name>
      <description>OSM node: https://www.openstreetmap.org/node/13341593701
Manufacturer: Flock Safety
Direction: 112-157
Zone: traffic
Camera type: fixed</description>
      <Point>
        <coordinates>-122.7151509,38.3625829,0</coordinates>
      </Point>
    </Placemark>
    <Placemark>
      <name>ALPR</name>
      <description>OSM node: https://www.openstreetmap.org/node/13341594801
Manufacturer: Flock Safety
Direction: 304-349
Zone: traffic
Camera type: fixed</description>
      <Point>
        <coordinates>-122.7151905,38.3643203,0</coordinates>
      </Point>
    </Placemark>
    <Placemark>
      <name>ALPR</name>
      <description>OSM node: https://www.openstreetmap.org/node/13341596001
Manufacturer: Flock Safety
Direction: 294-339
Zone: traffic
Camera type: fixed</description>
      <Point>
        <coordinates>-122.7133611,38.3437738,0</coordinates>
      </Point>
    </Placemark>
    <Placemark>
      <name>ALPR</name>
      <description>OSM node: https://www.openstreetmap.org/node/13341599801
Manufacturer: Flock Safety
Direction: 98-143
Zone: traffic
Camera type: fixed</description>
      <Point>
        <coordinates>-122.7103133,38.3307173,0</coordinates>
      </Point>
    </Placemark>
    <Placemark>
      <name>ALPR</name>
      <description>OSM node: https://www.openstreetmap.org/node/13341613901
Manufacturer: Flock Safety
Direction: 311
Zone: traffic
Camera type: fixed</description>
      <Point>
        <coordinates>-118.1237049,33.9751935,0</coordinates>
      </Point>
    </Placemark>
    <Placemark>
      <name>ALPR</name>
      <description>OSM node: https://www.openstreetmap.org/node/13341614801
Manufacturer: Flock Safety
Direction: 295
Zone: traffic
Camera type: fixed</description>
      <Point>
        <coordinates>-117.99317,33.9333372,0</coordinates>
      </Point>
    </Placemark>
    <Placemark>
      <name>San Mateo Police Department ALPR</name>
      <description>OSM node: https://www.openstreetmap.org/node/13341660785
Operator: San Mateo Police Department
Manufacturer: Flock Safety
Direction: 300
Zone: street
Camera type: fixed</description>
      <Point>
        <coordinates>-122.3106452,37.5726589,0</coordinates>
      </Point>
    </Placemark>
    <Placemark>
      <name>Kaiser Permanente ALPR</name>
      <description>OSM node: https://www.openstreetmap.org/node/13341668996
Operator: Kaiser Permanente
Manufacturer: Flock Group Inc.
Direction: 330
Zone: traffic
Camera type: fixed</description>
      <Point>
        <coordinates>-122.0834919,37.6058318,0</coordinates>
      </Point>
    </Placemark>
    <Placemark>
      <name>ALPR</name>
      <description>OSM node: https://www.openstreetmap.org/node/13341674585
Manufacturer: Neology, Inc.
Direction: 245
Camera type: fixed</description>
      <Point>
        <coordinates>-121.9429452,37.5138218,0</coordinates>
      </Point>
    </Placemark>
    <Placemark>
      <name>ALPR</name>
      <description>OSM node: https://www.openstreetmap.org/node/13341674586
Manufacturer: Neology, Inc.
Direction: 335
Camera type: fixed</description>
      <Point>
        <coordinates>-121.9426606,37.513992,0</coordinates>
      </Point>
    </Placemark>
    <Placemark>
      <name>ALPR</name>
      <description>OSM node: https://www.openstreetmap.org/node/13341674587
Manufacturer: Neology, Inc.
Direction: 65
Camera type: fixed</description>
      <Point>
        <coordinates>-121.9423142,37.5138141,0</coordinates>
      </Point>
    </Placemark>
    <Placemark>
      <name>ALPR</name>
      <description>OSM node: https://www.openstreetmap.org/node/13341674588
Manufacturer: Neology, Inc.
Direction: 155
Camera type: fixed</description>
      <Point>
        <coordinates>-121.942678,37.5136031,0</coordinates>
      </Point>
    </Placemark>
    <Placemark>
      <name>ALPR</name>
      <description>OSM node: https://www.openstreetmap.org/node/13341676312
Manufacturer: Neology, Inc.
Direction: 340
Camera type: fixed</description>
      <Point>
        <coordinates>-121.9484785,37.49073,0</coordinates>
      </Point>
    </Placemark>
    <Placemark>
      <name>ALPR</name>
      <description>OSM node: https://www.openstreetmap.org/node/13341676313
Manufacturer: Neology, Inc.
Direction: 70
Camera type: fixed</description>
      <Point>
        <coordinates>-121.9482637,37.4906517,0</coordinates>
      </Point>
    </Placemark>
    <Placemark>
      <name>ALPR</name>
      <description>OSM node: https://www.openstreetmap.org/node/13341676314
Manufacturer: Neology, Inc.
Direction: 155
Camera type: fixed</description>
      <Point>
        <coordinates>-121.9486687,37.4903908,0</coordinates>
      </Point>
    </Placemark>
    <Placemark>
      <name>ALPR</name>
      <description>OSM node: https://www.openstreetmap.org/node/13341681726
Manufacturer: Neology, Inc.
Direction: 240
Camera type: fixed</description>
      <Point>
        <coordinates>-121.963141,37.5092583,0</coordinates>
      </Point>
    </Placemark>
    <Placemark>
      <name>ALPR</name>
      <description>OSM node: https://www.openstreetmap.org/node/13341681727
Manufacturer: Neology, Inc.
Direction: 335
Camera type: fixed</description>
      <Point>
        <coordinates>-121.9629285,37.5094119,0</coordinates>
      </Point>
    </Placemark>
    <Placemark>
      <name>ALPR</name>
      <description>OSM node: https://www.openstreetmap.org/node/13341681728
Manufacturer: Neology, Inc.
Direction: 60
Camera type: fixed</description>
      <Point>
        <coordinates>-121.9627368,37.5092527,0</coordinates>
      </Point>
    </Placemark>
    <Placemark>
      <name>San Mateo Police Department ALPR</name>
      <description>OSM node: https://www.openstreetmap.org/node/13341715914
Operator: San Mateo Police Department
Manufacturer: Flock Safety
Direction: 120
Zone: street
Camera type: fixed</description>
      <Point>
        <coordinates>-122.3117782,37.5735021,0</coordinates>
      </Point>
    </Placemark>
    <Placemark>
      <name>San Mateo Police Department ALPR</name>
      <description>OSM node: https://www.openstreetmap.org/node/13341715915
Operator: San Mateo Police Department
Manufacturer: Flock Safety
Direction: 210
Zone: street
Camera type: fixed</description>
      <Point>
        <coordinates>-122.3132833,37.5721509,0</coordinates>
      </Point>
    </Placemark>
    <Placemark>
      <name>San Mateo Police Department ALPR</name>
      <description>OSM node: https://www.openstreetmap.org/node/13341715916
Operator: San Mateo Police Department
Manufacturer: Flock Safety
Direction: 180
Zone: street
Camera type: fixed</description>
      <Point>
        <coordinates>-122.3208828,37.5781656,0</coordinates>
      </Point>
    </Placemark>
    <Placemark>
      <name>San Mateo Police Department ALPR</name>
      <description>OSM node: https://www.openstreetmap.org/node/13341715917
Operator: San Mateo Police Department
Manufacturer: Flock Safety
Direction: 290
Zone: street
Camera type: fixed</description>
      <Point>
        <coordinates>-122.3211901,37.5784183,0</coordinates>
      </Point>
    </Placemark>
    <Placemark>
      <name>San Mateo Police Department ALPR</name>
      <description>OSM node: https://www.openstreetmap.org/node/13341715918
Operator: San Mateo Police Department
Manufacturer: Flock Safety
Direction: 350
Zone: street
Camera type: fixed</description>
      <Point>
        <coordinates>-122.3148073,37.5693663,0</coordinates>
      </Point>
    </Placemark>
    <Placemark>
      <name>San Mateo Police Department ALPR</name>
      <description>OSM node: https://www.openstreetmap.org/node/13341728074
Operator: San Mateo Police Department
Manufacturer: Flock Safety
Direction: 160
Zone: street
Camera type: fixed</description>
      <Point>
        <coordinates>-122.310726,37.5725534,0</coordinates>
      </Point>
    </Placemark>
    <Placemark>
      <name>San Mateo Police Department ALPR</name>
      <description>OSM node: https://www.openstreetmap.org/node/13341732490
Operator: San Mateo Police Department
Manufacturer: Flock Safety
Direction: 300
Zone: street
Camera type: fixed</description>
      <Point>
        <coordinates>-122.2861061,37.5474452,0</coordinates>
      </Point>
    </Placemark>
    <Placemark>
      <name>ALPR</name>
      <description>OSM node: https://www.openstreetmap.org/node/13341735986
Manufacturer: Flock Safety
Direction: 160
Camera type: fixed</description>
      <Point>
        <coordinates>-120.8674075,37.5129068,0</coordinates>
      </Point>
    </Placemark>
    <Placemark>
      <name>San Mateo Police Department ALPR</name>
      <description>OSM node: https://www.openstreetmap.org/node/13341758603
Operator: San Mateo Police Department
Manufacturer: Flock Safety
Direction: 200
Zone: street
Camera type: fixed</description>
      <Point>
        <coordinates>-122.2846897,37.5457895,0</coordinates>
      </Point>
    </Placemark>
    <Placemark>
      <name>San Mateo Police Department ALPR</name>
      <description>OSM node: https://www.openstreetmap.org/node/13341758604
Operator: San Mateo Police Department
Manufacturer: Flock Safety
Direction: 60
Zone: street
Camera type: fixed</description>
      <Point>
        <coordinates>-122.284567,37.5456765,0</coordinates>
      </Point>
    </Placemark>
    <Placemark>
      <name>Lakeshore Homes Association (LHA) ALPR</name>
      <description>OSM node: https://www.openstreetmap.org/node/13341766901
Operator: Lakeshore Homes Association (LHA)
Manufacturer: Flock Safety
Direction: 285
Zone: traffic
Camera type: fixed</description>
      <Point>
        <coordinates>-122.2414518,37.811257,0</coordinates>
      </Point>
    </Placemark>
    <Placemark>
      <name>Lakeshore Homes Association (LHA) ALPR</name>
      <description>OSM node: https://www.openstreetmap.org/node/13341766902
Operator: Lakeshore Homes Association (LHA)
Manufacturer: Flock Safety
Direction: 316
Zone: traffic
Camera type: fixed</description>
      <Point>
        <coordinates>-122.2330203,37.805166,0</coordinates>
      </Point>
    </Placemark>
    <Placemark>
      <name>ALPR</name>
      <description>OSM node: https://www.openstreetmap.org/node/13341808248
Manufacturer: Flock Safety
Direction: 250
Camera type: fixed</description>
      <Point>
        <coordinates>-122.0796671,37.6315394,0</coordinates>
      </Point>
    </Placemark>
    <Placemark>
      <name>ALPR</name>
      <description>OSM node: https://www.openstreetmap.org/node/13341843651
Manufacturer: Flock Safety
Direction: 90
Camera type: fixed</description>
      <Point>
        <coordinates>-120.8479254,37.5366788,0</coordinates>
      </Point>
    </Placemark>
    <Placemark>
      <name>ALPR</name>
      <description>OSM node: https://www.openstreetmap.org/node/13341843769
Manufacturer: Flock Safety
Direction: 10
Camera type: fixed</description>
      <Point>
        <coordinates>-122.0911853,37.6495179,0</coordinates>
      </Point>
    </Placemark>
    <Placemark>
      <name>ALPR</name>
      <description>OSM node: https://www.openstreetmap.org/node/13341843825
Manufacturer: Flock Safety
Direction: 10
Camera type: fixed</description>
      <Point>
        <coordinates>-120.8478556,37.5368463,0</coordinates>
      </Point>
    </Placemark>
    <Placemark>
      <name>ALPR</name>
      <description>OSM node: https://www.openstreetmap.org/node/13341843827
Manufacturer: Flock Safety
Direction: 185
Camera type: fixed</description>
      <Point>
        <coordinates>-120.848372,37.5366112,0</coordinates>
      </Point>
    </Placemark>
    <Placemark>
      <name>ALPR</name>
      <description>OSM node: https://www.openstreetmap.org/node/13341878408
Manufacturer: Flock Safety
Direction: 260
Camera type: fixed</description>
      <Point>
        <coordinates>-120.8482351,37.5367846,0</coordinates>
      </Point>
    </Placemark>
    <Placemark>
      <name>ALPR</name>
      <description>OSM node: https://www.openstreetmap.org/node/13341885366
Manufacturer: Flock Safety
Direction: 65
Camera type: fixed</description>
      <Point>
        <coordinates>-120.8486947,37.5002955,0</coordinates>
      </Point>
    </Placemark>
    <Placemark>
      <name>ALPR</name>
      <description>OSM node: https://www.openstreetmap.org/node/13341885367
Manufacturer: Flock Safety
Direction: 345
Camera type: fixed</description>
      <Point>
        <coordinates>-120.848732,37.5006118,0</coordinates>
      </Point>
    </Placemark>
    <Placemark>
      <name>ALPR</name>
      <description>OSM node: https://www.openstreetmap.org/node/13341885368
Manufacturer: Flock Safety
Direction: 245
Camera type: fixed</description>
      <Point>
        <coordinates>-120.8491325,37.5005734,0</coordinates>
      </Point>
    </Placemark>
    <Placemark>
      <name>ALPR</name>
      <description>OSM node: https://www.openstreetmap.org/node/13341885369
Manufacturer: Flock Safety
Direction: 145
Camera type: fixed</description>
      <Point>
        <coordinates>-120.849042,37.5002585,0</coordinates>
      </Point>
    </Placemark>
    <Placemark>
      <name>ALPR</name>
      <description>OSM node: https://www.openstreetmap.org/node/13341885438
Manufacturer: Flock Safety
Direction: 90
Zone: traffic
Camera type: fixed</description>
      <Point>
        <coordinates>-121.4006185,38.574241,0</coordinates>
      </Point>
    </Placemark>
    <Placemark>
      <name>ALPR</name>
      <description>OSM node: https://www.openstreetmap.org/node/13342034836
Manufacturer: Flock Safety
Direction: 250
Camera type: fixed</description>
      <Point>
        <coordinates>-117.919679,33.6957244,0</coordinates>
      </Point>
    </Placemark>
    <Placemark>
      <name>ALPR</name>
      <description>OSM node: https://www.openstreetmap.org/node/13342049101
Manufacturer: Flock Safety
Direction: 77-122
Zone: traffic
Camera type: fixed</description>
      <Point>
        <coordinates>-119.7640085,36.7359011,0</coordinates>
      </Point>
    </Placemark>
    <Placemark>
      <name>ALPR</name>
      <description>OSM node: https://www.openstreetmap.org/node/13342049102
Manufacturer: Flock Safety
Direction: 86-131
Zone: traffic
Camera type: fixed</description>
      <Point>
        <coordinates>-119.7831717,36.8085182,0</coordinates>
      </Point>
    </Placemark>
    <Placemark>
      <name>The Home Depot ALPR</name>
      <description>OSM node: https://www.openstreetmap.org/node/13342049401
Operator: The Home Depot
Manufacturer: Flock Safety
Direction: 123-168
Zone: traffic
Camera type: fixed</description>
      <Point>
        <coordinates>-119.7337124,36.7344715,0</coordinates>
      </Point>
    </Placemark>
    <Placemark>
      <name>ALPR</name>
      <description>OSM node: https://www.openstreetmap.org/node/13342049501
Manufacturer: Flock Safety
Direction: 233-278
Zone: traffic
Camera type: fixed</description>
      <Point>
        <coordinates>-119.7321341,36.7342496,0</coordinates>
      </Point>
    </Placemark>
    <Placemark>
      <name>ALPR</name>
      <description>OSM node: https://www.openstreetmap.org/node/13342049701
Manufacturer: Flock Safety
Direction: 265-310
Zone: traffic
Camera type: fixed</description>
      <Point>
        <coordinates>-119.731983,36.7353061,0</coordinates>
      </Point>
    </Placemark>
    <Placemark>
      <name>ALPR</name>
      <description>OSM node: https://www.openstreetmap.org/node/13342054701
Manufacturer: Flock Safety
Direction: 186-231
Zone: traffic
Camera type: fixed</description>
      <Point>
        <coordinates>-119.7363798,36.7661604,0</coordinates>
      </Point>
    </Placemark>
    <Placemark>
      <name>ALPR</name>
      <description>OSM node: https://www.openstreetmap.org/node/13342677201
Manufacturer: Flock Safety
Direction: 295-340
Zone: traffic
Camera type: fixed</description>
      <Point>
        <coordinates>-117.9194041,33.7021337,0</coordinates>
      </Point>
    </Placemark>
    <Placemark>
      <name>ALPR</name>
      <description>OSM node: https://www.openstreetmap.org/node/13343028301
Manufacturer: Motorola Solutions
Direction: 225-285
Zone: traffic
Camera type: fixed</description>
      <Point>
        <coordinates>-121.1068187,38.7012508,0</coordinates>
      </Point>
    </Placemark>
    <Placemark>
      <name>ALPR</name>
      <description>OSM node: https://www.openstreetmap.org/node/13343041601
Manufacturer: Flock Safety
Direction: 32-77
Zone: traffic
Camera type: fixed</description>
      <Point>
        <coordinates>-117.8840142,33.8556939,0</coordinates>
      </Point>
    </Placemark>
    <Placemark>
      <name>Rancho Conejo Home Owners Association ALPR</name>
      <description>OSM node: https://www.openstreetmap.org/node/13343069379
Operator: Rancho Conejo Home Owners Association
Manufacturer: Flock Safety
Direction: 290
Zone: traffic
Camera type: fixed</description>
      <Point>
        <coordinates>-118.9174187,34.1998949,0</coordinates>
      </Point>
    </Placemark>
    <Placemark>
      <name>ALPR</name>
      <description>OSM node: https://www.openstreetmap.org/node/13343130601
Manufacturer: Flock Safety
Direction: 45-90
Zone: traffic
Camera type: fixed</description>
      <Point>
        <coordinates>-122.0466875,37.9694448,0</coordinates>
      </Point>
    </Placemark>
    <Placemark>
      <name>ALPR</name>
      <description>OSM node: https://www.openstreetmap.org/node/13343132101
Manufacturer: Flock Safety
Direction: 0
Zone: traffic
Camera type: fixed</description>
      <Point>
        <coordinates>-121.4750901,37.7485729,0</coordinates>
      </Point>
    </Placemark>
    <Placemark>
      <name>ALPR</name>
      <description>OSM node: https://www.openstreetmap.org/node/13343143601
Manufacturer: Flock Safety
Direction: 0
Zone: traffic
Camera type: fixed</description>
      <Point>
        <coordinates>-121.4529,37.7052389,0</coordinates>
      </Point>
    </Placemark>
    <Placemark>
      <name>ALPR</name>
      <description>OSM node: https://www.openstreetmap.org/node/13343143801
Manufacturer: Flock Safety
Direction: 0
Zone: traffic
Camera type: fixed</description>
      <Point>
        <coordinates>-121.4492018,37.6958774,0</coordinates>
      </Point>
    </Placemark>
    <Placemark>
      <name>San Mateo Police Department ALPR</name>
      <description>OSM node: https://www.openstreetmap.org/node/13343172973
Operator: San Mateo Police Department
Manufacturer: Flock Safety
Direction: 0
Zone: street
Camera type: fixed</description>
      <Point>
        <coordinates>-122.2902968,37.5425175,0</coordinates>
      </Point>
    </Placemark>
    <Placemark>
      <name>San Mateo Police Department ALPR</name>
      <description>OSM node: https://www.openstreetmap.org/node/13343189271
Operator: San Mateo Police Department
Manufacturer: Flock Safety
Direction: 290
Zone: street
Camera type: fixed</description>
      <Point>
        <coordinates>-122.2911221,37.5439333,0</coordinates>
      </Point>
    </Placemark>
    <Placemark>
      <name>San Mateo Police Department ALPR</name>
      <description>OSM node: https://www.openstreetmap.org/node/13343228480
Operator: San Mateo Police Department
Manufacturer: Flock Safety
Direction: 200
Zone: street
Camera type: fixed</description>
      <Point>
        <coordinates>-122.2911166,37.5439325,0</coordinates>
      </Point>
    </Placemark>
    <Placemark>
      <name>San Mateo Police Department ALPR</name>
      <description>OSM node: https://www.openstreetmap.org/node/13343236122
Operator: San Mateo Police Department
Manufacturer: Flock Safety
Direction: 190
Zone: street
Camera type: fixed</description>
      <Point>
        <coordinates>-122.2918638,37.5409109,0</coordinates>
      </Point>
    </Placemark>
    <Placemark>
      <name>San Mateo Police Department ALPR</name>
      <description>OSM node: https://www.openstreetmap.org/node/13343244662
Operator: San Mateo Police Department
Manufacturer: Flock Safety
Direction: 190
Zone: street
Camera type: fixed</description>
      <Point>
        <coordinates>-122.2896787,37.5436763,0</coordinates>
      </Point>
    </Placemark>
    <Placemark>
      <name>ALPR</name>
      <description>OSM node: https://www.openstreetmap.org/node/13343253501
Manufacturer: Flock Safety
Direction: 328
Zone: traffic
Camera type: fixed</description>
      <Point>
        <coordinates>-117.0332533,33.2059921,0</coordinates>
      </Point>
    </Placemark>
    <Placemark>
      <name>ALPR</name>
      <description>OSM node: https://www.openstreetmap.org/node/13343271901
Manufacturer: Flock Safety
Direction: 328
Zone: traffic
Camera type: fixed</description>
      <Point>
        <coordinates>-117.0332533,33.2059921,0</coordinates>
      </Point>
    </Placemark>
    <Placemark>
      <name>ALPR</name>
      <description>OSM node: https://www.openstreetmap.org/node/13343309603
Manufacturer: Flock Safety
Direction: 237
Zone: traffic
Camera type: fixed</description>
      <Point>
        <coordinates>-117.0369082,33.2224864,0</coordinates>
      </Point>
    </Placemark>
    <Placemark>
      <name>ALPR</name>
      <description>OSM node: https://www.openstreetmap.org/node/13343312301
Manufacturer: Flock Safety
Direction: 237
Zone: traffic
Camera type: fixed</description>
      <Point>
        <coordinates>-117.0369082,33.2224864,0</coordinates>
      </Point>
    </Placemark>
    <Placemark>
      <name>Lakeshore Homes Association (LHA) ALPR</name>
      <description>OSM node: https://www.openstreetmap.org/node/13343313802
Operator: Lakeshore Homes Association (LHA)
Manufacturer: Flock Safety
Direction: 319
Zone: traffic
Camera type: fixed</description>
      <Point>
        <coordinates>-122.2323302,37.8052909,0</coordinates>
      </Point>
    </Placemark>
    <Placemark>
      <name>ALPR</name>
      <description>OSM node: https://www.openstreetmap.org/node/13343316801
Manufacturer: Flock Safety
Direction: 106
Zone: traffic
Camera type: fixed</description>
      <Point>
        <coordinates>-122.2869789,37.8283125,0</coordinates>
      </Point>
    </Placemark>
    <Placemark>
      <name>ALPR</name>
      <description>OSM node: https://www.openstreetmap.org/node/13343360001
Manufacturer: Flock Safety
Direction: 0;0
Zone: traffic
Camera type: fixed</description>
      <Point>
        <coordinates>-121.4346126,37.7143995,0</coordinates>
      </Point>
    </Placemark>
    <Placemark>
      <name>ALPR</name>
      <description>OSM node: https://www.openstreetmap.org/node/13343378801
Manufacturer: Flock Safety
Direction: 255
Zone: traffic
Camera type: fixed</description>
      <Point>
        <coordinates>-118.0374026,33.8521827,0</coordinates>
      </Point>
    </Placemark>
    <Placemark>
      <name>ALPR</name>
      <description>OSM node: https://www.openstreetmap.org/node/13343393102
Manufacturer: Flock Safety
Direction: 240
Zone: traffic
Camera type: fixed</description>
      <Point>
        <coordinates>-117.8296028,34.1140386,0</coordinates>
      </Point>
    </Placemark>
    <Placemark>
      <name>ALPR</name>
      <description>OSM node: https://www.openstreetmap.org/node/13343437202
Manufacturer: Flock Safety
Direction: 314
Zone: traffic
Camera type: fixed</description>
      <Point>
        <coordinates>-121.2579655,38.0392944,0</coordinates>
      </Point>
    </Placemark>
    <Placemark>
      <name>ALPR</name>
      <description>OSM node: https://www.openstreetmap.org/node/13343437203
Manufacturer: Flock Safety
Direction: 240
Zone: traffic
Camera type: fixed</description>
      <Point>
        <coordinates>-121.2579914,38.039776,0</coordinates>
      </Point>
    </Placemark>
    <Placemark>
      <name>ALPR</name>
      <description>OSM node: https://www.openstreetmap.org/node/13343445401
Manufacturer: Flock Safety
Direction: 167
Zone: traffic
Camera type: fixed</description>
      <Point>
        <coordinates>-117.1407373,33.55242,0</coordinates>
      </Point>
    </Placemark>
    <Placemark>
      <name>ALPR</name>
      <description>OSM node: https://www.openstreetmap.org/node/13343489903
Manufacturer: Flock Safety
Direction: 82
Zone: traffic
Camera type: fixed</description>
      <Point>
        <coordinates>-118.0302535,33.9880783,0</coordinates>
      </Point>
    </Placemark>
    <Placemark>
      <name>ALPR</name>
      <description>OSM node: https://www.openstreetmap.org/node/13343489904
Manufacturer: Flock Safety
Direction: 246
Zone: traffic
Camera type: fixed</description>
      <Point>
        <coordinates>-118.0240494,33.9889144,0</coordinates>
      </Point>
    </Placemark>
    <Placemark>
      <name>San Mateo Police Department ALPR</name>
      <description>OSM node: https://www.openstreetmap.org/node/13343638094
Operator: San Mateo Police Department
Manufacturer: Flock Safety
Direction: 150
Zone: street
Camera type: fixed</description>
      <Point>
        <coordinates>-122.2868885,37.5288987,0</coordinates>
      </Point>
    </Placemark>
    <Placemark>
      <name>San Mateo Police Department ALPR</name>
      <description>OSM node: https://www.openstreetmap.org/node/13343651261
Operator: San Mateo Police Department
Manufacturer: Flock Safety
Direction: 330
Zone: street
Camera type: fixed</description>
      <Point>
        <coordinates>-122.2874482,37.530227,0</coordinates>
      </Point>
    </Placemark>
    <Placemark>
      <name>ALPR</name>
      <description>OSM node: https://www.openstreetmap.org/node/13343748401
Manufacturer: Flock Safety
Direction: 198-243
Zone: traffic
Camera type: fixed</description>
      <Point>
        <coordinates>-117.4537723,34.0882776,0</coordinates>
      </Point>
    </Placemark>
    <Placemark>
      <name>ALPR</name>
      <description>OSM node: https://www.openstreetmap.org/node/13343749501
Manufacturer: Flock Safety
Direction: 327-12
Zone: traffic
Camera type: fixed</description>
      <Point>
        <coordinates>-117.4535992,34.0886359,0</coordinates>
      </Point>
    </Placemark>
    <Placemark>
      <name>ALPR</name>
      <description>OSM node: https://www.openstreetmap.org/node/13343749801
Manufacturer: Flock Safety
Direction: 327-12
Zone: traffic
Camera type: fixed</description>
      <Point>
        <coordinates>-117.4535992,34.0886359,0</coordinates>
      </Point>
    </Placemark>
    <Placemark>
      <name>ALPR</name>
      <description>OSM node: https://www.openstreetmap.org/node/13343750101
Manufacturer: Flock Safety
Direction: 142-187
Zone: traffic
Camera type: fixed</description>
      <Point>
        <coordinates>-117.4537587,34.0878525,0</coordinates>
      </Point>
    </Placemark>
    <Placemark>
      <name>ALPR</name>
      <description>OSM node: https://www.openstreetmap.org/node/13343751501
Manufacturer: Flock Safety
Direction: 318-3
Zone: traffic
Camera type: fixed</description>
      <Point>
        <coordinates>-117.4354294,34.0631937,0</coordinates>
      </Point>
    </Placemark>
    <Placemark>
      <name>ALPR</name>
      <description>OSM node: https://www.openstreetmap.org/node/13343751502
Manufacturer: Flock Safety
Direction: 232-277
Zone: traffic
Camera type: fixed</description>
      <Point>
        <coordinates>-117.4358277,34.0631713,0</coordinates>
      </Point>
    </Placemark>
    <Placemark>
      <name>ALPR</name>
      <description>OSM node: https://www.openstreetmap.org/node/13343765501
Manufacturer: Flock Safety
Direction: 122
Zone: traffic
Camera type: fixed</description>
      <Point>
        <coordinates>-119.6053739,34.4372774,0</coordinates>
      </Point>
    </Placemark>
    <Placemark>
      <name>ALPR</name>
      <description>OSM node: https://www.openstreetmap.org/node/13343772101
Manufacturer: Flock Safety
Direction: 245
Zone: traffic
Camera type: fixed</description>
      <Point>
        <coordinates>-117.7593487,34.0310064,0</coordinates>
      </Point>
    </Placemark>
    <Placemark>
      <name>ALPR</name>
      <description>OSM node: https://www.openstreetmap.org/node/13343772401
Manufacturer: Flock Safety
Direction: 155
Zone: traffic
Camera type: fixed</description>
      <Point>
        <coordinates>-116.9757643,33.2275398,0</coordinates>
      </Point>
    </Placemark>
    <Placemark>
      <name>ALPR</name>
      <description>OSM node: https://www.openstreetmap.org/node/13343772501
Manufacturer: Flock Safety
Direction: 101
Zone: traffic
Camera type: fixed</description>
      <Point>
        <coordinates>-116.9878724,33.1777639,0</coordinates>
      </Point>
    </Placemark>
    <Placemark>
      <name>ALPR</name>
      <description>OSM node: https://www.openstreetmap.org/node/13343775801
Manufacturer: Flock Safety
Direction: 334
Zone: traffic
Camera type: fixed</description>
      <Point>
        <coordinates>-117.6889936,33.9993668,0</coordinates>
      </Point>
    </Placemark>
    <Placemark>
      <name>ALPR</name>
      <description>OSM node: https://www.openstreetmap.org/node/13343778901
Manufacturer: Flock Safety
Direction: 157
Zone: traffic
Camera type: fixed</description>
      <Point>
        <coordinates>-117.6892195,33.994354,0</coordinates>
      </Point>
    </Placemark>
    <Placemark>
      <name>ALPR</name>
      <description>OSM node: https://www.openstreetmap.org/node/13343782901
Manufacturer: Motorola Solutions
Direction: 200;37
Zone: traffic
Camera type: fixed</description>
      <Point>
        <coordinates>-117.6892894,34.0141995,0</coordinates>
      </Point>
    </Placemark>
    <Placemark>
      <name>San Mateo Police Department ALPR</name>
      <description>OSM node: https://www.openstreetmap.org/node/13343834698
Operator: San Mateo Police Department
Manufacturer: Flock Safety
Direction: 20
Zone: street
Camera type: fixed</description>
      <Point>
        <coordinates>-122.3000219,37.5350148,0</coordinates>
      </Point>
    </Placemark>
    <Placemark>
      <name>San Mateo Police Department ALPR</name>
      <description>OSM node: https://www.openstreetmap.org/node/13343834699
Operator: San Mateo Police Department
Manufacturer: Flock Safety
Direction: 245
Zone: street
Camera type: fixed</description>
      <Point>
        <coordinates>-122.2995619,37.5355662,0</coordinates>
      </Point>
    </Placemark>
    <Placemark>
      <name>San Mateo Police Department ALPR</name>
      <description>OSM node: https://www.openstreetmap.org/node/13343834700
Operator: San Mateo Police Department
Manufacturer: Flock Safety
Direction: 60
Zone: street
Camera type: fixed</description>
      <Point>
        <coordinates>-122.2995516,37.5355717,0</coordinates>
      </Point>
    </Placemark>
    <Placemark>
      <name>Lowe's ALPR</name>
      <description>OSM node: https://www.openstreetmap.org/node/13343861501
Operator: Lowe's
Manufacturer: Flock Safety
Direction: 114-159
Zone: traffic
Camera type: fixed</description>
      <Point>
        <coordinates>-121.2751381,38.677592,0</coordinates>
      </Point>
    </Placemark>
    <Placemark>
      <name>ALPR</name>
      <description>OSM node: https://www.openstreetmap.org/node/13343863701
Manufacturer: Flock Safety
Direction: 136-181
Zone: traffic
Camera type: fixed</description>
      <Point>
        <coordinates>-122.7125954,38.3609042,0</coordinates>
      </Point>
    </Placemark>
    <Placemark>
      <name>ALPR</name>
      <description>OSM node: https://www.openstreetmap.org/node/13343948901
Manufacturer: Flock Safety
Direction: 260-305
Zone: traffic
Camera type: fixed</description>
      <Point>
        <coordinates>-118.1202884,33.9724509,0</coordinates>
      </Point>
    </Placemark>
    <Placemark>
      <name>San Mateo Police Department ALPR</name>
      <description>OSM node: https://www.openstreetmap.org/node/13343956001
Operator: San Mateo Police Department
Manufacturer: Flock Safety
Direction: 245
Zone: street
Camera type: fixed</description>
      <Point>
        <coordinates>-122.2992517,37.5357771,0</coordinates>
      </Point>
    </Placemark>
    <Placemark>
      <name>San Mateo Police Department ALPR</name>
      <description>OSM node: https://www.openstreetmap.org/node/13343956002
Operator: San Mateo Police Department
Manufacturer: Flock Safety
Direction: 200
Zone: street
Camera type: fixed</description>
      <Point>
        <coordinates>-122.2988491,37.5362522,0</coordinates>
      </Point>
    </Placemark>
    <Placemark>
      <name>San Mateo Police Department ALPR</name>
      <description>OSM node: https://www.openstreetmap.org/node/13343956003
Operator: San Mateo Police Department
Manufacturer: Flock Safety
Direction: 200
Zone: street
Camera type: fixed</description>
      <Point>
        <coordinates>-122.3005725,37.5389523,0</coordinates>
      </Point>
    </Placemark>
    <Placemark>
      <name>ALPR</name>
      <description>OSM node: https://www.openstreetmap.org/node/13344076601
Manufacturer: Flock Safety
Direction: 320-5
Zone: traffic
Camera type: fixed</description>
      <Point>
        <coordinates>-120.50385,41.2307834,0</coordinates>
      </Point>
    </Placemark>
    <Placemark>
      <name>ALPR</name>
      <description>OSM node: https://www.openstreetmap.org/node/13344081001
Manufacturer: Flock Safety
Direction: 324-9
Zone: traffic
Camera type: fixed</description>
      <Point>
        <coordinates>-120.9446794,41.1879541,0</coordinates>
      </Point>
    </Placemark>
    <Placemark>
      <name>ALPR</name>
      <description>OSM node: https://www.openstreetmap.org/node/13344086701
Manufacturer: Flock Safety
Direction: 129-174
Zone: traffic
Camera type: fixed</description>
      <Point>
        <coordinates>-120.6753115,41.420321,0</coordinates>
      </Point>
    </Placemark>
    <Placemark>
      <name>ALPR</name>
      <description>OSM node: https://www.openstreetmap.org/node/13345275905
Manufacturer: Flock Safety
Direction: 299
Zone: traffic
Camera type: fixed</description>
      <Point>
        <coordinates>-116.9471269,33.9217794,0</coordinates>
      </Point>
    </Placemark>
    <Placemark>
      <name>ALPR</name>
      <description>OSM node: https://www.openstreetmap.org/node/13345302401
Manufacturer: Flock Safety
Direction: 91
Zone: traffic
Camera type: fixed</description>
      <Point>
        <coordinates>-121.0286558,38.0097445,0</coordinates>
      </Point>
    </Placemark>
    <Placemark>
      <name>ALPR</name>
      <description>OSM node: https://www.openstreetmap.org/node/13345943302
Manufacturer: Flock Safety
Direction: 151
Zone: traffic
Camera type: fixed</description>
      <Point>
        <coordinates>-119.6509399,37.3329351,0</coordinates>
      </Point>
    </Placemark>
    <Placemark>
      <name>Dixon Police Department ALPR</name>
      <description>OSM node: https://www.openstreetmap.org/node/13345977301
Operator: Dixon Police Department
Manufacturer: Flock Safety
Direction: 0
Zone: traffic
Camera type: fixed</description>
      <Point>
        <coordinates>-121.8032908,38.4881471,0</coordinates>
      </Point>
    </Placemark>
    <Placemark>
      <name>Dixon Police Department ALPR</name>
      <description>OSM node: https://www.openstreetmap.org/node/13345977401
Operator: Dixon Police Department
Manufacturer: Flock Safety
Direction: 216
Zone: traffic
Camera type: fixed</description>
      <Point>
        <coordinates>-121.804444,38.4904702,0</coordinates>
      </Point>
    </Placemark>
    <Placemark>
      <name>Dixon Police Department ALPR</name>
      <description>OSM node: https://www.openstreetmap.org/node/13345977801
Operator: Dixon Police Department
Manufacturer: Flock Safety
Direction: 30
Zone: traffic
Camera type: fixed</description>
      <Point>
        <coordinates>-121.8045445,38.4900817,0</coordinates>
      </Point>
    </Placemark>
    <Placemark>
      <name>ALPR</name>
      <description>OSM node: https://www.openstreetmap.org/node/13346147201
Manufacturer: Flock Safety
Direction: 28-73
Zone: traffic
Camera type: fixed</description>
      <Point>
        <coordinates>-117.2318159,33.0648758,0</coordinates>
      </Point>
    </Placemark>
    <Placemark>
      <name>ALPR</name>
      <description>OSM node: https://www.openstreetmap.org/node/13346178701
Manufacturer: Flock Safety
Direction: 273-318
Zone: traffic
Camera type: fixed</description>
      <Point>
        <coordinates>-117.2349706,33.0337081,0</coordinates>
      </Point>
    </Placemark>
    <Placemark>
      <name>ALPR</name>
      <description>OSM node: https://www.openstreetmap.org/node/13346246302
Manufacturer: Flock Safety
Direction: 180
Zone: traffic
Camera type: fixed</description>
      <Point>
        <coordinates>-118.2734186,33.8078344,0</coordinates>
      </Point>
    </Placemark>
    <Placemark>
      <name>ALPR</name>
      <description>OSM node: https://www.openstreetmap.org/node/13346254602
Manufacturer: Flock Safety
Direction: 286
Zone: traffic
Camera type: fixed</description>
      <Point>
        <coordinates>-116.9760452,33.205117,0</coordinates>
      </Point>
    </Placemark>
    <Placemark>
      <name>ALPR</name>
      <description>OSM node: https://www.openstreetmap.org/node/13346275701
Manufacturer: Flock Safety
Direction: 86-131
Zone: traffic
Camera type: fixed</description>
      <Point>
        <coordinates>-117.2386863,33.0371596,0</coordinates>
      </Point>
    </Placemark>
    <Placemark>
      <name>ALPR</name>
      <description>OSM node: https://www.openstreetmap.org/node/13346275901
Manufacturer: Flock Safety
Direction: 158-203
Zone: traffic
Camera type: fixed</description>
      <Point>
        <coordinates>-117.2388228,33.0372097,0</coordinates>
      </Point>
    </Placemark>
    <Placemark>
      <name>ALPR</name>
      <description>OSM node: https://www.openstreetmap.org/node/13346275902
Manufacturer: Flock Safety
Direction: 278-323
Zone: traffic
Camera type: fixed</description>
      <Point>
        <coordinates>-117.2387531,33.0373581,0</coordinates>
      </Point>
    </Placemark>
    <Placemark>
      <name>ALPR</name>
      <description>OSM node: https://www.openstreetmap.org/node/13346322649
Manufacturer: Flock Safety
Direction: 145
Camera type: fixed</description>
      <Point>
        <coordinates>-122.3028404,38.3082887,0</coordinates>
      </Point>
    </Placemark>
    <Placemark>
      <name>ALPR</name>
      <description>OSM node: https://www.openstreetmap.org/node/13346560454
Manufacturer: Motorola Solutions
Direction: 90
Camera type: fixed</description>
      <Point>
        <coordinates>-117.3190811,33.9756022,0</coordinates>
      </Point>
    </Placemark>
    <Placemark>
      <name>ALPR</name>
      <description>OSM node: https://www.openstreetmap.org/node/13346560455
Manufacturer: Motorola Solutions
Direction: 265
Camera type: fixed</description>
      <Point>
        <coordinates>-117.3184707,33.9757702,0</coordinates>
      </Point>
    </Placemark>
    <Placemark>
      <name>ALPR</name>
      <description>OSM node: https://www.openstreetmap.org/node/13346560456
Manufacturer: Motorola Solutions
Direction: 60
Camera type: fixed</description>
      <Point>
        <coordinates>-117.3178658,33.9755674,0</coordinates>
      </Point>
    </Placemark>
    <Placemark>
      <name>ALPR</name>
      <description>OSM node: https://www.openstreetmap.org/node/13346649126
Manufacturer: Flock Safety
Direction: 255
Camera type: fixed</description>
      <Point>
        <coordinates>-120.8900001,37.5370448,0</coordinates>
      </Point>
    </Placemark>
    <Placemark>
      <name>ALPR</name>
      <description>OSM node: https://www.openstreetmap.org/node/13346649127
Manufacturer: Flock Safety
Direction: 60
Camera type: fixed</description>
      <Point>
        <coordinates>-120.8890552,37.5367018,0</coordinates>
      </Point>
    </Placemark>
    <Placemark>
      <name>ALPR</name>
      <description>OSM node: https://www.openstreetmap.org/node/13346649128
Manufacturer: Flock Safety
Direction: 300
Camera type: fixed</description>
      <Point>
        <coordinates>-120.889721,37.5372361,0</coordinates>
      </Point>
    </Placemark>
    <Placemark>
      <name>ALPR</name>
      <description>OSM node: https://www.openstreetmap.org/node/13346649129
Manufacturer: Flock Safety
Direction: 120
Camera type: fixed</description>
      <Point>
        <coordinates>-120.8894957,37.5360964,0</coordinates>
      </Point>
    </Placemark>
    <Placemark>
      <name>ALPR</name>
      <description>OSM node: https://www.openstreetmap.org/node/13346656302
Manufacturer: Flock Safety
Direction: 0
Zone: traffic
Camera type: fixed</description>
      <Point>
        <coordinates>-119.177594,34.1717994,0</coordinates>
      </Point>
    </Placemark>
    <Placemark>
      <name>ALPR</name>
      <description>OSM node: https://www.openstreetmap.org/node/13346667356
Manufacturer: Flock Safety
Direction: 150
Camera type: fixed</description>
      <Point>
        <coordinates>-117.927694,33.639642,0</coordinates>
      </Point>
    </Placemark>
    <Placemark>
      <name>ALPR</name>
      <description>OSM node: https://www.openstreetmap.org/node/13346671301
Manufacturer: Flock Safety
Direction: 179
Zone: traffic
Camera type: fixed</description>
      <Point>
        <coordinates>-119.1776332,34.1681901,0</coordinates>
      </Point>
    </Placemark>
    <Placemark>
      <name>ALPR</name>
      <description>OSM node: https://www.openstreetmap.org/node/13346713103
Manufacturer: Flock Safety
Direction: 270
Camera type: fixed</description>
      <Point>
        <coordinates>-117.941506,33.6724857,0</coordinates>
      </Point>
    </Placemark>
    <Placemark>
      <name>ALPR</name>
      <description>OSM node: https://www.openstreetmap.org/node/13346717706
Manufacturer: Flock Safety
Direction: 90
Camera type: fixed</description>
      <Point>
        <coordinates>-117.9421558,33.6724827,0</coordinates>
      </Point>
    </Placemark>
    <Placemark>
      <name>ALPR</name>
      <description>OSM node: https://www.openstreetmap.org/node/13346733850
Manufacturer: Flock Safety
Direction: 90;270
Camera type: fixed</description>
      <Point>
        <coordinates>-119.6823761,36.7128169,0</coordinates>
      </Point>
    </Placemark>
    <Placemark>
      <name>Santa Barbara Police Department ALPR</name>
      <description>OSM node: https://www.openstreetmap.org/node/13346844144
Operator: Santa Barbara Police Department
Manufacturer: Flock Safety
Direction: 0
Zone: traffic
Camera type: fixed</description>
      <Point>
        <coordinates>-119.706564,34.4169747,0</coordinates>
      </Point>
    </Placemark>
    <Placemark>
      <name>Santa Barbara Police Department ALPR</name>
      <description>OSM node: https://www.openstreetmap.org/node/13346844145
Operator: Santa Barbara Police Department
Manufacturer: Flock Safety
Direction: 180
Zone: traffic
Camera type: fixed</description>
      <Point>
        <coordinates>-119.7084036,34.415663,0</coordinates>
      </Point>
    </Placemark>
    <Placemark>
      <name>ALPR</name>
      <description>OSM node: https://www.openstreetmap.org/node/13346846101
Manufacturer: Flock Safety
Direction: 44-89
Zone: traffic
Camera type: fixed</description>
      <Point>
        <coordinates>-121.3271031,38.660285,0</coordinates>
      </Point>
    </Placemark>
    <Placemark>
      <name>ALPR</name>
      <description>OSM node: https://www.openstreetmap.org/node/13346846701
Manufacturer: Flock Safety
Direction: 225-270
Zone: traffic
Camera type: fixed</description>
      <Point>
        <coordinates>-121.3278322,38.6609763,0</coordinates>
      </Point>
    </Placemark>
    <Placemark>
      <name>ALPR</name>
      <description>OSM node: https://www.openstreetmap.org/node/13346846903
Manufacturer: Flock Safety
Direction: 227-272
Zone: traffic
Camera type: fixed</description>
      <Point>
        <coordinates>-121.2926029,38.6638315,0</coordinates>
      </Point>
    </Placemark>
    <Placemark>
      <name>Santa Barbara Police Department ALPR</name>
      <description>OSM node: https://www.openstreetmap.org/node/13346850064
Operator: Santa Barbara Police Department
Manufacturer: Flock Safety
Direction: 0
Zone: traffic
Camera type: fixed</description>
      <Point>
        <coordinates>-119.7149916,34.4197828,0</coordinates>
      </Point>
    </Placemark>
    <Placemark>
      <name>Santa Barbara Police Department ALPR</name>
      <description>OSM node: https://www.openstreetmap.org/node/13346850065
Operator: Santa Barbara Police Department
Manufacturer: Flock Safety
Direction: 180
Zone: traffic
Camera type: fixed</description>
      <Point>
        <coordinates>-119.7147899,34.4202048,0</coordinates>
      </Point>
    </Placemark>
    <Placemark>
      <name>ALPR</name>
      <description>OSM node: https://www.openstreetmap.org/node/13346852501
Manufacturer: Flock Safety
Direction: 48-93
Zone: traffic
Camera type: fixed</description>
      <Point>
        <coordinates>-121.2918578,38.6633511,0</coordinates>
      </Point>
    </Placemark>
    <Placemark>
      <name>ALPR</name>
      <description>OSM node: https://www.openstreetmap.org/node/13346866184
Manufacturer: Flock Safety
Direction: 285
Zone: traffic
Camera type: fixed</description>
      <Point>
        <coordinates>-117.3760685,33.8461518,0</coordinates>
      </Point>
    </Placemark>
    <Placemark>
      <name>ALPR</name>
      <description>OSM node: https://www.openstreetmap.org/node/13346871301
Manufacturer: Flock Safety
Direction: 137-182
Zone: traffic
Camera type: fixed</description>
      <Point>
        <coordinates>-122.2493345,38.1280694,0</coordinates>
      </Point>
    </Placemark>
    <Placemark>
      <name>ALPR</name>
      <description>OSM node: https://www.openstreetmap.org/node/13346917705
Direction: 210
Camera type: fixed</description>
      <Point>
        <coordinates>-117.0904067,32.977743,0</coordinates>
      </Point>
    </Placemark>
    <Placemark>
      <name>ALPR</name>
      <description>OSM node: https://www.openstreetmap.org/node/13346917706
Direction: 305
Camera type: fixed</description>
      <Point>
        <coordinates>-117.0900793,32.9776338,0</coordinates>
      </Point>
    </Placemark>
    <Placemark>
      <name>The Home Depot ALPR</name>
      <description>OSM node: https://www.openstreetmap.org/node/13346962401
Operator: The Home Depot
Manufacturer: Flock Safety
Direction: 339-24
Zone: traffic
Camera type: fixed</description>
      <Point>
        <coordinates>-118.295356,33.7637312,0</coordinates>
      </Point>
    </Placemark>
    <Placemark>
      <name>ALPR</name>
      <description>OSM node: https://www.openstreetmap.org/node/13346962824
Manufacturer: Flock Safety
Direction: 20
Camera type: fixed</description>
      <Point>
        <coordinates>-120.9691344,38.6580285,0</coordinates>
      </Point>
    </Placemark>
    <Placemark>
      <name>ALPR</name>
      <description>OSM node: https://www.openstreetmap.org/node/13346969601
Manufacturer: Flock Safety
Direction: 212-257
Zone: traffic
Camera type: fixed</description>
      <Point>
        <coordinates>-117.2406714,33.0612257,0</coordinates>
      </Point>
    </Placemark>
    <Placemark>
      <name>ALPR</name>
      <description>OSM node: https://www.openstreetmap.org/node/13346970001
Manufacturer: Flock Safety
Direction: 302-347
Zone: traffic
Camera type: fixed</description>
      <Point>
        <coordinates>-117.2407224,33.0612534,0</coordinates>
      </Point>
    </Placemark>
    <Placemark>
      <name>The Home Depot ALPR</name>
      <description>OSM node: https://www.openstreetmap.org/node/13346979601
Operator: The Home Depot
Manufacturer: Flock Safety
Direction: 231-276
Zone: traffic
Camera type: fixed</description>
      <Point>
        <coordinates>-118.2937361,33.7648727,0</coordinates>
      </Point>
    </Placemark>
    <Placemark>
      <name>ALPR</name>
      <description>OSM node: https://www.openstreetmap.org/node/13347003501
Manufacturer: Flock Safety
Direction: 178-223
Zone: traffic
Camera type: fixed</description>
      <Point>
        <coordinates>-122.6927005,38.3315777,0</coordinates>
      </Point>
    </Placemark>
    <Placemark>
      <name>ALPR</name>
      <description>OSM node: https://www.openstreetmap.org/node/13347084601
Manufacturer: Flock Safety
Direction: 51-96
Zone: traffic
Camera type: fixed</description>
      <Point>
        <coordinates>-117.4525243,34.0884705,0</coordinates>
      </Point>
    </Placemark>
    <Placemark>
      <name>California Highway Patrol ALPR</name>
      <description>OSM node: https://www.openstreetmap.org/node/13347097861
Operator: California Highway Patrol
Manufacturer: Flock Group Inc.
Direction: 300
Zone: traffic
Camera type: fixed</description>
      <Point>
        <coordinates>-122.1070647,37.6664964,0</coordinates>
      </Point>
    </Placemark>
    <Placemark>
      <name>ALPR</name>
      <description>OSM node: https://www.openstreetmap.org/node/13347101001
Manufacturer: Flock Safety
Direction: 18-63
Zone: traffic
Camera type: fixed</description>
      <Point>
        <coordinates>-121.3115272,38.8680975,0</coordinates>
      </Point>
    </Placemark>
    <Placemark>
      <name>ALPR</name>
      <description>OSM node: https://www.openstreetmap.org/node/13347112401
Manufacturer: Flock Safety
Direction: 211-256
Zone: traffic
Camera type: fixed</description>
      <Point>
        <coordinates>-121.6212717,39.1311474,0</coordinates>
      </Point>
    </Placemark>
    <Placemark>
      <name>ALPR</name>
      <description>OSM node: https://www.openstreetmap.org/node/13347112601
Manufacturer: Flock Safety
Direction: 107-152
Zone: traffic
Camera type: fixed</description>
      <Point>
        <coordinates>-121.5824289,39.1465731,0</coordinates>
      </Point>
    </Placemark>
    <Placemark>
      <name>ALPR</name>
      <description>OSM node: https://www.openstreetmap.org/node/13347134642
Manufacturer: Flock Safety
Direction: 197-267
Zone: traffic</description>
      <Point>
        <coordinates>-119.0105856,35.3905471,0</coordinates>
      </Point>
    </Placemark>
    <Placemark>
      <name>ALPR</name>
      <description>OSM node: https://www.openstreetmap.org/node/13347276601
Manufacturer: Flock Safety
Direction: 291
Zone: traffic
Camera type: fixed</description>
      <Point>
        <coordinates>-120.2587073,37.1266286,0</coordinates>
      </Point>
    </Placemark>
    <Placemark>
      <name>ALPR</name>
      <description>OSM node: https://www.openstreetmap.org/node/13347298701
Manufacturer: Genetec
Direction: 37;112;188;262
Zone: traffic
Camera type: fixed</description>
      <Point>
        <coordinates>-119.5210491,36.6047367,0</coordinates>
      </Point>
    </Placemark>
    <Placemark>
      <name>ALPR</name>
      <description>OSM node: https://www.openstreetmap.org/node/13347299601
Manufacturer: Genetec
Direction: 0;90;180;270
Zone: traffic
Camera type: fixed</description>
      <Point>
        <coordinates>-119.5477962,36.605022,0</coordinates>
      </Point>
    </Placemark>
    <Placemark>
      <name>ALPR</name>
      <description>OSM node: https://www.openstreetmap.org/node/13347300001
Manufacturer: Genetec
Direction: 0;90;180;270
Zone: traffic
Camera type: fixed</description>
      <Point>
        <coordinates>-119.5477962,36.605022,0</coordinates>
      </Point>
    </Placemark>
    <Placemark>
      <name>ALPR</name>
      <description>OSM node: https://www.openstreetmap.org/node/13348130301
Manufacturer: Flock Safety
Direction: 7-77
Zone: traffic
Camera type: fixed</description>
      <Point>
        <coordinates>-117.6634144,33.4909767,0</coordinates>
      </Point>
    </Placemark>
    <Placemark>
      <name>ALPR</name>
      <description>OSM node: https://www.openstreetmap.org/node/13348130401
Manufacturer: Flock Safety
Direction: 195
Zone: traffic
Camera type: fixed</description>
      <Point>
        <coordinates>-117.6632104,33.4917022,0</coordinates>
      </Point>
    </Placemark>
    <Placemark>
      <name>The Home Depot ALPR</name>
      <description>OSM node: https://www.openstreetmap.org/node/13348224301
Operator: The Home Depot
Manufacturer: Flock Safety
Direction: 67-112
Zone: traffic
Camera type: fixed</description>
      <Point>
        <coordinates>-118.2754637,33.8074782,0</coordinates>
      </Point>
    </Placemark>
    <Placemark>
      <name>The Home Depot ALPR</name>
      <description>OSM node: https://www.openstreetmap.org/node/13348226101
Operator: The Home Depot
Manufacturer: Flock Safety
Direction: 80
Zone: traffic
Camera type: fixed</description>
      <Point>
        <coordinates>-118.2754493,33.8066722,0</coordinates>
      </Point>
    </Placemark>
    <Placemark>
      <name>The Home Depot ALPR</name>
      <description>OSM node: https://www.openstreetmap.org/node/13348235001
Operator: The Home Depot
Manufacturer: Flock Safety
Direction: 230
Zone: traffic
Camera type: fixed</description>
      <Point>
        <coordinates>-118.2735402,33.8068946,0</coordinates>
      </Point>
    </Placemark>
    <Placemark>
      <name>ALPR</name>
      <description>OSM node: https://www.openstreetmap.org/node/13348486813
Manufacturer: Flock Safety
Direction: 210
Zone: residential;traffic
Camera type: fixed</description>
      <Point>
        <coordinates>-118.174423,34.1591921,0</coordinates>
      </Point>
    </Placemark>
    <Placemark>
      <name>ALPR</name>
      <description>OSM node: https://www.openstreetmap.org/node/13348531901
Manufacturer: Flock Safety
Direction: 103-148
Zone: traffic
Camera type: fixed</description>
      <Point>
        <coordinates>-116.2967347,33.7207136,0</coordinates>
      </Point>
    </Placemark>
    <Placemark>
      <name>ALPR</name>
      <description>OSM node: https://www.openstreetmap.org/node/13348533602
Manufacturer: Flock Safety
Direction: 90-135
Zone: traffic
Camera type: fixed</description>
      <Point>
        <coordinates>-118.0552955,33.9229526,0</coordinates>
      </Point>
    </Placemark>
    <Placemark>
      <name>ALPR</name>
      <description>OSM node: https://www.openstreetmap.org/node/13348534501
Manufacturer: Flock Safety
Direction: 308-353
Zone: traffic
Camera type: fixed</description>
      <Point>
        <coordinates>-116.2962647,33.7204767,0</coordinates>
      </Point>
    </Placemark>
    <Placemark>
      <name>Riverside County Sheriff's Department ALPR</name>
      <description>OSM node: https://www.openstreetmap.org/node/13348547001
Operator: Riverside County Sheriff's Department
Manufacturer: Flock Safety
Direction: 146-191
Zone: traffic
Camera type: fixed</description>
      <Point>
        <coordinates>-116.4083209,33.7577455,0</coordinates>
      </Point>
    </Placemark>
    <Placemark>
      <name>ALPR</name>
      <description>OSM node: https://www.openstreetmap.org/node/13348547201
Manufacturer: Flock Safety
Direction: 237-282
Zone: traffic
Camera type: fixed</description>
      <Point>
        <coordinates>-116.4083099,33.7579731,0</coordinates>
      </Point>
    </Placemark>
    <Placemark>
      <name>ALPR</name>
      <description>OSM node: https://www.openstreetmap.org/node/13348642302
Manufacturer: Flock Safety
Direction: 54-99
Zone: traffic
Camera type: fixed</description>
      <Point>
        <coordinates>-116.3038051,33.7288668,0</coordinates>
      </Point>
    </Placemark>
    <Placemark>
      <name>ALPR</name>
      <description>OSM node: https://www.openstreetmap.org/node/13348652301
Manufacturer: Flock Safety
Direction: 338-23
Zone: traffic
Camera type: fixed</description>
      <Point>
        <coordinates>-116.3036932,33.7386874,0</coordinates>
      </Point>
    </Placemark>
    <Placemark>
      <name>ALPR</name>
      <description>OSM node: https://www.openstreetmap.org/node/13348663201
Manufacturer: Flock Safety
Direction: 59-104
Zone: traffic
Camera type: fixed</description>
      <Point>
        <coordinates>-116.300862,33.7612968,0</coordinates>
      </Point>
    </Placemark>
    <Placemark>
      <name>ALPR</name>
      <description>OSM node: https://www.openstreetmap.org/node/13348665001
Manufacturer: Flock Safety
Direction: 225-270
Zone: traffic
Camera type: fixed</description>
      <Point>
        <coordinates>-116.3010186,33.7614942,0</coordinates>
      </Point>
    </Placemark>
    <Placemark>
      <name>ALPR</name>
      <description>OSM node: https://www.openstreetmap.org/node/13348670601
Manufacturer: Flock Safety
Direction: 250
Zone: traffic
Camera type: fixed</description>
      <Point>
        <coordinates>-117.8902009,34.1215025,0</coordinates>
      </Point>
    </Placemark>
    <Placemark>
      <name>San Mateo Police Department ALPR</name>
      <description>OSM node: https://www.openstreetmap.org/node/13348705907
Operator: San Mateo Police Department
Manufacturer: Flock Safety
Direction: 200
Zone: street
Camera type: fixed</description>
      <Point>
        <coordinates>-122.3032334,37.5639871,0</coordinates>
      </Point>
    </Placemark>
    <Placemark>
      <name>San Mateo Police Department ALPR</name>
      <description>OSM node: https://www.openstreetmap.org/node/13348705908
Operator: San Mateo Police Department
Manufacturer: Flock Safety
Direction: 205
Zone: street
Camera type: fixed</description>
      <Point>
        <coordinates>-122.3285191,37.5846321,0</coordinates>
      </Point>
    </Placemark>
    <Placemark>
      <name>ALPR</name>
      <description>OSM node: https://www.openstreetmap.org/node/13348745460
Manufacturer: Flock Safety
Direction: 85
Zone: street
Camera type: fixed</description>
      <Point>
        <coordinates>-118.2216656,34.1512503,0</coordinates>
      </Point>
    </Placemark>
    <Placemark>
      <name>ALPR</name>
      <description>OSM node: https://www.openstreetmap.org/node/13348877301
Manufacturer: Axon Enterprise
Direction: 285
Zone: traffic
Camera type: fixed</description>
      <Point>
        <coordinates>-116.304452,33.7581898,0</coordinates>
      </Point>
    </Placemark>
    <Placemark>
      <name>ALPR</name>
      <description>OSM node: https://www.openstreetmap.org/node/13348889601
Manufacturer: Flock Safety
Direction: 150-195
Zone: traffic
Camera type: fixed</description>
      <Point>
        <coordinates>-116.3040345,33.7435022,0</coordinates>
      </Point>
    </Placemark>
    <Placemark>
      <name>ALPR</name>
      <description>OSM node: https://www.openstreetmap.org/node/13348944101
Manufacturer: Flock Safety
Direction: 240
Zone: traffic
Camera type: fixed</description>
      <Point>
        <coordinates>-116.9630241,33.7295379,0</coordinates>
      </Point>
    </Placemark>
    <Placemark>
      <name>ALPR</name>
      <description>OSM node: https://www.openstreetmap.org/node/13348949701
Manufacturer: Flock Safety
Direction: 218-263
Zone: traffic
Camera type: fixed</description>
      <Point>
        <coordinates>-116.4758069,33.816039,0</coordinates>
      </Point>
    </Placemark>
    <Placemark>
      <name>ALPR</name>
      <description>OSM node: https://www.openstreetmap.org/node/13348980701
Manufacturer: Flock Safety
Direction: 89-134
Zone: traffic
Camera type: fixed</description>
      <Point>
        <coordinates>-116.2514637,33.7384083,0</coordinates>
      </Point>
    </Placemark>
    <Placemark>
      <name>ALPR</name>
      <description>OSM node: https://www.openstreetmap.org/node/13348989001
Manufacturer: Flock Safety
Direction: 179
Zone: traffic
Camera type: fixed</description>
      <Point>
        <coordinates>-117.0237672,33.2408844,0</coordinates>
      </Point>
    </Placemark>
    <Placemark>
      <name>ALPR</name>
      <description>OSM node: https://www.openstreetmap.org/node/13349355801
Manufacturer: Flock Safety
Direction: 100;281
Zone: traffic
Camera type: fixed</description>
      <Point>
        <coordinates>-121.5312337,37.7510414,0</coordinates>
      </Point>
    </Placemark>
    <Placemark>
      <name>St Francis Wood HOA ALPR</name>
      <description>OSM node: https://www.openstreetmap.org/node/13349442295
Operator: St Francis Wood HOA
Manufacturer: Flock Safety
Direction: 90
Camera type: fixed</description>
      <Point>
        <coordinates>-122.4711081,37.7347067,0</coordinates>
      </Point>
    </Placemark>
    <Placemark>
      <name>St Francis Wood HOA ALPR</name>
      <description>OSM node: https://www.openstreetmap.org/node/13349442296
Operator: St Francis Wood HOA
Manufacturer: Flock Safety
Direction: 90
Zone: traffic
Camera type: fixed</description>
      <Point>
        <coordinates>-122.4711094,37.734763,0</coordinates>
      </Point>
    </Placemark>
    <Placemark>
      <name>St Francis Wood HOA ALPR</name>
      <description>OSM node: https://www.openstreetmap.org/node/13349442297
Operator: St Francis Wood HOA
Manufacturer: Flock Safety
Direction: 90
Zone: traffic
Camera type: fixed</description>
      <Point>
        <coordinates>-122.4711564,37.7331986,0</coordinates>
      </Point>
    </Placemark>
    <Placemark>
      <name>ALPR</name>
      <description>OSM node: https://www.openstreetmap.org/node/13349613101
Manufacturer: Motorola Solutions
Direction: 330-30
Zone: traffic
Camera type: fixed</description>
      <Point>
        <coordinates>-118.2922815,33.7442331,0</coordinates>
      </Point>
    </Placemark>
    <Placemark>
      <name>ALPR</name>
      <description>OSM node: https://www.openstreetmap.org/node/13349845701
Manufacturer: Flock Safety
Direction: 131
Zone: traffic
Camera type: fixed</description>
      <Point>
        <coordinates>-117.9697847,34.038632,0</coordinates>
      </Point>
    </Placemark>
    <Placemark>
      <name>Dixon Police Department ALPR</name>
      <description>OSM node: https://www.openstreetmap.org/node/13350493362
Operator: Dixon Police Department
Manufacturer: Flock Safety
Direction: 165
Zone: traffic
Camera type: fixed</description>
      <Point>
        <coordinates>-121.8039171,38.4861045,0</coordinates>
      </Point>
    </Placemark>
    <Placemark>
      <name>ALPR</name>
      <description>OSM node: https://www.openstreetmap.org/node/13351567301
Manufacturer: Flock Safety
Direction: 338-23
Zone: traffic
Camera type: fixed</description>
      <Point>
        <coordinates>-116.3107855,33.7584317,0</coordinates>
      </Point>
    </Placemark>
    <Placemark>
      <name>ALPR</name>
      <description>OSM node: https://www.openstreetmap.org/node/13351571102
Manufacturer: Flock Safety
Direction: 146-191
Zone: traffic
Camera type: fixed</description>
      <Point>
        <coordinates>-116.3390554,33.7578779,0</coordinates>
      </Point>
    </Placemark>
    <Placemark>
      <name>ALPR</name>
      <description>OSM node: https://www.openstreetmap.org/node/13351571801
Manufacturer: Flock Safety
Direction: 47-92
Zone: traffic
Camera type: fixed</description>
      <Point>
        <coordinates>-116.3384777,33.7579009,0</coordinates>
      </Point>
    </Placemark>
    <Placemark>
      <name>ALPR</name>
      <description>OSM node: https://www.openstreetmap.org/node/13351578901
Manufacturer: Flock Safety
Direction: 70-115
Zone: traffic
Camera type: fixed</description>
      <Point>
        <coordinates>-116.3899317,33.7578804,0</coordinates>
      </Point>
    </Placemark>
    <Placemark>
      <name>ALPR</name>
      <description>OSM node: https://www.openstreetmap.org/node/13351579301
Manufacturer: Flock Safety
Direction: 230-275
Zone: traffic
Camera type: fixed</description>
      <Point>
        <coordinates>-116.3913796,33.7581091,0</coordinates>
      </Point>
    </Placemark>
    <Placemark>
      <name>ALPR</name>
      <description>OSM node: https://www.openstreetmap.org/node/13351581701
Manufacturer: Flock Safety
Direction: 322-7
Zone: traffic
Camera type: fixed</description>
      <Point>
        <coordinates>-116.4042312,33.758026,0</coordinates>
      </Point>
    </Placemark>
    <Placemark>
      <name>ALPR</name>
      <description>OSM node: https://www.openstreetmap.org/node/13351581702
Manufacturer: Flock Safety
Direction: 43-88
Zone: traffic
Camera type: fixed</description>
      <Point>
        <coordinates>-116.4080058,33.7577294,0</coordinates>
      </Point>
    </Placemark>
    <Placemark>
      <name>ALPR</name>
      <description>OSM node: https://www.openstreetmap.org/node/13351650401
Manufacturer: Flock Safety
Direction: 36-81
Zone: traffic
Camera type: fixed</description>
      <Point>
        <coordinates>-117.9296093,33.6389695,0</coordinates>
      </Point>
    </Placemark>
    <Placemark>
      <name>ALPR</name>
      <description>OSM node: https://www.openstreetmap.org/node/13351722201
Manufacturer: Flock Safety
Direction: 64-109
Zone: traffic
Camera type: fixed</description>
      <Point>
        <coordinates>-118.0899759,34.0132599,0</coordinates>
      </Point>
    </Placemark>
    <Placemark>
      <name>ALPR</name>
      <description>OSM node: https://www.openstreetmap.org/node/13351785601
Manufacturer: Flock Safety
Direction: 90-135
Zone: traffic
Camera type: fixed</description>
      <Point>
        <coordinates>-116.4843388,33.7895823,0</coordinates>
      </Point>
    </Placemark>
    <Placemark>
      <name>ALPR</name>
      <description>OSM node: https://www.openstreetmap.org/node/13351786401
Manufacturer: Flock Safety
Direction: 267-312
Zone: traffic
Camera type: fixed</description>
      <Point>
        <coordinates>-116.4855569,33.7904796,0</coordinates>
      </Point>
    </Placemark>
    <Placemark>
      <name>ALPR</name>
      <description>OSM node: https://www.openstreetmap.org/node/13351791601
Manufacturer: Flock Safety
Direction: 242-287
Zone: traffic
Camera type: fixed</description>
      <Point>
        <coordinates>-116.4986733,33.794273,0</coordinates>
      </Point>
    </Placemark>
    <Placemark>
      <name>ALPR</name>
      <description>OSM node: https://www.openstreetmap.org/node/13351793401
Manufacturer: Flock Safety
Direction: 71-115
Zone: traffic
Camera type: fixed</description>
      <Point>
        <coordinates>-116.5015504,33.7949002,0</coordinates>
      </Point>
    </Placemark>
    <Placemark>
      <name>ALPR</name>
      <description>OSM node: https://www.openstreetmap.org/node/13351793402
Manufacturer: Flock Safety
Direction: 338-23
Zone: traffic
Camera type: fixed</description>
      <Point>
        <coordinates>-116.5193424,33.8014384,0</coordinates>
      </Point>
    </Placemark>
    <Placemark>
      <name>ALPR</name>
      <description>OSM node: https://www.openstreetmap.org/node/13351793501
Manufacturer: Flock Safety
Direction: 71-115
Zone: traffic
Camera type: fixed</description>
      <Point>
        <coordinates>-116.5015504,33.7949002,0</coordinates>
      </Point>
    </Placemark>
    <Placemark>
      <name>ALPR</name>
      <description>OSM node: https://www.openstreetmap.org/node/13351793502
Manufacturer: Flock Safety
Direction: 62-107
Zone: traffic
Camera type: fixed</description>
      <Point>
        <coordinates>-116.5282096,33.8013607,0</coordinates>
      </Point>
    </Placemark>
    <Placemark>
      <name>ALPR</name>
      <description>OSM node: https://www.openstreetmap.org/node/13351804901
Manufacturer: Flock Safety
Direction: 160-205;338-23;254-299
Zone: traffic
Camera type: fixed</description>
      <Point>
        <coordinates>-116.5282096,33.8013607,0</coordinates>
      </Point>
    </Placemark>
    <Placemark>
      <name>ALPR</name>
      <description>OSM node: https://www.openstreetmap.org/node/13351809601
Manufacturer: Flock Safety
Direction: 136-181
Zone: traffic
Camera type: fixed</description>
      <Point>
        <coordinates>-116.5392997,33.8013299,0</coordinates>
      </Point>
    </Placemark>
    <Placemark>
      <name>ALPR</name>
      <description>OSM node: https://www.openstreetmap.org/node/13351948791
Manufacturer: Flock Safety
Direction: 160</description>
      <Point>
        <coordinates>-122.913381,39.0610831,0</coordinates>
      </Point>
    </Placemark>
    <Placemark>
      <name>ALPR</name>
      <description>OSM node: https://www.openstreetmap.org/node/13351948792
Manufacturer: Flock Safety
Direction: 350</description>
      <Point>
        <coordinates>-122.9155298,39.0348372,0</coordinates>
      </Point>
    </Placemark>
    <Placemark>
      <name>ALPR</name>
      <description>OSM node: https://www.openstreetmap.org/node/13351948793
Manufacturer: Flock Safety
Direction: 5</description>
      <Point>
        <coordinates>-122.9231381,39.0338198,0</coordinates>
      </Point>
    </Placemark>
    <Placemark>
      <name>ALPR</name>
      <description>OSM node: https://www.openstreetmap.org/node/13351948794
Manufacturer: Flock Safety
Direction: 320</description>
      <Point>
        <coordinates>-122.9151798,39.0243774,0</coordinates>
      </Point>
    </Placemark>
    <Placemark>
      <name>ALPR</name>
      <description>OSM node: https://www.openstreetmap.org/node/13351948795
Manufacturer: Flock Safety
Direction: 160</description>
      <Point>
        <coordinates>-122.9216898,39.0619882,0</coordinates>
      </Point>
    </Placemark>
    <Placemark>
      <name>ALPR</name>
      <description>OSM node: https://www.openstreetmap.org/node/13351965984
Manufacturer: Flock Safety
Direction: 270</description>
      <Point>
        <coordinates>-122.915977,39.0593628,0</coordinates>
      </Point>
    </Placemark>
    <Placemark>
      <name>ALPR</name>
      <description>OSM node: https://www.openstreetmap.org/node/13351965985
Manufacturer: Flock Safety
Direction: 165</description>
      <Point>
        <coordinates>-122.9186362,39.0625705,0</coordinates>
      </Point>
    </Placemark>
    <Placemark>
      <name>ALPR</name>
      <description>OSM node: https://www.openstreetmap.org/node/13351980501
Manufacturer: Flock Safety
Direction: 289-334
Zone: traffic
Camera type: fixed</description>
      <Point>
        <coordinates>-118.3355015,33.9815253,0</coordinates>
      </Point>
    </Placemark>
    <Placemark>
      <name>ALPR</name>
      <description>OSM node: https://www.openstreetmap.org/node/13351982977
Camera type: fixed</description>
      <Point>
        <coordinates>-121.2230756,38.7964096,0</coordinates>
      </Point>
    </Placemark>
    <Placemark>
      <name>ALPR</name>
      <description>OSM node: https://www.openstreetmap.org/node/13352048202
Manufacturer: Flock Safety
Direction: 113-158
Zone: traffic
Camera type: fixed</description>
      <Point>
        <coordinates>-122.9065989,39.1104481,0</coordinates>
      </Point>
    </Placemark>
    <Placemark>
      <name>ALPR</name>
      <description>OSM node: https://www.openstreetmap.org/node/13352057101
Manufacturer: Flock Safety
Direction: 305-350
Zone: traffic
Camera type: fixed</description>
      <Point>
        <coordinates>-122.9064696,39.1104715,0</coordinates>
      </Point>
    </Placemark>
    <Placemark>
      <name>ALPR</name>
      <description>OSM node: https://www.openstreetmap.org/node/13352112401
Manufacturer: Flock Safety
Direction: 47-92
Zone: traffic
Camera type: fixed</description>
      <Point>
        <coordinates>-122.9306519,39.049827,0</coordinates>
      </Point>
    </Placemark>
    <Placemark>
      <name>ALPR</name>
      <description>OSM node: https://www.openstreetmap.org/node/13352146001
Manufacturer: Flock Safety
Direction: 150-195
Zone: traffic
Camera type: fixed</description>
      <Point>
        <coordinates>-116.4668727,33.7803722,0</coordinates>
      </Point>
    </Placemark>
    <Placemark>
      <name>ALPR</name>
      <description>OSM node: https://www.openstreetmap.org/node/13352148501
Manufacturer: Flock Safety
Direction: 269-314
Zone: traffic
Camera type: fixed</description>
      <Point>
        <coordinates>-116.4594796,33.7784248,0</coordinates>
      </Point>
    </Placemark>
    <Placemark>
      <name>ALPR</name>
      <description>OSM node: https://www.openstreetmap.org/node/13352148502
Manufacturer: Flock Safety
Direction: 248-293
Zone: traffic
Camera type: fixed</description>
      <Point>
        <coordinates>-116.4519636,33.7763094,0</coordinates>
      </Point>
    </Placemark>
    <Placemark>
      <name>ALPR</name>
      <description>OSM node: https://www.openstreetmap.org/node/13352149901
Manufacturer: Flock Safety
Direction: 94-139
Zone: traffic
Camera type: fixed</description>
      <Point>
        <coordinates>-116.4493446,33.7745952,0</coordinates>
      </Point>
    </Placemark>
    <Placemark>
      <name>ALPR</name>
      <description>OSM node: https://www.openstreetmap.org/node/13352153401
Manufacturer: Flock Safety
Direction: 58-103
Zone: traffic
Camera type: fixed</description>
      <Point>
        <coordinates>-116.4462163,33.7723683,0</coordinates>
      </Point>
    </Placemark>
    <Placemark>
      <name>ALPR</name>
      <description>OSM node: https://www.openstreetmap.org/node/13352154001
Manufacturer: Flock Safety
Direction: 64-109
Zone: traffic
Camera type: fixed</description>
      <Point>
        <coordinates>-116.4408007,33.7723664,0</coordinates>
      </Point>
    </Placemark>
    <Placemark>
      <name>ALPR</name>
      <description>OSM node: https://www.openstreetmap.org/node/13352156301
Manufacturer: Flock Safety
Direction: 144-189
Zone: traffic
Camera type: fixed</description>
      <Point>
        <coordinates>-116.4258048,33.772334,0</coordinates>
      </Point>
    </Placemark>
    <Placemark>
      <name>ALPR</name>
      <description>OSM node: https://www.openstreetmap.org/node/13352157901
Manufacturer: Flock Safety
Direction: 234-279
Zone: traffic
Camera type: fixed</description>
      <Point>
        <coordinates>-116.4079786,33.7726235,0</coordinates>
      </Point>
    </Placemark>
    <Placemark>
      <name>ALPR</name>
      <description>OSM node: https://www.openstreetmap.org/node/13352159401
Manufacturer: Flock Safety
Direction: 348-33
Zone: traffic
Camera type: fixed</description>
      <Point>
        <coordinates>-116.4074371,33.7727288,0</coordinates>
      </Point>
    </Placemark>
    <Placemark>
      <name>ALPR</name>
      <description>OSM node: https://www.openstreetmap.org/node/13352159402
Manufacturer: Flock Safety
Direction: 51-96
Zone: traffic
Camera type: fixed</description>
      <Point>
        <coordinates>-116.4075504,33.7723804,0</coordinates>
      </Point>
    </Placemark>
    <Placemark>
      <name>ALPR</name>
      <description>OSM node: https://www.openstreetmap.org/node/13352338901
Manufacturer: Flock Safety
Direction: 86-131
Zone: traffic
Camera type: fixed</description>
      <Point>
        <coordinates>-116.4080781,33.7633325,0</coordinates>
      </Point>
    </Placemark>
    <Placemark>
      <name>California Highway Patrol (CHP) ALPR</name>
      <description>OSM node: https://www.openstreetmap.org/node/13352339674
Operator: California Highway Patrol (CHP)
Manufacturer: Flock Group Inc.
Zone: traffic
Camera type: fixed</description>
      <Point>
        <coordinates>-122.2410677,37.8500518,0</coordinates>
      </Point>
    </Placemark>
    <Placemark>
      <name>ALPR</name>
      <description>OSM node: https://www.openstreetmap.org/node/13352340001
Manufacturer: Flock Safety
Direction: 297
Zone: traffic
Camera type: fixed</description>
      <Point>
        <coordinates>-121.6108475,37.1309449,0</coordinates>
      </Point>
    </Placemark>
    <Placemark>
      <name>ALPR</name>
      <description>OSM node: https://www.openstreetmap.org/node/13352365801
Manufacturer: Flock Safety
Direction: 251-296
Zone: traffic
Camera type: fixed</description>
      <Point>
        <coordinates>-122.7157651,38.3485094,0</coordinates>
      </Point>
    </Placemark>
    <Placemark>
      <name>ALPR</name>
      <description>OSM node: https://www.openstreetmap.org/node/13352366001
Manufacturer: Flock Safety
Direction: 343-28
Zone: traffic
Camera type: fixed</description>
      <Point>
        <coordinates>-122.7381035,38.3349358,0</coordinates>
      </Point>
    </Placemark>
    <Placemark>
      <name>Riverside County Sheriff's Department ALPR</name>
      <description>OSM node: https://www.openstreetmap.org/node/13352415601
Operator: Riverside County Sheriff's Department
Manufacturer: Flock Safety
Direction: 225-270
Zone: traffic
Camera type: fixed</description>
      <Point>
        <coordinates>-116.40831,33.7390666,0</coordinates>
      </Point>
    </Placemark>
    <Placemark>
      <name>ALPR</name>
      <description>OSM node: https://www.openstreetmap.org/node/13352418613
Direction: 250</description>
      <Point>
        <coordinates>-121.1850775,37.8120716,0</coordinates>
      </Point>
    </Placemark>
    <Placemark>
      <name>ALPR</name>
      <description>OSM node: https://www.openstreetmap.org/node/13352418614
Direction: 360</description>
      <Point>
        <coordinates>-120.9960302,37.7732004,0</coordinates>
      </Point>
    </Placemark>
    <Placemark>
      <name>ALPR</name>
      <description>OSM node: https://www.openstreetmap.org/node/13352453701
Manufacturer: Flock Safety
Direction: 338-23
Zone: traffic
Camera type: fixed</description>
      <Point>
        <coordinates>-119.5126074,37.2294334,0</coordinates>
      </Point>
    </Placemark>
    <Placemark>
      <name>ALPR</name>
      <description>OSM node: https://www.openstreetmap.org/node/13352455201
Manufacturer: Flock Safety
Direction: 120-165
Zone: traffic
Camera type: fixed</description>
      <Point>
        <coordinates>-119.5126052,37.2294279,0</coordinates>
      </Point>
    </Placemark>
    <Placemark>
      <name>ALPR</name>
      <description>OSM node: https://www.openstreetmap.org/node/13352928903
Manufacturer: Flock Safety
Direction: 251
Zone: traffic
Camera type: fixed</description>
      <Point>
        <coordinates>-121.252274,37.7865681,0</coordinates>
      </Point>
    </Placemark>
    <Placemark>
      <name>ALPR</name>
      <description>OSM node: https://www.openstreetmap.org/node/13352929002
Manufacturer: Flock Safety
Direction: 123
Zone: traffic
Camera type: fixed</description>
      <Point>
        <coordinates>-119.7626655,36.8373304,0</coordinates>
      </Point>
    </Placemark>
    <Placemark>
      <name>ALPR</name>
      <description>OSM node: https://www.openstreetmap.org/node/13352943101
Manufacturer: Flock Safety
Direction: 161
Zone: traffic
Camera type: fixed</description>
      <Point>
        <coordinates>-121.2522625,37.7865078,0</coordinates>
      </Point>
    </Placemark>
    <Placemark>
      <name>ALPR</name>
      <description>OSM node: https://www.openstreetmap.org/node/13352951001
Manufacturer: Flock Safety
Direction: 339
Zone: traffic
Camera type: fixed</description>
      <Point>
        <coordinates>-121.252182,37.7865724,0</coordinates>
      </Point>
    </Placemark>
    <Placemark>
      <name>ALPR</name>
      <description>OSM node: https://www.openstreetmap.org/node/13352951901
Manufacturer: Flock Safety
Direction: 78
Zone: traffic
Camera type: fixed</description>
      <Point>
        <coordinates>-121.2521859,37.7865086,0</coordinates>
      </Point>
    </Placemark>
    <Placemark>
      <name>ALPR</name>
      <description>OSM node: https://www.openstreetmap.org/node/13353449801
Manufacturer: Motorola Solutions
Direction: 152-212
Zone: traffic
Camera type: fixed</description>
      <Point>
        <coordinates>-117.3191728,33.1218631,0</coordinates>
      </Point>
    </Placemark>
    <Placemark>
      <name>Ridgecrest Police Department ALPR</name>
      <description>OSM node: https://www.openstreetmap.org/node/13353533008
Operator: Ridgecrest Police Department
Manufacturer: Flock Safety
Direction: 117-162
Zone: traffic
Camera type: fixed</description>
      <Point>
        <coordinates>-117.6700123,35.6506212,0</coordinates>
      </Point>
    </Placemark>
    <Placemark>
      <name>ALPR</name>
      <description>OSM node: https://www.openstreetmap.org/node/13353543801
Manufacturer: Flock Safety
Direction: 325-10
Zone: traffic
Camera type: fixed</description>
      <Point>
        <coordinates>-117.9646984,33.9457674,0</coordinates>
      </Point>
    </Placemark>
    <Placemark>
      <name>ALPR</name>
      <description>OSM node: https://www.openstreetmap.org/node/13353716901
Manufacturer: Flock Safety
Direction: 344-29;338-23;338-23;338-23;338-23;338-23;338-23;338-23
Zone: traffic
Camera type: fixed</description>
      <Point>
        <coordinates>-117.1234952,33.0112192,0</coordinates>
      </Point>
    </Placemark>
    <Placemark>
      <name>ALPR</name>
      <description>OSM node: https://www.openstreetmap.org/node/13353722701
Manufacturer: Flock Safety
Direction: 183-228
Zone: traffic
Camera type: fixed</description>
      <Point>
        <coordinates>-117.123585,33.011308,0</coordinates>
      </Point>
    </Placemark>
    <Placemark>
      <name>ALPR</name>
      <description>OSM node: https://www.openstreetmap.org/node/13353746629
Manufacturer: Flock Safety
Direction: 245
Camera type: fixed</description>
      <Point>
        <coordinates>-117.6511929,34.0207503,0</coordinates>
      </Point>
    </Placemark>
    <Placemark>
      <name>Orange County Sheriff ALPR</name>
      <description>OSM node: https://www.openstreetmap.org/node/13353834569
Operator: Orange County Sheriff
Manufacturer: Flock Safety
Direction: 323
Zone: traffic
Camera type: fixed</description>
      <Point>
        <coordinates>-117.7016776,33.6544923,0</coordinates>
      </Point>
    </Placemark>
    <Placemark>
      <name>ALPR</name>
      <description>OSM node: https://www.openstreetmap.org/node/13353862673
Manufacturer: Flock Safety
Direction: 340
Camera type: fixed</description>
      <Point>
        <coordinates>-117.6518848,34.0196104,0</coordinates>
      </Point>
    </Placemark>
    <Placemark>
      <name>ALPR</name>
      <description>OSM node: https://www.openstreetmap.org/node/13353934406
Manufacturer: Flock Safety
Direction: 130
Zone: traffic
Camera type: fixed</description>
      <Point>
        <coordinates>-121.6109676,37.1308979,0</coordinates>
      </Point>
    </Placemark>
    <Placemark>
      <name>ALPR</name>
      <description>OSM node: https://www.openstreetmap.org/node/13354094782
Manufacturer: Flock Safety
Direction: 230
Camera type: fixed</description>
      <Point>
        <coordinates>-117.6515018,34.0217977,0</coordinates>
      </Point>
    </Placemark>
    <Placemark>
      <name>ALPR</name>
      <description>OSM node: https://www.openstreetmap.org/node/13354188507
Manufacturer: Flock Safety
Direction: 226-271;179-224
Zone: traffic
Camera type: fixed</description>
      <Point>
        <coordinates>-117.5542455,33.9384457,0</coordinates>
      </Point>
    </Placemark>
    <Placemark>
      <name>ALPR</name>
      <description>OSM node: https://www.openstreetmap.org/node/13354188508
Manufacturer: Flock Safety
Direction: 18-63;61-106
Zone: traffic
Camera type: fixed</description>
      <Point>
        <coordinates>-117.5541761,33.9383056,0</coordinates>
      </Point>
    </Placemark>
    <Placemark>
      <name>ALPR</name>
      <description>OSM node: https://www.openstreetmap.org/node/13354425703
Manufacturer: Flock Safety
Direction: 101
Zone: traffic
Camera type: fixed</description>
      <Point>
        <coordinates>-123.0483504,38.3406563,0</coordinates>
      </Point>
    </Placemark>
    <Placemark>
      <name>ALPR</name>
      <description>OSM node: https://www.openstreetmap.org/node/13354431502
Manufacturer: Flock Safety
Direction: 247
Zone: traffic
Camera type: fixed</description>
      <Point>
        <coordinates>-118.3815745,33.9890905,0</coordinates>
      </Point>
    </Placemark>
    <Placemark>
      <name>ALPR</name>
      <description>OSM node: https://www.openstreetmap.org/node/13354434304
Manufacturer: Flock Safety
Direction: 58
Zone: traffic
Camera type: fixed</description>
      <Point>
        <coordinates>-118.3917357,33.988577,0</coordinates>
      </Point>
    </Placemark>
    <Placemark>
      <name>ALPR</name>
      <description>OSM node: https://www.openstreetmap.org/node/13354446612
Manufacturer: Flock Safety
Direction: 24
Zone: traffic
Camera type: fixed</description>
      <Point>
        <coordinates>-122.9941617,38.3334033,0</coordinates>
      </Point>
    </Placemark>
    <Placemark>
      <name>ALPR</name>
      <description>OSM node: https://www.openstreetmap.org/node/13354452001
Manufacturer: Flock Safety
Direction: 286
Zone: traffic
Camera type: fixed</description>
      <Point>
        <coordinates>-123.0478925,38.3406288,0</coordinates>
      </Point>
    </Placemark>
    <Placemark>
      <name>ALPR</name>
      <description>OSM node: https://www.openstreetmap.org/node/13354528301
Manufacturer: Flock Safety
Zone: traffic
Camera type: fixed</description>
      <Point>
        <coordinates>-118.1019126,34.133469,0</coordinates>
      </Point>
    </Placemark>
    <Placemark>
      <name>ALPR</name>
      <description>OSM node: https://www.openstreetmap.org/node/13354547302
Manufacturer: Flock Safety
Direction: 183
Zone: traffic
Camera type: fixed</description>
      <Point>
        <coordinates>-117.1210816,32.9149126,0</coordinates>
      </Point>
    </Placemark>
    <Placemark>
      <name>ALPR</name>
      <description>OSM node: https://www.openstreetmap.org/node/13354548950
Manufacturer: Flock Safety
Direction: 120
Camera type: fixed</description>
      <Point>
        <coordinates>-122.2441574,37.8282757,0</coordinates>
      </Point>
    </Placemark>
    <Placemark>
      <name>ALPR</name>
      <description>OSM node: https://www.openstreetmap.org/node/13354554601
Manufacturer: Flock Safety
Direction: 0
Zone: traffic
Camera type: fixed</description>
      <Point>
        <coordinates>-117.1211003,32.9149551,0</coordinates>
      </Point>
    </Placemark>
    <Placemark>
      <name>ALPR</name>
      <description>OSM node: https://www.openstreetmap.org/node/13354558601
Manufacturer: Flock Safety
Direction: 183
Zone: traffic
Camera type: fixed</description>
      <Point>
        <coordinates>-117.1210816,32.9149126,0</coordinates>
      </Point>
    </Placemark>
    <Placemark>
      <name>ALPR</name>
      <description>OSM node: https://www.openstreetmap.org/node/13354563401
Manufacturer: Flock Safety
Direction: 359
Zone: traffic
Camera type: fixed</description>
      <Point>
        <coordinates>-117.1216718,32.9149272,0</coordinates>
      </Point>
    </Placemark>
    <Placemark>
      <name>ALPR</name>
      <description>OSM node: https://www.openstreetmap.org/node/13354563402
Manufacturer: Flock Safety
Direction: 197
Zone: traffic
Camera type: fixed</description>
      <Point>
        <coordinates>-117.1207168,32.9141317,0</coordinates>
      </Point>
    </Placemark>
    <Placemark>
      <name>ALPR</name>
      <description>OSM node: https://www.openstreetmap.org/node/13354566701
Manufacturer: Flock Safety
Direction: 345
Zone: traffic
Camera type: fixed</description>
      <Point>
        <coordinates>-117.1222022,32.9130026,0</coordinates>
      </Point>
    </Placemark>
    <Placemark>
      <name>ALPR</name>
      <description>OSM node: https://www.openstreetmap.org/node/13354596563
Manufacturer: Flock Safety
Direction: 285
Camera type: fixed</description>
      <Point>
        <coordinates>-122.2439301,37.8283069,0</coordinates>
      </Point>
    </Placemark>
    <Placemark>
      <name>ALPR</name>
      <description>OSM node: https://www.openstreetmap.org/node/13354599601
Manufacturer: Flock Safety
Direction: 152
Zone: traffic
Camera type: fixed</description>
      <Point>
        <coordinates>-122.395801,37.604017,0</coordinates>
      </Point>
    </Placemark>
    <Placemark>
      <name>ALPR</name>
      <description>OSM node: https://www.openstreetmap.org/node/13354616101
Manufacturer: Flock Safety
Direction: 281
Zone: traffic
Camera type: fixed</description>
      <Point>
        <coordinates>-122.3928777,37.6018267,0</coordinates>
      </Point>
    </Placemark>
    <Placemark>
      <name>ALPR</name>
      <description>OSM node: https://www.openstreetmap.org/node/13354626201
Manufacturer: Flock Safety
Direction: 201
Zone: traffic
Camera type: fixed</description>
      <Point>
        <coordinates>-122.3920845,37.6020545,0</coordinates>
      </Point>
    </Placemark>
    <Placemark>
      <name>ALPR</name>
      <description>OSM node: https://www.openstreetmap.org/node/13354632601
Manufacturer: Flock Safety
Direction: 319-29
Zone: traffic
Camera type: fixed</description>
      <Point>
        <coordinates>-119.1771828,34.2064901,0</coordinates>
      </Point>
    </Placemark>
    <Placemark>
      <name>ALPR</name>
      <description>OSM node: https://www.openstreetmap.org/node/13354661501
Manufacturer: Flock Safety
Direction: 338-23
Zone: traffic
Camera type: fixed</description>
      <Point>
        <coordinates>-121.8723777,37.2593153,0</coordinates>
      </Point>
    </Placemark>
    <Placemark>
      <name>ALPR</name>
      <description>OSM node: https://www.openstreetmap.org/node/13354661901
Manufacturer: Flock Safety
Direction: 338-23
Zone: traffic
Camera type: fixed</description>
      <Point>
        <coordinates>-121.8716929,37.259052,0</coordinates>
      </Point>
    </Placemark>
    <Placemark>
      <name>ALPR</name>
      <description>OSM node: https://www.openstreetmap.org/node/13354949901
Manufacturer: Flock Safety
Direction: 252-297;296-341
Zone: traffic
Camera type: fixed</description>
      <Point>
        <coordinates>-117.4694813,33.9075978,0</coordinates>
      </Point>
    </Placemark>
    <Placemark>
      <name>ALPR</name>
      <description>OSM node: https://www.openstreetmap.org/node/13354952601
Manufacturer: Flock Safety
Direction: 105-150
Zone: traffic
Camera type: fixed</description>
      <Point>
        <coordinates>-117.4700574,33.9081352,0</coordinates>
      </Point>
    </Placemark>
    <Placemark>
      <name>ALPR</name>
      <description>OSM node: https://www.openstreetmap.org/node/13354952801
Manufacturer: Flock Safety
Direction: 307-352;354-39
Zone: traffic
Camera type: fixed</description>
      <Point>
        <coordinates>-117.4698417,33.9074602,0</coordinates>
      </Point>
    </Placemark>
    <Placemark>
      <name>ALPR</name>
      <description>OSM node: https://www.openstreetmap.org/node/13354954601
Manufacturer: Flock Safety
Direction: 28-73;76-121
Zone: traffic
Camera type: fixed</description>
      <Point>
        <coordinates>-117.470655,33.9077918,0</coordinates>
      </Point>
    </Placemark>
    <Placemark>
      <name>ALPR</name>
      <description>OSM node: https://www.openstreetmap.org/node/13355705501
Manufacturer: Flock Safety
Direction: 70-115
Zone: traffic
Camera type: fixed</description>
      <Point>
        <coordinates>-118.0622909,33.9886353,0</coordinates>
      </Point>
    </Placemark>
    <Placemark>
      <name>ALPR</name>
      <description>OSM node: https://www.openstreetmap.org/node/13355994864
Manufacturer: Flock Safety
Direction: 355
Zone: traffic
Camera type: fixed</description>
      <Point>
        <coordinates>-122.7209587,38.4762703,0</coordinates>
      </Point>
    </Placemark>
    <Placemark>
      <name>ALPR</name>
      <description>OSM node: https://www.openstreetmap.org/node/13355995337
Manufacturer: Flock Safety
Direction: 335;135;40
Zone: traffic
Camera type: fixed</description>
      <Point>
        <coordinates>-122.7286897,38.4745886,0</coordinates>
      </Point>
    </Placemark>
    <Placemark>
      <name>ALPR</name>
      <description>OSM node: https://www.openstreetmap.org/node/13356003305
Manufacturer: Flock Safety
Direction: 35
Zone: traffic
Camera type: fixed</description>
      <Point>
        <coordinates>-122.8703173,38.608133,0</coordinates>
      </Point>
    </Placemark>
    <Placemark>
      <name>ALPR</name>
      <description>OSM node: https://www.openstreetmap.org/node/13356008268
Manufacturer: Flock Safety
Direction: 330
Zone: traffic
Camera type: fixed</description>
      <Point>
        <coordinates>-122.8685625,38.605167,0</coordinates>
      </Point>
    </Placemark>
    <Placemark>
      <name>ALPR</name>
      <description>OSM node: https://www.openstreetmap.org/node/13356123801
Manufacturer: Flock Safety
Direction: 155-200
Zone: traffic
Camera type: fixed</description>
      <Point>
        <coordinates>-121.4155373,38.5959292,0</coordinates>
      </Point>
    </Placemark>
    <Placemark>
      <name>ALPR</name>
      <description>OSM node: https://www.openstreetmap.org/node/13356125002
Manufacturer: Flock Safety
Direction: 67-112
Zone: traffic
Camera type: fixed</description>
      <Point>
        <coordinates>-121.4150961,38.5960012,0</coordinates>
      </Point>
    </Placemark>
    <Placemark>
      <name>ALPR</name>
      <description>OSM node: https://www.openstreetmap.org/node/13356125003
Manufacturer: Flock Safety
Direction: 254-299
Zone: traffic
Camera type: fixed</description>
      <Point>
        <coordinates>-121.4156125,38.5962794,0</coordinates>
      </Point>
    </Placemark>
    <Placemark>
      <name>ALPR</name>
      <description>OSM node: https://www.openstreetmap.org/node/13356132001
Manufacturer: Flock Safety
Direction: 7-52
Zone: traffic
Camera type: fixed</description>
      <Point>
        <coordinates>-117.2424137,33.6976648,0</coordinates>
      </Point>
    </Placemark>
    <Placemark>
      <name>ALPR</name>
      <description>OSM node: https://www.openstreetmap.org/node/13356137601
Manufacturer: Flock Safety
Direction: 338-23
Zone: traffic
Camera type: fixed</description>
      <Point>
        <coordinates>-121.4151941,38.5963617,0</coordinates>
      </Point>
    </Placemark>
    <Placemark>
      <name>ALPR</name>
      <description>OSM node: https://www.openstreetmap.org/node/13356400269
Manufacturer: Flock Safety
Direction: 95
Zone: residential
Camera type: fixed</description>
      <Point>
        <coordinates>-117.6920448,33.5232753,0</coordinates>
      </Point>
    </Placemark>
    <Placemark>
      <name>ALPR</name>
      <description>OSM node: https://www.openstreetmap.org/node/13356411610
Manufacturer: Flock Safety
Direction: 270
Zone: residential
Camera type: fixed</description>
      <Point>
        <coordinates>-117.6922429,33.5235875,0</coordinates>
      </Point>
    </Placemark>
    <Placemark>
      <name>ALPR</name>
      <description>OSM node: https://www.openstreetmap.org/node/13356424501
Manufacturer: Flock Safety
Direction: 179
Zone: traffic
Camera type: fixed</description>
      <Point>
        <coordinates>-121.2793971,38.9052491,0</coordinates>
      </Point>
    </Placemark>
    <Placemark>
      <name>ALPR</name>
      <description>OSM node: https://www.openstreetmap.org/node/13356478654
Manufacturer: Flock Safety
Direction: 205
Camera type: fixed</description>
      <Point>
        <coordinates>-118.3931553,33.9674626,0</coordinates>
      </Point>
    </Placemark>
    <Placemark>
      <name>ALPR</name>
      <description>OSM node: https://www.openstreetmap.org/node/13356490401
Manufacturer: Flock Safety
Direction: 183-228
Zone: traffic
Camera type: fixed</description>
      <Point>
        <coordinates>-117.123585,33.011308,0</coordinates>
      </Point>
    </Placemark>
    <Placemark>
      <name>ALPR</name>
      <description>OSM node: https://www.openstreetmap.org/node/13356492301
Manufacturer: Flock Safety
Direction: 4-49
Zone: traffic
Camera type: fixed</description>
      <Point>
        <coordinates>-117.9866973,34.0640121,0</coordinates>
      </Point>
    </Placemark>
    <Placemark>
      <name>ALPR</name>
      <description>OSM node: https://www.openstreetmap.org/node/13356493701
Manufacturer: Flock Safety
Direction: 346-31
Zone: traffic
Camera type: fixed</description>
      <Point>
        <coordinates>-118.0226385,34.0742368,0</coordinates>
      </Point>
    </Placemark>
    <Placemark>
      <name>ALPR</name>
      <description>OSM node: https://www.openstreetmap.org/node/13356520101
Manufacturer: Flock Safety
Direction: 322-7
Zone: traffic
Camera type: fixed</description>
      <Point>
        <coordinates>-117.2233904,33.7436001,0</coordinates>
      </Point>
    </Placemark>
    <Placemark>
      <name>ALPR</name>
      <description>OSM node: https://www.openstreetmap.org/node/13356522202
Manufacturer: Flock Safety
Direction: 193-237
Zone: traffic
Camera type: fixed</description>
      <Point>
        <coordinates>-117.2347133,33.719963,0</coordinates>
      </Point>
    </Placemark>
    <Placemark>
      <name>ALPR</name>
      <description>OSM node: https://www.openstreetmap.org/node/13356523201
Manufacturer: Flock Safety
Direction: 193-237
Zone: traffic
Camera type: fixed</description>
      <Point>
        <coordinates>-117.2347133,33.719963,0</coordinates>
      </Point>
    </Placemark>
    <Placemark>
      <name>ALPR</name>
      <description>OSM node: https://www.openstreetmap.org/node/13356534101
Manufacturer: Flock Safety
Direction: 228
Zone: traffic
Camera type: fixed</description>
      <Point>
        <coordinates>-121.2916635,38.6108749,0</coordinates>
      </Point>
    </Placemark>
    <Placemark>
      <name>ALPR</name>
      <description>OSM node: https://www.openstreetmap.org/node/13356534801
Manufacturer: Flock Safety
Direction: 33
Zone: traffic
Camera type: fixed</description>
      <Point>
        <coordinates>-121.2907616,38.6110707,0</coordinates>
      </Point>
    </Placemark>
    <Placemark>
      <name>ALPR</name>
      <description>OSM node: https://www.openstreetmap.org/node/13356552201
Manufacturer: Flock Safety
Direction: 323-8
Zone: traffic
Camera type: fixed</description>
      <Point>
        <coordinates>-118.4670465,35.1325728,0</coordinates>
      </Point>
    </Placemark>
    <Placemark>
      <name>ALPR</name>
      <description>OSM node: https://www.openstreetmap.org/node/13356558273
Manufacturer: Flock Safety
Direction: 75
Camera type: fixed</description>
      <Point>
        <coordinates>-120.8716065,37.4926259,0</coordinates>
      </Point>
    </Placemark>
    <Placemark>
      <name>ALPR</name>
      <description>OSM node: https://www.openstreetmap.org/node/13356558274
Manufacturer: Flock Safety
Direction: 335
Camera type: fixed</description>
      <Point>
        <coordinates>-120.8716611,37.4929107,0</coordinates>
      </Point>
    </Placemark>
    <Placemark>
      <name>ALPR</name>
      <description>OSM node: https://www.openstreetmap.org/node/13356558275
Manufacturer: Flock Safety
Direction: 240
Camera type: fixed</description>
      <Point>
        <coordinates>-120.8719169,37.492874,0</coordinates>
      </Point>
    </Placemark>
    <Placemark>
      <name>ALPR</name>
      <description>OSM node: https://www.openstreetmap.org/node/13356558276
Manufacturer: Flock Safety
Direction: 160
Camera type: fixed</description>
      <Point>
        <coordinates>-120.8718614,37.4925635,0</coordinates>
      </Point>
    </Placemark>
    <Placemark>
      <name>ALPR</name>
      <description>OSM node: https://www.openstreetmap.org/node/13356589777
Manufacturer: Flock Safety
Direction: 75
Camera type: fixed</description>
      <Point>
        <coordinates>-120.8523956,37.4854715,0</coordinates>
      </Point>
    </Placemark>
    <Placemark>
      <name>ALPR</name>
      <description>OSM node: https://www.openstreetmap.org/node/13356589778
Manufacturer: Flock Safety
Direction: 240
Camera type: fixed</description>
      <Point>
        <coordinates>-120.8528582,37.4855982,0</coordinates>
      </Point>
    </Placemark>
    <Placemark>
      <name>ALPR</name>
      <description>OSM node: https://www.openstreetmap.org/node/13356589779
Manufacturer: Flock Safety
Direction: 150
Camera type: fixed</description>
      <Point>
        <coordinates>-120.8527936,37.4852208,0</coordinates>
      </Point>
    </Placemark>
    <Placemark>
      <name>ALPR</name>
      <description>OSM node: https://www.openstreetmap.org/node/13356589780
Manufacturer: Flock Safety
Direction: 340
Camera type: fixed</description>
      <Point>
        <coordinates>-120.8526256,37.4858093,0</coordinates>
      </Point>
    </Placemark>
    <Placemark>
      <name>ALPR</name>
      <description>OSM node: https://www.openstreetmap.org/node/13356627165
Manufacturer: Flock Safety
Direction: 60
Camera type: fixed</description>
      <Point>
        <coordinates>-120.8688265,37.5146479,0</coordinates>
      </Point>
    </Placemark>
    <Placemark>
      <name>ALPR</name>
      <description>OSM node: https://www.openstreetmap.org/node/13356627166
Manufacturer: Flock Safety
Direction: 245
Camera type: fixed</description>
      <Point>
        <coordinates>-120.8702573,37.5147061,0</coordinates>
      </Point>
    </Placemark>
    <Placemark>
      <name>ALPR</name>
      <description>OSM node: https://www.openstreetmap.org/node/13356627167
Manufacturer: Flock Safety
Direction: 280
Camera type: fixed</description>
      <Point>
        <coordinates>-120.8705592,37.5159675,0</coordinates>
      </Point>
    </Placemark>
    <Placemark>
      <name>ALPR</name>
      <description>OSM node: https://www.openstreetmap.org/node/13356689601
Manufacturer: Flock Safety
Direction: 170
Zone: traffic
Camera type: fixed</description>
      <Point>
        <coordinates>-121.7288847,38.6624951,0</coordinates>
      </Point>
    </Placemark>
    <Placemark>
      <name>ALPR</name>
      <description>OSM node: https://www.openstreetmap.org/node/13356712801
Manufacturer: Flock Safety
Direction: 123
Zone: traffic
Camera type: fixed</description>
      <Point>
        <coordinates>-121.6600752,37.1369301,0</coordinates>
      </Point>
    </Placemark>
    <Placemark>
      <name>ALPR</name>
      <description>OSM node: https://www.openstreetmap.org/node/13356887201
Manufacturer: Flock Safety
Direction: 143-188
Zone: traffic
Camera type: fixed</description>
      <Point>
        <coordinates>-121.297591,38.4524879,0</coordinates>
      </Point>
    </Placemark>
    <Placemark>
      <name>ALPR</name>
      <description>OSM node: https://www.openstreetmap.org/node/13356914701
Manufacturer: Flock Safety
Direction: 43-88
Zone: traffic
Camera type: fixed</description>
      <Point>
        <coordinates>-118.022734,34.074006,0</coordinates>
      </Point>
    </Placemark>
    <Placemark>
      <name>ALPR</name>
      <description>OSM node: https://www.openstreetmap.org/node/13356915601
Manufacturer: Flock Safety
Direction: 182-227
Zone: traffic
Camera type: fixed</description>
      <Point>
        <coordinates>-118.0229371,34.0739229,0</coordinates>
      </Point>
    </Placemark>
    <Placemark>
      <name>ALPR</name>
      <description>OSM node: https://www.openstreetmap.org/node/13356915901
Manufacturer: Flock Safety
Direction: 228-273
Zone: traffic
Camera type: fixed</description>
      <Point>
        <coordinates>-118.0229938,34.0741793,0</coordinates>
      </Point>
    </Placemark>
    <Placemark>
      <name>ALPR</name>
      <description>OSM node: https://www.openstreetmap.org/node/13356991801
Manufacturer: Flock Safety
Direction: 237
Zone: traffic
Camera type: fixed</description>
      <Point>
        <coordinates>-116.546208,33.9035134,0</coordinates>
      </Point>
    </Placemark>
    <Placemark>
      <name>ALPR</name>
      <description>OSM node: https://www.openstreetmap.org/node/13357863603
Manufacturer: Flock Safety
Direction: 145-190
Zone: traffic
Camera type: fixed</description>
      <Point>
        <coordinates>-120.6873193,35.2524821,0</coordinates>
      </Point>
    </Placemark>
    <Placemark>
      <name>ALPR</name>
      <description>OSM node: https://www.openstreetmap.org/node/13357938301
Manufacturer: Flock Safety
Direction: 83-128
Zone: traffic
Camera type: fixed</description>
      <Point>
        <coordinates>-123.0122427,38.7836103,0</coordinates>
      </Point>
    </Placemark>
    <Placemark>
      <name>ALPR</name>
      <description>OSM node: https://www.openstreetmap.org/node/13357964001
Manufacturer: Flock Safety
Direction: 47-92
Zone: traffic
Camera type: fixed</description>
      <Point>
        <coordinates>-123.0158347,38.8024255,0</coordinates>
      </Point>
    </Placemark>
    <Placemark>
      <name>ALPR</name>
      <description>OSM node: https://www.openstreetmap.org/node/13358108702
Manufacturer: Flock Safety
Direction: 108
Zone: traffic
Camera type: fixed</description>
      <Point>
        <coordinates>-121.6222064,37.14517,0</coordinates>
      </Point>
    </Placemark>
    <Placemark>
      <name>ALPR</name>
      <description>OSM node: https://www.openstreetmap.org/node/13358112501
Manufacturer: Flock Safety
Direction: 288
Zone: traffic
Camera type: fixed</description>
      <Point>
        <coordinates>-121.6219493,37.1452138,0</coordinates>
      </Point>
    </Placemark>
    <Placemark>
      <name>ALPR</name>
      <description>OSM node: https://www.openstreetmap.org/node/13358117601
Manufacturer: Flock Safety
Direction: 339
Zone: traffic
Camera type: fixed</description>
      <Point>
        <coordinates>-117.9074582,34.1069239,0</coordinates>
      </Point>
    </Placemark>
    <Placemark>
      <name>ALPR</name>
      <description>OSM node: https://www.openstreetmap.org/node/13358118401
Manufacturer: Flock Safety
Direction: 69
Zone: traffic
Camera type: fixed</description>
      <Point>
        <coordinates>-117.9074475,34.1065647,0</coordinates>
      </Point>
    </Placemark>
    <Placemark>
      <name>ALPR</name>
      <description>OSM node: https://www.openstreetmap.org/node/13358129101
Manufacturer: Flock Safety
Zone: traffic
Camera type: fixed</description>
      <Point>
        <coordinates>-118.1124995,34.1904598,0</coordinates>
      </Point>
    </Placemark>
    <Placemark>
      <name>ALPR</name>
      <description>OSM node: https://www.openstreetmap.org/node/13358130601
Manufacturer: Flock Safety
Direction: 174
Zone: traffic
Camera type: fixed</description>
      <Point>
        <coordinates>-121.7363329,38.6758494,0</coordinates>
      </Point>
    </Placemark>
    <Placemark>
      <name>ALPR</name>
      <description>OSM node: https://www.openstreetmap.org/node/13358130701
Manufacturer: Flock Safety
Zone: traffic
Camera type: fixed</description>
      <Point>
        <coordinates>-118.1123986,34.1908663,0</coordinates>
      </Point>
    </Placemark>
    <Placemark>
      <name>ALPR</name>
      <description>OSM node: https://www.openstreetmap.org/node/13358132001
Manufacturer: Flock Safety
Direction: 282
Zone: traffic
Camera type: fixed</description>
      <Point>
        <coordinates>-121.7370527,38.6758522,0</coordinates>
      </Point>
    </Placemark>
    <Placemark>
      <name>ALPR</name>
      <description>OSM node: https://www.openstreetmap.org/node/13358186901
Manufacturer: Flock Safety
Direction: 267
Zone: traffic
Camera type: fixed</description>
      <Point>
        <coordinates>-121.6967701,38.1104844,0</coordinates>
      </Point>
    </Placemark>
    <Placemark>
      <name>ALPR</name>
      <description>OSM node: https://www.openstreetmap.org/node/13358200301
Manufacturer: Flock Safety
Direction: 118-163
Zone: traffic
Camera type: fixed</description>
      <Point>
        <coordinates>-118.0326733,33.8587857,0</coordinates>
      </Point>
    </Placemark>
    <Placemark>
      <name>ALPR</name>
      <description>OSM node: https://www.openstreetmap.org/node/13358201901
Manufacturer: Flock Safety
Direction: 98-143
Zone: traffic
Camera type: fixed</description>
      <Point>
        <coordinates>-118.0325833,33.8587917,0</coordinates>
      </Point>
    </Placemark>
    <Placemark>
      <name>ALPR</name>
      <description>OSM node: https://www.openstreetmap.org/node/13358259701
Manufacturer: Flock Safety
Direction: 17;119
Zone: traffic
Camera type: fixed</description>
      <Point>
        <coordinates>-121.5177499,37.7727381,0</coordinates>
      </Point>
    </Placemark>
    <Placemark>
      <name>ALPR</name>
      <description>OSM node: https://www.openstreetmap.org/node/13358276301
Manufacturer: Flock Safety
Direction: 180
Zone: traffic
Camera type: fixed</description>
      <Point>
        <coordinates>-122.2516812,37.7402771,0</coordinates>
      </Point>
    </Placemark>
    <Placemark>
      <name>ALPR</name>
      <description>OSM node: https://www.openstreetmap.org/node/13358279201
Manufacturer: Flock Safety
Direction: 167
Zone: traffic
Camera type: fixed</description>
      <Point>
        <coordinates>-122.2479005,37.7429203,0</coordinates>
      </Point>
    </Placemark>
    <Placemark>
      <name>ALPR</name>
      <description>OSM node: https://www.openstreetmap.org/node/13358282501
Manufacturer: Flock Safety
Direction: 182
Zone: traffic
Camera type: fixed</description>
      <Point>
        <coordinates>-122.2361057,37.746773,0</coordinates>
      </Point>
    </Placemark>
    <Placemark>
      <name>ALPR</name>
      <description>OSM node: https://www.openstreetmap.org/node/13358382880
Manufacturer: Flock Safety
Direction: 60
Zone: traffic
Camera type: fixed</description>
      <Point>
        <coordinates>-117.9375369,33.7668286,0</coordinates>
      </Point>
    </Placemark>
    <Placemark>
      <name>ALPR</name>
      <description>OSM node: https://www.openstreetmap.org/node/13358408102
Manufacturer: Flock Safety
Direction: 223-268
Zone: traffic
Camera type: fixed</description>
      <Point>
        <coordinates>-121.4155881,38.6109881,0</coordinates>
      </Point>
    </Placemark>
    <Placemark>
      <name>ALPR</name>
      <description>OSM node: https://www.openstreetmap.org/node/13358410301
Manufacturer: Flock Safety
Direction: 136-181
Zone: traffic
Camera type: fixed</description>
      <Point>
        <coordinates>-121.4155076,38.6106341,0</coordinates>
      </Point>
    </Placemark>
    <Placemark>
      <name>ALPR</name>
      <description>OSM node: https://www.openstreetmap.org/node/13358410302
Manufacturer: Flock Safety
Direction: 310-355
Zone: traffic
Camera type: fixed</description>
      <Point>
        <coordinates>-121.4151957,38.6183802,0</coordinates>
      </Point>
    </Placemark>
    <Placemark>
      <name>ALPR</name>
      <description>OSM node: https://www.openstreetmap.org/node/13358411201
Manufacturer: Flock Safety
Direction: 129-174
Zone: traffic
Camera type: fixed</description>
      <Point>
        <coordinates>-121.4154991,38.6180831,0</coordinates>
      </Point>
    </Placemark>
    <Placemark>
      <name>ALPR</name>
      <description>OSM node: https://www.openstreetmap.org/node/13358428101
Manufacturer: Flock Safety
Direction: 308-353
Zone: traffic
Camera type: fixed</description>
      <Point>
        <coordinates>-121.3826849,38.6904714,0</coordinates>
      </Point>
    </Placemark>
    <Placemark>
      <name>ALPR</name>
      <description>OSM node: https://www.openstreetmap.org/node/13358428501
Manufacturer: Flock Safety
Direction: 120-165
Zone: traffic
Camera type: fixed</description>
      <Point>
        <coordinates>-121.3830437,38.6901818,0</coordinates>
      </Point>
    </Placemark>
    <Placemark>
      <name>ALPR</name>
      <description>OSM node: https://www.openstreetmap.org/node/13358430301
Manufacturer: Flock Safety
Direction: 45-90
Zone: traffic
Camera type: fixed</description>
      <Point>
        <coordinates>-121.3826453,38.6901785,0</coordinates>
      </Point>
    </Placemark>
    <Placemark>
      <name>ALPR</name>
      <description>OSM node: https://www.openstreetmap.org/node/13358475601
Manufacturer: Flock Safety
Direction: 44
Zone: traffic
Camera type: fixed</description>
      <Point>
        <coordinates>-118.3505209,33.7808559,0</coordinates>
      </Point>
    </Placemark>
    <Placemark>
      <name>ALPR</name>
      <description>OSM node: https://www.openstreetmap.org/node/13358476201
Manufacturer: Flock Safety
Direction: 249
Zone: traffic
Camera type: fixed</description>
      <Point>
        <coordinates>-118.3505632,33.780845,0</coordinates>
      </Point>
    </Placemark>
    <Placemark>
      <name>ALPR</name>
      <description>OSM node: https://www.openstreetmap.org/node/13358477201
Manufacturer: Flock Safety
Direction: 249
Zone: traffic
Camera type: fixed</description>
      <Point>
        <coordinates>-118.3505632,33.780845,0</coordinates>
      </Point>
    </Placemark>
    <Placemark>
      <name>ALPR</name>
      <description>OSM node: https://www.openstreetmap.org/node/13358529301
Manufacturer: Flock Safety
Direction: 330
Zone: traffic
Camera type: fixed</description>
      <Point>
        <coordinates>-121.4013111,38.6000545,0</coordinates>
      </Point>
    </Placemark>
    <Placemark>
      <name>ALPR</name>
      <description>OSM node: https://www.openstreetmap.org/node/13358529401
Manufacturer: Flock Safety
Direction: 150
Zone: traffic
Camera type: fixed</description>
      <Point>
        <coordinates>-121.4016655,38.5996577,0</coordinates>
      </Point>
    </Placemark>
    <Placemark>
      <name>ALPR</name>
      <description>OSM node: https://www.openstreetmap.org/node/13358556756
Manufacturer: Flock Safety
Direction: 240
Zone: traffic
Camera type: fixed</description>
      <Point>
        <coordinates>-117.9931976,33.7872038,0</coordinates>
      </Point>
    </Placemark>
    <Placemark>
      <name>ALPR</name>
      <description>OSM node: https://www.openstreetmap.org/node/13358556758
Manufacturer: Flock Safety
Direction: 150
Zone: traffic
Camera type: fixed</description>
      <Point>
        <coordinates>-117.9940449,33.7878117,0</coordinates>
      </Point>
    </Placemark>
    <Placemark>
      <name>ALPR</name>
      <description>OSM node: https://www.openstreetmap.org/node/13358575650
Manufacturer: Flock Safety
Direction: 330
Zone: traffic
Camera type: fixed</description>
      <Point>
        <coordinates>-117.9201782,33.7672577,0</coordinates>
      </Point>
    </Placemark>
    <Placemark>
      <name>ALPR</name>
      <description>OSM node: https://www.openstreetmap.org/node/13358575651
Manufacturer: Flock Safety
Direction: 60
Zone: traffic
Camera type: fixed</description>
      <Point>
        <coordinates>-117.9201258,33.7669843,0</coordinates>
      </Point>
    </Placemark>
    <Placemark>
      <name>ALPR</name>
      <description>OSM node: https://www.openstreetmap.org/node/13358575652
Manufacturer: Flock Safety
Direction: 210
Zone: traffic
Camera type: fixed</description>
      <Point>
        <coordinates>-117.9203953,33.7669128,0</coordinates>
      </Point>
    </Placemark>
    <Placemark>
      <name>ALPR</name>
      <description>OSM node: https://www.openstreetmap.org/node/13358575653
Manufacturer: Flock Safety
Direction: 235
Zone: traffic
Camera type: fixed</description>
      <Point>
        <coordinates>-117.9207411,33.7672066,0</coordinates>
      </Point>
    </Placemark>
    <Placemark>
      <name>Riverside County Sheriff's Department ALPR</name>
      <description>OSM node: https://www.openstreetmap.org/node/13358584873
Operator: Riverside County Sheriff's Department
Manufacturer: Flock Safety
Direction: 85
Zone: parking_entrance
Camera type: fixed</description>
      <Point>
        <coordinates>-116.422424,33.7486815,0</coordinates>
      </Point>
    </Placemark>
    <Placemark>
      <name>ALPR</name>
      <description>OSM node: https://www.openstreetmap.org/node/13358618101
Manufacturer: Flock Safety
Direction: 315
Zone: traffic
Camera type: fixed</description>
      <Point>
        <coordinates>-122.4166316,37.6392133,0</coordinates>
      </Point>
    </Placemark>
    <Placemark>
      <name>ALPR</name>
      <description>OSM node: https://www.openstreetmap.org/node/13358618201
Manufacturer: Flock Safety
Direction: 123
Zone: traffic
Camera type: fixed</description>
      <Point>
        <coordinates>-122.416955,37.6393274,0</coordinates>
      </Point>
    </Placemark>
    <Placemark>
      <name>San Francisco Police Department ALPR</name>
      <description>OSM node: https://www.openstreetmap.org/node/13358649600
Operator: San Francisco Police Department
Manufacturer: Flock Safety
Direction: 185
Zone: traffic
Camera type: fixed</description>
      <Point>
        <coordinates>-122.3712118,37.8156788,0</coordinates>
      </Point>
    </Placemark>
    <Placemark>
      <name>Riverside County Sheriff's Department ALPR</name>
      <description>OSM node: https://www.openstreetmap.org/node/13358723955
Operator: Riverside County Sheriff's Department
Manufacturer: Flock Safety
Direction: 50
Zone: parking_entrance
Camera type: fixed</description>
      <Point>
        <coordinates>-116.4235718,33.7493505,0</coordinates>
      </Point>
    </Placemark>
    <Placemark>
      <name>ALPR</name>
      <description>OSM node: https://www.openstreetmap.org/node/13358760501
Manufacturer: Flock Safety
Direction: 338
Zone: traffic
Camera type: fixed</description>
      <Point>
        <coordinates>-118.0922739,33.8585664,0</coordinates>
      </Point>
    </Placemark>
    <Placemark>
      <name>The Home Depo ALPR</name>
      <description>OSM node: https://www.openstreetmap.org/node/13358782887
Operator: The Home Depo
Manufacturer: Flock Safety
Direction: 85
Camera type: fixed</description>
      <Point>
        <coordinates>-118.4175562,34.2952421,0</coordinates>
      </Point>
    </Placemark>
    <Placemark>
      <name>The Home Depo ALPR</name>
      <description>OSM node: https://www.openstreetmap.org/node/13358782888
Operator: The Home Depo
Manufacturer: Flock Safety
Direction: 345
Camera type: fixed</description>
      <Point>
        <coordinates>-118.4174681,34.2944882,0</coordinates>
      </Point>
    </Placemark>
    <Placemark>
      <name>The Home Depo ALPR</name>
      <description>OSM node: https://www.openstreetmap.org/node/13358782889
Operator: The Home Depo
Manufacturer: Flock Safety
Direction: 285
Camera type: fixed</description>
      <Point>
        <coordinates>-118.4178684,34.2941468,0</coordinates>
      </Point>
    </Placemark>
    <Placemark>
      <name>ALPR</name>
      <description>OSM node: https://www.openstreetmap.org/node/13358783401
Manufacturer: Flock Safety
Direction: 65
Zone: traffic
Camera type: fixed</description>
      <Point>
        <coordinates>-117.5237031,33.9535782,0</coordinates>
      </Point>
    </Placemark>
    <Placemark>
      <name>ALPR</name>
      <description>OSM node: https://www.openstreetmap.org/node/13358925584
Manufacturer: Flock Safety
Direction: 180
Camera type: fixed</description>
      <Point>
        <coordinates>-117.9863544,34.1348263,0</coordinates>
      </Point>
    </Placemark>
    <Placemark>
      <name>The Home Depot ALPR</name>
      <description>OSM node: https://www.openstreetmap.org/node/13358925585
Operator: The Home Depot
Manufacturer: Flock Safety
Direction: 280
Camera type: fixed</description>
      <Point>
        <coordinates>-117.9867693,34.1340291,0</coordinates>
      </Point>
    </Placemark>
    <Placemark>
      <name>ALPR</name>
      <description>OSM node: https://www.openstreetmap.org/node/13358925586
Manufacturer: Flock Safety
Direction: 150
Camera type: fixed</description>
      <Point>
        <coordinates>-117.986501,34.1369052,0</coordinates>
      </Point>
    </Placemark>
    <Placemark>
      <name>ALPR</name>
      <description>OSM node: https://www.openstreetmap.org/node/13358939479
Manufacturer: Flock Safety
Zone: traffic
Camera type: fixed</description>
      <Point>
        <coordinates>-118.0328261,34.1072313,0</coordinates>
      </Point>
    </Placemark>
    <Placemark>
      <name>ALPR</name>
      <description>OSM node: https://www.openstreetmap.org/node/13358939480
Manufacturer: Flock Safety
Zone: traffic
Camera type: fixed</description>
      <Point>
        <coordinates>-118.0308534,34.1084274,0</coordinates>
      </Point>
    </Placemark>
    <Placemark>
      <name>Flock Safety ALPR</name>
      <description>OSM node: https://www.openstreetmap.org/node/13359226880
Operator: Flock Safety
Manufacturer: Flock Safety
Direction: 250
Camera type: fixed</description>
      <Point>
        <coordinates>-117.1675426,33.6842611,0</coordinates>
      </Point>
    </Placemark>
    <Placemark>
      <name>Flock Safety ALPR</name>
      <description>OSM node: https://www.openstreetmap.org/node/13359226881
Operator: Flock Safety
Manufacturer: Flock Safety
Direction: 170
Camera type: fixed</description>
      <Point>
        <coordinates>-117.168278,33.6846273,0</coordinates>
      </Point>
    </Placemark>
    <Placemark>
      <name>Flock Safety ALPR</name>
      <description>OSM node: https://www.openstreetmap.org/node/13359226882
Operator: Flock Safety
Manufacturer: Flock Safety
Direction: 250
Camera type: fixed</description>
      <Point>
        <coordinates>-117.1675925,33.6833065,0</coordinates>
      </Point>
    </Placemark>
    <Placemark>
      <name>Flock Safety ALPR</name>
      <description>OSM node: https://www.openstreetmap.org/node/13359226883
Operator: Flock Safety
Manufacturer: Flock Safety
Direction: 285
Camera type: fixed</description>
      <Point>
        <coordinates>-117.1685273,33.6816113,0</coordinates>
      </Point>
    </Placemark>
    <Placemark>
      <name>Flock Safety ALPR</name>
      <description>OSM node: https://www.openstreetmap.org/node/13359226884
Operator: Flock Safety
Manufacturer: Flock Safety
Direction: 285
Camera type: fixed</description>
      <Point>
        <coordinates>-117.1696189,33.6808229,0</coordinates>
      </Point>
    </Placemark>
    <Placemark>
      <name>Lowe's ALPR</name>
      <description>OSM node: https://www.openstreetmap.org/node/13359226885
Operator: Lowe's
Manufacturer: Flock Safety
Direction: 70
Camera type: fixed</description>
      <Point>
        <coordinates>-117.1753373,33.677657,0</coordinates>
      </Point>
    </Placemark>
    <Placemark>
      <name>Lowe's ALPR</name>
      <description>OSM node: https://www.openstreetmap.org/node/13359226886
Operator: Lowe's
Manufacturer: Flock Safety
Direction: 140
Camera type: fixed</description>
      <Point>
        <coordinates>-117.174397,33.6793863,0</coordinates>
      </Point>
    </Placemark>
    <Placemark>
      <name>ALPR</name>
      <description>OSM node: https://www.openstreetmap.org/node/13359242445
Manufacturer: Flock Safety
Direction: 50
Camera type: fixed</description>
      <Point>
        <coordinates>-117.2057838,33.6848576,0</coordinates>
      </Point>
    </Placemark>
    <Placemark>
      <name>Riverside County Sheriff’s Department ALPR</name>
      <description>OSM node: https://www.openstreetmap.org/node/13359950802
Operator: Riverside County Sheriff’s Department
Manufacturer: Flock Safety
Direction: 214-259
Zone: traffic
Camera type: fixed</description>
      <Point>
        <coordinates>-116.3566263,33.7373283,0</coordinates>
      </Point>
    </Placemark>
    <Placemark>
      <name>ALPR</name>
      <description>OSM node: https://www.openstreetmap.org/node/13360126501
Manufacturer: Flock Safety
Direction: 162-207
Zone: traffic
Camera type: fixed</description>
      <Point>
        <coordinates>-122.6877034,38.4347777,0</coordinates>
      </Point>
    </Placemark>
    <Placemark>
      <name>ALPR</name>
      <description>OSM node: https://www.openstreetmap.org/node/13360280593
Manufacturer: Flock Safety
Direction: 30
Camera type: fixed</description>
      <Point>
        <coordinates>-121.8709161,37.6620755,0</coordinates>
      </Point>
    </Placemark>
    <Placemark>
      <name>ALPR</name>
      <description>OSM node: https://www.openstreetmap.org/node/13360280594
Manufacturer: Flock Safety
Direction: 45
Camera type: fixed</description>
      <Point>
        <coordinates>-121.9261653,37.7032234,0</coordinates>
      </Point>
    </Placemark>
    <Placemark>
      <name>ALPR</name>
      <description>OSM node: https://www.openstreetmap.org/node/13360280595
Manufacturer: Flock Safety
Direction: 320
Camera type: fixed</description>
      <Point>
        <coordinates>-121.9334129,37.7027497,0</coordinates>
      </Point>
    </Placemark>
    <Placemark>
      <name>ALPR</name>
      <description>OSM node: https://www.openstreetmap.org/node/13360282201
Manufacturer: Flock Safety
Direction: 86-131
Zone: traffic
Camera type: fixed</description>
      <Point>
        <coordinates>-121.4048631,38.3726182,0</coordinates>
      </Point>
    </Placemark>
    <Placemark>
      <name>ALPR</name>
      <description>OSM node: https://www.openstreetmap.org/node/13360342401
Manufacturer: Flock Safety
Direction: 138-183
Zone: traffic
Camera type: fixed</description>
      <Point>
        <coordinates>-122.2105867,37.4682626,0</coordinates>
      </Point>
    </Placemark>
    <Placemark>
      <name>ALPR</name>
      <description>OSM node: https://www.openstreetmap.org/node/13360343301
Manufacturer: Flock Safety
Direction: 136-181
Zone: traffic
Camera type: fixed</description>
      <Point>
        <coordinates>-121.4201283,38.5939356,0</coordinates>
      </Point>
    </Placemark>
    <Placemark>
      <name>ALPR</name>
      <description>OSM node: https://www.openstreetmap.org/node/13360443596
Manufacturer: Flock Safety
Direction: 230
Camera type: fixed</description>
      <Point>
        <coordinates>-121.8678363,37.7336109,0</coordinates>
      </Point>
    </Placemark>
    <Placemark>
      <name>ALPR</name>
      <description>OSM node: https://www.openstreetmap.org/node/13360443597
Manufacturer: Flock Safety
Direction: 200
Camera type: fixed</description>
      <Point>
        <coordinates>-121.8656288,37.7393975,0</coordinates>
      </Point>
    </Placemark>
    <Placemark>
      <name>ALPR</name>
      <description>OSM node: https://www.openstreetmap.org/node/13360443598
Manufacturer: Flock Safety
Direction: 130
Camera type: fixed</description>
      <Point>
        <coordinates>-121.8674815,37.7333612,0</coordinates>
      </Point>
    </Placemark>
    <Placemark>
      <name>ALPR</name>
      <description>OSM node: https://www.openstreetmap.org/node/13360443599
Manufacturer: Flock Safety
Direction: 70
Camera type: fixed</description>
      <Point>
        <coordinates>-121.8579121,37.7259963,0</coordinates>
      </Point>
    </Placemark>
    <Placemark>
      <name>ALPR</name>
      <description>OSM node: https://www.openstreetmap.org/node/13360443600
Manufacturer: Flock Safety
Direction: 290
Camera type: fixed</description>
      <Point>
        <coordinates>-121.8586993,37.7261283,0</coordinates>
      </Point>
    </Placemark>
    <Placemark>
      <name>ALPR</name>
      <description>OSM node: https://www.openstreetmap.org/node/13360463801
Manufacturer: Flock Safety
Direction: 295
Camera type: fixed</description>
      <Point>
        <coordinates>-121.8594557,37.7218396,0</coordinates>
      </Point>
    </Placemark>
    <Placemark>
      <name>ALPR</name>
      <description>OSM node: https://www.openstreetmap.org/node/13360463802
Manufacturer: Flock Safety
Direction: 5
Camera type: fixed</description>
      <Point>
        <coordinates>-121.8538472,37.7155149,0</coordinates>
      </Point>
    </Placemark>
    <Placemark>
      <name>ALPR</name>
      <description>OSM node: https://www.openstreetmap.org/node/13360565501
Manufacturer: Flock Safety
Direction: 124-169
Zone: traffic
Camera type: fixed</description>
      <Point>
        <coordinates>-121.383165,38.581144,0</coordinates>
      </Point>
    </Placemark>
    <Placemark>
      <name>ALPR</name>
      <description>OSM node: https://www.openstreetmap.org/node/13360566401
Manufacturer: Flock Safety
Direction: 330
Zone: traffic
Camera type: fixed</description>
      <Point>
        <coordinates>-117.8353309,34.114091,0</coordinates>
      </Point>
    </Placemark>
    <Placemark>
      <name>ALPR</name>
      <description>OSM node: https://www.openstreetmap.org/node/13360579001
Manufacturer: Flock Safety
Direction: 222-267
Zone: traffic
Camera type: fixed</description>
      <Point>
        <coordinates>-117.842074,33.725824,0</coordinates>
      </Point>
    </Placemark>
    <Placemark>
      <name>ALPR</name>
      <description>OSM node: https://www.openstreetmap.org/node/13360592001
Manufacturer: Flock Safety
Direction: 175
Camera type: fixed</description>
      <Point>
        <coordinates>-117.6616283,33.6692118,0</coordinates>
      </Point>
    </Placemark>
    <Placemark>
      <name>Mission Viejo ALPR</name>
      <description>OSM node: https://www.openstreetmap.org/node/13360595873
Operator: Mission Viejo
Manufacturer: Flock Safety
Direction: 225
Zone: traffic
Camera type: fixed</description>
      <Point>
        <coordinates>-117.6253835,33.6454666,0</coordinates>
      </Point>
    </Placemark>
    <Placemark>
      <name>Ridgecrest Police Department ALPR</name>
      <description>OSM node: https://www.openstreetmap.org/node/13360896401
Operator: Ridgecrest Police Department
Manufacturer: Flock Safety
Direction: 217-262
Zone: traffic
Camera type: fixed</description>
      <Point>
        <coordinates>-117.6461597,35.6226135,0</coordinates>
      </Point>
    </Placemark>
    <Placemark>
      <name>ALPR</name>
      <description>OSM node: https://www.openstreetmap.org/node/13362312801
Manufacturer: Flock Safety
Direction: 243-288
Zone: traffic
Camera type: fixed</description>
      <Point>
        <coordinates>-121.3905178,38.4237118,0</coordinates>
      </Point>
    </Placemark>
    <Placemark>
      <name>ALPR</name>
      <description>OSM node: https://www.openstreetmap.org/node/13362579207
Manufacturer: Motorola Solutions
Direction: 320
Camera type: fixed</description>
      <Point>
        <coordinates>-121.3800934,38.5599761,0</coordinates>
      </Point>
    </Placemark>
    <Placemark>
      <name>ALPR</name>
      <description>OSM node: https://www.openstreetmap.org/node/13362579208
Manufacturer: Motorola Solutions
Direction: 315
Camera type: fixed</description>
      <Point>
        <coordinates>-121.3801432,38.5599528,0</coordinates>
      </Point>
    </Placemark>
    <Placemark>
      <name>Sacramento Police Department ALPR</name>
      <description>OSM node: https://www.openstreetmap.org/node/13362653738
Operator: Sacramento Police Department
Manufacturer: Motorola Solutions
Direction: 215
Zone: traffic
Camera type: fixed</description>
      <Point>
        <coordinates>-121.3772475,38.552195,0</coordinates>
      </Point>
    </Placemark>
    <Placemark>
      <name>ALPR</name>
      <description>OSM node: https://www.openstreetmap.org/node/13362686301
Manufacturer: Flock Safety
Direction: 355-40
Zone: traffic
Camera type: fixed</description>
      <Point>
        <coordinates>-117.8848795,33.8650109,0</coordinates>
      </Point>
    </Placemark>
    <Placemark>
      <name>ALPR</name>
      <description>OSM node: https://www.openstreetmap.org/node/13362689901
Manufacturer: Flock Safety
Direction: 204-249
Zone: traffic
Camera type: fixed</description>
      <Point>
        <coordinates>-117.8785451,33.8610542,0</coordinates>
      </Point>
    </Placemark>
    <Placemark>
      <name>ALPR</name>
      <description>OSM node: https://www.openstreetmap.org/node/13362721002
Manufacturer: Flock Safety
Direction: 24-69
Zone: traffic
Camera type: fixed</description>
      <Point>
        <coordinates>-117.207508,33.6848119,0</coordinates>
      </Point>
    </Placemark>
    <Placemark>
      <name>ALPR</name>
      <description>OSM node: https://www.openstreetmap.org/node/13362728001
Manufacturer: Flock Safety
Direction: 227-272
Zone: traffic
Camera type: fixed</description>
      <Point>
        <coordinates>-117.2062355,33.6851657,0</coordinates>
      </Point>
    </Placemark>
    <Placemark>
      <name>ALPR</name>
      <description>OSM node: https://www.openstreetmap.org/node/13362747001
Manufacturer: Flock Safety
Direction: 268-313
Zone: traffic
Camera type: fixed</description>
      <Point>
        <coordinates>-117.2427012,33.6978667,0</coordinates>
      </Point>
    </Placemark>
    <Placemark>
      <name>ALPR</name>
      <description>OSM node: https://www.openstreetmap.org/node/13362749301
Manufacturer: Flock Safety
Direction: 74-119
Zone: traffic
Camera type: fixed</description>
      <Point>
        <coordinates>-117.2438089,33.6943154,0</coordinates>
      </Point>
    </Placemark>
    <Placemark>
      <name>ALPR</name>
      <description>OSM node: https://www.openstreetmap.org/node/13362750701
Manufacturer: Flock Safety
Direction: 259-304
Zone: traffic
Camera type: fixed</description>
      <Point>
        <coordinates>-117.2433253,33.6943257,0</coordinates>
      </Point>
    </Placemark>
    <Placemark>
      <name>ALPR</name>
      <description>OSM node: https://www.openstreetmap.org/node/13362866101
Manufacturer: Flock Safety
Direction: 55;268
Zone: traffic
Camera type: fixed</description>
      <Point>
        <coordinates>-117.1543208,33.3346988,0</coordinates>
      </Point>
    </Placemark>
    <Placemark>
      <name>ALPR</name>
      <description>OSM node: https://www.openstreetmap.org/node/13362866501
Manufacturer: Motorola Solutions
Direction: 0;330
Zone: traffic
Camera type: fixed</description>
      <Point>
        <coordinates>-117.1589534,33.3354836,0</coordinates>
      </Point>
    </Placemark>
    <Placemark>
      <name>ALPR</name>
      <description>OSM node: https://www.openstreetmap.org/node/13362866701
Manufacturer: Motorola Solutions
Direction: 180;189
Zone: traffic
Camera type: fixed</description>
      <Point>
        <coordinates>-117.1385671,33.4742239,0</coordinates>
      </Point>
    </Placemark>
    <Placemark>
      <name>ALPR</name>
      <description>OSM node: https://www.openstreetmap.org/node/13362867001
Manufacturer: Flock Safety
Direction: 62
Zone: traffic
Camera type: fixed</description>
      <Point>
        <coordinates>-117.0896522,33.5081985,0</coordinates>
      </Point>
    </Placemark>
    <Placemark>
      <name>ALPR</name>
      <description>OSM node: https://www.openstreetmap.org/node/13362867401
Manufacturer: Flock Safety
Direction: 234
Zone: traffic
Camera type: fixed</description>
      <Point>
        <coordinates>-117.0900992,33.5081628,0</coordinates>
      </Point>
    </Placemark>
    <Placemark>
      <name>ALPR</name>
      <description>OSM node: https://www.openstreetmap.org/node/13362870001
Manufacturer: Flock Safety
Direction: 209
Zone: traffic
Camera type: fixed</description>
      <Point>
        <coordinates>-117.242006,33.497254,0</coordinates>
      </Point>
    </Placemark>
    <Placemark>
      <name>ALPR</name>
      <description>OSM node: https://www.openstreetmap.org/node/13362887819
Manufacturer: Flock Safety
Direction: 180
Camera type: fixed</description>
      <Point>
        <coordinates>-123.0233889,38.8171975,0</coordinates>
      </Point>
    </Placemark>
    <Placemark>
      <name>ALPR</name>
      <description>OSM node: https://www.openstreetmap.org/node/13363000001
Manufacturer: Flock Safety
Direction: 135-180
Zone: traffic
Camera type: fixed</description>
      <Point>
        <coordinates>-122.5555191,38.0059816,0</coordinates>
      </Point>
    </Placemark>
    <Placemark>
      <name>Riverside County Sheriff's Department ALPR</name>
      <description>OSM node: https://www.openstreetmap.org/node/13363006805
Operator: Riverside County Sheriff's Department
Manufacturer: Flock Safety
Direction: 65
Zone: parking_entrance</description>
      <Point>
        <coordinates>-116.4210647,33.7478341,0</coordinates>
      </Point>
    </Placemark>
    <Placemark>
      <name>Riverside County Sheriff’s Department ALPR</name>
      <description>OSM node: https://www.openstreetmap.org/node/13363754603
Operator: Riverside County Sheriff’s Department
Manufacturer: Flock Safety
Direction: 347-32
Zone: traffic
Camera type: fixed</description>
      <Point>
        <coordinates>-116.4143572,33.7438476,0</coordinates>
      </Point>
    </Placemark>
    <Placemark>
      <name>Riverside County Sheriff’s Department ALPR</name>
      <description>OSM node: https://www.openstreetmap.org/node/13363772201
Operator: Riverside County Sheriff’s Department
Manufacturer: Flock Safety
Direction: 157-202
Zone: traffic
Camera type: fixed</description>
      <Point>
        <coordinates>-116.4204869,33.7470377,0</coordinates>
      </Point>
    </Placemark>
    <Placemark>
      <name>Riverside County Sheriff’s Department ALPR</name>
      <description>OSM node: https://www.openstreetmap.org/node/13363773901
Operator: Riverside County Sheriff’s Department
Manufacturer: Flock Safety
Direction: 341-26
Zone: traffic
Camera type: fixed</description>
      <Point>
        <coordinates>-116.4150373,33.744597,0</coordinates>
      </Point>
    </Placemark>
    <Placemark>
      <name>ALPR</name>
      <description>OSM node: https://www.openstreetmap.org/node/13363881801
Manufacturer: Flock Safety
Direction: 0
Zone: traffic
Camera type: fixed</description>
      <Point>
        <coordinates>-118.5009387,34.2200426,0</coordinates>
      </Point>
    </Placemark>
    <Placemark>
      <name>ALPR</name>
      <description>OSM node: https://www.openstreetmap.org/node/13363883701
Manufacturer: Flock Safety
Direction: 191
Zone: traffic
Camera type: fixed</description>
      <Point>
        <coordinates>-118.5008609,34.2202511,0</coordinates>
      </Point>
    </Placemark>
    <Placemark>
      <name>ALPR</name>
      <description>OSM node: https://www.openstreetmap.org/node/13363885401
Manufacturer: Flock Safety
Direction: 88
Zone: traffic
Camera type: fixed</description>
      <Point>
        <coordinates>-118.5009324,34.2200101,0</coordinates>
      </Point>
    </Placemark>
    <Placemark>
      <name>ALPR</name>
      <description>OSM node: https://www.openstreetmap.org/node/13364141102
Manufacturer: Flock Safety
Direction: 120
Zone: traffic
Camera type: fixed</description>
      <Point>
        <coordinates>-116.9855355,33.9314203,0</coordinates>
      </Point>
    </Placemark>
    <Placemark>
      <name>ALPR</name>
      <description>OSM node: https://www.openstreetmap.org/node/13364143401
Manufacturer: Flock Safety
Direction: 0
Zone: traffic
Camera type: fixed</description>
      <Point>
        <coordinates>-116.9770817,33.9471398,0</coordinates>
      </Point>
    </Placemark>
    <Placemark>
      <name>ALPR</name>
      <description>OSM node: https://www.openstreetmap.org/node/13364143801
Manufacturer: Flock Safety
Direction: 85
Zone: traffic
Camera type: fixed</description>
      <Point>
        <coordinates>-116.9771041,33.9468943,0</coordinates>
      </Point>
    </Placemark>
    <Placemark>
      <name>ALPR</name>
      <description>OSM node: https://www.openstreetmap.org/node/13364143802
Manufacturer: Flock Safety
Direction: 181
Zone: traffic
Camera type: fixed</description>
      <Point>
        <coordinates>-116.9773805,33.9468943,0</coordinates>
      </Point>
    </Placemark>
    <Placemark>
      <name>ALPR</name>
      <description>OSM node: https://www.openstreetmap.org/node/13364237101
Manufacturer: Flock Safety
Direction: 143
Zone: traffic
Camera type: fixed</description>
      <Point>
        <coordinates>-118.336706,34.0483612,0</coordinates>
      </Point>
    </Placemark>
    <Placemark>
      <name>ALPR</name>
      <description>OSM node: https://www.openstreetmap.org/node/13364240301
Manufacturer: Flock Safety
Direction: 91-136
Zone: traffic
Camera type: fixed</description>
      <Point>
        <coordinates>-119.7427071,36.7359255,0</coordinates>
      </Point>
    </Placemark>
    <Placemark>
      <name>ALPR</name>
      <description>OSM node: https://www.openstreetmap.org/node/13364240701
Manufacturer: Flock Safety
Direction: 274
Zone: traffic
Camera type: fixed</description>
      <Point>
        <coordinates>-118.3362566,34.0473332,0</coordinates>
      </Point>
    </Placemark>
    <Placemark>
      <name>ALPR</name>
      <description>OSM node: https://www.openstreetmap.org/node/13364241101
Manufacturer: Flock Safety
Direction: 255
Zone: traffic
Camera type: fixed</description>
      <Point>
        <coordinates>-118.3362534,34.0473072,0</coordinates>
      </Point>
    </Placemark>
    <Placemark>
      <name>ALPR</name>
      <description>OSM node: https://www.openstreetmap.org/node/13364243101
Manufacturer: Flock Safety
Direction: 48
Zone: traffic
Camera type: fixed</description>
      <Point>
        <coordinates>-118.3367782,34.0472811,0</coordinates>
      </Point>
    </Placemark>
    <Placemark>
      <name>ALPR</name>
      <description>OSM node: https://www.openstreetmap.org/node/13364245401
Manufacturer: Flock Safety
Direction: 227-272
Zone: traffic
Camera type: fixed</description>
      <Point>
        <coordinates>-121.4016245,38.5961389,0</coordinates>
      </Point>
    </Placemark>
    <Placemark>
      <name>ALPR</name>
      <description>OSM node: https://www.openstreetmap.org/node/13364247101
Manufacturer: Flock Safety
Direction: 125-170
Zone: traffic
Camera type: fixed</description>
      <Point>
        <coordinates>-121.4016256,38.5958903,0</coordinates>
      </Point>
    </Placemark>
    <Placemark>
      <name>ALPR</name>
      <description>OSM node: https://www.openstreetmap.org/node/13364247701
Manufacturer: Flock Safety
Direction: 224
Zone: traffic
Camera type: fixed</description>
      <Point>
        <coordinates>-118.33693,34.0485201,0</coordinates>
      </Point>
    </Placemark>
    <Placemark>
      <name>ALPR</name>
      <description>OSM node: https://www.openstreetmap.org/node/13364248001
Manufacturer: Flock Safety
Direction: 142
Zone: traffic
Camera type: fixed</description>
      <Point>
        <coordinates>-118.336917,34.0485049,0</coordinates>
      </Point>
    </Placemark>
    <Placemark>
      <name>ALPR</name>
      <description>OSM node: https://www.openstreetmap.org/node/13364417526
Manufacturer: Flock Safety
Direction: 70
Zone: traffic
Camera type: fixed</description>
      <Point>
        <coordinates>-122.8687686,38.6049576,0</coordinates>
      </Point>
    </Placemark>
    <Placemark>
      <name>Barstow Police Department ALPR</name>
      <description>OSM node: https://www.openstreetmap.org/node/13364494233
Operator: Barstow Police Department
Manufacturer: Flock Safety
Direction: 120
Camera type: fixed</description>
      <Point>
        <coordinates>-117.0835115,34.8525802,0</coordinates>
      </Point>
    </Placemark>
    <Placemark>
      <name>Barstow Police Department ALPR</name>
      <description>OSM node: https://www.openstreetmap.org/node/13364494234
Operator: Barstow Police Department
Manufacturer: Flock Safety
Direction: 120
Camera type: fixed</description>
      <Point>
        <coordinates>-117.0835138,34.8525888,0</coordinates>
      </Point>
    </Placemark>
    <Placemark>
      <name>Barstow Police Department ALPR</name>
      <description>OSM node: https://www.openstreetmap.org/node/13364494235
Operator: Barstow Police Department
Manufacturer: Flock Safety
Direction: 265
Camera type: fixed</description>
      <Point>
        <coordinates>-117.0838131,34.8533152,0</coordinates>
      </Point>
    </Placemark>
    <Placemark>
      <name>Barstow Police Department ALPR</name>
      <description>OSM node: https://www.openstreetmap.org/node/13364494236
Operator: Barstow Police Department
Manufacturer: Flock Safety
Direction: 265
Camera type: fixed</description>
      <Point>
        <coordinates>-117.0837771,34.8532932,0</coordinates>
      </Point>
    </Placemark>
    <Placemark>
      <name>Barstow Police Department ALPR</name>
      <description>OSM node: https://www.openstreetmap.org/node/13364494237
Operator: Barstow Police Department
Manufacturer: Flock Safety
Direction: 14
Camera type: fixed</description>
      <Point>
        <coordinates>-117.083277,34.8530967,0</coordinates>
      </Point>
    </Placemark>
    <Placemark>
      <name>Barstow Police Department ALPR</name>
      <description>OSM node: https://www.openstreetmap.org/node/13364494238
Operator: Barstow Police Department
Manufacturer: Flock Safety
Direction: 260
Camera type: fixed</description>
      <Point>
        <coordinates>-117.0885539,34.8548694,0</coordinates>
      </Point>
    </Placemark>
    <Placemark>
      <name>Barstow Police Department ALPR</name>
      <description>OSM node: https://www.openstreetmap.org/node/13364494239
Operator: Barstow Police Department
Manufacturer: Flock Safety
Direction: 350
Camera type: fixed</description>
      <Point>
        <coordinates>-117.088153,34.854749,0</coordinates>
      </Point>
    </Placemark>
    <Placemark>
      <name>Barstow Police Department ALPR</name>
      <description>OSM node: https://www.openstreetmap.org/node/13364743388
Operator: Barstow Police Department
Manufacturer: Flock Safety
Direction: 150
Camera type: fixed</description>
      <Point>
        <coordinates>-117.0830002,34.843594,0</coordinates>
      </Point>
    </Placemark>
    <Placemark>
      <name>Barstow Police Department ALPR</name>
      <description>OSM node: https://www.openstreetmap.org/node/13364743389
Operator: Barstow Police Department
Manufacturer: Flock Safety
Direction: 340
Camera type: fixed</description>
      <Point>
        <coordinates>-117.0828749,34.8435301,0</coordinates>
      </Point>
    </Placemark>
    <Placemark>
      <name>Barstow Police Department ALPR</name>
      <description>OSM node: https://www.openstreetmap.org/node/13364743390
Operator: Barstow Police Department
Manufacturer: Flock Safety
Direction: 335
Camera type: fixed</description>
      <Point>
        <coordinates>-117.082867,34.8488061,0</coordinates>
      </Point>
    </Placemark>
    <Placemark>
      <name>Barstow Police Department ALPR</name>
      <description>OSM node: https://www.openstreetmap.org/node/13364743391
Operator: Barstow Police Department
Manufacturer: Flock Safety
Direction: 235
Camera type: fixed</description>
      <Point>
        <coordinates>-117.0832306,34.8487442,0</coordinates>
      </Point>
    </Placemark>
    <Placemark>
      <name>Barstow Police Department ALPR</name>
      <description>OSM node: https://www.openstreetmap.org/node/13364743392
Operator: Barstow Police Department
Manufacturer: Flock Safety
Direction: 50
Camera type: fixed</description>
      <Point>
        <coordinates>-117.0827648,34.8503435,0</coordinates>
      </Point>
    </Placemark>
    <Placemark>
      <name>Barstow Police Department ALPR</name>
      <description>OSM node: https://www.openstreetmap.org/node/13364756710
Operator: Barstow Police Department
Manufacturer: Flock Safety
Direction: 115
Camera type: fixed</description>
      <Point>
        <coordinates>-117.057535,34.8912437,0</coordinates>
      </Point>
    </Placemark>
    <Placemark>
      <name>Barstow Police Department ALPR</name>
      <description>OSM node: https://www.openstreetmap.org/node/13364756711
Operator: Barstow Police Department
Manufacturer: Flock Safety
Direction: 225
Camera type: fixed</description>
      <Point>
        <coordinates>-117.0577972,34.8915823,0</coordinates>
      </Point>
    </Placemark>
    <Placemark>
      <name>Barstow Police Department ALPR</name>
      <description>OSM node: https://www.openstreetmap.org/node/13364756712
Operator: Barstow Police Department
Manufacturer: Flock Safety
Direction: 34
Camera type: fixed</description>
      <Point>
        <coordinates>-117.0571545,34.8914818,0</coordinates>
      </Point>
    </Placemark>
    <Placemark>
      <name>Barstow Police Department ALPR</name>
      <description>OSM node: https://www.openstreetmap.org/node/13364756713
Operator: Barstow Police Department
Manufacturer: Flock Safety
Direction: 45
Camera type: fixed</description>
      <Point>
        <coordinates>-117.0228467,34.8986173,0</coordinates>
      </Point>
    </Placemark>
    <Placemark>
      <name>Barstow Police Department ALPR</name>
      <description>OSM node: https://www.openstreetmap.org/node/13364756714
Operator: Barstow Police Department
Manufacturer: Flock Safety
Direction: 245
Camera type: fixed</description>
      <Point>
        <coordinates>-117.0231577,34.898827,0</coordinates>
      </Point>
    </Placemark>
    <Placemark>
      <name>Barstow Police Department ALPR</name>
      <description>OSM node: https://www.openstreetmap.org/node/13364756715
Operator: Barstow Police Department
Manufacturer: Flock Safety
Direction: 180
Camera type: fixed</description>
      <Point>
        <coordinates>-117.007416,34.8961266,0</coordinates>
      </Point>
    </Placemark>
    <Placemark>
      <name>Barstow Police Department ALPR</name>
      <description>OSM node: https://www.openstreetmap.org/node/13364756716
Operator: Barstow Police Department
Manufacturer: Flock Safety
Direction: 285
Camera type: fixed</description>
      <Point>
        <coordinates>-117.0072491,34.8963151,0</coordinates>
      </Point>
    </Placemark>
    <Placemark>
      <name>Barstow Police Department ALPR</name>
      <description>OSM node: https://www.openstreetmap.org/node/13364756717
Operator: Barstow Police Department
Manufacturer: Flock Safety
Direction: 250
Camera type: fixed</description>
      <Point>
        <coordinates>-116.9939764,34.8839513,0</coordinates>
      </Point>
    </Placemark>
    <Placemark>
      <name>Barstow Police Department ALPR</name>
      <description>OSM node: https://www.openstreetmap.org/node/13364756718
Operator: Barstow Police Department
Manufacturer: Flock Safety
Direction: 150
Camera type: fixed</description>
      <Point>
        <coordinates>-116.9939171,34.8837777,0</coordinates>
      </Point>
    </Placemark>
    <Placemark>
      <name>Barstow Police Department ALPR</name>
      <description>OSM node: https://www.openstreetmap.org/node/13364756719
Operator: Barstow Police Department
Manufacturer: Flock Safety
Direction: 45
Camera type: fixed</description>
      <Point>
        <coordinates>-116.9935412,34.8837866,0</coordinates>
      </Point>
    </Placemark>
    <Placemark>
      <name>Barstow Police Department ALPR</name>
      <description>OSM node: https://www.openstreetmap.org/node/13364756720
Operator: Barstow Police Department
Manufacturer: Flock Safety
Direction: 310
Camera type: fixed</description>
      <Point>
        <coordinates>-116.9936045,34.8840412,0</coordinates>
      </Point>
    </Placemark>
    <Placemark>
      <name>Barstow Police Department ALPR</name>
      <description>OSM node: https://www.openstreetmap.org/node/13365227367
Operator: Barstow Police Department
Manufacturer: Flock Safety
Direction: 150
Camera type: fixed</description>
      <Point>
        <coordinates>-117.0230175,34.888023,0</coordinates>
      </Point>
    </Placemark>
    <Placemark>
      <name>Barstow Police Department ALPR</name>
      <description>OSM node: https://www.openstreetmap.org/node/13365227368
Operator: Barstow Police Department
Manufacturer: Flock Safety
Direction: 330
Camera type: fixed</description>
      <Point>
        <coordinates>-117.0228105,34.8882269,0</coordinates>
      </Point>
    </Placemark>
    <Placemark>
      <name>ALPR</name>
      <description>OSM node: https://www.openstreetmap.org/node/13365402201
Manufacturer: Flock Safety
Direction: 171
Zone: traffic
Camera type: fixed</description>
      <Point>
        <coordinates>-121.8028576,38.6623133,0</coordinates>
      </Point>
    </Placemark>
    <Placemark>
      <name>ALPR</name>
      <description>OSM node: https://www.openstreetmap.org/node/13365402301
Manufacturer: Flock Safety
Direction: 171
Zone: traffic
Camera type: fixed</description>
      <Point>
        <coordinates>-121.8028576,38.6623133,0</coordinates>
      </Point>
    </Placemark>
    <Placemark>
      <name>ALPR</name>
      <description>OSM node: https://www.openstreetmap.org/node/13365799502
Manufacturer: Flock Safety
Direction: 118-163
Zone: traffic
Camera type: fixed</description>
      <Point>
        <coordinates>-121.415528,38.5766203,0</coordinates>
      </Point>
    </Placemark>
    <Placemark>
      <name>ALPR</name>
      <description>OSM node: https://www.openstreetmap.org/node/13365820301
Manufacturer: Flock Safety
Direction: 322-7
Zone: traffic
Camera type: fixed</description>
      <Point>
        <coordinates>-121.4152615,38.5766364,0</coordinates>
      </Point>
    </Placemark>
    <Placemark>
      <name>ALPR</name>
      <description>OSM node: https://www.openstreetmap.org/node/13365857601
Manufacturer: Flock Safety
Direction: 136
Zone: traffic
Camera type: fixed</description>
      <Point>
        <coordinates>-118.5667186,34.3786174,0</coordinates>
      </Point>
    </Placemark>
    <Placemark>
      <name>ALPR</name>
      <description>OSM node: https://www.openstreetmap.org/node/13365977101
Manufacturer: Flock Safety
Direction: 246
Zone: traffic
Camera type: fixed</description>
      <Point>
        <coordinates>-118.0240494,33.9889144,0</coordinates>
      </Point>
    </Placemark>
    <Placemark>
      <name>ALPR</name>
      <description>OSM node: https://www.openstreetmap.org/node/13366121901
Manufacturer: Flock Safety
Direction: 80
Zone: traffic
Camera type: fixed</description>
      <Point>
        <coordinates>-117.8303528,33.8993682,0</coordinates>
      </Point>
    </Placemark>
    <Placemark>
      <name>ALPR</name>
      <description>OSM node: https://www.openstreetmap.org/node/13366157801
Manufacturer: Flock Safety
Direction: 88
Zone: traffic
Camera type: fixed</description>
      <Point>
        <coordinates>-118.8601068,34.2153943,0</coordinates>
      </Point>
    </Placemark>
    <Placemark>
      <name>ALPR</name>
      <description>OSM node: https://www.openstreetmap.org/node/13366245801
Manufacturer: Flock Safety
Direction: 235
Zone: traffic
Camera type: fixed</description>
      <Point>
        <coordinates>-118.6454339,34.2152076,0</coordinates>
      </Point>
    </Placemark>
    <Placemark>
      <name>ALPR</name>
      <description>OSM node: https://www.openstreetmap.org/node/13366245901
Manufacturer: Flock Safety
Direction: 229
Zone: traffic
Camera type: fixed</description>
      <Point>
        <coordinates>-118.6467415,34.2119669,0</coordinates>
      </Point>
    </Placemark>
    <Placemark>
      <name>ALPR</name>
      <description>OSM node: https://www.openstreetmap.org/node/13366246401
Manufacturer: Flock Safety
Direction: 231
Zone: traffic
Camera type: fixed</description>
      <Point>
        <coordinates>-118.6484666,34.2108563,0</coordinates>
      </Point>
    </Placemark>
    <Placemark>
      <name>ALPR</name>
      <description>OSM node: https://www.openstreetmap.org/node/13366247001
Manufacturer: Flock Safety
Direction: 78
Zone: traffic
Camera type: fixed</description>
      <Point>
        <coordinates>-118.6644539,34.2075232,0</coordinates>
      </Point>
    </Placemark>
    <Placemark>
      <name>ALPR</name>
      <description>OSM node: https://www.openstreetmap.org/node/13366257795
Manufacturer: Flock Safety
Direction: 20
Camera type: fixed</description>
      <Point>
        <coordinates>-117.9601444,34.071857,0</coordinates>
      </Point>
    </Placemark>
    <Placemark>
      <name>ALPR</name>
      <description>OSM node: https://www.openstreetmap.org/node/13366260634
Manufacturer: Flock Safety
Direction: 290
Camera type: fixed</description>
      <Point>
        <coordinates>-117.961431,34.072703,0</coordinates>
      </Point>
    </Placemark>
    <Placemark>
      <name>ALPR</name>
      <description>OSM node: https://www.openstreetmap.org/node/13366260887
Manufacturer: Flock Safety
Direction: 235
Camera type: fixed</description>
      <Point>
        <coordinates>-118.0026331,34.0766672,0</coordinates>
      </Point>
    </Placemark>
    <Placemark>
      <name>ALPR</name>
      <description>OSM node: https://www.openstreetmap.org/node/13366268360
Manufacturer: Flock Safety
Direction: 20
Camera type: fixed</description>
      <Point>
        <coordinates>-117.9776564,34.0547066,0</coordinates>
      </Point>
    </Placemark>
    <Placemark>
      <name>ALPR</name>
      <description>OSM node: https://www.openstreetmap.org/node/13366281226
Manufacturer: Flock Safety
Direction: 325
Camera type: fixed</description>
      <Point>
        <coordinates>-118.2547455,34.1288468,0</coordinates>
      </Point>
    </Placemark>
    <Placemark>
      <name>ALPR</name>
      <description>OSM node: https://www.openstreetmap.org/node/13366282540
Manufacturer: Flock Safety
Direction: 200
Camera type: fixed</description>
      <Point>
        <coordinates>-117.9781107,34.0713222,0</coordinates>
      </Point>
    </Placemark>
    <Placemark>
      <name>ALPR</name>
      <description>OSM node: https://www.openstreetmap.org/node/13366282541
Manufacturer: Flock Safety
Direction: 20
Camera type: fixed</description>
      <Point>
        <coordinates>-117.9776668,34.0713744,0</coordinates>
      </Point>
    </Placemark>
    <Placemark>
      <name>ALPR</name>
      <description>OSM node: https://www.openstreetmap.org/node/13366285725
Manufacturer: Flock Safety
Direction: 285
Camera type: fixed</description>
      <Point>
        <coordinates>-117.9684527,34.0645071,0</coordinates>
      </Point>
    </Placemark>
    <Placemark>
      <name>ALPR</name>
      <description>OSM node: https://www.openstreetmap.org/node/13366285726
Manufacturer: Flock Safety
Direction: 25
Camera type: fixed</description>
      <Point>
        <coordinates>-117.9680916,34.064346,0</coordinates>
      </Point>
    </Placemark>
    <Placemark>
      <name>ALPR</name>
      <description>OSM node: https://www.openstreetmap.org/node/13366288311
Manufacturer: Flock Safety
Direction: 335
Camera type: fixed</description>
      <Point>
        <coordinates>-117.9340332,34.1071777,0</coordinates>
      </Point>
    </Placemark>
    <Placemark>
      <name>ALPR</name>
      <description>OSM node: https://www.openstreetmap.org/node/13366288312
Manufacturer: Flock Safety
Direction: 240
Camera type: fixed</description>
      <Point>
        <coordinates>-117.9344789,34.1071375,0</coordinates>
      </Point>
    </Placemark>
    <Placemark>
      <name>ALPR</name>
      <description>OSM node: https://www.openstreetmap.org/node/13366288313
Manufacturer: Flock Safety
Direction: 150
Camera type: fixed</description>
      <Point>
        <coordinates>-117.9343675,34.1067971,0</coordinates>
      </Point>
    </Placemark>
    <Placemark>
      <name>ALPR</name>
      <description>OSM node: https://www.openstreetmap.org/node/13366288314
Manufacturer: Flock Safety
Direction: 60
Camera type: fixed</description>
      <Point>
        <coordinates>-117.9340505,34.1068632,0</coordinates>
      </Point>
    </Placemark>
    <Placemark>
      <name>ALPR</name>
      <description>OSM node: https://www.openstreetmap.org/node/13366295421
Manufacturer: Flock Safety
Direction: 60
Camera type: fixed</description>
      <Point>
        <coordinates>-118.257691,34.133422,0</coordinates>
      </Point>
    </Placemark>
    <Placemark>
      <name>ALPR</name>
      <description>OSM node: https://www.openstreetmap.org/node/13366320871
Manufacturer: Flock Safety
Direction: 335
Camera type: fixed</description>
      <Point>
        <coordinates>-118.2577369,34.1427548,0</coordinates>
      </Point>
    </Placemark>
    <Placemark>
      <name>Riverside County Sheriff’s Department ALPR</name>
      <description>OSM node: https://www.openstreetmap.org/node/13366350701
Operator: Riverside County Sheriff’s Department
Manufacturer: Flock Safety
Direction: 44-89
Zone: traffic
Camera type: fixed</description>
      <Point>
        <coordinates>-116.4351988,33.757584,0</coordinates>
      </Point>
    </Placemark>
    <Placemark>
      <name>Riverside County Sheriff’s Department ALPR</name>
      <description>OSM node: https://www.openstreetmap.org/node/13366356001
Operator: Riverside County Sheriff’s Department
Manufacturer: Flock Safety
Direction: 206-250
Zone: traffic
Camera type: fixed</description>
      <Point>
        <coordinates>-116.4472426,33.7714607,0</coordinates>
      </Point>
    </Placemark>
    <Placemark>
      <name>Riverside County Sheriff’s Department ALPR</name>
      <description>OSM node: https://www.openstreetmap.org/node/13366357601
Operator: Riverside County Sheriff’s Department
Manufacturer: Flock Safety
Direction: 203-248
Zone: traffic
Camera type: fixed</description>
      <Point>
        <coordinates>-116.3564793,33.7435212,0</coordinates>
      </Point>
    </Placemark>
    <Placemark>
      <name>Riverside County Sheriff’s Department ALPR</name>
      <description>OSM node: https://www.openstreetmap.org/node/13366357701
Operator: Riverside County Sheriff’s Department
Manufacturer: Flock Safety
Direction: 32-77
Zone: traffic
Camera type: fixed</description>
      <Point>
        <coordinates>-116.3560557,33.739699,0</coordinates>
      </Point>
    </Placemark>
    <Placemark>
      <name>ALPR</name>
      <description>OSM node: https://www.openstreetmap.org/node/13367197301
Manufacturer: Flock Safety
Direction: 217
Zone: traffic
Camera type: fixed</description>
      <Point>
        <coordinates>-122.266519,37.5281042,0</coordinates>
      </Point>
    </Placemark>
    <Placemark>
      <name>ALPR</name>
      <description>OSM node: https://www.openstreetmap.org/node/13367242001
Manufacturer: Flock Safety
Direction: 63
Zone: traffic
Camera type: fixed</description>
      <Point>
        <coordinates>-122.4169768,37.8051551,0</coordinates>
      </Point>
    </Placemark>
    <Placemark>
      <name>ALPR</name>
      <description>OSM node: https://www.openstreetmap.org/node/13367242801
Manufacturer: Flock Safety
Direction: 233
Zone: traffic
Camera type: fixed</description>
      <Point>
        <coordinates>-122.4174521,37.8052028,0</coordinates>
      </Point>
    </Placemark>
    <Placemark>
      <name>ALPR</name>
      <description>OSM node: https://www.openstreetmap.org/node/13367324302
Manufacturer: Flock Safety
Direction: 24
Zone: traffic
Camera type: fixed</description>
      <Point>
        <coordinates>-116.9167154,32.8148318,0</coordinates>
      </Point>
    </Placemark>
    <Placemark>
      <name>ALPR</name>
      <description>OSM node: https://www.openstreetmap.org/node/13367512770
Manufacturer: Flock Safety
Direction: 10
Camera type: fixed</description>
      <Point>
        <coordinates>-122.2440911,37.8285963,0</coordinates>
      </Point>
    </Placemark>
    <Placemark>
      <name>ALPR</name>
      <description>OSM node: https://www.openstreetmap.org/node/13367564780
Manufacturer: Flock Safety
Direction: 30
Camera type: fixed</description>
      <Point>
        <coordinates>-122.1935721,37.7233405,0</coordinates>
      </Point>
    </Placemark>
    <Placemark>
      <name>ALPR</name>
      <description>OSM node: https://www.openstreetmap.org/node/13367566210
Manufacturer: Flock Safety
Direction: 150
Camera type: fixed</description>
      <Point>
        <coordinates>-122.1936779,37.7233501,0</coordinates>
      </Point>
    </Placemark>
    <Placemark>
      <name>ALPR</name>
      <description>OSM node: https://www.openstreetmap.org/node/13367580317
Manufacturer: Flock Safety
Direction: 285
Camera type: fixed</description>
      <Point>
        <coordinates>-122.1898501,37.7276515,0</coordinates>
      </Point>
    </Placemark>
    <Placemark>
      <name>ALPR</name>
      <description>OSM node: https://www.openstreetmap.org/node/13368333301
Manufacturer: Flock Safety
Direction: 240
Zone: traffic
Camera type: fixed</description>
      <Point>
        <coordinates>-117.5284056,33.9385302,0</coordinates>
      </Point>
    </Placemark>
    <Placemark>
      <name>ALPR</name>
      <description>OSM node: https://www.openstreetmap.org/node/13368441301
Manufacturer: Flock Safety
Direction: 180
Zone: traffic
Camera type: fixed</description>
      <Point>
        <coordinates>-119.77244,36.8071801,0</coordinates>
      </Point>
    </Placemark>
    <Placemark>
      <name>ALPR</name>
      <description>OSM node: https://www.openstreetmap.org/node/13368441501
Manufacturer: Flock Safety
Direction: 123
Zone: traffic
Camera type: fixed</description>
      <Point>
        <coordinates>-119.7534595,36.8086075,0</coordinates>
      </Point>
    </Placemark>
    <Placemark>
      <name>ALPR</name>
      <description>OSM node: https://www.openstreetmap.org/node/13368450600
Manufacturer: Flock Safety
Direction: 285
Camera type: fixed</description>
      <Point>
        <coordinates>-122.3268643,37.5117774,0</coordinates>
      </Point>
    </Placemark>
    <Placemark>
      <name>ALPR</name>
      <description>OSM node: https://www.openstreetmap.org/node/13368493201
Manufacturer: Flock Safety
Direction: 1-46
Zone: traffic
Camera type: fixed</description>
      <Point>
        <coordinates>-118.0279145,34.068909,0</coordinates>
      </Point>
    </Placemark>
    <Placemark>
      <name>ALPR</name>
      <description>OSM node: https://www.openstreetmap.org/node/13368493301
Manufacturer: Flock Safety
Direction: 172-216
Zone: traffic
Camera type: fixed</description>
      <Point>
        <coordinates>-118.0282172,34.0689173,0</coordinates>
      </Point>
    </Placemark>
    <Placemark>
      <name>ALPR</name>
      <description>OSM node: https://www.openstreetmap.org/node/13368567601
Manufacturer: Flock Safety
Direction: 261-331
Zone: traffic
Camera type: fixed</description>
      <Point>
        <coordinates>-119.7528721,36.8086086,0</coordinates>
      </Point>
    </Placemark>
    <Placemark>
      <name>ALPR</name>
      <description>OSM node: https://www.openstreetmap.org/node/13369071483
Manufacturer: Flock Safety
Direction: 175
Zone: street
Camera type: fixed</description>
      <Point>
        <coordinates>-117.6018836,33.8773299,0</coordinates>
      </Point>
    </Placemark>
    <Placemark>
      <name>ALPR</name>
      <description>OSM node: https://www.openstreetmap.org/node/13369901801
Manufacturer: Flock Safety
Direction: 181
Zone: traffic
Camera type: fixed</description>
      <Point>
        <coordinates>-117.0563763,33.9963813,0</coordinates>
      </Point>
    </Placemark>
    <Placemark>
      <name>ALPR</name>
      <description>OSM node: https://www.openstreetmap.org/node/13370088901
Manufacturer: Flock Safety
Direction: 70
Zone: traffic
Camera type: fixed</description>
      <Point>
        <coordinates>-122.8763899,38.6261806,0</coordinates>
      </Point>
    </Placemark>
    <Placemark>
      <name>ALPR</name>
      <description>OSM node: https://www.openstreetmap.org/node/13370108701
Manufacturer: Flock Safety
Direction: 235
Zone: traffic
Camera type: fixed</description>
      <Point>
        <coordinates>-121.1875055,38.5592422,0</coordinates>
      </Point>
    </Placemark>
    <Placemark>
      <name>Riverside County Sheriff’s Department ALPR</name>
      <description>OSM node: https://www.openstreetmap.org/node/13370170402
Operator: Riverside County Sheriff’s Department
Manufacturer: Flock Safety
Direction: 354-39
Zone: traffic
Camera type: fixed</description>
      <Point>
        <coordinates>-116.4447721,33.7670942,0</coordinates>
      </Point>
    </Placemark>
    <Placemark>
      <name>Riverside County Sheriff’s Department ALPR</name>
      <description>OSM node: https://www.openstreetmap.org/node/13370190201
Operator: Riverside County Sheriff’s Department
Manufacturer: Flock Safety
Direction: 358-43
Zone: traffic
Camera type: fixed</description>
      <Point>
        <coordinates>-116.4455997,33.7684315,0</coordinates>
      </Point>
    </Placemark>
    <Placemark>
      <name>ALPR</name>
      <description>OSM node: https://www.openstreetmap.org/node/13370196601
Manufacturer: Flock Safety
Direction: 270
Zone: traffic
Camera type: fixed</description>
      <Point>
        <coordinates>-122.0501808,37.5510537,0</coordinates>
      </Point>
    </Placemark>
    <Placemark>
      <name>Riverside County Sheriff’s Department ALPR</name>
      <description>OSM node: https://www.openstreetmap.org/node/13370210201
Operator: Riverside County Sheriff’s Department
Manufacturer: Flock Safety
Direction: 24-69
Zone: traffic
Camera type: fixed</description>
      <Point>
        <coordinates>-116.44116,33.7617627,0</coordinates>
      </Point>
    </Placemark>
    <Placemark>
      <name>Riverside County Sheriff’s Department ALPR</name>
      <description>OSM node: https://www.openstreetmap.org/node/13370211401
Operator: Riverside County Sheriff’s Department
Manufacturer: Flock Safety
Direction: 347-32
Zone: traffic
Camera type: fixed</description>
      <Point>
        <coordinates>-116.4387191,33.7599924,0</coordinates>
      </Point>
    </Placemark>
    <Placemark>
      <name>Riverside County Sheriff’s Department ALPR</name>
      <description>OSM node: https://www.openstreetmap.org/node/13370212101
Operator: Riverside County Sheriff’s Department
Manufacturer: Flock Safety
Direction: 161-206
Zone: traffic
Camera type: fixed</description>
      <Point>
        <coordinates>-116.4391306,33.7597862,0</coordinates>
      </Point>
    </Placemark>
    <Placemark>
      <name>Riverside County Sheriff’s Department ALPR</name>
      <description>OSM node: https://www.openstreetmap.org/node/13370213001
Operator: Riverside County Sheriff’s Department
Manufacturer: Flock Safety
Direction: 154-199
Zone: traffic
Camera type: fixed</description>
      <Point>
        <coordinates>-116.4385432,33.7593349,0</coordinates>
      </Point>
    </Placemark>
    <Placemark>
      <name>ALPR</name>
      <description>OSM node: https://www.openstreetmap.org/node/13370319901
Manufacturer: Flock Safety
Direction: 290
Zone: traffic
Camera type: fixed</description>
      <Point>
        <coordinates>-117.1251561,33.5925418,0</coordinates>
      </Point>
    </Placemark>
    <Placemark>
      <name>ALPR</name>
      <description>OSM node: https://www.openstreetmap.org/node/13370397301
Manufacturer: Flock Safety
Direction: 60-105
Zone: traffic
Camera type: fixed</description>
      <Point>
        <coordinates>-118.0670223,34.1481477,0</coordinates>
      </Point>
    </Placemark>
    <Placemark>
      <name>ALPR</name>
      <description>OSM node: https://www.openstreetmap.org/node/13370450501
Manufacturer: Flock Safety
Direction: 261-306
Zone: traffic
Camera type: fixed</description>
      <Point>
        <coordinates>-119.7946416,36.8084332,0</coordinates>
      </Point>
    </Placemark>
    <Placemark>
      <name>Riverside County Sheriff’s Department ALPR</name>
      <description>OSM node: https://www.openstreetmap.org/node/13370574701
Operator: Riverside County Sheriff’s Department
Manufacturer: Flock Safety
Direction: 188-233
Zone: traffic
Camera type: fixed</description>
      <Point>
        <coordinates>-116.4475295,33.7723666,0</coordinates>
      </Point>
    </Placemark>
    <Placemark>
      <name>Riverside County Sheriff’s Department ALPR</name>
      <description>OSM node: https://www.openstreetmap.org/node/13370584302
Operator: Riverside County Sheriff’s Department
Manufacturer: Flock Safety
Direction: 176-221
Zone: traffic
Camera type: fixed</description>
      <Point>
        <coordinates>-116.4082774,33.7357639,0</coordinates>
      </Point>
    </Placemark>
    <Placemark>
      <name>ALPR</name>
      <description>OSM node: https://www.openstreetmap.org/node/13370655401
Manufacturer: Flock Safety
Direction: 0
Zone: traffic
Camera type: fixed</description>
      <Point>
        <coordinates>-117.1749234,33.6394395,0</coordinates>
      </Point>
    </Placemark>
    <Placemark>
      <name>ALPR</name>
      <description>OSM node: https://www.openstreetmap.org/node/13370681101
Manufacturer: Flock Safety
Direction: 184
Zone: traffic
Camera type: fixed</description>
      <Point>
        <coordinates>-121.8630722,37.2865552,0</coordinates>
      </Point>
    </Placemark>
    <Placemark>
      <name>ALPR</name>
      <description>OSM node: https://www.openstreetmap.org/node/13370726601
Manufacturer: Flock Safety
Direction: 234
Zone: traffic
Camera type: fixed</description>
      <Point>
        <coordinates>-121.8541191,37.2805589,0</coordinates>
      </Point>
    </Placemark>
    <Placemark>
      <name>ALPR</name>
      <description>OSM node: https://www.openstreetmap.org/node/13370732502
Manufacturer: Flock Safety
Direction: 164
Zone: traffic
Camera type: fixed</description>
      <Point>
        <coordinates>-117.1745799,33.6414239,0</coordinates>
      </Point>
    </Placemark>
    <Placemark>
      <name>ALPR</name>
      <description>OSM node: https://www.openstreetmap.org/node/13370973586
Manufacturer: Flock Safety
Direction: 70
Camera type: fixed</description>
      <Point>
        <coordinates>-122.3267349,37.5329224,0</coordinates>
      </Point>
    </Placemark>
    <Placemark>
      <name>ALPR</name>
      <description>OSM node: https://www.openstreetmap.org/node/13370973587
Manufacturer: Flock Safety
Direction: 340
Camera type: fixed</description>
      <Point>
        <coordinates>-122.3075236,37.5307371,0</coordinates>
      </Point>
    </Placemark>
    <Placemark>
      <name>Ukiah Police Department ALPR</name>
      <description>OSM node: https://www.openstreetmap.org/node/13370980401
Operator: Ukiah Police Department
Manufacturer: Flock Safety
Direction: 335
Zone: traffic
Camera type: fixed</description>
      <Point>
        <coordinates>-123.2089255,39.1320401,0</coordinates>
      </Point>
    </Placemark>
    <Placemark>
      <name>ALPR</name>
      <description>OSM node: https://www.openstreetmap.org/node/13371659241
Manufacturer: Flock Safety
Direction: 270</description>
      <Point>
        <coordinates>-117.1016786,32.7825618,0</coordinates>
      </Point>
    </Placemark>
    <Placemark>
      <name>The Home Depot ALPR</name>
      <description>OSM node: https://www.openstreetmap.org/node/13372141601
Operator: The Home Depot
Manufacturer: Flock Safety
Direction: 230-275
Zone: traffic
Camera type: fixed</description>
      <Point>
        <coordinates>-118.2938963,33.7658006,0</coordinates>
      </Point>
    </Placemark>
    <Placemark>
      <name>ALPR</name>
      <description>OSM node: https://www.openstreetmap.org/node/13372142201
Manufacturer: Flock Safety
Direction: 322-7
Zone: traffic
Camera type: fixed</description>
      <Point>
        <coordinates>-118.2935848,33.7509913,0</coordinates>
      </Point>
    </Placemark>
    <Placemark>
      <name>ALPR</name>
      <description>OSM node: https://www.openstreetmap.org/node/13372195501
Manufacturer: Flock Safety
Direction: 144
Zone: traffic
Camera type: fixed</description>
      <Point>
        <coordinates>-121.4016083,38.6173896,0</coordinates>
      </Point>
    </Placemark>
    <Placemark>
      <name>The Home Depot ALPR</name>
      <description>OSM node: https://www.openstreetmap.org/node/13372370401
Operator: The Home Depot
Manufacturer: Flock Safety
Direction: 66
Zone: traffic
Camera type: fixed</description>
      <Point>
        <coordinates>-117.8448275,33.7257188,0</coordinates>
      </Point>
    </Placemark>
    <Placemark>
      <name>The Home Depot ALPR</name>
      <description>OSM node: https://www.openstreetmap.org/node/13372415403
Operator: The Home Depot
Manufacturer: Flock Safety
Direction: 144
Zone: traffic
Camera type: fixed</description>
      <Point>
        <coordinates>-117.8430226,33.7265168,0</coordinates>
      </Point>
    </Placemark>
    <Placemark>
      <name>The Home Depot ALPR</name>
      <description>OSM node: https://www.openstreetmap.org/node/13372415502
Operator: The Home Depot
Manufacturer: Flock Safety
Direction: 141
Zone: traffic
Camera type: fixed</description>
      <Point>
        <coordinates>-117.8443219,33.7264755,0</coordinates>
      </Point>
    </Placemark>
    <Placemark>
      <name>ALPR</name>
      <description>OSM node: https://www.openstreetmap.org/node/13372448412
Manufacturer: Flock Safety
Direction: 208;196
Zone: traffic
Camera type: fixed</description>
      <Point>
        <coordinates>-117.8382654,33.7270304,0</coordinates>
      </Point>
    </Placemark>
    <Placemark>
      <name>ALPR</name>
      <description>OSM node: https://www.openstreetmap.org/node/13372469201
Manufacturer: Flock Safety
Direction: 97
Zone: traffic
Camera type: fixed</description>
      <Point>
        <coordinates>-116.5992268,33.9252283,0</coordinates>
      </Point>
    </Placemark>
    <Placemark>
      <name>ALPR</name>
      <description>OSM node: https://www.openstreetmap.org/node/13372778201
Manufacturer: Flock Safety
Direction: 235
Zone: traffic
Camera type: fixed</description>
      <Point>
        <coordinates>-121.5764428,38.5753536,0</coordinates>
      </Point>
    </Placemark>
    <Placemark>
      <name>ALPR</name>
      <description>OSM node: https://www.openstreetmap.org/node/13372804001
Manufacturer: Flock Safety
Zone: traffic
Camera type: fixed</description>
      <Point>
        <coordinates>-118.0459739,34.1315297,0</coordinates>
      </Point>
    </Placemark>
    <Placemark>
      <name>ALPR</name>
      <description>OSM node: https://www.openstreetmap.org/node/13372805301
Manufacturer: Flock Safety
Direction: 323-8
Zone: traffic
Camera type: fixed</description>
      <Point>
        <coordinates>-117.2260281,33.7825354,0</coordinates>
      </Point>
    </Placemark>
    <Placemark>
      <name>ALPR</name>
      <description>OSM node: https://www.openstreetmap.org/node/13372808001
Manufacturer: Flock Safety
Direction: 232-277
Zone: traffic
Camera type: fixed</description>
      <Point>
        <coordinates>-117.2262221,33.7757714,0</coordinates>
      </Point>
    </Placemark>
    <Placemark>
      <name>ALPR</name>
      <description>OSM node: https://www.openstreetmap.org/node/13372811601
Manufacturer: Flock Safety
Direction: 0
Zone: traffic
Camera type: fixed</description>
      <Point>
        <coordinates>-121.4348096,37.7246256,0</coordinates>
      </Point>
    </Placemark>
    <Placemark>
      <name>ALPR</name>
      <description>OSM node: https://www.openstreetmap.org/node/13372811602
Manufacturer: Flock Safety
Direction: 175
Zone: traffic
Camera type: fixed</description>
      <Point>
        <coordinates>-121.4534418,37.7539453,0</coordinates>
      </Point>
    </Placemark>
    <Placemark>
      <name>ALPR</name>
      <description>OSM node: https://www.openstreetmap.org/node/13372814401
Manufacturer: Flock Safety
Direction: 359
Zone: traffic
Camera type: fixed</description>
      <Point>
        <coordinates>-121.4528993,37.7285029,0</coordinates>
      </Point>
    </Placemark>
    <Placemark>
      <name>ALPR</name>
      <description>OSM node: https://www.openstreetmap.org/node/13372824301
Manufacturer: Flock Safety
Zone: traffic
Camera type: fixed</description>
      <Point>
        <coordinates>-118.0459635,34.1319007,0</coordinates>
      </Point>
    </Placemark>
    <Placemark>
      <name>ALPR</name>
      <description>OSM node: https://www.openstreetmap.org/node/13372824801
Manufacturer: Flock Safety
Direction: 98
Zone: traffic
Camera type: fixed</description>
      <Point>
        <coordinates>-121.464706,37.7541093,0</coordinates>
      </Point>
    </Placemark>
    <Placemark>
      <name>ALPR</name>
      <description>OSM node: https://www.openstreetmap.org/node/13372825501
Manufacturer: Flock Safety
Direction: 137-182
Zone: traffic
Camera type: fixed</description>
      <Point>
        <coordinates>-117.2260978,33.7756072,0</coordinates>
      </Point>
    </Placemark>
    <Placemark>
      <name>ALPR</name>
      <description>OSM node: https://www.openstreetmap.org/node/13372825801
Manufacturer: Flock Safety
Direction: 64-109
Zone: traffic
Camera type: fixed</description>
      <Point>
        <coordinates>-117.2259007,33.7756622,0</coordinates>
      </Point>
    </Placemark>
    <Placemark>
      <name>ALPR</name>
      <description>OSM node: https://www.openstreetmap.org/node/13372826001
Manufacturer: Flock Safety
Direction: 64-109
Zone: traffic
Camera type: fixed</description>
      <Point>
        <coordinates>-117.2259007,33.7756622,0</coordinates>
      </Point>
    </Placemark>
    <Placemark>
      <name>ALPR</name>
      <description>OSM node: https://www.openstreetmap.org/node/13372827101
Manufacturer: Flock Safety
Direction: 317-2
Zone: traffic
Camera type: fixed</description>
      <Point>
        <coordinates>-117.2259585,33.7757977,0</coordinates>
      </Point>
    </Placemark>
    <Placemark>
      <name>ALPR</name>
      <description>OSM node: https://www.openstreetmap.org/node/13372830501
Manufacturer: Genetec
Direction: 270;90;0;179
Zone: traffic
Camera type: fixed</description>
      <Point>
        <coordinates>-119.5298746,36.6046597,0</coordinates>
      </Point>
    </Placemark>
    <Placemark>
      <name>ALPR</name>
      <description>OSM node: https://www.openstreetmap.org/node/13372854401
Manufacturer: Flock Safety
Direction: 267
Zone: traffic
Camera type: fixed</description>
      <Point>
        <coordinates>-122.5202658,37.945773,0</coordinates>
      </Point>
    </Placemark>
    <Placemark>
      <name>ALPR</name>
      <description>OSM node: https://www.openstreetmap.org/node/13372855302
Manufacturer: Flock Safety
Direction: 267
Zone: traffic
Camera type: fixed</description>
      <Point>
        <coordinates>-121.4747924,37.7538926,0</coordinates>
      </Point>
    </Placemark>
    <Placemark>
      <name>ALPR</name>
      <description>OSM node: https://www.openstreetmap.org/node/13372855701
Manufacturer: Flock Safety
Direction: 100
Zone: traffic
Camera type: fixed</description>
      <Point>
        <coordinates>-122.5203551,37.9455579,0</coordinates>
      </Point>
    </Placemark>
    <Placemark>
      <name>ALPR</name>
      <description>OSM node: https://www.openstreetmap.org/node/13372891801
Manufacturer: Flock Safety
Direction: 180
Zone: traffic
Camera type: fixed</description>
      <Point>
        <coordinates>-121.5785725,38.572048,0</coordinates>
      </Point>
    </Placemark>
    <Placemark>
      <name>ALPR</name>
      <description>OSM node: https://www.openstreetmap.org/node/13372897001
Manufacturer: Flock Safety
Direction: 200
Zone: traffic
Camera type: fixed</description>
      <Point>
        <coordinates>-118.0112245,33.9428811,0</coordinates>
      </Point>
    </Placemark>
    <Placemark>
      <name>ALPR</name>
      <description>OSM node: https://www.openstreetmap.org/node/13372987001
Manufacturer: Flock Safety
Direction: 289-334
Zone: traffic
Camera type: fixed</description>
      <Point>
        <coordinates>-117.758349,34.0440256,0</coordinates>
      </Point>
    </Placemark>
    <Placemark>
      <name>ALPR</name>
      <description>OSM node: https://www.openstreetmap.org/node/13372994101
Manufacturer: Flock Safety
Direction: 115-160
Zone: traffic
Camera type: fixed</description>
      <Point>
        <coordinates>-117.7584268,34.0432208,0</coordinates>
      </Point>
    </Placemark>
    <Placemark>
      <name>ALPR</name>
      <description>OSM node: https://www.openstreetmap.org/node/13372998713
Manufacturer: Flock Safety
Direction: 75-119
Zone: traffic
Camera type: fixed</description>
      <Point>
        <coordinates>-117.7578011,34.0340554,0</coordinates>
      </Point>
    </Placemark>
    <Placemark>
      <name>ALPR</name>
      <description>OSM node: https://www.openstreetmap.org/node/13373004701
Manufacturer: Flock Safety
Direction: 39-84
Zone: traffic
Camera type: fixed</description>
      <Point>
        <coordinates>-122.7876727,38.525645,0</coordinates>
      </Point>
    </Placemark>
    <Placemark>
      <name>ALPR</name>
      <description>OSM node: https://www.openstreetmap.org/node/13373027301
Manufacturer: Flock Safety
Direction: 202
Zone: traffic
Camera type: fixed</description>
      <Point>
        <coordinates>-117.0608087,33.1312986,0</coordinates>
      </Point>
    </Placemark>
    <Placemark>
      <name>ALPR</name>
      <description>OSM node: https://www.openstreetmap.org/node/13373062501
Manufacturer: Flock Safety
Direction: 342-27
Zone: traffic
Camera type: fixed</description>
      <Point>
        <coordinates>-117.2611672,33.6716367,0</coordinates>
      </Point>
    </Placemark>
    <Placemark>
      <name>ALPR</name>
      <description>OSM node: https://www.openstreetmap.org/node/13373067101
Manufacturer: Flock Safety
Direction: 67-112
Zone: traffic
Camera type: fixed</description>
      <Point>
        <coordinates>-122.8671808,38.6038789,0</coordinates>
      </Point>
    </Placemark>
    <Placemark>
      <name>ALPR</name>
      <description>OSM node: https://www.openstreetmap.org/node/13373143501
Manufacturer: Flock Safety
Direction: 85
Zone: traffic
Camera type: fixed</description>
      <Point>
        <coordinates>-116.9568945,32.7875737,0</coordinates>
      </Point>
    </Placemark>
    <Placemark>
      <name>ALPR</name>
      <description>OSM node: https://www.openstreetmap.org/node/13373177101
Manufacturer: Flock Safety
Direction: 244-289
Zone: traffic
Camera type: fixed</description>
      <Point>
        <coordinates>-117.5363738,33.8477783,0</coordinates>
      </Point>
    </Placemark>
    <Placemark>
      <name>Lowe's ALPR</name>
      <description>OSM node: https://www.openstreetmap.org/node/13373189401
Operator: Lowe's
Manufacturer: Flock Safety
Direction: 30
Zone: traffic
Camera type: fixed</description>
      <Point>
        <coordinates>-117.8183313,34.107109,0</coordinates>
      </Point>
    </Placemark>
    <Placemark>
      <name>ALPR</name>
      <description>OSM node: https://www.openstreetmap.org/node/13373211301
Manufacturer: Flock Safety
Direction: 58-103
Zone: traffic
Camera type: fixed</description>
      <Point>
        <coordinates>-118.0512547,34.0626334,0</coordinates>
      </Point>
    </Placemark>
    <Placemark>
      <name>ALPR</name>
      <description>OSM node: https://www.openstreetmap.org/node/13373407199
Manufacturer: Flock Safety
Direction: 200
Camera type: fixed</description>
      <Point>
        <coordinates>-122.293155,37.4979979,0</coordinates>
      </Point>
    </Placemark>
    <Placemark>
      <name>ALPR</name>
      <description>OSM node: https://www.openstreetmap.org/node/13373407200
Manufacturer: Flock Safety
Direction: 30
Camera type: fixed</description>
      <Point>
        <coordinates>-122.2852793,37.5069528,0</coordinates>
      </Point>
    </Placemark>
    <Placemark>
      <name>ALPR</name>
      <description>OSM node: https://www.openstreetmap.org/node/13373414701
Manufacturer: Flock Safety
Direction: 59
Zone: traffic
Camera type: fixed</description>
      <Point>
        <coordinates>-118.0407072,33.7811646,0</coordinates>
      </Point>
    </Placemark>
    <Placemark>
      <name>ALPR</name>
      <description>OSM node: https://www.openstreetmap.org/node/13373415001
Manufacturer: Flock Safety
Direction: 246
Zone: traffic
Camera type: fixed</description>
      <Point>
        <coordinates>-118.0408463,33.7812472,0</coordinates>
      </Point>
    </Placemark>
    <Placemark>
      <name>ALPR</name>
      <description>OSM node: https://www.openstreetmap.org/node/13373668601
Manufacturer: Flock Safety
Direction: 132-177
Zone: traffic
Camera type: fixed</description>
      <Point>
        <coordinates>-117.2064396,33.7429271,0</coordinates>
      </Point>
    </Placemark>
    <Placemark>
      <name>ALPR</name>
      <description>OSM node: https://www.openstreetmap.org/node/13374306901
Manufacturer: Flock Safety
Direction: 314-359
Zone: traffic
Camera type: fixed</description>
      <Point>
        <coordinates>-117.9191821,33.6838621,0</coordinates>
      </Point>
    </Placemark>
    <Placemark>
      <name>ALPR</name>
      <description>OSM node: https://www.openstreetmap.org/node/13374307701
Manufacturer: Flock Safety
Direction: 338-23
Zone: traffic
Camera type: fixed</description>
      <Point>
        <coordinates>-117.9193672,33.6844196,0</coordinates>
      </Point>
    </Placemark>
    <Placemark>
      <name>ALPR</name>
      <description>OSM node: https://www.openstreetmap.org/node/13374307702
Manufacturer: Flock Safety
Direction: 159-204
Zone: traffic
Camera type: fixed</description>
      <Point>
        <coordinates>-117.9193924,33.6855604,0</coordinates>
      </Point>
    </Placemark>
    <Placemark>
      <name>ALPR</name>
      <description>OSM node: https://www.openstreetmap.org/node/13374436101
Manufacturer: Flock Safety
Direction: 23
Zone: traffic
Camera type: fixed</description>
      <Point>
        <coordinates>-118.0019441,33.9474541,0</coordinates>
      </Point>
    </Placemark>
    <Placemark>
      <name>ALPR</name>
      <description>OSM node: https://www.openstreetmap.org/node/13374489755
Manufacturer: Flock Safety
Direction: 140
Camera type: fixed</description>
      <Point>
        <coordinates>-121.0972138,38.9417079,0</coordinates>
      </Point>
    </Placemark>
    <Placemark>
      <name>Lake of the Pines Association ALPR</name>
      <description>OSM node: https://www.openstreetmap.org/node/13374506693
Operator: Lake of the Pines Association
Manufacturer: Uniview Technologies
Direction: 285
Camera type: fixed</description>
      <Point>
        <coordinates>-121.0780448,39.0429698,0</coordinates>
      </Point>
    </Placemark>
    <Placemark>
      <name>Nevada county Sheriffs office ALPR</name>
      <description>OSM node: https://www.openstreetmap.org/node/13374508438
Operator: Nevada county Sheriffs office
Manufacturer: Flock Safety
Direction: 140
Camera type: fixed</description>
      <Point>
        <coordinates>-121.07966,39.0422228,0</coordinates>
      </Point>
    </Placemark>
    <Placemark>
      <name>The Home Depot ALPR</name>
      <description>OSM node: https://www.openstreetmap.org/node/13374511113
Operator: The Home Depot
Manufacturer: Flock Safety
Direction: 120
Camera type: fixed</description>
      <Point>
        <coordinates>-121.1005619,38.9399387,0</coordinates>
      </Point>
    </Placemark>
    <Placemark>
      <name>ALPR</name>
      <description>OSM node: https://www.openstreetmap.org/node/13374538692
Manufacturer: Flock Safety
Direction: 5;180
Zone: traffic
Camera type: fixed</description>
      <Point>
        <coordinates>-119.5479582,36.5345321,0</coordinates>
      </Point>
    </Placemark>
    <Placemark>
      <name>ALPR</name>
      <description>OSM node: https://www.openstreetmap.org/node/13374559402
Manufacturer: Flock Safety
Direction: 49
Zone: traffic
Camera type: fixed</description>
      <Point>
        <coordinates>-124.1845213,41.7524895,0</coordinates>
      </Point>
    </Placemark>
    <Placemark>
      <name>ALPR</name>
      <description>OSM node: https://www.openstreetmap.org/node/13374563001
Manufacturer: Flock Safety
Direction: 213
Zone: traffic
Camera type: fixed</description>
      <Point>
        <coordinates>-124.1412043,41.8022929,0</coordinates>
      </Point>
    </Placemark>
    <Placemark>
      <name>ALPR</name>
      <description>OSM node: https://www.openstreetmap.org/node/13374570462
Manufacturer: Flock Safety
Direction: 180
Camera type: fixed</description>
      <Point>
        <coordinates>-121.0792414,38.9484297,0</coordinates>
      </Point>
    </Placemark>
    <Placemark>
      <name>ALPR</name>
      <description>OSM node: https://www.openstreetmap.org/node/13374626502
Manufacturer: Flock Safety
Direction: 119-164
Zone: traffic
Camera type: fixed</description>
      <Point>
        <coordinates>-118.0852806,33.9558248,0</coordinates>
      </Point>
    </Placemark>
    <Placemark>
      <name>Placer County Sheriff ALPR</name>
      <description>OSM node: https://www.openstreetmap.org/node/13374681272
Operator: Placer County Sheriff
Manufacturer: Flock Safety
Direction: 230
Camera type: fixed</description>
      <Point>
        <coordinates>-120.9758247,39.0441164,0</coordinates>
      </Point>
    </Placemark>
    <Placemark>
      <name>Lake of the Pines Association ALPR</name>
      <description>OSM node: https://www.openstreetmap.org/node/13374705118
Operator: Lake of the Pines Association
Manufacturer: Uniview Technologies
Direction: 130
Camera type: fixed</description>
      <Point>
        <coordinates>-121.0778561,39.0428267,0</coordinates>
      </Point>
    </Placemark>
    <Placemark>
      <name>ALPR</name>
      <description>OSM node: https://www.openstreetmap.org/node/13374770438
Manufacturer: Flock Safety
Direction: 325
Camera type: fixed</description>
      <Point>
        <coordinates>-122.6168242,38.2333874,0</coordinates>
      </Point>
    </Placemark>
    <Placemark>
      <name>ALPR</name>
      <description>OSM node: https://www.openstreetmap.org/node/13374808701
Manufacturer: Flock Safety
Direction: 30
Zone: traffic
Camera type: fixed</description>
      <Point>
        <coordinates>-117.1204253,33.1335554,0</coordinates>
      </Point>
    </Placemark>
    <Placemark>
      <name>ALPR</name>
      <description>OSM node: https://www.openstreetmap.org/node/13374830701
Manufacturer: Flock Safety
Direction: 70
Zone: traffic
Camera type: fixed</description>
      <Point>
        <coordinates>-117.174486,33.1394293,0</coordinates>
      </Point>
    </Placemark>
    <Placemark>
      <name>ALPR</name>
      <description>OSM node: https://www.openstreetmap.org/node/13374852401
Manufacturer: Flock Safety
Direction: 105
Zone: traffic
Camera type: fixed</description>
      <Point>
        <coordinates>-117.2120194,33.1433485,0</coordinates>
      </Point>
    </Placemark>
    <Placemark>
      <name>ALPR</name>
      <description>OSM node: https://www.openstreetmap.org/node/13374992210
Manufacturer: Flock Safety
Direction: 245
Camera type: fixed</description>
      <Point>
        <coordinates>-116.7830939,33.9167775,0</coordinates>
      </Point>
    </Placemark>
    <Placemark>
      <name>ALPR</name>
      <description>OSM node: https://www.openstreetmap.org/node/13374993302
Manufacturer: Flock Safety
Direction: 325
Zone: traffic
Camera type: fixed</description>
      <Point>
        <coordinates>-122.297809,37.8871316,0</coordinates>
      </Point>
    </Placemark>
    <Placemark>
      <name>ALPR</name>
      <description>OSM node: https://www.openstreetmap.org/node/13374995901
Manufacturer: Flock Safety
Direction: 236
Zone: traffic
Camera type: fixed</description>
      <Point>
        <coordinates>-122.3057659,37.8874693,0</coordinates>
      </Point>
    </Placemark>
    <Placemark>
      <name>ALPR</name>
      <description>OSM node: https://www.openstreetmap.org/node/13374996440
Manufacturer: Flock Safety
Direction: 115
Camera type: fixed</description>
      <Point>
        <coordinates>-123.2020147,39.1542945,0</coordinates>
      </Point>
    </Placemark>
    <Placemark>
      <name>ALPR</name>
      <description>OSM node: https://www.openstreetmap.org/node/13375000301
Manufacturer: Flock Safety
Direction: 50
Camera type: fixed</description>
      <Point>
        <coordinates>-116.7827157,33.9165972,0</coordinates>
      </Point>
    </Placemark>
    <Placemark>
      <name>ALPR</name>
      <description>OSM node: https://www.openstreetmap.org/node/13375062633
Manufacturer: Flock Safety
Direction: 210
Camera type: fixed</description>
      <Point>
        <coordinates>-120.6085221,35.1282531,0</coordinates>
      </Point>
    </Placemark>
    <Placemark>
      <name>ALPR</name>
      <description>OSM node: https://www.openstreetmap.org/node/13375093601
Manufacturer: Flock Safety
Direction: 153-198
Zone: traffic
Camera type: fixed</description>
      <Point>
        <coordinates>-119.3320654,36.3380795,0</coordinates>
      </Point>
    </Placemark>
    <Placemark>
      <name>ALPR</name>
      <description>OSM node: https://www.openstreetmap.org/node/13375094701
Manufacturer: Flock Safety
Direction: 83
Zone: traffic
Camera type: fixed</description>
      <Point>
        <coordinates>-116.9601449,32.7949124,0</coordinates>
      </Point>
    </Placemark>
    <Placemark>
      <name>ALPR</name>
      <description>OSM node: https://www.openstreetmap.org/node/13375095210
Manufacturer: Flock Safety
Direction: 10
Camera type: fixed</description>
      <Point>
        <coordinates>-121.8428463,37.3399058,0</coordinates>
      </Point>
    </Placemark>
    <Placemark>
      <name>ALPR</name>
      <description>OSM node: https://www.openstreetmap.org/node/13375100236
Manufacturer: Flock Safety
Direction: 200
Camera type: fixed</description>
      <Point>
        <coordinates>-121.8431049,37.3401758,0</coordinates>
      </Point>
    </Placemark>
    <Placemark>
      <name>ALPR</name>
      <description>OSM node: https://www.openstreetmap.org/node/13375110581
Manufacturer: Flock Safety
Direction: 200
Camera type: fixed</description>
      <Point>
        <coordinates>-121.8292148,37.3203076,0</coordinates>
      </Point>
    </Placemark>
    <Placemark>
      <name>ALPR</name>
      <description>OSM node: https://www.openstreetmap.org/node/13375125401
Manufacturer: Flock Safety
Direction: 331-16
Zone: traffic
Camera type: fixed</description>
      <Point>
        <coordinates>-119.3316312,36.3201955,0</coordinates>
      </Point>
    </Placemark>
    <Placemark>
      <name>ALPR</name>
      <description>OSM node: https://www.openstreetmap.org/node/13375126601
Manufacturer: Flock Safety
Direction: 228-273
Zone: traffic
Camera type: fixed</description>
      <Point>
        <coordinates>-119.3316859,36.2985505,0</coordinates>
      </Point>
    </Placemark>
    <Placemark>
      <name>ALPR</name>
      <description>OSM node: https://www.openstreetmap.org/node/13375130501
Manufacturer: Flock Safety
Direction: 338-23
Zone: traffic
Camera type: fixed</description>
      <Point>
        <coordinates>-119.3316233,36.2982628,0</coordinates>
      </Point>
    </Placemark>
    <Placemark>
      <name>Auburn Lake Trails ALPR</name>
      <description>OSM node: https://www.openstreetmap.org/node/13376154947
Operator: Auburn Lake Trails
Direction: 190
Camera type: fixed</description>
      <Point>
        <coordinates>-120.9799657,38.899258,0</coordinates>
      </Point>
    </Placemark>
    <Placemark>
      <name>Lake Wildwood Association ALPR</name>
      <description>OSM node: https://www.openstreetmap.org/node/13376158374
Operator: Lake Wildwood Association
Direction: 245
Camera type: fixed</description>
      <Point>
        <coordinates>-121.2173745,39.2380775,0</coordinates>
      </Point>
    </Placemark>
    <Placemark>
      <name>Lake Wildwood Association ALPR</name>
      <description>OSM node: https://www.openstreetmap.org/node/13376168496
Operator: Lake Wildwood Association
Direction: 255
Camera type: fixed</description>
      <Point>
        <coordinates>-121.2033491,39.2235253,0</coordinates>
      </Point>
    </Placemark>
    <Placemark>
      <name>Lake Wildwood Association ALPR</name>
      <description>OSM node: https://www.openstreetmap.org/node/13376168497
Operator: Lake Wildwood Association
Direction: 75
Camera type: fixed</description>
      <Point>
        <coordinates>-121.2031449,39.2235372,0</coordinates>
      </Point>
    </Placemark>
    <Placemark>
      <name>Lake Wildwood Association ALPR</name>
      <description>OSM node: https://www.openstreetmap.org/node/13376171954
Operator: Lake Wildwood Association
Direction: 60</description>
      <Point>
        <coordinates>-121.2172529,39.2382019,0</coordinates>
      </Point>
    </Placemark>
    <Placemark>
      <name>Auburn Lake Trails ALPR</name>
      <description>OSM node: https://www.openstreetmap.org/node/13376203654
Operator: Auburn Lake Trails
Direction: 15
Camera type: fixed</description>
      <Point>
        <coordinates>-120.9801522,38.8992637,0</coordinates>
      </Point>
    </Placemark>
    <Placemark>
      <name>ALPR</name>
      <description>OSM node: https://www.openstreetmap.org/node/13376226701
Manufacturer: Flock Safety
Direction: 170
Zone: traffic
Camera type: fixed</description>
      <Point>
        <coordinates>-117.7270923,33.6288904,0</coordinates>
      </Point>
    </Placemark>
    <Placemark>
      <name>ALPR</name>
      <description>OSM node: https://www.openstreetmap.org/node/13376227301
Manufacturer: Flock Safety
Direction: 170
Zone: traffic
Camera type: fixed</description>
      <Point>
        <coordinates>-117.7302336,33.6292677,0</coordinates>
      </Point>
    </Placemark>
    <Placemark>
      <name>Auburn Lake Trails ALPR</name>
      <description>OSM node: https://www.openstreetmap.org/node/13376227702
Operator: Auburn Lake Trails
Direction: 195
Camera type: fixed</description>
      <Point>
        <coordinates>-121.0014637,38.8917125,0</coordinates>
      </Point>
    </Placemark>
    <Placemark>
      <name>ALPR</name>
      <description>OSM node: https://www.openstreetmap.org/node/13376227802
Manufacturer: Flock Safety
Direction: 221
Zone: traffic
Camera type: fixed</description>
      <Point>
        <coordinates>-117.7301701,33.6284082,0</coordinates>
      </Point>
    </Placemark>
    <Placemark>
      <name>ALPR</name>
      <description>OSM node: https://www.openstreetmap.org/node/13376233001
Manufacturer: Flock Safety
Direction: 165
Zone: traffic
Camera type: fixed</description>
      <Point>
        <coordinates>-117.734769,33.6298223,0</coordinates>
      </Point>
    </Placemark>
    <Placemark>
      <name>Auburn Lake Trails ALPR</name>
      <description>OSM node: https://www.openstreetmap.org/node/13376233203
Operator: Auburn Lake Trails
Direction: 30
Camera type: fixed</description>
      <Point>
        <coordinates>-121.0018338,38.8916763,0</coordinates>
      </Point>
    </Placemark>
    <Placemark>
      <name>ALPR</name>
      <description>OSM node: https://www.openstreetmap.org/node/13376235201
Manufacturer: Flock Safety
Direction: 20
Zone: traffic
Camera type: fixed</description>
      <Point>
        <coordinates>-117.746973,33.5992346,0</coordinates>
      </Point>
    </Placemark>
    <Placemark>
      <name>ALPR</name>
      <description>OSM node: https://www.openstreetmap.org/node/13376452201
Manufacturer: Flock Safety
Direction: 154
Zone: traffic
Camera type: fixed</description>
      <Point>
        <coordinates>-121.6449601,37.1377067,0</coordinates>
      </Point>
    </Placemark>
    <Placemark>
      <name>ALPR</name>
      <description>OSM node: https://www.openstreetmap.org/node/13376468101
Manufacturer: Flock Safety
Direction: 156
Zone: traffic
Camera type: fixed</description>
      <Point>
        <coordinates>-117.7494177,33.6576054,0</coordinates>
      </Point>
    </Placemark>
    <Placemark>
      <name>ALPR</name>
      <description>OSM node: https://www.openstreetmap.org/node/13376504160
Manufacturer: Flock Safety
Camera type: fixed</description>
      <Point>
        <coordinates>-118.2919561,34.8635978,0</coordinates>
      </Point>
    </Placemark>
    <Placemark>
      <name>ALPR</name>
      <description>OSM node: https://www.openstreetmap.org/node/13376547490
Manufacturer: Flock Safety
Camera type: fixed</description>
      <Point>
        <coordinates>-118.3985143,35.1096799,0</coordinates>
      </Point>
    </Placemark>
    <Placemark>
      <name>ALPR</name>
      <description>OSM node: https://www.openstreetmap.org/node/13376568003
Manufacturer: Flock Safety
Direction: 183
Zone: traffic
Camera type: fixed</description>
      <Point>
        <coordinates>-122.4776856,37.6600064,0</coordinates>
      </Point>
    </Placemark>
    <Placemark>
      <name>ALPR</name>
      <description>OSM node: https://www.openstreetmap.org/node/13376603499
Manufacturer: Flock Safety
Direction: 105
Zone: traffic</description>
      <Point>
        <coordinates>-122.3426853,37.5071828,0</coordinates>
      </Point>
    </Placemark>
    <Placemark>
      <name>ALPR</name>
      <description>OSM node: https://www.openstreetmap.org/node/13376607702
Manufacturer: Flock Safety
Direction: 82
Zone: traffic
Camera type: fixed</description>
      <Point>
        <coordinates>-122.433095,37.469855,0</coordinates>
      </Point>
    </Placemark>
    <Placemark>
      <name>ALPR</name>
      <description>OSM node: https://www.openstreetmap.org/node/13376615900
Manufacturer: Flock Safety
Camera type: fixed</description>
      <Point>
        <coordinates>-118.610897,34.4387007,0</coordinates>
      </Point>
    </Placemark>
    <Placemark>
      <name>ALPR</name>
      <description>OSM node: https://www.openstreetmap.org/node/13376637001
Manufacturer: Flock Safety
Camera type: fixed</description>
      <Point>
        <coordinates>-118.6106986,34.4387936,0</coordinates>
      </Point>
    </Placemark>
    <Placemark>
      <name>ALPR</name>
      <description>OSM node: https://www.openstreetmap.org/node/13376637401
Manufacturer: Flock Safety
Direction: 132
Zone: traffic
Camera type: fixed</description>
      <Point>
        <coordinates>-122.4298872,37.4674629,0</coordinates>
      </Point>
    </Placemark>
    <Placemark>
      <name>ALPR</name>
      <description>OSM node: https://www.openstreetmap.org/node/13376657883
Manufacturer: Flock Safety
Direction: 155
Camera type: fixed</description>
      <Point>
        <coordinates>-122.721576,38.4693196,0</coordinates>
      </Point>
    </Placemark>
    <Placemark>
      <name>ALPR</name>
      <description>OSM node: https://www.openstreetmap.org/node/13376689701
Manufacturer: Flock Safety
Direction: 338-23
Zone: traffic
Camera type: fixed</description>
      <Point>
        <coordinates>-118.0952331,33.9853157,0</coordinates>
      </Point>
    </Placemark>
    <Placemark>
      <name>ALPR</name>
      <description>OSM node: https://www.openstreetmap.org/node/13376900001
Manufacturer: Flock Safety
Direction: 343
Zone: traffic
Camera type: fixed</description>
      <Point>
        <coordinates>-121.9822323,37.229849,0</coordinates>
      </Point>
    </Placemark>
    <Placemark>
      <name>ALPR</name>
      <description>OSM node: https://www.openstreetmap.org/node/13376904401
Manufacturer: Flock Safety
Direction: 15
Zone: traffic
Camera type: fixed</description>
      <Point>
        <coordinates>-121.4346361,37.6969112,0</coordinates>
      </Point>
    </Placemark>
    <Placemark>
      <name>ALPR</name>
      <description>OSM node: https://www.openstreetmap.org/node/13376911801
Manufacturer: Flock Safety
Direction: 135-180
Zone: traffic
Camera type: fixed</description>
      <Point>
        <coordinates>-122.3075008,37.8892776,0</coordinates>
      </Point>
    </Placemark>
    <Placemark>
      <name>Los Gatos/Monte Sereno Police Department ALPR</name>
      <description>OSM node: https://www.openstreetmap.org/node/13376912101
Operator: Los Gatos/Monte Sereno Police Department
Manufacturer: Flock Safety
Direction: 278
Zone: traffic
Camera type: fixed</description>
      <Point>
        <coordinates>-121.9800699,37.2322125,0</coordinates>
      </Point>
    </Placemark>
    <Placemark>
      <name>ALPR</name>
      <description>OSM node: https://www.openstreetmap.org/node/13376912102
Manufacturer: Flock Safety
Direction: 253
Zone: traffic
Camera type: fixed</description>
      <Point>
        <coordinates>-117.7313413,33.6174029,0</coordinates>
      </Point>
    </Placemark>
    <Placemark>
      <name>ALPR</name>
      <description>OSM node: https://www.openstreetmap.org/node/13376915901
Manufacturer: Flock Safety
Direction: 187
Zone: traffic
Camera type: fixed</description>
      <Point>
        <coordinates>-117.7327693,33.6296525,0</coordinates>
      </Point>
    </Placemark>
    <Placemark>
      <name>ALPR</name>
      <description>OSM node: https://www.openstreetmap.org/node/13376916201
Manufacturer: Flock Safety
Direction: 259
Zone: traffic
Camera type: fixed</description>
      <Point>
        <coordinates>-118.2665672,34.1697225,0</coordinates>
      </Point>
    </Placemark>
    <Placemark>
      <name>ALPR</name>
      <description>OSM node: https://www.openstreetmap.org/node/13376916601
Manufacturer: Flock Safety
Direction: 199
Zone: traffic
Camera type: fixed</description>
      <Point>
        <coordinates>-118.2769866,34.180163,0</coordinates>
      </Point>
    </Placemark>
    <Placemark>
      <name>ALPR</name>
      <description>OSM node: https://www.openstreetmap.org/node/13376916701
Manufacturer: Flock Safety
Direction: 155
Zone: traffic
Camera type: fixed</description>
      <Point>
        <coordinates>-117.7312886,33.6172327,0</coordinates>
      </Point>
    </Placemark>
    <Placemark>
      <name>The Home Depot ALPR</name>
      <description>OSM node: https://www.openstreetmap.org/node/13376917901
Operator: The Home Depot
Manufacturer: Flock Safety
Direction: 166
Zone: traffic
Camera type: fixed</description>
      <Point>
        <coordinates>-117.7298308,33.6079344,0</coordinates>
      </Point>
    </Placemark>
    <Placemark>
      <name>The Home Depot ALPR</name>
      <description>OSM node: https://www.openstreetmap.org/node/13376920301
Operator: The Home Depot
Manufacturer: Flock Safety
Direction: 71
Zone: traffic
Camera type: fixed</description>
      <Point>
        <coordinates>-117.7297848,33.6079751,0</coordinates>
      </Point>
    </Placemark>
    <Placemark>
      <name>ALPR</name>
      <description>OSM node: https://www.openstreetmap.org/node/13376932301
Manufacturer: Flock Safety
Direction: 150
Zone: traffic
Camera type: fixed</description>
      <Point>
        <coordinates>-122.0730479,37.6698394,0</coordinates>
      </Point>
    </Placemark>
    <Placemark>
      <name>ALPR</name>
      <description>OSM node: https://www.openstreetmap.org/node/13376936101
Manufacturer: Flock Safety
Direction: 321
Zone: traffic
Camera type: fixed</description>
      <Point>
        <coordinates>-122.072767,37.6694973,0</coordinates>
      </Point>
    </Placemark>
    <Placemark>
      <name>ALPR</name>
      <description>OSM node: https://www.openstreetmap.org/node/13377027883
Manufacturer: Flock Safety
Direction: 260
Zone: traffic
Camera type: fixed</description>
      <Point>
        <coordinates>-122.4678783,37.7350155,0</coordinates>
      </Point>
    </Placemark>
    <Placemark>
      <name>ALPR</name>
      <description>OSM node: https://www.openstreetmap.org/node/13377247342
Manufacturer: Flock Safety
Direction: 0
Zone: traffic
Camera type: fixed</description>
      <Point>
        <coordinates>-116.9509615,32.7806915,0</coordinates>
      </Point>
    </Placemark>
    <Placemark>
      <name>ALPR</name>
      <description>OSM node: https://www.openstreetmap.org/node/13377348601
Manufacturer: Flock Safety
Direction: 278
Zone: traffic
Camera type: fixed</description>
      <Point>
        <coordinates>-119.8660997,36.8082555,0</coordinates>
      </Point>
    </Placemark>
    <Placemark>
      <name>ALPR</name>
      <description>OSM node: https://www.openstreetmap.org/node/13377497202
Manufacturer: Flock Safety
Direction: 223-268
Zone: traffic
Camera type: fixed</description>
      <Point>
        <coordinates>-119.7376386,36.7070847,0</coordinates>
      </Point>
    </Placemark>
    <Placemark>
      <name>ALPR</name>
      <description>OSM node: https://www.openstreetmap.org/node/13377564544
Manufacturer: Flock Safety
Direction: 225
Camera type: fixed</description>
      <Point>
        <coordinates>-118.4585133,34.0689216,0</coordinates>
      </Point>
    </Placemark>
    <Placemark>
      <name>ALPR</name>
      <description>OSM node: https://www.openstreetmap.org/node/13377566001
Manufacturer: Genetec
Direction: 123-173
Zone: traffic
Camera type: fixed</description>
      <Point>
        <coordinates>-121.1713487,38.708694,0</coordinates>
      </Point>
    </Placemark>
    <Placemark>
      <name>ALPR</name>
      <description>OSM node: https://www.openstreetmap.org/node/13377570501
Manufacturer: Flock Safety
Direction: 269-314
Zone: traffic
Camera type: fixed</description>
      <Point>
        <coordinates>-121.0987466,38.4965694,0</coordinates>
      </Point>
    </Placemark>
    <Placemark>
      <name>ALPR</name>
      <description>OSM node: https://www.openstreetmap.org/node/13378410806
Manufacturer: Flock Safety
Direction: 98-143
Zone: traffic
Camera type: fixed</description>
      <Point>
        <coordinates>-122.7103133,38.3307173,0</coordinates>
      </Point>
    </Placemark>
    <Placemark>
      <name>ALPR</name>
      <description>OSM node: https://www.openstreetmap.org/node/13378539101
Manufacturer: Flock Safety
Direction: 157
Zone: traffic
Camera type: fixed</description>
      <Point>
        <coordinates>-117.0935116,33.1375878,0</coordinates>
      </Point>
    </Placemark>
    <Placemark>
      <name>ALPR</name>
      <description>OSM node: https://www.openstreetmap.org/node/13378539102
Manufacturer: Flock Safety
Direction: 335
Zone: traffic
Camera type: fixed</description>
      <Point>
        <coordinates>-117.0931085,33.1328636,0</coordinates>
      </Point>
    </Placemark>
    <Placemark>
      <name>ALPR</name>
      <description>OSM node: https://www.openstreetmap.org/node/13378606201
Manufacturer: Flock Safety
Direction: 294
Zone: traffic
Camera type: fixed</description>
      <Point>
        <coordinates>-120.5703563,37.3591279,0</coordinates>
      </Point>
    </Placemark>
    <Placemark>
      <name>ALPR</name>
      <description>OSM node: https://www.openstreetmap.org/node/13378685101
Manufacturer: Flock Safety
Direction: 17-62
Zone: traffic
Camera type: fixed</description>
      <Point>
        <coordinates>-117.9879336,34.0646709,0</coordinates>
      </Point>
    </Placemark>
    <Placemark>
      <name>ALPR</name>
      <description>OSM node: https://www.openstreetmap.org/node/13378685102
Manufacturer: Flock Safety
Direction: 283-328
Zone: traffic
Camera type: fixed</description>
      <Point>
        <coordinates>-117.9846451,34.064747,0</coordinates>
      </Point>
    </Placemark>
    <Placemark>
      <name>ALPR</name>
      <description>OSM node: https://www.openstreetmap.org/node/13378686201
Manufacturer: Flock Safety
Direction: 149-194
Zone: traffic
Camera type: fixed</description>
      <Point>
        <coordinates>-117.9865063,34.0665929,0</coordinates>
      </Point>
    </Placemark>
    <Placemark>
      <name>ALPR</name>
      <description>OSM node: https://www.openstreetmap.org/node/13378689001
Manufacturer: Flock Safety
Direction: 153-198
Zone: traffic
Camera type: fixed</description>
      <Point>
        <coordinates>-117.9852403,34.0666849,0</coordinates>
      </Point>
    </Placemark>
    <Placemark>
      <name>ALPR</name>
      <description>OSM node: https://www.openstreetmap.org/node/13378741601
Manufacturer: Flock Safety
Direction: 141-186
Zone: traffic
Camera type: fixed</description>
      <Point>
        <coordinates>-121.4563702,38.5313775,0</coordinates>
      </Point>
    </Placemark>
    <Placemark>
      <name>ALPR</name>
      <description>OSM node: https://www.openstreetmap.org/node/13378865301
Manufacturer: Flock Safety
Direction: 283
Zone: traffic
Camera type: fixed</description>
      <Point>
        <coordinates>-119.7869212,36.731055,0</coordinates>
      </Point>
    </Placemark>
    <Placemark>
      <name>ALPR</name>
      <description>OSM node: https://www.openstreetmap.org/node/13378931201
Manufacturer: Flock Safety
Direction: 320
Zone: traffic
Camera type: fixed</description>
      <Point>
        <coordinates>-122.297131,37.884992,0</coordinates>
      </Point>
    </Placemark>
    <Placemark>
      <name>ALPR</name>
      <description>OSM node: https://www.openstreetmap.org/node/13378933301
Manufacturer: Flock Safety
Direction: 327
Zone: traffic
Camera type: fixed</description>
      <Point>
        <coordinates>-122.2984896,37.8869541,0</coordinates>
      </Point>
    </Placemark>
    <Placemark>
      <name>ALPR</name>
      <description>OSM node: https://www.openstreetmap.org/node/13379023619
Manufacturer: Flock Safety
Direction: 333
Camera type: fixed</description>
      <Point>
        <coordinates>-121.3335525,36.4358324,0</coordinates>
      </Point>
    </Placemark>
    <Placemark>
      <name>The Home Depot ALPR</name>
      <description>OSM node: https://www.openstreetmap.org/node/13379036301
Operator: The Home Depot
Manufacturer: Flock Safety
Direction: 56
Zone: traffic
Camera type: fixed</description>
      <Point>
        <coordinates>-117.3259212,34.5199948,0</coordinates>
      </Point>
    </Placemark>
    <Placemark>
      <name>The Home Depot ALPR</name>
      <description>OSM node: https://www.openstreetmap.org/node/13379040302
Operator: The Home Depot
Manufacturer: Flock Safety
Direction: 187
Zone: traffic
Camera type: fixed</description>
      <Point>
        <coordinates>-117.3260264,34.5200056,0</coordinates>
      </Point>
    </Placemark>
    <Placemark>
      <name>Kaiser Permanente ALPR</name>
      <description>OSM node: https://www.openstreetmap.org/node/13379090801
Operator: Kaiser Permanente
Manufacturer: Flock Safety
Direction: 315
Zone: traffic
Camera type: fixed</description>
      <Point>
        <coordinates>-121.2910343,38.5768031,0</coordinates>
      </Point>
    </Placemark>
    <Placemark>
      <name>ALPR</name>
      <description>OSM node: https://www.openstreetmap.org/node/13379125401
Manufacturer: Flock Safety
Direction: 47-92
Zone: traffic
Camera type: fixed</description>
      <Point>
        <coordinates>-121.4546836,38.4234068,0</coordinates>
      </Point>
    </Placemark>
    <Placemark>
      <name>ALPR</name>
      <description>OSM node: https://www.openstreetmap.org/node/13379154601
Manufacturer: Flock Safety
Direction: 47-92
Zone: traffic
Camera type: fixed</description>
      <Point>
        <coordinates>-121.4546836,38.4234068,0</coordinates>
      </Point>
    </Placemark>
    <Placemark>
      <name>ALPR</name>
      <description>OSM node: https://www.openstreetmap.org/node/13379154701
Manufacturer: Flock Safety
Direction: 47-92
Zone: traffic
Camera type: fixed</description>
      <Point>
        <coordinates>-121.4546836,38.4234068,0</coordinates>
      </Point>
    </Placemark>
    <Placemark>
      <name>ALPR</name>
      <description>OSM node: https://www.openstreetmap.org/node/13379156101
Manufacturer: Flock Safety
Direction: 216-261
Zone: traffic
Camera type: fixed</description>
      <Point>
        <coordinates>-121.4494986,38.4232992,0</coordinates>
      </Point>
    </Placemark>
    <Placemark>
      <name>ALPR</name>
      <description>OSM node: https://www.openstreetmap.org/node/13379213101
Manufacturer: Flock Safety
Direction: 47
Zone: traffic
Camera type: fixed</description>
      <Point>
        <coordinates>-116.4096529,33.7387027,0</coordinates>
      </Point>
    </Placemark>
    <Placemark>
      <name>ALPR</name>
      <description>OSM node: https://www.openstreetmap.org/node/13379800701
Manufacturer: Flock Safety
Direction: 318-3
Zone: traffic
Camera type: fixed</description>
      <Point>
        <coordinates>-117.1912666,33.6707443,0</coordinates>
      </Point>
    </Placemark>
    <Placemark>
      <name>ALPR</name>
      <description>OSM node: https://www.openstreetmap.org/node/13379800702
Manufacturer: Flock Safety
Direction: 226-271
Zone: traffic
Camera type: fixed</description>
      <Point>
        <coordinates>-117.189074,33.6726837,0</coordinates>
      </Point>
    </Placemark>
    <Placemark>
      <name>ALPR</name>
      <description>OSM node: https://www.openstreetmap.org/node/13379807543
Manufacturer: Flock Safety
Direction: 290</description>
      <Point>
        <coordinates>-119.2267517,34.2762506,0</coordinates>
      </Point>
    </Placemark>
    <Placemark>
      <name>ALPR</name>
      <description>OSM node: https://www.openstreetmap.org/node/13379813301
Manufacturer: Flock Safety
Direction: 87
Zone: traffic
Camera type: fixed</description>
      <Point>
        <coordinates>-120.4090811,34.945409,0</coordinates>
      </Point>
    </Placemark>
    <Placemark>
      <name>ALPR</name>
      <description>OSM node: https://www.openstreetmap.org/node/13379813302
Manufacturer: Flock Safety
Direction: 59
Zone: traffic
Camera type: fixed</description>
      <Point>
        <coordinates>-120.4042643,34.9307261,0</coordinates>
      </Point>
    </Placemark>
    <Placemark>
      <name>ALPR</name>
      <description>OSM node: https://www.openstreetmap.org/node/13379814101
Manufacturer: Flock Safety
Direction: 57
Zone: traffic
Camera type: fixed</description>
      <Point>
        <coordinates>-120.3910298,34.9379642,0</coordinates>
      </Point>
    </Placemark>
    <Placemark>
      <name>ALPR</name>
      <description>OSM node: https://www.openstreetmap.org/node/13379814302
Manufacturer: Motorola Solutions
Direction: 202
Zone: traffic
Camera type: fixed</description>
      <Point>
        <coordinates>-120.4862986,35.0361065,0</coordinates>
      </Point>
    </Placemark>
    <Placemark>
      <name>ALPR</name>
      <description>OSM node: https://www.openstreetmap.org/node/13379817001
Manufacturer: Flock Safety
Direction: 133
Zone: traffic
Camera type: fixed</description>
      <Point>
        <coordinates>-120.4356552,34.9966802,0</coordinates>
      </Point>
    </Placemark>
    <Placemark>
      <name>ALPR</name>
      <description>OSM node: https://www.openstreetmap.org/node/13379817002
Manufacturer: Flock Safety
Direction: 315
Zone: traffic
Camera type: fixed</description>
      <Point>
        <coordinates>-120.4581233,35.0031413,0</coordinates>
      </Point>
    </Placemark>
    <Placemark>
      <name>ALPR</name>
      <description>OSM node: https://www.openstreetmap.org/node/13379827501
Manufacturer: Flock Safety
Direction: 346
Zone: traffic
Camera type: fixed</description>
      <Point>
        <coordinates>-114.7083832,33.4785652,0</coordinates>
      </Point>
    </Placemark>
    <Placemark>
      <name>ALPR</name>
      <description>OSM node: https://www.openstreetmap.org/node/13379837801
Manufacturer: Flock Safety
Direction: 0;185
Zone: traffic
Camera type: fixed</description>
      <Point>
        <coordinates>-123.0277539,38.3170755,0</coordinates>
      </Point>
    </Placemark>
    <Placemark>
      <name>ALPR</name>
      <description>OSM node: https://www.openstreetmap.org/node/13380344076
Manufacturer: Flock Safety
Direction: 50
Camera type: fixed</description>
      <Point>
        <coordinates>-122.001132,39.2130494,0</coordinates>
      </Point>
    </Placemark>
    <Placemark>
      <name>Palo Alto Police Department ALPR</name>
      <description>OSM node: https://www.openstreetmap.org/node/13380350040
Operator: Palo Alto Police Department
Direction: 230
Zone: traffic
Camera type: fixed</description>
      <Point>
        <coordinates>-122.1259347,37.447242,0</coordinates>
      </Point>
    </Placemark>
    <Placemark>
      <name>Palo Alto Police Department ALPR</name>
      <description>OSM node: https://www.openstreetmap.org/node/13380350041
Operator: Palo Alto Police Department
Direction: 110
Zone: traffic
Camera type: fixed</description>
      <Point>
        <coordinates>-122.133623,37.4360429,0</coordinates>
      </Point>
    </Placemark>
    <Placemark>
      <name>ALPR</name>
      <description>OSM node: https://www.openstreetmap.org/node/13380358691
Manufacturer: Flock Safety
Direction: 185
Camera type: fixed</description>
      <Point>
        <coordinates>-122.0006937,39.2136681,0</coordinates>
      </Point>
    </Placemark>
    <Placemark>
      <name>ALPR</name>
      <description>OSM node: https://www.openstreetmap.org/node/13380381569
Manufacturer: Flock Safety
Direction: 180
Camera type: fixed</description>
      <Point>
        <coordinates>-122.0187906,39.2165595,0</coordinates>
      </Point>
    </Placemark>
    <Placemark>
      <name>ALPR</name>
      <description>OSM node: https://www.openstreetmap.org/node/13380389301
Manufacturer: Flock Safety
Direction: 65
Zone: traffic
Camera type: fixed</description>
      <Point>
        <coordinates>-117.5388024,33.8477257,0</coordinates>
      </Point>
    </Placemark>
    <Placemark>
      <name>ALPR</name>
      <description>OSM node: https://www.openstreetmap.org/node/13380390358
Manufacturer: Flock Safety
Direction: 355
Camera type: fixed</description>
      <Point>
        <coordinates>-122.014587,39.2158298,0</coordinates>
      </Point>
    </Placemark>
    <Placemark>
      <name>ALPR</name>
      <description>OSM node: https://www.openstreetmap.org/node/13381513801
Manufacturer: Flock Safety
Direction: 338-23
Zone: traffic
Camera type: fixed</description>
      <Point>
        <coordinates>-118.168564,34.1833411,0</coordinates>
      </Point>
    </Placemark>
    <Placemark>
      <name>ALPR</name>
      <description>OSM node: https://www.openstreetmap.org/node/13381516601
Manufacturer: Flock Safety
Direction: 152-197
Zone: traffic
Camera type: fixed</description>
      <Point>
        <coordinates>-118.1686718,34.1831224,0</coordinates>
      </Point>
    </Placemark>
    <Placemark>
      <name>ALPR</name>
      <description>OSM node: https://www.openstreetmap.org/node/13381650504
Manufacturer: Flock Safety
Direction: 0
Zone: traffic
Camera type: fixed</description>
      <Point>
        <coordinates>-116.9548271,33.9241788,0</coordinates>
      </Point>
    </Placemark>
    <Placemark>
      <name>ALPR</name>
      <description>OSM node: https://www.openstreetmap.org/node/13381658402
Manufacturer: Flock Safety
Direction: 259
Zone: traffic
Camera type: fixed</description>
      <Point>
        <coordinates>-116.9548241,33.9241863,0</coordinates>
      </Point>
    </Placemark>
    <Placemark>
      <name>ALPR</name>
      <description>OSM node: https://www.openstreetmap.org/node/13381665001
Manufacturer: Flock Safety
Direction: 0
Zone: traffic
Camera type: fixed</description>
      <Point>
        <coordinates>-116.9557372,33.9241541,0</coordinates>
      </Point>
    </Placemark>
    <Placemark>
      <name>ALPR</name>
      <description>OSM node: https://www.openstreetmap.org/node/13381827901
Manufacturer: Flock Safety
Direction: 243-288
Zone: traffic
Camera type: fixed</description>
      <Point>
        <coordinates>-118.0902095,33.9491608,0</coordinates>
      </Point>
    </Placemark>
    <Placemark>
      <name>ALPR</name>
      <description>OSM node: https://www.openstreetmap.org/node/13381840701
Manufacturer: Flock Safety
Direction: 325-10
Zone: traffic
Camera type: fixed</description>
      <Point>
        <coordinates>-118.0856347,33.9565289,0</coordinates>
      </Point>
    </Placemark>
    <Placemark>
      <name>ALPR</name>
      <description>OSM node: https://www.openstreetmap.org/node/13381850301
Manufacturer: Flock Safety
Direction: 325-10
Zone: traffic
Camera type: fixed</description>
      <Point>
        <coordinates>-118.0856347,33.9565289,0</coordinates>
      </Point>
    </Placemark>
    <Placemark>
      <name>ALPR</name>
      <description>OSM node: https://www.openstreetmap.org/node/13381881601
Manufacturer: Flock Safety
Direction: 253-298
Zone: traffic
Camera type: fixed</description>
      <Point>
        <coordinates>-122.5451777,38.0083026,0</coordinates>
      </Point>
    </Placemark>
    <Placemark>
      <name>ALPR</name>
      <description>OSM node: https://www.openstreetmap.org/node/13381881801
Manufacturer: Flock Safety
Direction: 92-137
Zone: traffic
Camera type: fixed</description>
      <Point>
        <coordinates>-122.5452726,38.0079165,0</coordinates>
      </Point>
    </Placemark>
    <Placemark>
      <name>ALPR</name>
      <description>OSM node: https://www.openstreetmap.org/node/13381997601
Manufacturer: Flock Safety
Direction: 254;227
Zone: traffic
Camera type: fixed</description>
      <Point>
        <coordinates>-117.8544795,33.7086906,0</coordinates>
      </Point>
    </Placemark>
    <Placemark>
      <name>ALPR</name>
      <description>OSM node: https://www.openstreetmap.org/node/13382076702
Manufacturer: Flock Safety
Direction: 170
Zone: traffic
Camera type: fixed</description>
      <Point>
        <coordinates>-116.4035032,33.80155,0</coordinates>
      </Point>
    </Placemark>
    <Placemark>
      <name>ALPR</name>
      <description>OSM node: https://www.openstreetmap.org/node/13382076704
Manufacturer: Flock Safety
Direction: 351
Zone: traffic
Camera type: fixed</description>
      <Point>
        <coordinates>-116.387975,33.8020009,0</coordinates>
      </Point>
    </Placemark>
    <Placemark>
      <name>ALPR</name>
      <description>OSM node: https://www.openstreetmap.org/node/13382079901
Manufacturer: Flock Safety
Direction: 175
Zone: traffic
Camera type: fixed</description>
      <Point>
        <coordinates>-116.4043593,33.8016111,0</coordinates>
      </Point>
    </Placemark>
    <Placemark>
      <name>ALPR</name>
      <description>OSM node: https://www.openstreetmap.org/node/13382080501
Manufacturer: Flock Safety
Direction: 171
Zone: traffic
Camera type: fixed</description>
      <Point>
        <coordinates>-116.3969772,33.8015977,0</coordinates>
      </Point>
    </Placemark>
    <Placemark>
      <name>ALPR</name>
      <description>OSM node: https://www.openstreetmap.org/node/13382111101
Manufacturer: Flock Safety
Direction: 335
Zone: traffic
Camera type: fixed</description>
      <Point>
        <coordinates>-122.7149029,38.3634626,0</coordinates>
      </Point>
    </Placemark>
    <Placemark>
      <name>ALPR</name>
      <description>OSM node: https://www.openstreetmap.org/node/13382177301
Manufacturer: Flock Safety
Direction: 98
Zone: traffic
Camera type: fixed</description>
      <Point>
        <coordinates>-121.3036515,38.5745757,0</coordinates>
      </Point>
    </Placemark>
    <Placemark>
      <name>ALPR</name>
      <description>OSM node: https://www.openstreetmap.org/node/13382236002
Manufacturer: Flock Safety
Direction: 19;15
Zone: traffic
Camera type: fixed</description>
      <Point>
        <coordinates>-117.8524487,33.7085036,0</coordinates>
      </Point>
    </Placemark>
    <Placemark>
      <name>ALPR</name>
      <description>OSM node: https://www.openstreetmap.org/node/13382273502
Manufacturer: Flock Safety
Direction: 163
Zone: traffic
Camera type: fixed</description>
      <Point>
        <coordinates>-119.7808846,36.3210498,0</coordinates>
      </Point>
    </Placemark>
    <Placemark>
      <name>ALPR</name>
      <description>OSM node: https://www.openstreetmap.org/node/13382284301
Manufacturer: Flock Safety
Direction: 180
Zone: traffic
Camera type: fixed</description>
      <Point>
        <coordinates>-117.7399489,33.6307539,0</coordinates>
      </Point>
    </Placemark>
    <Placemark>
      <name>ALPR</name>
      <description>OSM node: https://www.openstreetmap.org/node/13382301501
Manufacturer: Flock Safety
Direction: 257
Zone: traffic
Camera type: fixed</description>
      <Point>
        <coordinates>-119.76739,36.313602,0</coordinates>
      </Point>
    </Placemark>
    <Placemark>
      <name>ALPR</name>
      <description>OSM node: https://www.openstreetmap.org/node/13382302501
Manufacturer: Flock Safety
Direction: 164
Zone: traffic
Camera type: fixed</description>
      <Point>
        <coordinates>-117.7241115,33.6282592,0</coordinates>
      </Point>
    </Placemark>
    <Placemark>
      <name>ALPR</name>
      <description>OSM node: https://www.openstreetmap.org/node/13382302502
Manufacturer: Flock Safety
Direction: 301
Zone: traffic
Camera type: fixed</description>
      <Point>
        <coordinates>-117.7102495,33.6152934,0</coordinates>
      </Point>
    </Placemark>
    <Placemark>
      <name>ALPR</name>
      <description>OSM node: https://www.openstreetmap.org/node/13382321701
Manufacturer: Flock Safety
Direction: 343
Zone: traffic
Camera type: fixed</description>
      <Point>
        <coordinates>-119.7806636,36.293684,0</coordinates>
      </Point>
    </Placemark>
    <Placemark>
      <name>Stockton Police Department ALPR</name>
      <description>OSM node: https://www.openstreetmap.org/node/13382327572
Operator: Stockton Police Department
Manufacturer: Flock Safety
Direction: 235
Camera type: fixed</description>
      <Point>
        <coordinates>-121.339457,38.0356066,0</coordinates>
      </Point>
    </Placemark>
    <Placemark>
      <name>Stockton Police Department ALPR</name>
      <description>OSM node: https://www.openstreetmap.org/node/13382327573
Operator: Stockton Police Department
Manufacturer: Flock Safety
Direction: 270
Camera type: fixed</description>
      <Point>
        <coordinates>-121.3392362,38.0358344,0</coordinates>
      </Point>
    </Placemark>
    <Placemark>
      <name>Stockton Police Department ALPR</name>
      <description>OSM node: https://www.openstreetmap.org/node/13382327574
Operator: Stockton Police Department
Manufacturer: Flock Safety
Direction: 285
Camera type: fixed</description>
      <Point>
        <coordinates>-121.3252675,38.0213015,0</coordinates>
      </Point>
    </Placemark>
    <Placemark>
      <name>Stockton Police Department ALPR</name>
      <description>OSM node: https://www.openstreetmap.org/node/13382327575
Operator: Stockton Police Department
Manufacturer: Flock Safety
Direction: 120
Camera type: fixed</description>
      <Point>
        <coordinates>-121.3239938,38.0193239,0</coordinates>
      </Point>
    </Placemark>
    <Placemark>
      <name>Stockton Police Department ALPR</name>
      <description>OSM node: https://www.openstreetmap.org/node/13382327576
Operator: Stockton Police Department
Manufacturer: Flock Safety
Direction: 220
Camera type: fixed</description>
      <Point>
        <coordinates>-121.3208552,38.0111018,0</coordinates>
      </Point>
    </Placemark>
    <Placemark>
      <name>Stockton Police Department ALPR</name>
      <description>OSM node: https://www.openstreetmap.org/node/13382327577
Operator: Stockton Police Department
Manufacturer: Flock Safety
Direction: 300
Camera type: fixed</description>
      <Point>
        <coordinates>-121.295728,38.0209665,0</coordinates>
      </Point>
    </Placemark>
    <Placemark>
      <name>Stockton Police Department ALPR</name>
      <description>OSM node: https://www.openstreetmap.org/node/13382327578
Operator: Stockton Police Department
Manufacturer: Flock Safety
Direction: 235
Camera type: fixed</description>
      <Point>
        <coordinates>-121.2977271,38.0210848,0</coordinates>
      </Point>
    </Placemark>
    <Placemark>
      <name>ALPR</name>
      <description>OSM node: https://www.openstreetmap.org/node/13382419701
Manufacturer: Flock Safety
Direction: 72
Zone: traffic
Camera type: fixed</description>
      <Point>
        <coordinates>-117.7176035,33.555334,0</coordinates>
      </Point>
    </Placemark>
    <Placemark>
      <name>ALPR</name>
      <description>OSM node: https://www.openstreetmap.org/node/13382419801
Manufacturer: Flock Safety
Direction: 111
Zone: traffic
Camera type: fixed</description>
      <Point>
        <coordinates>-117.7120865,33.5555377,0</coordinates>
      </Point>
    </Placemark>
    <Placemark>
      <name>ALPR</name>
      <description>OSM node: https://www.openstreetmap.org/node/13382572801
Manufacturer: Flock Safety
Direction: 32
Zone: traffic
Camera type: fixed</description>
      <Point>
        <coordinates>-117.5154029,33.8280101,0</coordinates>
      </Point>
    </Placemark>
    <Placemark>
      <name>California Highway Patrol (CHP) ALPR</name>
      <description>OSM node: https://www.openstreetmap.org/node/13382753778
Operator: California Highway Patrol (CHP)
Manufacturer: Flock Safety
Direction: 230
Camera type: fixed</description>
      <Point>
        <coordinates>-122.2482222,37.8463235,0</coordinates>
      </Point>
    </Placemark>
    <Placemark>
      <name>ALPR</name>
      <description>OSM node: https://www.openstreetmap.org/node/13383068501
Manufacturer: Flock Safety
Direction: 210
Zone: traffic
Camera type: fixed</description>
      <Point>
        <coordinates>-121.9668014,37.9504915,0</coordinates>
      </Point>
    </Placemark>
    <Placemark>
      <name>ALPR</name>
      <description>OSM node: https://www.openstreetmap.org/node/13383068701
Manufacturer: Flock Safety
Direction: 50
Zone: traffic
Camera type: fixed</description>
      <Point>
        <coordinates>-121.9668514,37.9505676,0</coordinates>
      </Point>
    </Placemark>
    <Placemark>
      <name>ALPR</name>
      <description>OSM node: https://www.openstreetmap.org/node/13383069201
Manufacturer: Flock Safety
Direction: 297
Zone: traffic
Camera type: fixed</description>
      <Point>
        <coordinates>-121.9687744,37.947357,0</coordinates>
      </Point>
    </Placemark>
    <Placemark>
      <name>ALPR</name>
      <description>OSM node: https://www.openstreetmap.org/node/13383567701
Manufacturer: Flock Safety
Direction: 295
Zone: traffic
Camera type: fixed</description>
      <Point>
        <coordinates>-118.7938704,34.28136,0</coordinates>
      </Point>
    </Placemark>
    <Placemark>
      <name>ALPR</name>
      <description>OSM node: https://www.openstreetmap.org/node/13383569101
Manufacturer: Flock Safety
Direction: 327-12
Zone: traffic
Camera type: fixed</description>
      <Point>
        <coordinates>-117.9204022,33.76981,0</coordinates>
      </Point>
    </Placemark>
    <Placemark>
      <name>ALPR</name>
      <description>OSM node: https://www.openstreetmap.org/node/13383629202
Manufacturer: Flock Safety
Direction: 26
Zone: traffic
Camera type: fixed</description>
      <Point>
        <coordinates>-119.8095512,36.2966245,0</coordinates>
      </Point>
    </Placemark>
    <Placemark>
      <name>ALPR</name>
      <description>OSM node: https://www.openstreetmap.org/node/13383629203
Manufacturer: Flock Safety
Direction: 341
Zone: traffic
Camera type: fixed</description>
      <Point>
        <coordinates>-119.7986998,36.2883124,0</coordinates>
      </Point>
    </Placemark>
    <Placemark>
      <name>ALPR</name>
      <description>OSM node: https://www.openstreetmap.org/node/13383630601
Manufacturer: Flock Safety
Direction: 293
Zone: traffic
Camera type: fixed</description>
      <Point>
        <coordinates>-119.767702,36.2993973,0</coordinates>
      </Point>
    </Placemark>
    <Placemark>
      <name>ALPR</name>
      <description>OSM node: https://www.openstreetmap.org/node/13383682801
Manufacturer: Flock Safety
Direction: 223
Zone: traffic
Camera type: fixed</description>
      <Point>
        <coordinates>-118.7945493,34.2823331,0</coordinates>
      </Point>
    </Placemark>
    <Placemark>
      <name>ALPR</name>
      <description>OSM node: https://www.openstreetmap.org/node/13383807301
Manufacturer: Flock Safety
Direction: 252-297
Zone: traffic
Camera type: fixed</description>
      <Point>
        <coordinates>-117.5252,34.0625196,0</coordinates>
      </Point>
    </Placemark>
    <Placemark>
      <name>ALPR</name>
      <description>OSM node: https://www.openstreetmap.org/node/13383841801
Manufacturer: Flock Safety
Direction: 170
Zone: traffic
Camera type: fixed</description>
      <Point>
        <coordinates>-116.3926964,33.8015866,0</coordinates>
      </Point>
    </Placemark>
    <Placemark>
      <name>ALPR</name>
      <description>OSM node: https://www.openstreetmap.org/node/13383842401
Manufacturer: Flock Safety
Direction: 255
Zone: traffic
Camera type: fixed</description>
      <Point>
        <coordinates>-116.3927281,33.8020172,0</coordinates>
      </Point>
    </Placemark>
    <Placemark>
      <name>ALPR</name>
      <description>OSM node: https://www.openstreetmap.org/node/13383852503
Manufacturer: Flock Safety
Direction: 255
Zone: traffic
Camera type: fixed</description>
      <Point>
        <coordinates>-116.4062153,33.7872483,0</coordinates>
      </Point>
    </Placemark>
    <Placemark>
      <name>ALPR</name>
      <description>OSM node: https://www.openstreetmap.org/node/13383852504
Manufacturer: Flock Safety
Direction: 252
Zone: traffic
Camera type: fixed</description>
      <Point>
        <coordinates>-116.406206,33.7854991,0</coordinates>
      </Point>
    </Placemark>
    <Placemark>
      <name>ALPR</name>
      <description>OSM node: https://www.openstreetmap.org/node/13383853401
Manufacturer: Flock Safety
Direction: 163
Zone: traffic
Camera type: fixed</description>
      <Point>
        <coordinates>-116.3906874,33.8016764,0</coordinates>
      </Point>
    </Placemark>
    <Placemark>
      <name>ALPR</name>
      <description>OSM node: https://www.openstreetmap.org/node/13383854401
Manufacturer: Flock Safety
Direction: 171
Zone: traffic
Camera type: fixed</description>
      <Point>
        <coordinates>-116.3946587,33.8016278,0</coordinates>
      </Point>
    </Placemark>
    <Placemark>
      <name>ALPR</name>
      <description>OSM node: https://www.openstreetmap.org/node/13383854402
Manufacturer: Flock Safety
Direction: 343
Zone: traffic
Camera type: fixed</description>
      <Point>
        <coordinates>-116.4057519,33.8019784,0</coordinates>
      </Point>
    </Placemark>
    <Placemark>
      <name>ALPR</name>
      <description>OSM node: https://www.openstreetmap.org/node/13383864901
Manufacturer: Flock Safety
Direction: 68
Zone: traffic
Camera type: fixed</description>
      <Point>
        <coordinates>-116.405678,33.8009164,0</coordinates>
      </Point>
    </Placemark>
    <Placemark>
      <name>ALPR</name>
      <description>OSM node: https://www.openstreetmap.org/node/13383864902
Manufacturer: Flock Safety
Direction: 68
Zone: traffic
Camera type: fixed</description>
      <Point>
        <coordinates>-116.4057281,33.7870009,0</coordinates>
      </Point>
    </Placemark>
    <Placemark>
      <name>ALPR</name>
      <description>OSM node: https://www.openstreetmap.org/node/13383865001
Manufacturer: Flock Safety
Direction: 74
Zone: traffic
Camera type: fixed</description>
      <Point>
        <coordinates>-116.4057917,33.797991,0</coordinates>
      </Point>
    </Placemark>
    <Placemark>
      <name>ALPR</name>
      <description>OSM node: https://www.openstreetmap.org/node/13383870201
Manufacturer: Flock Safety
Direction: 74
Zone: traffic
Camera type: fixed</description>
      <Point>
        <coordinates>-116.4057473,33.7888901,0</coordinates>
      </Point>
    </Placemark>
    <Placemark>
      <name>ALPR</name>
      <description>OSM node: https://www.openstreetmap.org/node/13383881101
Manufacturer: Flock Safety
Direction: 164
Zone: traffic
Camera type: fixed</description>
      <Point>
        <coordinates>-116.4451927,33.7723338,0</coordinates>
      </Point>
    </Placemark>
    <Placemark>
      <name>ALPR</name>
      <description>OSM node: https://www.openstreetmap.org/node/13383931201
Direction: 20
Zone: street</description>
      <Point>
        <coordinates>-117.0664733,33.46395,0</coordinates>
      </Point>
    </Placemark>
    <Placemark>
      <name>ALPR</name>
      <description>OSM node: https://www.openstreetmap.org/node/13383941801
Direction: 190</description>
      <Point>
        <coordinates>-117.0685545,33.4630422,0</coordinates>
      </Point>
    </Placemark>
    <Placemark>
      <name>ALPR</name>
      <description>OSM node: https://www.openstreetmap.org/node/13383942201
Direction: 190</description>
      <Point>
        <coordinates>-117.0690576,33.4627425,0</coordinates>
      </Point>
    </Placemark>
    <Placemark>
      <name>ALPR</name>
      <description>OSM node: https://www.openstreetmap.org/node/13384042402
Manufacturer: Flock Safety
Direction: 149
Zone: traffic
Camera type: fixed</description>
      <Point>
        <coordinates>-122.2522455,37.523796,0</coordinates>
      </Point>
    </Placemark>
    <Placemark>
      <name>ALPR</name>
      <description>OSM node: https://www.openstreetmap.org/node/13384245646
Manufacturer: Flock Safety
Direction: 145
Zone: traffic
Camera type: fixed</description>
      <Point>
        <coordinates>-121.1560956,38.6401898,0</coordinates>
      </Point>
    </Placemark>
    <Placemark>
      <name>ALPR</name>
      <description>OSM node: https://www.openstreetmap.org/node/13384475201
Manufacturer: Flock Safety
Direction: 121
Zone: traffic
Camera type: fixed</description>
      <Point>
        <coordinates>-117.7168618,33.628929,0</coordinates>
      </Point>
    </Placemark>
    <Placemark>
      <name>ALPR</name>
      <description>OSM node: https://www.openstreetmap.org/node/13384475601
Manufacturer: Flock Safety
Direction: 24
Zone: traffic
Camera type: fixed</description>
      <Point>
        <coordinates>-117.7164961,33.6291703,0</coordinates>
      </Point>
    </Placemark>
    <Placemark>
      <name>ALPR</name>
      <description>OSM node: https://www.openstreetmap.org/node/13384475701
Manufacturer: Flock Safety
Direction: 82
Zone: traffic
Camera type: fixed</description>
      <Point>
        <coordinates>-117.716018,33.6297525,0</coordinates>
      </Point>
    </Placemark>
    <Placemark>
      <name>ALPR</name>
      <description>OSM node: https://www.openstreetmap.org/node/13384476701
Manufacturer: Flock Safety
Direction: 300
Zone: traffic
Camera type: fixed</description>
      <Point>
        <coordinates>-122.4768167,38.1348414,0</coordinates>
      </Point>
    </Placemark>
    <Placemark>
      <name>ALPR</name>
      <description>OSM node: https://www.openstreetmap.org/node/13384476801
Manufacturer: Flock Safety
Direction: 71-115
Zone: traffic
Camera type: fixed</description>
      <Point>
        <coordinates>-122.7133927,38.4210986,0</coordinates>
      </Point>
    </Placemark>
    <Placemark>
      <name>ALPR</name>
      <description>OSM node: https://www.openstreetmap.org/node/13384514201
Manufacturer: Flock Safety
Direction: 334
Zone: traffic
Camera type: fixed</description>
      <Point>
        <coordinates>-116.9586886,33.7803682,0</coordinates>
      </Point>
    </Placemark>
    <Placemark>
      <name>ALPR</name>
      <description>OSM node: https://www.openstreetmap.org/node/13384514301
Manufacturer: Flock Safety
Direction: 56
Zone: traffic
Camera type: fixed</description>
      <Point>
        <coordinates>-116.9587301,33.7801739,0</coordinates>
      </Point>
    </Placemark>
    <Placemark>
      <name>ALPR</name>
      <description>OSM node: https://www.openstreetmap.org/node/13384514501
Manufacturer: Flock Safety
Direction: 143
Zone: traffic
Camera type: fixed</description>
      <Point>
        <coordinates>-116.95899,33.7801708,0</coordinates>
      </Point>
    </Placemark>
    <Placemark>
      <name>ALPR</name>
      <description>OSM node: https://www.openstreetmap.org/node/13384520001
Manufacturer: Flock Safety
Direction: 344
Zone: traffic
Camera type: fixed</description>
      <Point>
        <coordinates>-122.8687492,38.6457642,0</coordinates>
      </Point>
    </Placemark>
    <Placemark>
      <name>ALPR</name>
      <description>OSM node: https://www.openstreetmap.org/node/13384520401
Manufacturer: Flock Safety
Direction: 158
Zone: traffic
Camera type: fixed</description>
      <Point>
        <coordinates>-122.8688181,38.6458312,0</coordinates>
      </Point>
    </Placemark>
    <Placemark>
      <name>ALPR</name>
      <description>OSM node: https://www.openstreetmap.org/node/13384531658
Manufacturer: Motorola Solutions
Direction: 210
Camera type: fixed</description>
      <Point>
        <coordinates>-117.3307141,33.9706159,0</coordinates>
      </Point>
    </Placemark>
    <Placemark>
      <name>ALPR</name>
      <description>OSM node: https://www.openstreetmap.org/node/13384531659
Manufacturer: Flock Safety
Direction: 350
Camera type: fixed</description>
      <Point>
        <coordinates>-117.2085729,33.8539322,0</coordinates>
      </Point>
    </Placemark>
    <Placemark>
      <name>The Home Depot ALPR</name>
      <description>OSM node: https://www.openstreetmap.org/node/13384587401
Operator: The Home Depot
Manufacturer: Flock Safety
Direction: 77
Zone: traffic
Camera type: fixed</description>
      <Point>
        <coordinates>-117.5389569,33.8484121,0</coordinates>
      </Point>
    </Placemark>
    <Placemark>
      <name>ALPR</name>
      <description>OSM node: https://www.openstreetmap.org/node/13384639502
Manufacturer: Flock Safety
Direction: 150
Zone: traffic
Camera type: fixed</description>
      <Point>
        <coordinates>-119.7943989,36.3152101,0</coordinates>
      </Point>
    </Placemark>
    <Placemark>
      <name>ALPR</name>
      <description>OSM node: https://www.openstreetmap.org/node/13385595501
Manufacturer: Flock Safety
Direction: 254
Zone: traffic
Camera type: fixed</description>
      <Point>
        <coordinates>-119.6371614,36.3428022,0</coordinates>
      </Point>
    </Placemark>
    <Placemark>
      <name>ALPR</name>
      <description>OSM node: https://www.openstreetmap.org/node/13385600801
Manufacturer: Flock Safety
Direction: 172
Zone: traffic
Camera type: fixed</description>
      <Point>
        <coordinates>-119.6552107,36.3571134,0</coordinates>
      </Point>
    </Placemark>
    <Placemark>
      <name>ALPR</name>
      <description>OSM node: https://www.openstreetmap.org/node/13385607201
Manufacturer: Flock Safety
Direction: 236
Zone: traffic
Camera type: fixed</description>
      <Point>
        <coordinates>-119.6371191,36.3280279,0</coordinates>
      </Point>
    </Placemark>
    <Placemark>
      <name>ALPR</name>
      <description>OSM node: https://www.openstreetmap.org/node/13385607301
Manufacturer: Flock Safety
Direction: 338
Zone: traffic
Camera type: fixed</description>
      <Point>
        <coordinates>-119.6549837,36.3281739,0</coordinates>
      </Point>
    </Placemark>
    <Placemark>
      <name>ALPR</name>
      <description>OSM node: https://www.openstreetmap.org/node/13385607501
Manufacturer: Flock Safety
Direction: 174
Zone: traffic
Camera type: fixed</description>
      <Point>
        <coordinates>-119.6552469,36.3425104,0</coordinates>
      </Point>
    </Placemark>
    <Placemark>
      <name>ALPR</name>
      <description>OSM node: https://www.openstreetmap.org/node/13385607901
Manufacturer: Flock Safety
Direction: 78
Zone: traffic
Camera type: fixed</description>
      <Point>
        <coordinates>-119.6726991,36.3279439,0</coordinates>
      </Point>
    </Placemark>
    <Placemark>
      <name>ALPR</name>
      <description>OSM node: https://www.openstreetmap.org/node/13385607902
Manufacturer: Flock Safety
Direction: 343
Zone: traffic
Camera type: fixed</description>
      <Point>
        <coordinates>-119.6548762,36.3135626,0</coordinates>
      </Point>
    </Placemark>
    <Placemark>
      <name>ALPR</name>
      <description>OSM node: https://www.openstreetmap.org/node/13385608201
Manufacturer: Flock Safety
Direction: 217
Zone: traffic
Camera type: fixed</description>
      <Point>
        <coordinates>-119.6372891,36.3134773,0</coordinates>
      </Point>
    </Placemark>
    <Placemark>
      <name>ALPR</name>
      <description>OSM node: https://www.openstreetmap.org/node/13385608401
Manufacturer: Flock Safety
Direction: 67
Zone: traffic
Camera type: fixed</description>
      <Point>
        <coordinates>-119.6728166,36.313383,0</coordinates>
      </Point>
    </Placemark>
    <Placemark>
      <name>ALPR</name>
      <description>OSM node: https://www.openstreetmap.org/node/13386536701
Manufacturer: Flock Safety
Direction: 99
Zone: traffic
Camera type: fixed</description>
      <Point>
        <coordinates>-117.5991757,33.8423181,0</coordinates>
      </Point>
    </Placemark>
    <Placemark>
      <name>ALPR</name>
      <description>OSM node: https://www.openstreetmap.org/node/13386538502
Manufacturer: Flock Safety
Direction: 214
Zone: traffic
Camera type: fixed</description>
      <Point>
        <coordinates>-117.5886642,33.8438935,0</coordinates>
      </Point>
    </Placemark>
    <Placemark>
      <name>ALPR</name>
      <description>OSM node: https://www.openstreetmap.org/node/13387039701
Manufacturer: Flock Safety
Direction: 19
Zone: traffic
Camera type: fixed</description>
      <Point>
        <coordinates>-121.3036688,38.5748953,0</coordinates>
      </Point>
    </Placemark>
    <Placemark>
      <name>ALPR</name>
      <description>OSM node: https://www.openstreetmap.org/node/13387091401
Manufacturer: Flock Safety
Direction: 355
Zone: traffic
Camera type: fixed</description>
      <Point>
        <coordinates>-116.9669501,33.2024004,0</coordinates>
      </Point>
    </Placemark>
    <Placemark>
      <name>ALPR</name>
      <description>OSM node: https://www.openstreetmap.org/node/13387093001
Manufacturer: Flock Safety
Direction: 104
Zone: traffic
Camera type: fixed</description>
      <Point>
        <coordinates>-117.0281864,33.2074134,0</coordinates>
      </Point>
    </Placemark>
    <Placemark>
      <name>ALPR</name>
      <description>OSM node: https://www.openstreetmap.org/node/13387177080
Manufacturer: Flock Safety
Direction: 270;98
Zone: traffic
Camera type: fixed</description>
      <Point>
        <coordinates>-118.3868794,37.3615575,0</coordinates>
      </Point>
    </Placemark>
    <Placemark>
      <name>Kaiser Permanente ALPR</name>
      <description>OSM node: https://www.openstreetmap.org/node/13387224801
Operator: Kaiser Permanente
Manufacturer: Flock Safety
Direction: 190
Zone: traffic
Camera type: fixed</description>
      <Point>
        <coordinates>-121.3924689,38.6021965,0</coordinates>
      </Point>
    </Placemark>
    <Placemark>
      <name>Kaiser Permanente ALPR</name>
      <description>OSM node: https://www.openstreetmap.org/node/13387225301
Operator: Kaiser Permanente
Manufacturer: Flock Safety
Direction: 240
Zone: traffic
Camera type: fixed</description>
      <Point>
        <coordinates>-121.3923585,38.6012401,0</coordinates>
      </Point>
    </Placemark>
    <Placemark>
      <name>ALPR</name>
      <description>OSM node: https://www.openstreetmap.org/node/13387417501
Manufacturer: Flock Safety
Direction: 0
Zone: traffic
Camera type: fixed</description>
      <Point>
        <coordinates>-119.2125712,34.1770776,0</coordinates>
      </Point>
    </Placemark>
    <Placemark>
      <name>ALPR</name>
      <description>OSM node: https://www.openstreetmap.org/node/13387537601
Manufacturer: Flock Safety
Direction: 322
Zone: traffic
Camera type: fixed</description>
      <Point>
        <coordinates>-117.2435869,33.3483059,0</coordinates>
      </Point>
    </Placemark>
    <Placemark>
      <name>ALPR</name>
      <description>OSM node: https://www.openstreetmap.org/node/13387538301
Manufacturer: Flock Safety
Direction: 148
Zone: traffic
Camera type: fixed</description>
      <Point>
        <coordinates>-117.2437096,33.3481583,0</coordinates>
      </Point>
    </Placemark>
    <Placemark>
      <name>ALPR</name>
      <description>OSM node: https://www.openstreetmap.org/node/13387538901
Manufacturer: Flock Safety
Direction: 257
Zone: traffic
Camera type: fixed</description>
      <Point>
        <coordinates>-117.2642347,33.2601438,0</coordinates>
      </Point>
    </Placemark>
    <Placemark>
      <name>ALPR</name>
      <description>OSM node: https://www.openstreetmap.org/node/13387564201
Manufacturer: Flock Safety
Direction: 55
Camera type: fixed</description>
      <Point>
        <coordinates>-117.2247463,33.8571128,0</coordinates>
      </Point>
    </Placemark>
    <Placemark>
      <name>ALPR</name>
      <description>OSM node: https://www.openstreetmap.org/node/13387564202
Manufacturer: Flock Safety
Direction: 95
Camera type: fixed</description>
      <Point>
        <coordinates>-117.2240992,33.857276,0</coordinates>
      </Point>
    </Placemark>
    <Placemark>
      <name>ALPR</name>
      <description>OSM node: https://www.openstreetmap.org/node/13387564203
Manufacturer: Flock Safety
Direction: 60
Camera type: fixed</description>
      <Point>
        <coordinates>-117.2567007,33.8624545,0</coordinates>
      </Point>
    </Placemark>
    <Placemark>
      <name>ALPR</name>
      <description>OSM node: https://www.openstreetmap.org/node/13387624401
Manufacturer: Flock Safety
Direction: 159-204
Zone: traffic
Camera type: fixed</description>
      <Point>
        <coordinates>-117.2441147,33.676482,0</coordinates>
      </Point>
    </Placemark>
    <Placemark>
      <name>Santa Barbara Police Department ALPR</name>
      <description>OSM node: https://www.openstreetmap.org/node/13387682655
Operator: Santa Barbara Police Department
Manufacturer: Flock Safety
Direction: 75
Zone: traffic</description>
      <Point>
        <coordinates>-119.7330079,34.4402645,0</coordinates>
      </Point>
    </Placemark>
    <Placemark>
      <name>Santa Barbara Police Department ALPR</name>
      <description>OSM node: https://www.openstreetmap.org/node/13387682656
Operator: Santa Barbara Police Department
Manufacturer: Flock Safety
Direction: 225
Zone: traffic</description>
      <Point>
        <coordinates>-119.7349182,34.4404966,0</coordinates>
      </Point>
    </Placemark>
    <Placemark>
      <name>Santa Barbara Police Department ALPR</name>
      <description>OSM node: https://www.openstreetmap.org/node/13387703846
Operator: Santa Barbara Police Department
Manufacturer: Flock Safety
Direction: 125
Zone: street
Camera type: fixed</description>
      <Point>
        <coordinates>-119.6767399,34.4199093,0</coordinates>
      </Point>
    </Placemark>
    <Placemark>
      <name>Santa Barbara Police Department ALPR</name>
      <description>OSM node: https://www.openstreetmap.org/node/13387703847
Operator: Santa Barbara Police Department
Manufacturer: Flock Safety
Direction: 270
Zone: traffic</description>
      <Point>
        <coordinates>-119.677526,34.4209022,0</coordinates>
      </Point>
    </Placemark>
    <Placemark>
      <name>Santa Barbara Police Department ALPR</name>
      <description>OSM node: https://www.openstreetmap.org/node/13387713902
Operator: Santa Barbara Police Department
Manufacturer: Flock Safety
Direction: 280
Zone: traffic</description>
      <Point>
        <coordinates>-119.6904526,34.4189554,0</coordinates>
      </Point>
    </Placemark>
    <Placemark>
      <name>Santa Barbara Police Department ALPR</name>
      <description>OSM node: https://www.openstreetmap.org/node/13387713903
Operator: Santa Barbara Police Department
Manufacturer: Flock Safety
Direction: 100
Zone: traffic</description>
      <Point>
        <coordinates>-119.6888733,34.4174028,0</coordinates>
      </Point>
    </Placemark>
    <Placemark>
      <name>Santa Barbara County Sheriff's Office ALPR</name>
      <description>OSM node: https://www.openstreetmap.org/node/13387723932
Operator: Santa Barbara County Sheriff's Office
Manufacturer: Flock Safety
Direction: 285
Zone: traffic</description>
      <Point>
        <coordinates>-119.7622267,34.4405646,0</coordinates>
      </Point>
    </Placemark>
    <Placemark>
      <name>Santa Barbara County Sheriff's Office ALPR</name>
      <description>OSM node: https://www.openstreetmap.org/node/13387723933
Operator: Santa Barbara County Sheriff's Office
Manufacturer: Flock Safety
Direction: 115
Zone: town</description>
      <Point>
        <coordinates>-119.7638508,34.4405492,0</coordinates>
      </Point>
    </Placemark>
    <Placemark>
      <name>ALPR</name>
      <description>OSM node: https://www.openstreetmap.org/node/13387749001
Manufacturer: Flock Safety
Direction: 161
Zone: traffic
Camera type: fixed</description>
      <Point>
        <coordinates>-119.7809453,36.3068921,0</coordinates>
      </Point>
    </Placemark>
    <Placemark>
      <name>ALPR</name>
      <description>OSM node: https://www.openstreetmap.org/node/13387811501
Manufacturer: Flock Safety
Direction: 64
Zone: traffic
Camera type: fixed</description>
      <Point>
        <coordinates>-121.32624,38.69841,0</coordinates>
      </Point>
    </Placemark>
    <Placemark>
      <name>ALPR</name>
      <description>OSM node: https://www.openstreetmap.org/node/13387910001
Manufacturer: Flock Safety
Direction: 71
Zone: traffic
Camera type: fixed</description>
      <Point>
        <coordinates>-118.7839465,34.0259521,0</coordinates>
      </Point>
    </Placemark>
    <Placemark>
      <name>ALPR</name>
      <description>OSM node: https://www.openstreetmap.org/node/13387910981
Manufacturer: Flock Safety
Direction: 345
Zone: traffic
Camera type: fixed</description>
      <Point>
        <coordinates>-117.2170277,32.9854991,0</coordinates>
      </Point>
    </Placemark>
    <Placemark>
      <name>ALPR</name>
      <description>OSM node: https://www.openstreetmap.org/node/13387983201
Manufacturer: Flock Safety
Direction: 85
Zone: traffic
Camera type: fixed</description>
      <Point>
        <coordinates>-122.0319318,37.9218354,0</coordinates>
      </Point>
    </Placemark>
    <Placemark>
      <name>ALPR</name>
      <description>OSM node: https://www.openstreetmap.org/node/13387983601
Manufacturer: Flock Safety
Direction: 336
Zone: traffic
Camera type: fixed</description>
      <Point>
        <coordinates>-122.0649535,37.9090406,0</coordinates>
      </Point>
    </Placemark>
    <Placemark>
      <name>ALPR</name>
      <description>OSM node: https://www.openstreetmap.org/node/13388446301
Manufacturer: Flock Safety
Direction: 344
Zone: traffic
Camera type: fixed</description>
      <Point>
        <coordinates>-117.708879,33.5637859,0</coordinates>
      </Point>
    </Placemark>
    <Placemark>
      <name>ALPR</name>
      <description>OSM node: https://www.openstreetmap.org/node/13389012201
Manufacturer: Flock Safety
Direction: 25
Zone: traffic
Camera type: fixed</description>
      <Point>
        <coordinates>-118.3839146,34.0180019,0</coordinates>
      </Point>
    </Placemark>
    <Placemark>
      <name>ALPR</name>
      <description>OSM node: https://www.openstreetmap.org/node/13389407501
Manufacturer: Flock Safety
Direction: 275
Zone: traffic
Camera type: fixed</description>
      <Point>
        <coordinates>-121.6235458,37.1003915,0</coordinates>
      </Point>
    </Placemark>
    <Placemark>
      <name>ALPR</name>
      <description>OSM node: https://www.openstreetmap.org/node/13389408001
Manufacturer: Flock Safety
Direction: 89
Zone: traffic
Camera type: fixed</description>
      <Point>
        <coordinates>-121.6236245,37.1003063,0</coordinates>
      </Point>
    </Placemark>
    <Placemark>
      <name>ALPR</name>
      <description>OSM node: https://www.openstreetmap.org/node/13389411601
Manufacturer: Flock Safety
Direction: 149-194
Zone: traffic
Camera type: fixed</description>
      <Point>
        <coordinates>-118.0306247,34.0552165,0</coordinates>
      </Point>
    </Placemark>
    <Placemark>
      <name>ALPR</name>
      <description>OSM node: https://www.openstreetmap.org/node/13389437101
Manufacturer: Flock Safety
Direction: 138-183
Zone: traffic
Camera type: fixed</description>
      <Point>
        <coordinates>-120.5087926,41.1546793,0</coordinates>
      </Point>
    </Placemark>
    <Placemark>
      <name>ALPR</name>
      <description>OSM node: https://www.openstreetmap.org/node/13389453603
Manufacturer: Flock Safety
Direction: 159-204
Zone: traffic
Camera type: fixed</description>
      <Point>
        <coordinates>-118.9653513,35.3937135,0</coordinates>
      </Point>
    </Placemark>
    <Placemark>
      <name>ALPR</name>
      <description>OSM node: https://www.openstreetmap.org/node/13389468001
Manufacturer: Motorola Solutions
Direction: 305
Zone: traffic
Camera type: fixed</description>
      <Point>
        <coordinates>-117.7162023,33.9895571,0</coordinates>
      </Point>
    </Placemark>
    <Placemark>
      <name>ALPR</name>
      <description>OSM node: https://www.openstreetmap.org/node/13389469301
Manufacturer: Motorola Solutions
Direction: 317
Zone: traffic
Camera type: fixed</description>
      <Point>
        <coordinates>-117.7161772,33.9895811,0</coordinates>
      </Point>
    </Placemark>
    <Placemark>
      <name>ALPR</name>
      <description>OSM node: https://www.openstreetmap.org/node/13389511901
Manufacturer: Flock Safety
Direction: 170
Zone: traffic
Camera type: fixed</description>
      <Point>
        <coordinates>-117.3245259,33.6762346,0</coordinates>
      </Point>
    </Placemark>
    <Placemark>
      <name>ALPR</name>
      <description>OSM node: https://www.openstreetmap.org/node/13389547401
Manufacturer: Flock Safety
Direction: 337-22
Zone: traffic
Camera type: fixed</description>
      <Point>
        <coordinates>-117.5136159,33.8228736,0</coordinates>
      </Point>
    </Placemark>
    <Placemark>
      <name>ALPR</name>
      <description>OSM node: https://www.openstreetmap.org/node/13389550501
Manufacturer: Flock Safety
Direction: 284-329
Zone: traffic
Camera type: fixed</description>
      <Point>
        <coordinates>-117.5111717,33.8256935,0</coordinates>
      </Point>
    </Placemark>
    <Placemark>
      <name>ALPR</name>
      <description>OSM node: https://www.openstreetmap.org/node/13389551101
Manufacturer: Flock Safety
Direction: 147-192
Zone: traffic
Camera type: fixed</description>
      <Point>
        <coordinates>-117.5123243,33.826722,0</coordinates>
      </Point>
    </Placemark>
    <Placemark>
      <name>ALPR</name>
      <description>OSM node: https://www.openstreetmap.org/node/13389552601
Manufacturer: Flock Safety
Direction: 192-237
Zone: traffic
Camera type: fixed</description>
      <Point>
        <coordinates>-117.5159384,33.8280019,0</coordinates>
      </Point>
    </Placemark>
    <Placemark>
      <name>ALPR</name>
      <description>OSM node: https://www.openstreetmap.org/node/13389583201
Manufacturer: Flock Safety
Direction: 338-23
Zone: traffic
Camera type: fixed</description>
      <Point>
        <coordinates>-119.801777,36.8403709,0</coordinates>
      </Point>
    </Placemark>
    <Placemark>
      <name>ALPR</name>
      <description>OSM node: https://www.openstreetmap.org/node/13389595701
Manufacturer: Flock Safety
Direction: 111-156
Zone: traffic
Camera type: fixed</description>
      <Point>
        <coordinates>-117.5212861,33.8255038,0</coordinates>
      </Point>
    </Placemark>
    <Placemark>
      <name>ALPR</name>
      <description>OSM node: https://www.openstreetmap.org/node/13389603001
Manufacturer: Flock Safety
Direction: 265-310
Zone: traffic
Camera type: fixed</description>
      <Point>
        <coordinates>-117.5130375,33.8278657,0</coordinates>
      </Point>
    </Placemark>
    <Placemark>
      <name>ALPR</name>
      <description>OSM node: https://www.openstreetmap.org/node/13389604401
Manufacturer: Flock Safety
Direction: 94-139
Zone: traffic
Camera type: fixed</description>
      <Point>
        <coordinates>-117.515061,33.8289984,0</coordinates>
      </Point>
    </Placemark>
    <Placemark>
      <name>ALPR</name>
      <description>OSM node: https://www.openstreetmap.org/node/13389606801
Manufacturer: Flock Safety
Direction: 16-61
Zone: traffic
Camera type: fixed</description>
      <Point>
        <coordinates>-117.5108772,33.8234055,0</coordinates>
      </Point>
    </Placemark>
    <Placemark>
      <name>ALPR</name>
      <description>OSM node: https://www.openstreetmap.org/node/13389613301
Manufacturer: Flock Safety
Direction: 111-156
Zone: traffic
Camera type: fixed</description>
      <Point>
        <coordinates>-117.5098405,33.8228669,0</coordinates>
      </Point>
    </Placemark>
    <Placemark>
      <name>ALPR</name>
      <description>OSM node: https://www.openstreetmap.org/node/13389613501
Manufacturer: Flock Safety
Direction: 230
Zone: traffic
Camera type: fixed</description>
      <Point>
        <coordinates>-117.5072947,33.8182336,0</coordinates>
      </Point>
    </Placemark>
    <Placemark>
      <name>ALPR</name>
      <description>OSM node: https://www.openstreetmap.org/node/13389615302
Manufacturer: Flock Safety
Direction: 312-357
Zone: traffic
Camera type: fixed</description>
      <Point>
        <coordinates>-117.5045732,33.810241,0</coordinates>
      </Point>
    </Placemark>
    <Placemark>
      <name>ALPR</name>
      <description>OSM node: https://www.openstreetmap.org/node/13389641901
Manufacturer: Flock Safety
Direction: 15
Zone: traffic
Camera type: fixed</description>
      <Point>
        <coordinates>-117.3386887,33.690771,0</coordinates>
      </Point>
    </Placemark>
    <Placemark>
      <name>ALPR</name>
      <description>OSM node: https://www.openstreetmap.org/node/13389675501
Manufacturer: Flock Safety
Direction: 345
Zone: traffic
Camera type: fixed</description>
      <Point>
        <coordinates>-118.3953375,33.9953845,0</coordinates>
      </Point>
    </Placemark>
    <Placemark>
      <name>ALPR</name>
      <description>OSM node: https://www.openstreetmap.org/node/13389676301
Manufacturer: Flock Safety
Direction: 338
Zone: traffic
Camera type: fixed</description>
      <Point>
        <coordinates>-118.3953369,33.9951501,0</coordinates>
      </Point>
    </Placemark>
    <Placemark>
      <name>ALPR</name>
      <description>OSM node: https://www.openstreetmap.org/node/13389690401
Manufacturer: Flock Safety
Direction: 24
Zone: traffic
Camera type: fixed</description>
      <Point>
        <coordinates>-118.3954254,33.9950583,0</coordinates>
      </Point>
    </Placemark>
    <Placemark>
      <name>ALPR</name>
      <description>OSM node: https://www.openstreetmap.org/node/13389712201
Manufacturer: Flock Safety
Direction: 159
Zone: traffic
Camera type: fixed</description>
      <Point>
        <coordinates>-122.5366981,37.9923143,0</coordinates>
      </Point>
    </Placemark>
    <Placemark>
      <name>ALPR</name>
      <description>OSM node: https://www.openstreetmap.org/node/13389714501
Manufacturer: Flock Safety
Zone: traffic
Camera type: fixed</description>
      <Point>
        <coordinates>-118.0545696,34.1505235,0</coordinates>
      </Point>
    </Placemark>
    <Placemark>
      <name>ALPR</name>
      <description>OSM node: https://www.openstreetmap.org/node/13389748801
Manufacturer: Flock Safety
Direction: 10-55
Zone: traffic
Camera type: fixed</description>
      <Point>
        <coordinates>-117.2010653,33.5586051,0</coordinates>
      </Point>
    </Placemark>
    <Placemark>
      <name>ALPR</name>
      <description>OSM node: https://www.openstreetmap.org/node/13389756501
Manufacturer: Flock Safety
Direction: 330-15
Zone: traffic
Camera type: fixed</description>
      <Point>
        <coordinates>-117.1984475,33.5558604,0</coordinates>
      </Point>
    </Placemark>
    <Placemark>
      <name>ALPR</name>
      <description>OSM node: https://www.openstreetmap.org/node/13389778801
Manufacturer: Flock Safety
Direction: 324-9
Zone: traffic
Camera type: fixed</description>
      <Point>
        <coordinates>-117.1973986,33.555311,0</coordinates>
      </Point>
    </Placemark>
    <Placemark>
      <name>ALPR</name>
      <description>OSM node: https://www.openstreetmap.org/node/13389789001
Manufacturer: Flock Safety
Direction: 297-342
Zone: traffic
Camera type: fixed</description>
      <Point>
        <coordinates>-117.1842313,33.556313,0</coordinates>
      </Point>
    </Placemark>
    <Placemark>
      <name>ALPR</name>
      <description>OSM node: https://www.openstreetmap.org/node/13389830601
Manufacturer: Flock Safety
Direction: 51;164
Zone: traffic
Camera type: fixed</description>
      <Point>
        <coordinates>-122.5387546,37.9923744,0</coordinates>
      </Point>
    </Placemark>
    <Placemark>
      <name>ALPR</name>
      <description>OSM node: https://www.openstreetmap.org/node/13389863301
Manufacturer: Flock Safety
Direction: 329-14
Zone: traffic
Camera type: fixed</description>
      <Point>
        <coordinates>-118.009412,34.1322326,0</coordinates>
      </Point>
    </Placemark>
    <Placemark>
      <name>ALPR</name>
      <description>OSM node: https://www.openstreetmap.org/node/13390044268
Manufacturer: Flock Safety
Direction: 150
Camera type: fixed</description>
      <Point>
        <coordinates>-122.0429384,38.2718289,0</coordinates>
      </Point>
    </Placemark>
    <Placemark>
      <name>ALPR</name>
      <description>OSM node: https://www.openstreetmap.org/node/13390048544
Manufacturer: Flock Safety
Direction: 205
Camera type: fixed</description>
      <Point>
        <coordinates>-122.0531097,38.2732739,0</coordinates>
      </Point>
    </Placemark>
    <Placemark>
      <name>ALPR</name>
      <description>OSM node: https://www.openstreetmap.org/node/13390361401
Manufacturer: Flock Safety
Direction: 51
Zone: traffic
Camera type: fixed</description>
      <Point>
        <coordinates>-119.1787898,34.2350165,0</coordinates>
      </Point>
    </Placemark>
    <Placemark>
      <name>ALPR</name>
      <description>OSM node: https://www.openstreetmap.org/node/13390362201
Manufacturer: Flock Safety
Direction: 144
Zone: traffic
Camera type: fixed</description>
      <Point>
        <coordinates>-119.1787026,34.2361675,0</coordinates>
      </Point>
    </Placemark>
    <Placemark>
      <name>ALPR</name>
      <description>OSM node: https://www.openstreetmap.org/node/13391178066
Manufacturer: Flock Safety
Direction: 80
Zone: highway_20
Camera type: fixed</description>
      <Point>
        <coordinates>-121.9075762,39.1449528,0</coordinates>
      </Point>
    </Placemark>
    <Placemark>
      <name>ALPR</name>
      <description>OSM node: https://www.openstreetmap.org/node/13391219644
Manufacturer: Flock Safety
Direction: 65
Camera type: fixed</description>
      <Point>
        <coordinates>-121.4288256,38.2260708,0</coordinates>
      </Point>
    </Placemark>
    <Placemark>
      <name>Dixon Police Department ALPR</name>
      <description>OSM node: https://www.openstreetmap.org/node/13391314401
Operator: Dixon Police Department
Manufacturer: Flock Safety
Direction: 140
Zone: traffic
Camera type: fixed</description>
      <Point>
        <coordinates>-121.8410854,38.4578649,0</coordinates>
      </Point>
    </Placemark>
    <Placemark>
      <name>Dixon Police Department ALPR</name>
      <description>OSM node: https://www.openstreetmap.org/node/13391332701
Operator: Dixon Police Department
Manufacturer: Flock Safety
Direction: 345
Zone: traffic
Camera type: fixed</description>
      <Point>
        <coordinates>-121.8408595,38.4573826,0</coordinates>
      </Point>
    </Placemark>
    <Placemark>
      <name>Dixon Police Department ALPR</name>
      <description>OSM node: https://www.openstreetmap.org/node/13391334201
Operator: Dixon Police Department
Manufacturer: Flock Safety
Direction: 75
Zone: traffic
Camera type: fixed</description>
      <Point>
        <coordinates>-121.840828,38.4579522,0</coordinates>
      </Point>
    </Placemark>
    <Placemark>
      <name>Stockton Police Department ALPR</name>
      <description>OSM node: https://www.openstreetmap.org/node/13391468001
Operator: Stockton Police Department
Manufacturer: Flock Safety
Direction: 194
Zone: traffic
Camera type: fixed</description>
      <Point>
        <coordinates>-121.2947915,38.0153489,0</coordinates>
      </Point>
    </Placemark>
    <Placemark>
      <name>ALPR</name>
      <description>OSM node: https://www.openstreetmap.org/node/13391602201
Manufacturer: Flock Safety
Direction: 70
Zone: traffic
Camera type: fixed</description>
      <Point>
        <coordinates>-117.9194415,33.7451419,0</coordinates>
      </Point>
    </Placemark>
    <Placemark>
      <name>ALPR</name>
      <description>OSM node: https://www.openstreetmap.org/node/13391628101
Manufacturer: Flock Safety
Direction: 293
Zone: traffic
Camera type: fixed</description>
      <Point>
        <coordinates>-118.124155,34.1857807,0</coordinates>
      </Point>
    </Placemark>
    <Placemark>
      <name>Lowe's ALPR</name>
      <description>OSM node: https://www.openstreetmap.org/node/13391715301
Operator: Lowe's
Manufacturer: Flock Safety
Direction: 97
Zone: traffic
Camera type: fixed</description>
      <Point>
        <coordinates>-121.7472299,37.9628466,0</coordinates>
      </Point>
    </Placemark>
    <Placemark>
      <name>ALPR</name>
      <description>OSM node: https://www.openstreetmap.org/node/13391715801
Manufacturer: Flock Safety
Direction: 224
Zone: traffic
Camera type: fixed</description>
      <Point>
        <coordinates>-121.7850727,37.9896071,0</coordinates>
      </Point>
    </Placemark>
    <Placemark>
      <name>ALPR</name>
      <description>OSM node: https://www.openstreetmap.org/node/13391716301
Manufacturer: Flock Safety
Direction: 27
Zone: traffic
Camera type: fixed</description>
      <Point>
        <coordinates>-121.7841219,37.9916705,0</coordinates>
      </Point>
    </Placemark>
    <Placemark>
      <name>ALPR</name>
      <description>OSM node: https://www.openstreetmap.org/node/13391786501
Manufacturer: Flock Safety
Direction: 278-323
Zone: traffic
Camera type: fixed</description>
      <Point>
        <coordinates>-121.5821462,39.1464636,0</coordinates>
      </Point>
    </Placemark>
    <Placemark>
      <name>ALPR</name>
      <description>OSM node: https://www.openstreetmap.org/node/13391806301
Manufacturer: Flock Safety
Direction: 142-187
Zone: traffic
Camera type: fixed</description>
      <Point>
        <coordinates>-122.91577,39.163345,0</coordinates>
      </Point>
    </Placemark>
    <Placemark>
      <name>ALPR</name>
      <description>OSM node: https://www.openstreetmap.org/node/13391806701
Manufacturer: Flock Safety
Direction: 220-265
Zone: traffic
Camera type: fixed</description>
      <Point>
        <coordinates>-122.9166516,39.1635411,0</coordinates>
      </Point>
    </Placemark>
    <Placemark>
      <name>ALPR</name>
      <description>OSM node: https://www.openstreetmap.org/node/13392061202
Manufacturer: Flock Safety
Direction: 309-354
Zone: traffic
Camera type: fixed</description>
      <Point>
        <coordinates>-122.9207084,39.1582709,0</coordinates>
      </Point>
    </Placemark>
    <Placemark>
      <name>ALPR</name>
      <description>OSM node: https://www.openstreetmap.org/node/13392883301
Manufacturer: Flock Safety
Direction: 69
Zone: traffic
Camera type: fixed</description>
      <Point>
        <coordinates>-117.95486,33.7667556,0</coordinates>
      </Point>
    </Placemark>
    <Placemark>
      <name>ALPR</name>
      <description>OSM node: https://www.openstreetmap.org/node/13393068301
Manufacturer: Flock Safety
Direction: 28
Zone: traffic
Camera type: fixed</description>
      <Point>
        <coordinates>-121.2764078,38.7958529,0</coordinates>
      </Point>
    </Placemark>
    <Placemark>
      <name>ALPR</name>
      <description>OSM node: https://www.openstreetmap.org/node/13393335801
Manufacturer: Flock Safety
Direction: 352-37
Zone: traffic
Camera type: fixed</description>
      <Point>
        <coordinates>-121.916618,37.6650377,0</coordinates>
      </Point>
    </Placemark>
    <Placemark>
      <name>ALPR</name>
      <description>OSM node: https://www.openstreetmap.org/node/13393335901
Manufacturer: Flock Safety
Direction: 352-37
Zone: traffic
Camera type: fixed</description>
      <Point>
        <coordinates>-121.916618,37.6650377,0</coordinates>
      </Point>
    </Placemark>
    <Placemark>
      <name>ALPR</name>
      <description>OSM node: https://www.openstreetmap.org/node/13393335902
Manufacturer: Flock Safety
Direction: 352-37
Zone: traffic
Camera type: fixed</description>
      <Point>
        <coordinates>-121.9148083,37.6636211,0</coordinates>
      </Point>
    </Placemark>
    <Placemark>
      <name>ALPR</name>
      <description>OSM node: https://www.openstreetmap.org/node/13393422362
Manufacturer: Flock Safety
Direction: 280
Zone: traffic
Camera type: fixed</description>
      <Point>
        <coordinates>-122.0129474,37.9814355,0</coordinates>
      </Point>
    </Placemark>
    <Placemark>
      <name>ALPR</name>
      <description>OSM node: https://www.openstreetmap.org/node/13393710701
Manufacturer: Flock Safety
Direction: 244;158
Zone: traffic
Camera type: fixed</description>
      <Point>
        <coordinates>-122.4334778,37.464112,0</coordinates>
      </Point>
    </Placemark>
    <Placemark>
      <name>ALPR</name>
      <description>OSM node: https://www.openstreetmap.org/node/13393711101
Manufacturer: Flock Safety
Direction: 66
Zone: traffic
Camera type: fixed</description>
      <Point>
        <coordinates>-122.4350979,37.4641407,0</coordinates>
      </Point>
    </Placemark>
    <Placemark>
      <name>ALPR</name>
      <description>OSM node: https://www.openstreetmap.org/node/13393711102
Manufacturer: Flock Safety
Direction: 276-321
Zone: traffic
Camera type: fixed</description>
      <Point>
        <coordinates>-122.6502822,38.9690528,0</coordinates>
      </Point>
    </Placemark>
    <Placemark>
      <name>ALPR</name>
      <description>OSM node: https://www.openstreetmap.org/node/13393711201
Manufacturer: Flock Safety
Direction: 122
Zone: traffic
Camera type: fixed</description>
      <Point>
        <coordinates>-120.4092815,34.9456729,0</coordinates>
      </Point>
    </Placemark>
    <Placemark>
      <name>ALPR</name>
      <description>OSM node: https://www.openstreetmap.org/node/13393711202
Manufacturer: Flock Safety
Direction: 241
Zone: traffic
Camera type: fixed</description>
      <Point>
        <coordinates>-122.4345389,37.4642154,0</coordinates>
      </Point>
    </Placemark>
    <Placemark>
      <name>ALPR</name>
      <description>OSM node: https://www.openstreetmap.org/node/13393715501
Manufacturer: Flock Safety
Direction: 6-51
Zone: traffic
Camera type: fixed</description>
      <Point>
        <coordinates>-122.6500954,38.9692266,0</coordinates>
      </Point>
    </Placemark>
    <Placemark>
      <name>ALPR</name>
      <description>OSM node: https://www.openstreetmap.org/node/13393748569
Direction: 250
Zone: traffic</description>
      <Point>
        <coordinates>-122.6238471,38.9507981,0</coordinates>
      </Point>
    </Placemark>
    <Placemark>
      <name>ALPR</name>
      <description>OSM node: https://www.openstreetmap.org/node/13393749902
Manufacturer: Flock Safety
Direction: 77
Zone: traffic
Camera type: fixed</description>
      <Point>
        <coordinates>-118.8476459,34.2114155,0</coordinates>
      </Point>
    </Placemark>
    <Placemark>
      <name>ALPR</name>
      <description>OSM node: https://www.openstreetmap.org/node/13393770401
Manufacturer: Flock Safety
Direction: 180-225
Zone: traffic
Camera type: fixed</description>
      <Point>
        <coordinates>-122.6216329,38.9639535,0</coordinates>
      </Point>
    </Placemark>
    <Placemark>
      <name>ALPR</name>
      <description>OSM node: https://www.openstreetmap.org/node/13393779301
Manufacturer: Flock Safety
Direction: 91-136
Zone: traffic
Camera type: fixed</description>
      <Point>
        <coordinates>-122.6706107,38.9789675,0</coordinates>
      </Point>
    </Placemark>
    <Placemark>
      <name>ALPR</name>
      <description>OSM node: https://www.openstreetmap.org/node/13393785202
Manufacturer: Flock Safety
Direction: 37-82
Zone: traffic
Camera type: fixed</description>
      <Point>
        <coordinates>-117.872424,34.1213088,0</coordinates>
      </Point>
    </Placemark>
    <Placemark>
      <name>ALPR</name>
      <description>OSM node: https://www.openstreetmap.org/node/13393814401
Manufacturer: Flock Safety
Direction: 269-314
Zone: traffic
Camera type: fixed</description>
      <Point>
        <coordinates>-122.6122131,38.9789831,0</coordinates>
      </Point>
    </Placemark>
    <Placemark>
      <name>ALPR</name>
      <description>OSM node: https://www.openstreetmap.org/node/13393846802
Manufacturer: Flock Safety
Direction: 308-353
Zone: traffic
Camera type: fixed</description>
      <Point>
        <coordinates>-122.6223345,38.9516275,0</coordinates>
      </Point>
    </Placemark>
    <Placemark>
      <name>ALPR</name>
      <description>OSM node: https://www.openstreetmap.org/node/13393849001
Manufacturer: Flock Safety
Direction: 121-166
Zone: traffic
Camera type: fixed</description>
      <Point>
        <coordinates>-122.9209149,39.1572596,0</coordinates>
      </Point>
    </Placemark>
    <Placemark>
      <name>ALPR</name>
      <description>OSM node: https://www.openstreetmap.org/node/13393924909
Manufacturer: Flock Safety
Direction: 195
Camera type: fixed</description>
      <Point>
        <coordinates>-122.2714227,37.5177265,0</coordinates>
      </Point>
    </Placemark>
    <Placemark>
      <name>ALPR</name>
      <description>OSM node: https://www.openstreetmap.org/node/13393958402
Manufacturer: Flock Safety
Direction: 44-89
Zone: traffic
Camera type: fixed</description>
      <Point>
        <coordinates>-121.5233728,38.5713115,0</coordinates>
      </Point>
    </Placemark>
    <Placemark>
      <name>ALPR</name>
      <description>OSM node: https://www.openstreetmap.org/node/13393971702
Manufacturer: Flock Safety
Direction: 291
Zone: traffic
Camera type: fixed</description>
      <Point>
        <coordinates>-116.7415561,33.5402209,0</coordinates>
      </Point>
    </Placemark>
    <Placemark>
      <name>ALPR</name>
      <description>OSM node: https://www.openstreetmap.org/node/13393971901
Manufacturer: Flock Safety
Direction: 359
Zone: traffic
Camera type: fixed</description>
      <Point>
        <coordinates>-116.7354409,33.5437022,0</coordinates>
      </Point>
    </Placemark>
    <Placemark>
      <name>ALPR</name>
      <description>OSM node: https://www.openstreetmap.org/node/13393973201
Manufacturer: Flock Safety
Direction: 357
Zone: traffic
Camera type: fixed</description>
      <Point>
        <coordinates>-116.7006246,33.553391,0</coordinates>
      </Point>
    </Placemark>
    <Placemark>
      <name>ALPR</name>
      <description>OSM node: https://www.openstreetmap.org/node/13393974901
Manufacturer: Flock Safety
Direction: 113
Zone: traffic
Camera type: fixed</description>
      <Point>
        <coordinates>-116.7417515,33.5401439,0</coordinates>
      </Point>
    </Placemark>
    <Placemark>
      <name>ALPR</name>
      <description>OSM node: https://www.openstreetmap.org/node/13394030501
Manufacturer: Flock Safety
Direction: 48-93
Zone: traffic
Camera type: fixed</description>
      <Point>
        <coordinates>-117.8685236,34.1213363,0</coordinates>
      </Point>
    </Placemark>
    <Placemark>
      <name>ALPR</name>
      <description>OSM node: https://www.openstreetmap.org/node/13394129802
Manufacturer: Flock Safety
Direction: 24
Zone: traffic
Camera type: fixed</description>
      <Point>
        <coordinates>-118.012779,33.759541,0</coordinates>
      </Point>
    </Placemark>
    <Placemark>
      <name>ALPR</name>
      <description>OSM node: https://www.openstreetmap.org/node/13394246401
Manufacturer: Flock Safety
Direction: 80
Zone: traffic
Camera type: fixed</description>
      <Point>
        <coordinates>-118.8232464,34.2512094,0</coordinates>
      </Point>
    </Placemark>
    <Placemark>
      <name>ALPR</name>
      <description>OSM node: https://www.openstreetmap.org/node/13394420887
Manufacturer: Flock Safety
Direction: 46
Camera type: fixed</description>
      <Point>
        <coordinates>-121.9784747,37.8351317,0</coordinates>
      </Point>
    </Placemark>
    <Placemark>
      <name>ALPR</name>
      <description>OSM node: https://www.openstreetmap.org/node/13394421218
Manufacturer: Flock Safety
Direction: 320
Camera type: fixed</description>
      <Point>
        <coordinates>-121.9682776,37.8161743,0</coordinates>
      </Point>
    </Placemark>
    <Placemark>
      <name>ALPR</name>
      <description>OSM node: https://www.openstreetmap.org/node/13394421219
Manufacturer: Flock Safety
Direction: 235
Camera type: fixed</description>
      <Point>
        <coordinates>-121.9685693,37.8161075,0</coordinates>
      </Point>
    </Placemark>
    <Placemark>
      <name>ALPR</name>
      <description>OSM node: https://www.openstreetmap.org/node/13394421220
Manufacturer: Flock Safety
Direction: 60
Camera type: fixed</description>
      <Point>
        <coordinates>-121.9682086,37.8159237,0</coordinates>
      </Point>
    </Placemark>
    <Placemark>
      <name>ALPR</name>
      <description>OSM node: https://www.openstreetmap.org/node/13394421221
Manufacturer: Flock Safety
Direction: 85
Camera type: fixed</description>
      <Point>
        <coordinates>-121.9213064,37.798996,0</coordinates>
      </Point>
    </Placemark>
    <Placemark>
      <name>ALPR</name>
      <description>OSM node: https://www.openstreetmap.org/node/13394421222
Manufacturer: Flock Safety
Direction: 250
Camera type: fixed</description>
      <Point>
        <coordinates>-121.8931335,37.7998183,0</coordinates>
      </Point>
    </Placemark>
    <Placemark>
      <name>ALPR</name>
      <description>OSM node: https://www.openstreetmap.org/node/13394430672
Manufacturer: Flock Safety
Direction: 300
Camera type: fixed</description>
      <Point>
        <coordinates>-119.7882752,36.8407711,0</coordinates>
      </Point>
    </Placemark>
    <Placemark>
      <name>ALPR</name>
      <description>OSM node: https://www.openstreetmap.org/node/13394474518
Manufacturer: Flock Safety
Direction: 55
Camera type: fixed</description>
      <Point>
        <coordinates>-121.3356171,36.4305683,0</coordinates>
      </Point>
    </Placemark>
    <Placemark>
      <name>ALPR</name>
      <description>OSM node: https://www.openstreetmap.org/node/13395496401
Manufacturer: Motorola Solutions
Direction: 180
Zone: traffic
Camera type: fixed</description>
      <Point>
        <coordinates>-121.4090131,38.5252269,0</coordinates>
      </Point>
    </Placemark>
    <Placemark>
      <name>ALPR</name>
      <description>OSM node: https://www.openstreetmap.org/node/13395500801
Manufacturer: Motorola Solutions
Direction: 147
Zone: traffic
Camera type: fixed</description>
      <Point>
        <coordinates>-121.4093052,38.5396024,0</coordinates>
      </Point>
    </Placemark>
    <Placemark>
      <name>Salinas Police Department ALPR</name>
      <description>OSM node: https://www.openstreetmap.org/node/13395516883
Operator: Salinas Police Department
Manufacturer: Motorola Solutions
Direction: 200
Zone: traffic
Camera type: fixed</description>
      <Point>
        <coordinates>-121.6360021,36.657076,0</coordinates>
      </Point>
    </Placemark>
    <Placemark>
      <name>Salinas Police Department ALPR</name>
      <description>OSM node: https://www.openstreetmap.org/node/13395516884
Operator: Salinas Police Department
Manufacturer: Motorola Solutions
Direction: 200
Zone: traffic
Camera type: fixed</description>
      <Point>
        <coordinates>-121.6360467,36.6570925,0</coordinates>
      </Point>
    </Placemark>
    <Placemark>
      <name>Salinas Police Department ALPR</name>
      <description>OSM node: https://www.openstreetmap.org/node/13395516885
Operator: Salinas Police Department
Manufacturer: Motorola Solutions
Direction: 30
Zone: traffic
Camera type: fixed</description>
      <Point>
        <coordinates>-121.6356391,36.657475,0</coordinates>
      </Point>
    </Placemark>
    <Placemark>
      <name>Salinas Police Department ALPR</name>
      <description>OSM node: https://www.openstreetmap.org/node/13395516886
Operator: Salinas Police Department
Manufacturer: Motorola Solutions
Direction: 30
Zone: traffic
Camera type: fixed</description>
      <Point>
        <coordinates>-121.6355816,36.6574531,0</coordinates>
      </Point>
    </Placemark>
    <Placemark>
      <name>Salinas Police Department ALPR</name>
      <description>OSM node: https://www.openstreetmap.org/node/13395516887
Operator: Salinas Police Department
Manufacturer: Motorola Solutions
Direction: 110
Zone: traffic
Camera type: fixed</description>
      <Point>
        <coordinates>-121.6357301,36.6571744,0</coordinates>
      </Point>
    </Placemark>
    <Placemark>
      <name>Salinas Police Department ALPR</name>
      <description>OSM node: https://www.openstreetmap.org/node/13395516888
Operator: Salinas Police Department
Manufacturer: Motorola Solutions
Direction: 110
Zone: traffic
Camera type: fixed</description>
      <Point>
        <coordinates>-121.6357494,36.6571333,0</coordinates>
      </Point>
    </Placemark>
    <Placemark>
      <name>Salinas Police Department ALPR</name>
      <description>OSM node: https://www.openstreetmap.org/node/13395516889
Operator: Salinas Police Department
Manufacturer: Motorola Solutions
Direction: 300
Zone: traffic
Camera type: fixed</description>
      <Point>
        <coordinates>-121.6360786,36.6574626,0</coordinates>
      </Point>
    </Placemark>
    <Placemark>
      <name>Salinas Police Department ALPR</name>
      <description>OSM node: https://www.openstreetmap.org/node/13395516890
Operator: Salinas Police Department
Manufacturer: Motorola Solutions
Direction: 300
Zone: traffic
Camera type: fixed</description>
      <Point>
        <coordinates>-121.6361028,36.657428,0</coordinates>
      </Point>
    </Placemark>
    <Placemark>
      <name>ALPR</name>
      <description>OSM node: https://www.openstreetmap.org/node/13395679301
Manufacturer: Flock Safety
Direction: 148-193
Zone: traffic
Camera type: fixed</description>
      <Point>
        <coordinates>-121.3600407,38.5465471,0</coordinates>
      </Point>
    </Placemark>
    <Placemark>
      <name>ALPR</name>
      <description>OSM node: https://www.openstreetmap.org/node/13395706403
Manufacturer: Flock Safety
Direction: 262
Zone: traffic
Camera type: fixed</description>
      <Point>
        <coordinates>-122.2528051,37.5227345,0</coordinates>
      </Point>
    </Placemark>
    <Placemark>
      <name>ALPR</name>
      <description>OSM node: https://www.openstreetmap.org/node/13395706408
Manufacturer: Flock Safety
Direction: 68
Zone: traffic
Camera type: fixed</description>
      <Point>
        <coordinates>-122.2526594,37.5216829,0</coordinates>
      </Point>
    </Placemark>
    <Placemark>
      <name>ALPR</name>
      <description>OSM node: https://www.openstreetmap.org/node/13395710201
Manufacturer: Flock Safety
Direction: 10
Zone: traffic
Camera type: fixed</description>
      <Point>
        <coordinates>-122.252195,37.5236414,0</coordinates>
      </Point>
    </Placemark>
    <Placemark>
      <name>ALPR</name>
      <description>OSM node: https://www.openstreetmap.org/node/13395710402
Manufacturer: Flock Safety
Direction: 70
Zone: traffic
Camera type: fixed</description>
      <Point>
        <coordinates>-122.2526506,37.5226962,0</coordinates>
      </Point>
    </Placemark>
    <Placemark>
      <name>ALPR</name>
      <description>OSM node: https://www.openstreetmap.org/node/13395711802
Manufacturer: Flock Safety
Direction: 255
Zone: traffic
Camera type: fixed</description>
      <Point>
        <coordinates>-122.2524947,37.5216074,0</coordinates>
      </Point>
    </Placemark>
    <Placemark>
      <name>ALPR</name>
      <description>OSM node: https://www.openstreetmap.org/node/13395712711
Manufacturer: Flock Safety
Direction: 228-273
Zone: traffic
Camera type: fixed</description>
      <Point>
        <coordinates>-117.8399686,34.1140249,0</coordinates>
      </Point>
    </Placemark>
    <Placemark>
      <name>ALPR</name>
      <description>OSM node: https://www.openstreetmap.org/node/13395737001
Manufacturer: Flock Safety
Direction: 338-23
Zone: traffic
Camera type: fixed</description>
      <Point>
        <coordinates>-119.1806497,35.4419166,0</coordinates>
      </Point>
    </Placemark>
    <Placemark>
      <name>ALPR</name>
      <description>OSM node: https://www.openstreetmap.org/node/13395854001
Manufacturer: Flock Safety
Direction: 90
Zone: traffic
Camera type: fixed</description>
      <Point>
        <coordinates>-117.8724417,34.1139008,0</coordinates>
      </Point>
    </Placemark>
    <Placemark>
      <name>ALPR</name>
      <description>OSM node: https://www.openstreetmap.org/node/13395855101
Manufacturer: Flock Safety
Direction: 298
Zone: traffic
Camera type: fixed</description>
      <Point>
        <coordinates>-118.1111012,33.8345349,0</coordinates>
      </Point>
    </Placemark>
    <Placemark>
      <name>ALPR</name>
      <description>OSM node: https://www.openstreetmap.org/node/13395894056
Manufacturer: Flock Safety
Direction: 145
Camera type: fixed</description>
      <Point>
        <coordinates>-119.150678,35.3694525,0</coordinates>
      </Point>
    </Placemark>
    <Placemark>
      <name>ALPR</name>
      <description>OSM node: https://www.openstreetmap.org/node/13395968751
Manufacturer: Flock Safety
Zone: gate
Camera type: fixed</description>
      <Point>
        <coordinates>-117.4474177,33.8624488,0</coordinates>
      </Point>
    </Placemark>
    <Placemark>
      <name>ALPR</name>
      <description>OSM node: https://www.openstreetmap.org/node/13395983265
Manufacturer: Flock Safety
Zone: gate
Camera type: fixed</description>
      <Point>
        <coordinates>-117.4458813,33.8591385,0</coordinates>
      </Point>
    </Placemark>
    <Placemark>
      <name>ALPR</name>
      <description>OSM node: https://www.openstreetmap.org/node/13396048701
Manufacturer: Flock Safety
Direction: 338
Zone: traffic
Camera type: fixed</description>
      <Point>
        <coordinates>-117.923392,33.7745192,0</coordinates>
      </Point>
    </Placemark>
    <Placemark>
      <name>ALPR</name>
      <description>OSM node: https://www.openstreetmap.org/node/13396120702
Manufacturer: Flock Safety
Direction: 217-262
Zone: traffic
Camera type: fixed</description>
      <Point>
        <coordinates>-118.9498285,35.3760306,0</coordinates>
      </Point>
    </Placemark>
    <Placemark>
      <name>ALPR</name>
      <description>OSM node: https://www.openstreetmap.org/node/13396123203
Manufacturer: Flock Safety
Direction: 338-23
Zone: traffic
Camera type: fixed</description>
      <Point>
        <coordinates>-118.9496156,35.3760535,0</coordinates>
      </Point>
    </Placemark>
    <Placemark>
      <name>ALPR</name>
      <description>OSM node: https://www.openstreetmap.org/node/13396123701
Manufacturer: Flock Safety
Direction: 338-23
Zone: traffic
Camera type: fixed</description>
      <Point>
        <coordinates>-118.9498121,35.3758151,0</coordinates>
      </Point>
    </Placemark>
    <Placemark>
      <name>ALPR</name>
      <description>OSM node: https://www.openstreetmap.org/node/13396126701
Manufacturer: Flock Safety
Direction: 56-101
Zone: traffic
Camera type: fixed</description>
      <Point>
        <coordinates>-118.9495929,35.3758337,0</coordinates>
      </Point>
    </Placemark>
    <Placemark>
      <name>ALPR</name>
      <description>OSM node: https://www.openstreetmap.org/node/13396287481</description>
      <Point>
        <coordinates>-117.0791616,32.7578382,0</coordinates>
      </Point>
    </Placemark>
    <Placemark>
      <name>ALPR</name>
      <description>OSM node: https://www.openstreetmap.org/node/13396287488
Zone: traffic</description>
      <Point>
        <coordinates>-117.0669193,32.7616466,0</coordinates>
      </Point>
    </Placemark>
    <Placemark>
      <name>ALPR</name>
      <description>OSM node: https://www.openstreetmap.org/node/13396400904
Zone: traffic</description>
      <Point>
        <coordinates>-117.0853036,32.7105602,0</coordinates>
      </Point>
    </Placemark>
    <Placemark>
      <name>ALPR</name>
      <description>OSM node: https://www.openstreetmap.org/node/13396400912</description>
      <Point>
        <coordinates>-117.0852355,32.7087528,0</coordinates>
      </Point>
    </Placemark>
    <Placemark>
      <name>ALPR</name>
      <description>OSM node: https://www.openstreetmap.org/node/13396400913
Zone: parking</description>
      <Point>
        <coordinates>-117.0858455,32.708784,0</coordinates>
      </Point>
    </Placemark>
    <Placemark>
      <name>ALPR</name>
      <description>OSM node: https://www.openstreetmap.org/node/13396400915</description>
      <Point>
        <coordinates>-117.0851921,32.707619,0</coordinates>
      </Point>
    </Placemark>
    <Placemark>
      <name>ALPR</name>
      <description>OSM node: https://www.openstreetmap.org/node/13396400917</description>
      <Point>
        <coordinates>-117.084959,32.6973567,0</coordinates>
      </Point>
    </Placemark>
    <Placemark>
      <name>ALPR</name>
      <description>OSM node: https://www.openstreetmap.org/node/13396400918
Zone: traffic</description>
      <Point>
        <coordinates>-117.0853088,32.6966919,0</coordinates>
      </Point>
    </Placemark>
    <Placemark>
      <name>ALPR</name>
      <description>OSM node: https://www.openstreetmap.org/node/13396434101
Manufacturer: Flock Safety
Direction: 131
Zone: traffic
Camera type: fixed</description>
      <Point>
        <coordinates>-117.6870398,33.6248605,0</coordinates>
      </Point>
    </Placemark>
    <Placemark>
      <name>ALPR</name>
      <description>OSM node: https://www.openstreetmap.org/node/13396435401
Manufacturer: Flock Safety
Direction: 34
Zone: traffic
Camera type: fixed</description>
      <Point>
        <coordinates>-117.6849862,33.6229348,0</coordinates>
      </Point>
    </Placemark>
    <Placemark>
      <name>Foster City Police Department ALPR</name>
      <description>OSM node: https://www.openstreetmap.org/node/13396443354
Operator: Foster City Police Department
Manufacturer: Flock Safety
Direction: 75
Zone: street
Camera type: fixed</description>
      <Point>
        <coordinates>-122.2819877,37.5704728,0</coordinates>
      </Point>
    </Placemark>
    <Placemark>
      <name>Foster City Police Department ALPR</name>
      <description>OSM node: https://www.openstreetmap.org/node/13396443355
Operator: Foster City Police Department
Manufacturer: Flock Safety
Direction: 300
Zone: street
Camera type: fixed</description>
      <Point>
        <coordinates>-122.2810463,37.5706042,0</coordinates>
      </Point>
    </Placemark>
    <Placemark>
      <name>Home Depot ALPR</name>
      <description>OSM node: https://www.openstreetmap.org/node/13396444002
Operator: Home Depot
Manufacturer: Flock Safety
Direction: 0
Zone: street
Camera type: fixed</description>
      <Point>
        <coordinates>-122.2804958,37.5624184,0</coordinates>
      </Point>
    </Placemark>
    <Placemark>
      <name>Home Depot ALPR</name>
      <description>OSM node: https://www.openstreetmap.org/node/13396444003
Operator: Home Depot
Manufacturer: Flock Safety
Direction: 340
Zone: street
Camera type: fixed</description>
      <Point>
        <coordinates>-122.2795061,37.5623525,0</coordinates>
      </Point>
    </Placemark>
    <Placemark>
      <name>Home Depot ALPR</name>
      <description>OSM node: https://www.openstreetmap.org/node/13396444004
Operator: Home Depot
Manufacturer: Flock Safety
Direction: 0
Zone: street
Camera type: fixed</description>
      <Point>
        <coordinates>-122.2811193,37.5630916,0</coordinates>
      </Point>
    </Placemark>
    <Placemark>
      <name>Home Depot ALPR</name>
      <description>OSM node: https://www.openstreetmap.org/node/13396444005
Operator: Home Depot
Manufacturer: Flock Safety
Direction: 20
Zone: street
Camera type: fixed</description>
      <Point>
        <coordinates>-122.2816996,37.5632417,0</coordinates>
      </Point>
    </Placemark>
    <Placemark>
      <name>ALPR</name>
      <description>OSM node: https://www.openstreetmap.org/node/13396478701
Manufacturer: Flock Safety
Direction: 54
Zone: traffic
Camera type: fixed</description>
      <Point>
        <coordinates>-119.7692866,36.3133815,0</coordinates>
      </Point>
    </Placemark>
    <Placemark>
      <name>ALPR</name>
      <description>OSM node: https://www.openstreetmap.org/node/13396507801
Manufacturer: Flock Safety
Direction: 250
Zone: traffic
Camera type: fixed</description>
      <Point>
        <coordinates>-117.7156703,33.6300389,0</coordinates>
      </Point>
    </Placemark>
    <Placemark>
      <name>ALPR</name>
      <description>OSM node: https://www.openstreetmap.org/node/13396507802
Manufacturer: Flock Safety
Direction: 311
Zone: traffic
Camera type: fixed</description>
      <Point>
        <coordinates>-117.7244723,33.6288063,0</coordinates>
      </Point>
    </Placemark>
    <Placemark>
      <name>ALPR</name>
      <description>OSM node: https://www.openstreetmap.org/node/13396511301
Manufacturer: Flock Safety
Direction: 42
Zone: traffic
Camera type: fixed</description>
      <Point>
        <coordinates>-117.7181196,33.6284165,0</coordinates>
      </Point>
    </Placemark>
    <Placemark>
      <name>ALPR</name>
      <description>OSM node: https://www.openstreetmap.org/node/13396520702
Manufacturer: Flock Safety
Direction: 117
Zone: traffic
Camera type: fixed</description>
      <Point>
        <coordinates>-117.2620706,33.0649912,0</coordinates>
      </Point>
    </Placemark>
    <Placemark>
      <name>ALPR</name>
      <description>OSM node: https://www.openstreetmap.org/node/13396684401
Manufacturer: Flock Safety
Direction: 25
Zone: traffic
Camera type: fixed</description>
      <Point>
        <coordinates>-122.0506887,37.9480353,0</coordinates>
      </Point>
    </Placemark>
    <Placemark>
      <name>ALPR</name>
      <description>OSM node: https://www.openstreetmap.org/node/13396891401
Manufacturer: Flock Safety
Direction: 304
Zone: traffic
Camera type: fixed</description>
      <Point>
        <coordinates>-121.3091289,38.5797536,0</coordinates>
      </Point>
    </Placemark>
    <Placemark>
      <name>ALPR</name>
      <description>OSM node: https://www.openstreetmap.org/node/13396913718
Manufacturer: Flock Safety
Direction: 120
Zone: street
Camera type: fixed</description>
      <Point>
        <coordinates>-122.54232,38.0230868,0</coordinates>
      </Point>
    </Placemark>
    <Placemark>
      <name>ALPR</name>
      <description>OSM node: https://www.openstreetmap.org/node/13396922039
Manufacturer: Flock Safety
Direction: 210
Camera type: fixed</description>
      <Point>
        <coordinates>-121.9357384,37.7024139,0</coordinates>
      </Point>
    </Placemark>
    <Placemark>
      <name>ALPR</name>
      <description>OSM node: https://www.openstreetmap.org/node/13397039956
Manufacturer: Flock Safety
Direction: 190
Camera type: fixed</description>
      <Point>
        <coordinates>-119.0406462,35.4126277,0</coordinates>
      </Point>
    </Placemark>
    <Placemark>
      <name>ALPR</name>
      <description>OSM node: https://www.openstreetmap.org/node/13397056710
Manufacturer: Flock Safety
Direction: 5
Zone: traffic
Camera type: fixed</description>
      <Point>
        <coordinates>-117.2705481,32.9803479,0</coordinates>
      </Point>
    </Placemark>
    <Placemark>
      <name>ALPR</name>
      <description>OSM node: https://www.openstreetmap.org/node/13397506401
Manufacturer: Flock Safety
Direction: 263
Zone: traffic
Camera type: fixed</description>
      <Point>
        <coordinates>-117.7079921,33.5649023,0</coordinates>
      </Point>
    </Placemark>
    <Placemark>
      <name>ALPR</name>
      <description>OSM node: https://www.openstreetmap.org/node/13398043101
Manufacturer: Flock Safety
Direction: 74
Zone: traffic
Camera type: fixed</description>
      <Point>
        <coordinates>-119.8726214,36.771725,0</coordinates>
      </Point>
    </Placemark>
    <Placemark>
      <name>ALPR</name>
      <description>OSM node: https://www.openstreetmap.org/node/13398271903
Manufacturer: Flock Safety
Direction: 66-111
Zone: traffic
Camera type: fixed</description>
      <Point>
        <coordinates>-118.1048523,33.9872638,0</coordinates>
      </Point>
    </Placemark>
    <Placemark>
      <name>ALPR</name>
      <description>OSM node: https://www.openstreetmap.org/node/13398325001
Manufacturer: Flock Safety
Direction: 246
Zone: traffic
Camera type: fixed</description>
      <Point>
        <coordinates>-121.9663671,37.3788987,0</coordinates>
      </Point>
    </Placemark>
    <Placemark>
      <name>ALPR</name>
      <description>OSM node: https://www.openstreetmap.org/node/13398333602
Manufacturer: Motorola Solutions
Direction: 37-97
Zone: traffic
Camera type: fixed</description>
      <Point>
        <coordinates>-121.5228839,38.6428398,0</coordinates>
      </Point>
    </Placemark>
    <Placemark>
      <name>ALPR</name>
      <description>OSM node: https://www.openstreetmap.org/node/13398357501
Manufacturer: Flock Safety
Direction: 220
Zone: traffic
Camera type: fixed</description>
      <Point>
        <coordinates>-117.7320788,33.634752,0</coordinates>
      </Point>
    </Placemark>
    <Placemark>
      <name>ALPR</name>
      <description>OSM node: https://www.openstreetmap.org/node/13398441002
Manufacturer: Flock Safety
Direction: 113
Zone: traffic
Camera type: fixed</description>
      <Point>
        <coordinates>-117.1506136,33.5525558,0</coordinates>
      </Point>
    </Placemark>
    <Placemark>
      <name>ALPR</name>
      <description>OSM node: https://www.openstreetmap.org/node/13398443402
Manufacturer: Flock Safety
Direction: 0;71
Zone: traffic
Camera type: fixed</description>
      <Point>
        <coordinates>-117.1512041,33.5518294,0</coordinates>
      </Point>
    </Placemark>
    <Placemark>
      <name>ALPR</name>
      <description>OSM node: https://www.openstreetmap.org/node/13398522809
Manufacturer: Flock Safety
Direction: 61
Zone: traffic
Camera type: fixed</description>
      <Point>
        <coordinates>-117.9178645,34.1334868,0</coordinates>
      </Point>
    </Placemark>
    <Placemark>
      <name>ALPR</name>
      <description>OSM node: https://www.openstreetmap.org/node/13398629401
Manufacturer: Flock Safety
Direction: 237
Zone: traffic
Camera type: fixed</description>
      <Point>
        <coordinates>-117.6857771,33.5249344,0</coordinates>
      </Point>
    </Placemark>
    <Placemark>
      <name>ALPR</name>
      <description>OSM node: https://www.openstreetmap.org/node/13398686901
Manufacturer: Flock Safety
Direction: 35-80
Zone: traffic
Camera type: fixed</description>
      <Point>
        <coordinates>-118.0693089,33.9646029,0</coordinates>
      </Point>
    </Placemark>
    <Placemark>
      <name>ALPR</name>
      <description>OSM node: https://www.openstreetmap.org/node/13398758801
Manufacturer: Flock Safety
Direction: 338-23
Zone: traffic
Camera type: fixed</description>
      <Point>
        <coordinates>-121.4645377,38.5251418,0</coordinates>
      </Point>
    </Placemark>
    <Placemark>
      <name>ALPR</name>
      <description>OSM node: https://www.openstreetmap.org/node/13398861301
Manufacturer: Flock Safety
Direction: 25
Zone: traffic
Camera type: fixed</description>
      <Point>
        <coordinates>-121.6348705,37.1560315,0</coordinates>
      </Point>
    </Placemark>
    <Placemark>
      <name>ALPR</name>
      <description>OSM node: https://www.openstreetmap.org/node/13398861401
Manufacturer: Flock Safety
Direction: 200
Zone: traffic
Camera type: fixed</description>
      <Point>
        <coordinates>-121.6348639,37.1563142,0</coordinates>
      </Point>
    </Placemark>
    <Placemark>
      <name>East Palo Alto Police Department ALPR</name>
      <description>OSM node: https://www.openstreetmap.org/node/13398866101
Operator: East Palo Alto Police Department
Manufacturer: Flock Safety
Direction: 101
Zone: traffic
Camera type: fixed</description>
      <Point>
        <coordinates>-122.1283891,37.4533904,0</coordinates>
      </Point>
    </Placemark>
    <Placemark>
      <name>East Palo Alto Police Department ALPR</name>
      <description>OSM node: https://www.openstreetmap.org/node/13398866701
Operator: East Palo Alto Police Department
Manufacturer: Flock Safety
Direction: 267
Zone: traffic
Camera type: fixed</description>
      <Point>
        <coordinates>-122.1304677,37.4547646,0</coordinates>
      </Point>
    </Placemark>
    <Placemark>
      <name>ALPR</name>
      <description>OSM node: https://www.openstreetmap.org/node/13398866801
Manufacturer: Flock Safety
Direction: 224
Zone: traffic
Camera type: fixed</description>
      <Point>
        <coordinates>-122.1304817,37.455033,0</coordinates>
      </Point>
    </Placemark>
    <Placemark>
      <name>ALPR</name>
      <description>OSM node: https://www.openstreetmap.org/node/13398931901
Manufacturer: Flock Safety
Direction: 116-161
Zone: traffic
Camera type: fixed</description>
      <Point>
        <coordinates>-122.9228318,39.0339774,0</coordinates>
      </Point>
    </Placemark>
    <Placemark>
      <name>ALPR</name>
      <description>OSM node: https://www.openstreetmap.org/node/13399015901
Manufacturer: Flock Safety
Direction: 154
Zone: traffic
Camera type: fixed</description>
      <Point>
        <coordinates>-122.7267007,38.4458237,0</coordinates>
      </Point>
    </Placemark>
    <Placemark>
      <name>ALPR</name>
      <description>OSM node: https://www.openstreetmap.org/node/13399035001
Manufacturer: Flock Safety
Direction: 0
Zone: traffic
Camera type: fixed</description>
      <Point>
        <coordinates>-121.5345329,38.5290575,0</coordinates>
      </Point>
    </Placemark>
    <Placemark>
      <name>ALPR</name>
      <description>OSM node: https://www.openstreetmap.org/node/13399035501
Manufacturer: Flock Safety
Direction: 178
Zone: traffic
Camera type: fixed</description>
      <Point>
        <coordinates>-121.5130832,38.5874596,0</coordinates>
      </Point>
    </Placemark>
    <Placemark>
      <name>ALPR</name>
      <description>OSM node: https://www.openstreetmap.org/node/13399036001
Manufacturer: Flock Safety
Direction: 196
Zone: traffic
Camera type: fixed</description>
      <Point>
        <coordinates>-121.5344787,38.551047,0</coordinates>
      </Point>
    </Placemark>
    <Placemark>
      <name>ALPR</name>
      <description>OSM node: https://www.openstreetmap.org/node/13399109902
Manufacturer: Motorola Solutions
Direction: 230
Zone: traffic
Camera type: fixed</description>
      <Point>
        <coordinates>-121.9028794,37.6563376,0</coordinates>
      </Point>
    </Placemark>
    <Placemark>
      <name>ALPR</name>
      <description>OSM node: https://www.openstreetmap.org/node/13399208501
Manufacturer: Flock Safety
Direction: 182
Zone: traffic
Camera type: fixed</description>
      <Point>
        <coordinates>-121.8596408,37.6547182,0</coordinates>
      </Point>
    </Placemark>
    <Placemark>
      <name>ALPR</name>
      <description>OSM node: https://www.openstreetmap.org/node/13399212401
Manufacturer: Flock Safety
Direction: 266
Zone: traffic
Camera type: fixed</description>
      <Point>
        <coordinates>-121.8599081,37.6548832,0</coordinates>
      </Point>
    </Placemark>
    <Placemark>
      <name>California Highway Patrol (CHP) ALPR</name>
      <description>OSM node: https://www.openstreetmap.org/node/13399297617
Operator: California Highway Patrol (CHP)
Manufacturer: Flock Safety
Direction: 55
Camera type: fixed</description>
      <Point>
        <coordinates>-122.2462033,37.8464667,0</coordinates>
      </Point>
    </Placemark>
    <Placemark>
      <name>ALPR</name>
      <description>OSM node: https://www.openstreetmap.org/node/13399328392
Manufacturer: Flock Safety
Direction: 5
Camera type: fixed</description>
      <Point>
        <coordinates>-121.2215789,38.6340659,0</coordinates>
      </Point>
    </Placemark>
    <Placemark>
      <name>ALPR</name>
      <description>OSM node: https://www.openstreetmap.org/node/13399343401
Manufacturer: Flock Safety
Direction: 80
Zone: traffic
Camera type: fixed</description>
      <Point>
        <coordinates>-117.7033654,33.5193213,0</coordinates>
      </Point>
    </Placemark>
    <Placemark>
      <name>ALPR</name>
      <description>OSM node: https://www.openstreetmap.org/node/13399357736
Manufacturer: Flock Safety
Direction: 230
Camera type: fixed</description>
      <Point>
        <coordinates>-121.1739698,38.7206386,0</coordinates>
      </Point>
    </Placemark>
    <Placemark>
      <name>ALPR</name>
      <description>OSM node: https://www.openstreetmap.org/node/13399366231
Manufacturer: Flock Safety
Direction: 345
Camera type: fixed</description>
      <Point>
        <coordinates>-121.1506341,38.7441639,0</coordinates>
      </Point>
    </Placemark>
    <Placemark>
      <name>ALPR</name>
      <description>OSM node: https://www.openstreetmap.org/node/13399366232
Manufacturer: Flock Safety
Direction: 15
Camera type: fixed</description>
      <Point>
        <coordinates>-121.1506325,38.7442893,0</coordinates>
      </Point>
    </Placemark>
    <Placemark>
      <name>ALPR</name>
      <description>OSM node: https://www.openstreetmap.org/node/13399366233
Manufacturer: Flock Safety
Direction: 170
Camera type: fixed</description>
      <Point>
        <coordinates>-121.1507986,38.744875,0</coordinates>
      </Point>
    </Placemark>
    <Placemark>
      <name>ALPR</name>
      <description>OSM node: https://www.openstreetmap.org/node/13399386214
Manufacturer: Flock Safety
Direction: 80
Camera type: fixed</description>
      <Point>
        <coordinates>-121.2013865,38.7884511,0</coordinates>
      </Point>
    </Placemark>
    <Placemark>
      <name>ALPR</name>
      <description>OSM node: https://www.openstreetmap.org/node/13399407216
Manufacturer: Flock Safety
Direction: 350
Camera type: fixed</description>
      <Point>
        <coordinates>-121.2660328,38.7443719,0</coordinates>
      </Point>
    </Placemark>
    <Placemark>
      <name>Watsonville Police Department ALPR</name>
      <description>OSM node: https://www.openstreetmap.org/node/13399456033
Operator: Watsonville Police Department
Manufacturer: Flock Safety
Direction: 90
Zone: traffic
Camera type: fixed</description>
      <Point>
        <coordinates>-121.7517264,36.9054956,0</coordinates>
      </Point>
    </Placemark>
    <Placemark>
      <name>ALPR</name>
      <description>OSM node: https://www.openstreetmap.org/node/13401768389
Manufacturer: Flock Safety
Direction: 90
Camera type: fixed</description>
      <Point>
        <coordinates>-121.1690082,38.7050265,0</coordinates>
      </Point>
    </Placemark>
    <Placemark>
      <name>Kaiser Permanente ALPR</name>
      <description>OSM node: https://www.openstreetmap.org/node/13401846788
Operator: Kaiser Permanente
Manufacturer: Flock Safety
Direction: 170
Camera type: fixed</description>
      <Point>
        <coordinates>-121.2498373,38.7446463,0</coordinates>
      </Point>
    </Placemark>
    <Placemark>
      <name>Kaiser Permanente ALPR</name>
      <description>OSM node: https://www.openstreetmap.org/node/13401846789
Operator: Kaiser Permanente
Manufacturer: Flock Safety
Direction: 350
Camera type: fixed</description>
      <Point>
        <coordinates>-121.2496283,38.7444712,0</coordinates>
      </Point>
    </Placemark>
    <Placemark>
      <name>Kaiser Permanente ALPR</name>
      <description>OSM node: https://www.openstreetmap.org/node/13401846790
Operator: Kaiser Permanente
Manufacturer: Flock Safety
Direction: 80
Camera type: fixed</description>
      <Point>
        <coordinates>-121.2525503,38.7456885,0</coordinates>
      </Point>
    </Placemark>
    <Placemark>
      <name>Kaiser Permanente ALPR</name>
      <description>OSM node: https://www.openstreetmap.org/node/13401846791
Operator: Kaiser Permanente
Manufacturer: Flock Safety
Direction: 250
Camera type: fixed</description>
      <Point>
        <coordinates>-121.2523674,38.7459282,0</coordinates>
      </Point>
    </Placemark>
    <Placemark>
      <name>ALPR</name>
      <description>OSM node: https://www.openstreetmap.org/node/13401846792
Manufacturer: Flock Safety
Direction: 80
Camera type: fixed</description>
      <Point>
        <coordinates>-121.252811,38.7441056,0</coordinates>
      </Point>
    </Placemark>
    <Placemark>
      <name>Kaiser Permanente ALPR</name>
      <description>OSM node: https://www.openstreetmap.org/node/13401846793
Operator: Kaiser Permanente
Manufacturer: Flock Safety
Direction: 170
Camera type: fixed</description>
      <Point>
        <coordinates>-121.2489505,38.7480864,0</coordinates>
      </Point>
    </Placemark>
    <Placemark>
      <name>Kaiser Permanente ALPR</name>
      <description>OSM node: https://www.openstreetmap.org/node/13401846794
Operator: Kaiser Permanente
Manufacturer: Flock Safety
Direction: 15
Camera type: fixed</description>
      <Point>
        <coordinates>-121.2488877,38.7479247,0</coordinates>
      </Point>
    </Placemark>
    <Placemark>
      <name>Kaiser Permanente ALPR</name>
      <description>OSM node: https://www.openstreetmap.org/node/13401846795
Operator: Kaiser Permanente
Manufacturer: Flock Safety
Direction: 280
Camera type: fixed</description>
      <Point>
        <coordinates>-121.2472806,38.7462743,0</coordinates>
      </Point>
    </Placemark>
    <Placemark>
      <name>Kaiser Permanente ALPR</name>
      <description>OSM node: https://www.openstreetmap.org/node/13401846796
Operator: Kaiser Permanente
Manufacturer: Flock Safety
Direction: 80
Camera type: fixed</description>
      <Point>
        <coordinates>-121.2477343,38.7461975,0</coordinates>
      </Point>
    </Placemark>
    <Placemark>
      <name>ALPR</name>
      <description>OSM node: https://www.openstreetmap.org/node/13401888203
Manufacturer: Flock Safety
Direction: 125
Zone: traffic
Camera type: fixed</description>
      <Point>
        <coordinates>-121.296833,38.8995684,0</coordinates>
      </Point>
    </Placemark>
    <Placemark>
      <name>ALPR</name>
      <description>OSM node: https://www.openstreetmap.org/node/13401890271
Manufacturer: Flock Safety
Direction: 80
Camera type: fixed</description>
      <Point>
        <coordinates>-121.3768425,38.8971929,0</coordinates>
      </Point>
    </Placemark>
    <Placemark>
      <name>ALPR</name>
      <description>OSM node: https://www.openstreetmap.org/node/13401908101
Manufacturer: Flock Safety
Direction: 212
Zone: traffic
Camera type: fixed</description>
      <Point>
        <coordinates>-121.822199,37.2674395,0</coordinates>
      </Point>
    </Placemark>
    <Placemark>
      <name>Kaiser Permanente ALPR</name>
      <description>OSM node: https://www.openstreetmap.org/node/13401922589
Operator: Kaiser Permanente
Manufacturer: Flock Safety
Direction: 80
Camera type: fixed</description>
      <Point>
        <coordinates>-121.2900921,38.7275575,0</coordinates>
      </Point>
    </Placemark>
    <Placemark>
      <name>Kaiser Permanente ALPR</name>
      <description>OSM node: https://www.openstreetmap.org/node/13401922590
Operator: Kaiser Permanente
Manufacturer: Flock Safety
Direction: 260
Camera type: fixed</description>
      <Point>
        <coordinates>-121.2899429,38.7276613,0</coordinates>
      </Point>
    </Placemark>
    <Placemark>
      <name>Kaiser Permanente ALPR</name>
      <description>OSM node: https://www.openstreetmap.org/node/13401922591
Operator: Kaiser Permanente
Manufacturer: Flock Safety
Direction: 350
Camera type: fixed</description>
      <Point>
        <coordinates>-121.2891492,38.7290405,0</coordinates>
      </Point>
    </Placemark>
    <Placemark>
      <name>Kaiser Permanente ALPR</name>
      <description>OSM node: https://www.openstreetmap.org/node/13401922592
Operator: Kaiser Permanente
Manufacturer: Flock Safety
Direction: 170
Camera type: fixed</description>
      <Point>
        <coordinates>-121.2877832,38.7290031,0</coordinates>
      </Point>
    </Placemark>
    <Placemark>
      <name>Kaiser Permanente ALPR</name>
      <description>OSM node: https://www.openstreetmap.org/node/13401922593
Operator: Kaiser Permanente
Manufacturer: Flock Safety
Direction: 350
Camera type: fixed</description>
      <Point>
        <coordinates>-121.287558,38.7289019,0</coordinates>
      </Point>
    </Placemark>
    <Placemark>
      <name>ALPR</name>
      <description>OSM node: https://www.openstreetmap.org/node/13401922594
Manufacturer: Flock Safety
Direction: 350
Camera type: fixed</description>
      <Point>
        <coordinates>-121.2902601,38.7269753,0</coordinates>
      </Point>
    </Placemark>
    <Placemark>
      <name>Redlands Police Department ALPR</name>
      <description>OSM node: https://www.openstreetmap.org/node/13401948301
Operator: Redlands Police Department
Direction: 120
Zone: traffic
Camera type: fixed</description>
      <Point>
        <coordinates>-117.1400411,34.052074,0</coordinates>
      </Point>
    </Placemark>
    <Placemark>
      <name>Kaiser Permanente ALPR</name>
      <description>OSM node: https://www.openstreetmap.org/node/13402003037
Operator: Kaiser Permanente
Manufacturer: Flock Safety
Direction: 170
Camera type: fixed</description>
      <Point>
        <coordinates>-121.7292381,38.5403843,0</coordinates>
      </Point>
    </Placemark>
    <Placemark>
      <name>Kaiser Permanente ALPR</name>
      <description>OSM node: https://www.openstreetmap.org/node/13402003038
Operator: Kaiser Permanente
Manufacturer: Flock Safety
Direction: 350
Camera type: fixed</description>
      <Point>
        <coordinates>-121.7291354,38.5401476,0</coordinates>
      </Point>
    </Placemark>
    <Placemark>
      <name>Kaiser Permanente ALPR</name>
      <description>OSM node: https://www.openstreetmap.org/node/13402003039
Operator: Kaiser Permanente
Manufacturer: Flock Safety
Direction: 170
Camera type: fixed</description>
      <Point>
        <coordinates>-121.7281966,38.5401598,0</coordinates>
      </Point>
    </Placemark>
    <Placemark>
      <name>Kaiser Permanente ALPR</name>
      <description>OSM node: https://www.openstreetmap.org/node/13402003040
Operator: Kaiser Permanente
Manufacturer: Flock Safety
Direction: 350
Camera type: fixed</description>
      <Point>
        <coordinates>-121.7280893,38.5401287,0</coordinates>
      </Point>
    </Placemark>
    <Placemark>
      <name>Kaiser Permanente ALPR</name>
      <description>OSM node: https://www.openstreetmap.org/node/13402003041
Operator: Kaiser Permanente
Manufacturer: Flock Safety
Direction: 100
Camera type: fixed</description>
      <Point>
        <coordinates>-121.7275215,38.5407636,0</coordinates>
      </Point>
    </Placemark>
    <Placemark>
      <name>Kaiser Permanente ALPR</name>
      <description>OSM node: https://www.openstreetmap.org/node/13402003042
Operator: Kaiser Permanente
Manufacturer: Flock Safety
Direction: 250
Camera type: fixed</description>
      <Point>
        <coordinates>-121.7273354,38.5407809,0</coordinates>
      </Point>
    </Placemark>
    <Placemark>
      <name>Kaiser Permanente ALPR</name>
      <description>OSM node: https://www.openstreetmap.org/node/13402003043
Operator: Kaiser Permanente
Manufacturer: Flock Safety
Direction: 250
Camera type: fixed</description>
      <Point>
        <coordinates>-121.7274797,38.5416018,0</coordinates>
      </Point>
    </Placemark>
    <Placemark>
      <name>Kaiser Permanente ALPR</name>
      <description>OSM node: https://www.openstreetmap.org/node/13402003044
Operator: Kaiser Permanente
Manufacturer: Flock Safety
Direction: 75
Camera type: fixed</description>
      <Point>
        <coordinates>-121.7279327,38.5414711,0</coordinates>
      </Point>
    </Placemark>
    <Placemark>
      <name>ALPR</name>
      <description>OSM node: https://www.openstreetmap.org/node/13402003701
Manufacturer: Flock Safety
Direction: 80
Zone: traffic
Camera type: fixed</description>
      <Point>
        <coordinates>-118.9749383,35.3970051,0</coordinates>
      </Point>
    </Placemark>
    <Placemark>
      <name>ALPR</name>
      <description>OSM node: https://www.openstreetmap.org/node/13402027800
Manufacturer: Flock Safety
Direction: 331
Camera type: fixed</description>
      <Point>
        <coordinates>-121.1885158,38.7143467,0</coordinates>
      </Point>
    </Placemark>
    <Placemark>
      <name>ALPR</name>
      <description>OSM node: https://www.openstreetmap.org/node/13402037601
Manufacturer: Flock Safety
Direction: 90
Camera type: fixed</description>
      <Point>
        <coordinates>-121.2177415,38.7364175,0</coordinates>
      </Point>
    </Placemark>
    <Placemark>
      <name>ALPR</name>
      <description>OSM node: https://www.openstreetmap.org/node/13402092260
Manufacturer: Flock Safety
Direction: 10
Camera type: fixed</description>
      <Point>
        <coordinates>-121.2691397,38.7701038,0</coordinates>
      </Point>
    </Placemark>
    <Placemark>
      <name>ALPR</name>
      <description>OSM node: https://www.openstreetmap.org/node/13402092261
Manufacturer: Flock Safety
Direction: 15
Camera type: fixed</description>
      <Point>
        <coordinates>-121.2727007,38.7725128,0</coordinates>
      </Point>
    </Placemark>
    <Placemark>
      <name>ALPR</name>
      <description>OSM node: https://www.openstreetmap.org/node/13402092262
Manufacturer: Flock Safety
Direction: 260
Camera type: fixed</description>
      <Point>
        <coordinates>-121.2660969,38.7722755,0</coordinates>
      </Point>
    </Placemark>
    <Placemark>
      <name>ALPR</name>
      <description>OSM node: https://www.openstreetmap.org/node/13402092307
Manufacturer: Flock Safety
Direction: 50
Camera type: fixed</description>
      <Point>
        <coordinates>-121.1890916,38.6430154,0</coordinates>
      </Point>
    </Placemark>
    <Placemark>
      <name>ALPR</name>
      <description>OSM node: https://www.openstreetmap.org/node/13402092308
Manufacturer: Flock Safety
Direction: 185
Camera type: fixed</description>
      <Point>
        <coordinates>-121.1869013,38.6448425,0</coordinates>
      </Point>
    </Placemark>
    <Placemark>
      <name>Newport Beach Police Department ALPR</name>
      <description>OSM node: https://www.openstreetmap.org/node/13403243658
Operator: Newport Beach Police Department
Manufacturer: Flock Safety
Direction: 145
Zone: traffic
Camera type: fixed</description>
      <Point>
        <coordinates>-117.8262,33.6168965,0</coordinates>
      </Point>
    </Placemark>
    <Placemark>
      <name>Newport Beach Police Department ALPR</name>
      <description>OSM node: https://www.openstreetmap.org/node/13403243659
Operator: Newport Beach Police Department
Manufacturer: Flock Safety
Direction: 320
Zone: traffic
Camera type: fixed</description>
      <Point>
        <coordinates>-117.8258434,33.6170461,0</coordinates>
      </Point>
    </Placemark>
    <Placemark>
      <name>Newport Beach Police Department ALPR</name>
      <description>OSM node: https://www.openstreetmap.org/node/13403243660
Operator: Newport Beach Police Department
Manufacturer: Flock Safety
Direction: 35
Zone: traffic
Camera type: fixed</description>
      <Point>
        <coordinates>-117.8449095,33.6293526,0</coordinates>
      </Point>
    </Placemark>
    <Placemark>
      <name>Costa Mesa Police Department ALPR</name>
      <description>OSM node: https://www.openstreetmap.org/node/13403243661
Operator: Costa Mesa Police Department
Manufacturer: Flock Safety
Direction: 180
Zone: traffic
Camera type: fixed</description>
      <Point>
        <coordinates>-117.9252894,33.6310222,0</coordinates>
      </Point>
    </Placemark>
    <Placemark>
      <name>ALPR</name>
      <description>OSM node: https://www.openstreetmap.org/node/13403260701
Manufacturer: Flock Safety
Direction: 55
Zone: traffic
Camera type: fixed</description>
      <Point>
        <coordinates>-121.8630973,37.6543289,0</coordinates>
      </Point>
    </Placemark>
    <Placemark>
      <name>ALPR</name>
      <description>OSM node: https://www.openstreetmap.org/node/13403262601
Manufacturer: Flock Safety
Direction: 97
Zone: traffic
Camera type: fixed</description>
      <Point>
        <coordinates>-121.8629278,37.6555886,0</coordinates>
      </Point>
    </Placemark>
    <Placemark>
      <name>ALPR</name>
      <description>OSM node: https://www.openstreetmap.org/node/13403276301
Manufacturer: Flock Safety
Direction: 0
Zone: traffic
Camera type: fixed</description>
      <Point>
        <coordinates>-121.860685,37.6545593,0</coordinates>
      </Point>
    </Placemark>
    <Placemark>
      <name>ALPR</name>
      <description>OSM node: https://www.openstreetmap.org/node/13403278501
Manufacturer: Flock Safety
Direction: 114
Zone: traffic
Camera type: fixed</description>
      <Point>
        <coordinates>-122.2276803,38.1235205,0</coordinates>
      </Point>
    </Placemark>
    <Placemark>
      <name>ALPR</name>
      <description>OSM node: https://www.openstreetmap.org/node/13403410501
Manufacturer: Flock Safety
Direction: 220
Zone: traffic
Camera type: fixed</description>
      <Point>
        <coordinates>-121.9298123,37.6853322,0</coordinates>
      </Point>
    </Placemark>
    <Placemark>
      <name>ALPR</name>
      <description>OSM node: https://www.openstreetmap.org/node/13403423201
Manufacturer: Flock Safety
Direction: 138
Zone: traffic
Camera type: fixed</description>
      <Point>
        <coordinates>-121.9304801,37.6884587,0</coordinates>
      </Point>
    </Placemark>
    <Placemark>
      <name>ALPR</name>
      <description>OSM node: https://www.openstreetmap.org/node/13403425901
Manufacturer: Flock Safety
Direction: 210;223
Zone: traffic
Camera type: fixed</description>
      <Point>
        <coordinates>-121.9036852,37.6907801,0</coordinates>
      </Point>
    </Placemark>
    <Placemark>
      <name>ALPR</name>
      <description>OSM node: https://www.openstreetmap.org/node/13403449501
Manufacturer: Flock Safety
Direction: 213-258
Zone: traffic
Camera type: fixed</description>
      <Point>
        <coordinates>-118.0387613,33.9097995,0</coordinates>
      </Point>
    </Placemark>
    <Placemark>
      <name>ALPR</name>
      <description>OSM node: https://www.openstreetmap.org/node/13403659001
Manufacturer: Flock Safety
Direction: 147-192
Zone: traffic
Camera type: fixed</description>
      <Point>
        <coordinates>-118.9646996,35.3936628,0</coordinates>
      </Point>
    </Placemark>
    <Placemark>
      <name>ALPR</name>
      <description>OSM node: https://www.openstreetmap.org/node/13403691502
Manufacturer: Flock Safety
Direction: 120-165
Zone: traffic
Camera type: fixed</description>
      <Point>
        <coordinates>-122.916193,39.0475557,0</coordinates>
      </Point>
    </Placemark>
    <Placemark>
      <name>ALPR</name>
      <description>OSM node: https://www.openstreetmap.org/node/13403921001
Manufacturer: Flock Safety
Direction: 55
Zone: traffic
Camera type: fixed</description>
      <Point>
        <coordinates>-117.307292,33.0832845,0</coordinates>
      </Point>
    </Placemark>
    <Placemark>
      <name>ALPR</name>
      <description>OSM node: https://www.openstreetmap.org/node/13403921501
Manufacturer: Flock Safety
Direction: 83
Zone: traffic
Camera type: fixed</description>
      <Point>
        <coordinates>-117.2733497,33.0264922,0</coordinates>
      </Point>
    </Placemark>
    <Placemark>
      <name>ALPR</name>
      <description>OSM node: https://www.openstreetmap.org/node/13403922101
Manufacturer: Flock Safety
Direction: 73
Zone: traffic
Camera type: fixed</description>
      <Point>
        <coordinates>-117.2786902,33.0361837,0</coordinates>
      </Point>
    </Placemark>
    <Placemark>
      <name>ALPR</name>
      <description>OSM node: https://www.openstreetmap.org/node/13403924601
Manufacturer: Flock Safety
Direction: 199
Zone: traffic
Camera type: fixed</description>
      <Point>
        <coordinates>-117.2779562,33.0026939,0</coordinates>
      </Point>
    </Placemark>
    <Placemark>
      <name>ALPR</name>
      <description>OSM node: https://www.openstreetmap.org/node/13403924602
Manufacturer: Flock Safety
Direction: 17
Zone: traffic
Camera type: fixed</description>
      <Point>
        <coordinates>-117.284336,33.0211494,0</coordinates>
      </Point>
    </Placemark>
    <Placemark>
      <name>ALPR</name>
      <description>OSM node: https://www.openstreetmap.org/node/13403931501
Manufacturer: Flock Safety
Direction: 138
Zone: traffic
Camera type: fixed</description>
      <Point>
        <coordinates>-117.2843377,33.0214125,0</coordinates>
      </Point>
    </Placemark>
    <Placemark>
      <name>ALPR</name>
      <description>OSM node: https://www.openstreetmap.org/node/13403932602
Manufacturer: Flock Safety
Direction: 319
Zone: traffic
Camera type: fixed</description>
      <Point>
        <coordinates>-117.2858632,33.0244235,0</coordinates>
      </Point>
    </Placemark>
    <Placemark>
      <name>ALPR</name>
      <description>OSM node: https://www.openstreetmap.org/node/13403935201
Manufacturer: Flock Safety
Direction: 134
Zone: traffic
Camera type: fixed</description>
      <Point>
        <coordinates>-117.3187335,33.1012488,0</coordinates>
      </Point>
    </Placemark>
    <Placemark>
      <name>ALPR</name>
      <description>OSM node: https://www.openstreetmap.org/node/13406396501
Manufacturer: Flock Safety
Direction: 207-252
Zone: traffic
Camera type: fixed</description>
      <Point>
        <coordinates>-118.0562783,33.9173259,0</coordinates>
      </Point>
    </Placemark>
    <Placemark>
      <name>ALPR</name>
      <description>OSM node: https://www.openstreetmap.org/node/13406411002
Manufacturer: Flock Safety
Direction: 316
Zone: traffic
Camera type: fixed</description>
      <Point>
        <coordinates>-117.3184403,33.101119,0</coordinates>
      </Point>
    </Placemark>
    <Placemark>
      <name>ALPR</name>
      <description>OSM node: https://www.openstreetmap.org/node/13406746371
Manufacturer: Flock Safety
Direction: 40
Camera type: fixed</description>
      <Point>
        <coordinates>-117.8967425,33.663356,0</coordinates>
      </Point>
    </Placemark>
    <Placemark>
      <name>ALPR</name>
      <description>OSM node: https://www.openstreetmap.org/node/13406746372
Manufacturer: Flock Safety
Direction: 25
Camera type: fixed</description>
      <Point>
        <coordinates>-118.4408153,34.2835543,0</coordinates>
      </Point>
    </Placemark>
    <Placemark>
      <name>ALPR</name>
      <description>OSM node: https://www.openstreetmap.org/node/13406746373
Manufacturer: Flock Safety
Direction: 210
Camera type: fixed</description>
      <Point>
        <coordinates>-118.4412214,34.2834935,0</coordinates>
      </Point>
    </Placemark>
    <Placemark>
      <name>ALPR</name>
      <description>OSM node: https://www.openstreetmap.org/node/13406749001
Manufacturer: Flock Safety
Direction: 153
Zone: traffic
Camera type: fixed</description>
      <Point>
        <coordinates>-117.0854061,33.6394491,0</coordinates>
      </Point>
    </Placemark>
    <Placemark>
      <name>ALPR</name>
      <description>OSM node: https://www.openstreetmap.org/node/13406752701
Manufacturer: Flock Safety
Direction: 24
Zone: traffic
Camera type: fixed</description>
      <Point>
        <coordinates>-117.1076624,33.5625725,0</coordinates>
      </Point>
    </Placemark>
    <Placemark>
      <name>ALPR</name>
      <description>OSM node: https://www.openstreetmap.org/node/13408005801
Manufacturer: Flock Safety
Direction: 65
Zone: traffic
Camera type: fixed</description>
      <Point>
        <coordinates>-121.2922892,37.8970933,0</coordinates>
      </Point>
    </Placemark>
    <Placemark>
      <name>ALPR</name>
      <description>OSM node: https://www.openstreetmap.org/node/13408006501
Manufacturer: Flock Safety
Direction: 245
Zone: traffic
Camera type: fixed</description>
      <Point>
        <coordinates>-121.2910264,37.8972436,0</coordinates>
      </Point>
    </Placemark>
    <Placemark>
      <name>ALPR</name>
      <description>OSM node: https://www.openstreetmap.org/node/13408900501
Manufacturer: Flock Safety
Direction: 0
Zone: traffic
Camera type: fixed</description>
      <Point>
        <coordinates>-120.7139441,37.3823478,0</coordinates>
      </Point>
    </Placemark>
    <Placemark>
      <name>ALPR</name>
      <description>OSM node: https://www.openstreetmap.org/node/13408901101
Manufacturer: Flock Safety
Direction: 159
Zone: traffic
Camera type: fixed</description>
      <Point>
        <coordinates>-120.7142455,37.3819761,0</coordinates>
      </Point>
    </Placemark>
    <Placemark>
      <name>ALPR</name>
      <description>OSM node: https://www.openstreetmap.org/node/13408989087</description>
      <Point>
        <coordinates>-117.1140308,32.7632223,0</coordinates>
      </Point>
    </Placemark>
    <Placemark>
      <name>ALPR</name>
      <description>OSM node: https://www.openstreetmap.org/node/13408989089
Zone: street</description>
      <Point>
        <coordinates>-117.119377,32.763237,0</coordinates>
      </Point>
    </Placemark>
    <Placemark>
      <name>ALPR</name>
      <description>OSM node: https://www.openstreetmap.org/node/13409164401
Manufacturer: Flock Safety
Direction: 94
Zone: traffic
Camera type: fixed</description>
      <Point>
        <coordinates>-117.7039108,33.5754929,0</coordinates>
      </Point>
    </Placemark>
    <Placemark>
      <name>ALPR</name>
      <description>OSM node: https://www.openstreetmap.org/node/13409251101
Manufacturer: Flock Safety
Direction: 11
Zone: traffic
Camera type: fixed</description>
      <Point>
        <coordinates>-122.0558026,37.6949439,0</coordinates>
      </Point>
    </Placemark>
    <Placemark>
      <name>ALPR</name>
      <description>OSM node: https://www.openstreetmap.org/node/13409311701
Manufacturer: Flock Safety
Direction: 195
Zone: traffic
Camera type: fixed</description>
      <Point>
        <coordinates>-121.3055454,38.8720491,0</coordinates>
      </Point>
    </Placemark>
    <Placemark>
      <name>ALPR</name>
      <description>OSM node: https://www.openstreetmap.org/node/13409312701
Manufacturer: Flock Safety
Direction: 25-70
Zone: traffic
Camera type: fixed</description>
      <Point>
        <coordinates>-121.3115473,38.8681063,0</coordinates>
      </Point>
    </Placemark>
    <Placemark>
      <name>ALPR</name>
      <description>OSM node: https://www.openstreetmap.org/node/13409312702
Manufacturer: Flock Safety
Direction: 183
Zone: traffic
Camera type: fixed</description>
      <Point>
        <coordinates>-122.685834,38.3718483,0</coordinates>
      </Point>
    </Placemark>
    <Placemark>
      <name>ALPR</name>
      <description>OSM node: https://www.openstreetmap.org/node/13409317801
Manufacturer: Flock Safety
Direction: 222
Zone: traffic
Camera type: fixed</description>
      <Point>
        <coordinates>-122.7049995,38.4317916,0</coordinates>
      </Point>
    </Placemark>
    <Placemark>
      <name>ALPR</name>
      <description>OSM node: https://www.openstreetmap.org/node/13409318201
Manufacturer: Flock Safety
Direction: 219
Zone: traffic
Camera type: fixed</description>
      <Point>
        <coordinates>-122.702438,38.4259225,0</coordinates>
      </Point>
    </Placemark>
    <Placemark>
      <name>ALPR</name>
      <description>OSM node: https://www.openstreetmap.org/node/13409456902
Manufacturer: Motorola Solutions
Direction: 32-92
Zone: traffic
Camera type: fixed</description>
      <Point>
        <coordinates>-118.0291173,33.9169946,0</coordinates>
      </Point>
    </Placemark>
    <Placemark>
      <name>ALPR</name>
      <description>OSM node: https://www.openstreetmap.org/node/13409469801
Manufacturer: Motorola Solutions
Direction: 104-164
Zone: traffic
Camera type: fixed</description>
      <Point>
        <coordinates>-118.0294643,33.9169169,0</coordinates>
      </Point>
    </Placemark>
    <Placemark>
      <name>ALPR</name>
      <description>OSM node: https://www.openstreetmap.org/node/13409503901
Manufacturer: Flock Safety
Direction: 315
Zone: traffic
Camera type: fixed</description>
      <Point>
        <coordinates>-117.5739576,33.8337738,0</coordinates>
      </Point>
    </Placemark>
    <Placemark>
      <name>ALPR</name>
      <description>OSM node: https://www.openstreetmap.org/node/13409505201
Manufacturer: Flock Safety
Direction: 230
Zone: traffic
Camera type: fixed</description>
      <Point>
        <coordinates>-117.5727179,33.8335755,0</coordinates>
      </Point>
    </Placemark>
    <Placemark>
      <name>ALPR</name>
      <description>OSM node: https://www.openstreetmap.org/node/13409505202
Manufacturer: Flock Safety
Direction: 65
Zone: traffic
Camera type: fixed</description>
      <Point>
        <coordinates>-117.5726553,33.8336127,0</coordinates>
      </Point>
    </Placemark>
    <Placemark>
      <name>ALPR</name>
      <description>OSM node: https://www.openstreetmap.org/node/13409506901
Manufacturer: Flock Safety
Direction: 335
Zone: traffic
Camera type: fixed</description>
      <Point>
        <coordinates>-117.5726922,33.8336097,0</coordinates>
      </Point>
    </Placemark>
    <Placemark>
      <name>ALPR</name>
      <description>OSM node: https://www.openstreetmap.org/node/13409611101
Manufacturer: Flock Safety
Direction: 292
Zone: traffic
Camera type: fixed</description>
      <Point>
        <coordinates>-121.7867729,37.9903538,0</coordinates>
      </Point>
    </Placemark>
    <Placemark>
      <name>ALPR</name>
      <description>OSM node: https://www.openstreetmap.org/node/13409669501
Manufacturer: Flock Safety
Direction: 324
Zone: traffic
Camera type: fixed</description>
      <Point>
        <coordinates>-117.2690031,32.9808967,0</coordinates>
      </Point>
    </Placemark>
    <Placemark>
      <name>ALPR</name>
      <description>OSM node: https://www.openstreetmap.org/node/13409671801
Manufacturer: Flock Safety
Direction: 300
Zone: traffic
Camera type: fixed</description>
      <Point>
        <coordinates>-117.2622739,32.9518977,0</coordinates>
      </Point>
    </Placemark>
    <Placemark>
      <name>ALPR</name>
      <description>OSM node: https://www.openstreetmap.org/node/13409688801
Manufacturer: Flock Safety
Direction: 136
Zone: traffic
Camera type: fixed</description>
      <Point>
        <coordinates>-117.2962566,33.6608953,0</coordinates>
      </Point>
    </Placemark>
    <Placemark>
      <name>ALPR</name>
      <description>OSM node: https://www.openstreetmap.org/node/13409734501
Manufacturer: Flock Safety
Direction: 336
Zone: traffic
Camera type: fixed</description>
      <Point>
        <coordinates>-117.2270942,32.9985688,0</coordinates>
      </Point>
    </Placemark>
    <Placemark>
      <name>ALPR</name>
      <description>OSM node: https://www.openstreetmap.org/node/13409735001
Manufacturer: Flock Safety
Direction: 76
Zone: traffic
Camera type: fixed</description>
      <Point>
        <coordinates>-117.2532151,32.9955192,0</coordinates>
      </Point>
    </Placemark>
    <Placemark>
      <name>ALPR</name>
      <description>OSM node: https://www.openstreetmap.org/node/13409836001
Manufacturer: Flock Safety
Direction: 141
Zone: traffic
Camera type: fixed</description>
      <Point>
        <coordinates>-117.1303234,33.6106171,0</coordinates>
      </Point>
    </Placemark>
    <Placemark>
      <name>ALPR</name>
      <description>OSM node: https://www.openstreetmap.org/node/13409855228
Manufacturer: Flock Safety
Direction: 170
Camera type: fixed</description>
      <Point>
        <coordinates>-121.2234209,38.7435717,0</coordinates>
      </Point>
    </Placemark>
    <Placemark>
      <name>ALPR</name>
      <description>OSM node: https://www.openstreetmap.org/node/13409855229
Manufacturer: Flock Safety
Direction: 80
Camera type: fixed</description>
      <Point>
        <coordinates>-121.225867,38.7427295,0</coordinates>
      </Point>
    </Placemark>
    <Placemark>
      <name>ALPR</name>
      <description>OSM node: https://www.openstreetmap.org/node/13409855230
Manufacturer: Flock Safety
Direction: 190
Camera type: fixed</description>
      <Point>
        <coordinates>-121.225086,38.7435517,0</coordinates>
      </Point>
    </Placemark>
    <Placemark>
      <name>ALPR</name>
      <description>OSM node: https://www.openstreetmap.org/node/13409855231
Manufacturer: Flock Safety
Direction: 100;350
Camera type: fixed</description>
      <Point>
        <coordinates>-121.2257607,38.742055,0</coordinates>
      </Point>
    </Placemark>
    <Placemark>
      <name>ALPR</name>
      <description>OSM node: https://www.openstreetmap.org/node/13409885563
Manufacturer: Flock Safety
Direction: 175
Camera type: fixed</description>
      <Point>
        <coordinates>-117.2264061,33.8878081,0</coordinates>
      </Point>
    </Placemark>
    <Placemark>
      <name>ALPR</name>
      <description>OSM node: https://www.openstreetmap.org/node/13409885564
Manufacturer: Flock Safety
Direction: 45
Camera type: fixed</description>
      <Point>
        <coordinates>-117.2060547,33.8912198,0</coordinates>
      </Point>
    </Placemark>
    <Placemark>
      <name>ALPR</name>
      <description>OSM node: https://www.openstreetmap.org/node/13409885565
Manufacturer: Flock Safety
Direction: 350
Camera type: fixed</description>
      <Point>
        <coordinates>-117.1827459,33.8955391,0</coordinates>
      </Point>
    </Placemark>
    <Placemark>
      <name>ALPR</name>
      <description>OSM node: https://www.openstreetmap.org/node/13409885566
Manufacturer: Flock Safety
Direction: 350
Camera type: fixed</description>
      <Point>
        <coordinates>-117.2172831,33.9102283,0</coordinates>
      </Point>
    </Placemark>
    <Placemark>
      <name>ALPR</name>
      <description>OSM node: https://www.openstreetmap.org/node/13409885567
Manufacturer: Flock Safety
Direction: 340
Camera type: fixed</description>
      <Point>
        <coordinates>-117.2434219,33.888885,0</coordinates>
      </Point>
    </Placemark>
    <Placemark>
      <name>ALPR</name>
      <description>OSM node: https://www.openstreetmap.org/node/13409885568
Manufacturer: Flock Safety
Direction: 335
Camera type: fixed</description>
      <Point>
        <coordinates>-117.2871418,33.9087081,0</coordinates>
      </Point>
    </Placemark>
    <Placemark>
      <name>ALPR</name>
      <description>OSM node: https://www.openstreetmap.org/node/13409885569
Manufacturer: Flock Safety
Direction: 165
Camera type: fixed</description>
      <Point>
        <coordinates>-117.0037115,33.8234447,0</coordinates>
      </Point>
    </Placemark>
    <Placemark>
      <name>ALPR</name>
      <description>OSM node: https://www.openstreetmap.org/node/13409885570
Manufacturer: Flock Safety
Direction: 245
Camera type: fixed</description>
      <Point>
        <coordinates>-117.0036929,33.8236809,0</coordinates>
      </Point>
    </Placemark>
    <Placemark>
      <name>ALPR</name>
      <description>OSM node: https://www.openstreetmap.org/node/13409885571
Manufacturer: Flock Safety
Direction: 170
Camera type: fixed</description>
      <Point>
        <coordinates>-116.9721267,33.8017077,0</coordinates>
      </Point>
    </Placemark>
    <Placemark>
      <name>ALPR</name>
      <description>OSM node: https://www.openstreetmap.org/node/13409885572
Manufacturer: Flock Safety
Direction: 65
Camera type: fixed</description>
      <Point>
        <coordinates>-116.972036,33.8016939,0</coordinates>
      </Point>
    </Placemark>
    <Placemark>
      <name>ALPR</name>
      <description>OSM node: https://www.openstreetmap.org/node/13409978401
Manufacturer: Flock Safety
Direction: 27-72
Zone: traffic
Camera type: fixed</description>
      <Point>
        <coordinates>-118.0464276,33.8950861,0</coordinates>
      </Point>
    </Placemark>
    <Placemark>
      <name>ALPR</name>
      <description>OSM node: https://www.openstreetmap.org/node/13409986101
Manufacturer: Flock Safety
Direction: 31
Zone: traffic
Camera type: fixed</description>
      <Point>
        <coordinates>-121.2341099,37.9539089,0</coordinates>
      </Point>
    </Placemark>
    <Placemark>
      <name>ALPR</name>
      <description>OSM node: https://www.openstreetmap.org/node/13409986601
Manufacturer: Flock Safety
Direction: 248
Zone: traffic
Camera type: fixed</description>
      <Point>
        <coordinates>-121.2344659,37.954081,0</coordinates>
      </Point>
    </Placemark>
    <Placemark>
      <name>ALPR</name>
      <description>OSM node: https://www.openstreetmap.org/node/13410062976
Manufacturer: Flock Safety
Direction: 90
Camera type: fixed</description>
      <Point>
        <coordinates>-118.4373592,34.2798984,0</coordinates>
      </Point>
    </Placemark>
    <Placemark>
      <name>The Home Depot ALPR</name>
      <description>OSM node: https://www.openstreetmap.org/node/13410092086
Operator: The Home Depot
Manufacturer: Flock Safety
Direction: 210
Camera type: fixed</description>
      <Point>
        <coordinates>-118.1646491,34.6871945,0</coordinates>
      </Point>
    </Placemark>
    <Placemark>
      <name>The Home Depot ALPR</name>
      <description>OSM node: https://www.openstreetmap.org/node/13410092087
Operator: The Home Depot
Manufacturer: Flock Safety
Direction: 65
Camera type: fixed</description>
      <Point>
        <coordinates>-118.1654162,34.6851238,0</coordinates>
      </Point>
    </Placemark>
    <Placemark>
      <name>ALPR</name>
      <description>OSM node: https://www.openstreetmap.org/node/13410109898
Manufacturer: Unkown
Direction: 275
Camera type: fixed</description>
      <Point>
        <coordinates>-118.1372698,34.6983779,0</coordinates>
      </Point>
    </Placemark>
    <Placemark>
      <name>The Home Depo ALPR</name>
      <description>OSM node: https://www.openstreetmap.org/node/13410129463
Operator: The Home Depo
Manufacturer: Flock Safety
Direction: 210
Camera type: fixed</description>
      <Point>
        <coordinates>-118.4166815,34.2945975,0</coordinates>
      </Point>
    </Placemark>
    <Placemark>
      <name>ALPR</name>
      <description>OSM node: https://www.openstreetmap.org/node/13410137908
Manufacturer: Flock Safety
Direction: 295
Camera type: fixed</description>
      <Point>
        <coordinates>-118.4394578,34.2821818,0</coordinates>
      </Point>
    </Placemark>
    <Placemark>
      <name>ALPR</name>
      <description>OSM node: https://www.openstreetmap.org/node/13410142899
Manufacturer: Flock Safety
Direction: 350
Camera type: fixed</description>
      <Point>
        <coordinates>-118.4403476,34.2815609,0</coordinates>
      </Point>
    </Placemark>
    <Placemark>
      <name>ALPR</name>
      <description>OSM node: https://www.openstreetmap.org/node/13410147013
Manufacturer: Flock Safety
Direction: 110
Camera type: fixed</description>
      <Point>
        <coordinates>-118.4489937,34.2905762,0</coordinates>
      </Point>
    </Placemark>
    <Placemark>
      <name>Brookside Lake HOA ALPR</name>
      <description>OSM node: https://www.openstreetmap.org/node/13410147023
Operator: Brookside Lake HOA
Direction: 200
Zone: entrance</description>
      <Point>
        <coordinates>-121.3671962,37.9818858,0</coordinates>
      </Point>
    </Placemark>
    <Placemark>
      <name>ALPR</name>
      <description>OSM node: https://www.openstreetmap.org/node/13410147474
Manufacturer: Flock Safety
Direction: 40
Camera type: fixed</description>
      <Point>
        <coordinates>-118.3211838,34.1842986,0</coordinates>
      </Point>
    </Placemark>
    <Placemark>
      <name>ALPR</name>
      <description>OSM node: https://www.openstreetmap.org/node/13410147712
Manufacturer: Flock Safety
Direction: 295
Camera type: fixed</description>
      <Point>
        <coordinates>-118.4422575,34.2848354,0</coordinates>
      </Point>
    </Placemark>
    <Placemark>
      <name>ALPR</name>
      <description>OSM node: https://www.openstreetmap.org/node/13410147713
Manufacturer: Flock Safety
Direction: 105
Camera type: fixed</description>
      <Point>
        <coordinates>-118.4422504,34.2845276,0</coordinates>
      </Point>
    </Placemark>
    <Placemark>
      <name>ALPR</name>
      <description>OSM node: https://www.openstreetmap.org/node/13410149901
Manufacturer: Flock Safety
Direction: 160
Zone: traffic
Camera type: fixed</description>
      <Point>
        <coordinates>-121.931344,37.2424076,0</coordinates>
      </Point>
    </Placemark>
    <Placemark>
      <name>ALPR</name>
      <description>OSM node: https://www.openstreetmap.org/node/13410150527
Manufacturer: Flock Safety
Direction: 205
Camera type: fixed</description>
      <Point>
        <coordinates>-118.4492176,34.2907319,0</coordinates>
      </Point>
    </Placemark>
    <Placemark>
      <name>ALPR</name>
      <description>OSM node: https://www.openstreetmap.org/node/13410150528
Manufacturer: Flock Safety
Direction: 25
Camera type: fixed</description>
      <Point>
        <coordinates>-118.4492873,34.2903965,0</coordinates>
      </Point>
    </Placemark>
    <Placemark>
      <name>ALPR</name>
      <description>OSM node: https://www.openstreetmap.org/node/13410150529
Manufacturer: Flock Safety
Direction: 115
Camera type: fixed</description>
      <Point>
        <coordinates>-118.449427,34.2902016,0</coordinates>
      </Point>
    </Placemark>
    <Placemark>
      <name>ALPR</name>
      <description>OSM node: https://www.openstreetmap.org/node/13410167202
Manufacturer: Flock Safety
Direction: 125
Camera type: fixed</description>
      <Point>
        <coordinates>-118.3217385,34.1840247,0</coordinates>
      </Point>
    </Placemark>
    <Placemark>
      <name>ALPR</name>
      <description>OSM node: https://www.openstreetmap.org/node/13410219767
Manufacturer: Flock Safety
Direction: 35
Camera type: fixed</description>
      <Point>
        <coordinates>-118.4301564,34.2913478,0</coordinates>
      </Point>
    </Placemark>
    <Placemark>
      <name>ALPR</name>
      <description>OSM node: https://www.openstreetmap.org/node/13410219768
Manufacturer: Flock Safety
Direction: 295
Camera type: fixed</description>
      <Point>
        <coordinates>-118.4303822,34.2914829,0</coordinates>
      </Point>
    </Placemark>
    <Placemark>
      <name>ALPR</name>
      <description>OSM node: https://www.openstreetmap.org/node/13410219769
Manufacturer: Flock Safety
Direction: 105
Camera type: fixed</description>
      <Point>
        <coordinates>-118.430335,34.2911223,0</coordinates>
      </Point>
    </Placemark>
    <Placemark>
      <name>ALPR</name>
      <description>OSM node: https://www.openstreetmap.org/node/13410219770
Manufacturer: Flock Safety
Direction: 210
Camera type: fixed</description>
      <Point>
        <coordinates>-118.4311867,34.2908384,0</coordinates>
      </Point>
    </Placemark>
  </Document>
</kml>
