<?xml version="1.0" encoding="UTF-8"?>
<kml xmlns="http://www.opengis.net/kml/2.2">
  <Document>
    <name>DeFlock ALPR Cameras -- Florida (2026-08-22) -- part 3 of 5</name>
    <description>Source: OpenStreetMap (surveillance:type=ALPR), same data DeFlock.me displays. ODbL licensed -- see https://www.openstreetmap.org/copyright</description>
    <Placemark>
      <name>Florida Highway Patrol ALPR</name>
      <description>OSM node: https://www.openstreetmap.org/node/13441583601
Operator: Florida Highway Patrol
Manufacturer: Flock Safety
Direction: 102
Zone: traffic
Camera type: fixed</description>
      <Point>
        <coordinates>-81.775045,30.3147842,0</coordinates>
      </Point>
    </Placemark>
    <Placemark>
      <name>ALPR</name>
      <description>OSM node: https://www.openstreetmap.org/node/13441586473
Manufacturer: Motorola Solutions
Direction: 263
Zone: traffic</description>
      <Point>
        <coordinates>-80.3750814,25.1701293,0</coordinates>
      </Point>
    </Placemark>
    <Placemark>
      <name>ALPR</name>
      <description>OSM node: https://www.openstreetmap.org/node/13441586474
Manufacturer: Motorola Solutions
Direction: 83
Zone: traffic</description>
      <Point>
        <coordinates>-80.3750669,25.1701293,0</coordinates>
      </Point>
    </Placemark>
    <Placemark>
      <name>ALPR</name>
      <description>OSM node: https://www.openstreetmap.org/node/13442643702
Manufacturer: Flock Safety
Direction: 164
Zone: traffic
Camera type: fixed</description>
      <Point>
        <coordinates>-80.1320126,26.8388369,0</coordinates>
      </Point>
    </Placemark>
    <Placemark>
      <name>ALPR</name>
      <description>OSM node: https://www.openstreetmap.org/node/13442775257
Manufacturer: Flock Safety
Direction: 150
Camera type: fixed</description>
      <Point>
        <coordinates>-85.5322272,30.392082,0</coordinates>
      </Point>
    </Placemark>
    <Placemark>
      <name>ALPR</name>
      <description>OSM node: https://www.openstreetmap.org/node/13442816761
Manufacturer: Flock Safety
Direction: 160
Camera type: fixed</description>
      <Point>
        <coordinates>-85.6079011,30.190373,0</coordinates>
      </Point>
    </Placemark>
    <Placemark>
      <name>ALPR</name>
      <description>OSM node: https://www.openstreetmap.org/node/13443101402
Manufacturer: Flock Safety
Direction: 60
Zone: traffic
Camera type: fixed</description>
      <Point>
        <coordinates>-80.2063517,26.0176478,0</coordinates>
      </Point>
    </Placemark>
    <Placemark>
      <name>ALPR</name>
      <description>OSM node: https://www.openstreetmap.org/node/13443103801
Manufacturer: Flock Safety
Direction: 240
Zone: traffic
Camera type: fixed</description>
      <Point>
        <coordinates>-80.2093068,26.0177014,0</coordinates>
      </Point>
    </Placemark>
    <Placemark>
      <name>ALPR</name>
      <description>OSM node: https://www.openstreetmap.org/node/13443110301
Manufacturer: Flock Safety
Direction: 150
Zone: traffic
Camera type: fixed</description>
      <Point>
        <coordinates>-82.5427151,29.8733973,0</coordinates>
      </Point>
    </Placemark>
    <Placemark>
      <name>ALPR</name>
      <description>OSM node: https://www.openstreetmap.org/node/13443139001
Manufacturer: Flock Safety
Direction: 161
Zone: traffic
Camera type: fixed</description>
      <Point>
        <coordinates>-81.9464473,30.3651242,0</coordinates>
      </Point>
    </Placemark>
    <Placemark>
      <name>ALPR</name>
      <description>OSM node: https://www.openstreetmap.org/node/13443139002
Manufacturer: Flock Safety
Direction: 0
Zone: traffic
Camera type: fixed</description>
      <Point>
        <coordinates>-81.9461557,30.3650204,0</coordinates>
      </Point>
    </Placemark>
    <Placemark>
      <name>ALPR</name>
      <description>OSM node: https://www.openstreetmap.org/node/13443258001
Manufacturer: Flock Safety
Direction: 189
Zone: traffic
Camera type: fixed</description>
      <Point>
        <coordinates>-81.8304997,30.5628967,0</coordinates>
      </Point>
    </Placemark>
    <Placemark>
      <name>ALPR</name>
      <description>OSM node: https://www.openstreetmap.org/node/13443262701
Manufacturer: Flock Safety
Direction: 6
Zone: traffic
Camera type: fixed</description>
      <Point>
        <coordinates>-81.8296205,30.5637774,0</coordinates>
      </Point>
    </Placemark>
    <Placemark>
      <name>ALPR</name>
      <description>OSM node: https://www.openstreetmap.org/node/13443823401
Manufacturer: Flock Safety
Direction: 64
Zone: traffic
Camera type: fixed</description>
      <Point>
        <coordinates>-82.2856614,27.9959086,0</coordinates>
      </Point>
    </Placemark>
    <Placemark>
      <name>ALPR</name>
      <description>OSM node: https://www.openstreetmap.org/node/13443861602
Manufacturer: Flock Safety
Direction: 229
Zone: traffic
Camera type: fixed</description>
      <Point>
        <coordinates>-82.7333886,27.9476916,0</coordinates>
      </Point>
    </Placemark>
    <Placemark>
      <name>ALPR</name>
      <description>OSM node: https://www.openstreetmap.org/node/13443867301
Manufacturer: Flock Safety
Direction: 174
Zone: traffic
Camera type: fixed</description>
      <Point>
        <coordinates>-80.034222,26.8012618,0</coordinates>
      </Point>
    </Placemark>
    <Placemark>
      <name>ALPR</name>
      <description>OSM node: https://www.openstreetmap.org/node/13443881201
Manufacturer: Flock Safety
Direction: 241
Zone: traffic
Camera type: fixed</description>
      <Point>
        <coordinates>-82.7304836,27.9485293,0</coordinates>
      </Point>
    </Placemark>
    <Placemark>
      <name>ALPR</name>
      <description>OSM node: https://www.openstreetmap.org/node/13443882601
Manufacturer: Flock Safety
Direction: 71
Zone: traffic
Camera type: fixed</description>
      <Point>
        <coordinates>-82.7306741,27.9484405,0</coordinates>
      </Point>
    </Placemark>
    <Placemark>
      <name>ALPR</name>
      <description>OSM node: https://www.openstreetmap.org/node/13443930601
Manufacturer: Flock Safety
Direction: 61
Zone: traffic
Camera type: fixed</description>
      <Point>
        <coordinates>-81.4581401,28.4938318,0</coordinates>
      </Point>
    </Placemark>
    <Placemark>
      <name>ALPR</name>
      <description>OSM node: https://www.openstreetmap.org/node/13443967101
Manufacturer: Motorola Solutions
Direction: 125-185
Zone: traffic
Camera type: fixed</description>
      <Point>
        <coordinates>-81.4952336,27.5146044,0</coordinates>
      </Point>
    </Placemark>
    <Placemark>
      <name>ALPR</name>
      <description>OSM node: https://www.openstreetmap.org/node/13443969001
Manufacturer: Motorola Solutions
Direction: 313-13
Zone: traffic
Camera type: fixed</description>
      <Point>
        <coordinates>-81.4948967,27.514892,0</coordinates>
      </Point>
    </Placemark>
    <Placemark>
      <name>ALPR</name>
      <description>OSM node: https://www.openstreetmap.org/node/13444519397
Manufacturer: Flock Safety
Direction: 330
Zone: traffic
Camera type: fixed</description>
      <Point>
        <coordinates>-80.136077,26.2259155,0</coordinates>
      </Point>
    </Placemark>
    <Placemark>
      <name>ALPR</name>
      <description>OSM node: https://www.openstreetmap.org/node/13444611701
Manufacturer: Flock Safety
Direction: 156
Zone: traffic
Camera type: fixed</description>
      <Point>
        <coordinates>-81.982061,28.462082,0</coordinates>
      </Point>
    </Placemark>
    <Placemark>
      <name>ALPR</name>
      <description>OSM node: https://www.openstreetmap.org/node/13444617401
Manufacturer: Flock Safety
Direction: 335
Zone: traffic
Camera type: fixed</description>
      <Point>
        <coordinates>-81.9817635,28.4615897,0</coordinates>
      </Point>
    </Placemark>
    <Placemark>
      <name>ALPR</name>
      <description>OSM node: https://www.openstreetmap.org/node/13444687601
Manufacturer: Flock Safety
Direction: 112
Zone: traffic
Camera type: fixed</description>
      <Point>
        <coordinates>-81.537869,28.5522839,0</coordinates>
      </Point>
    </Placemark>
    <Placemark>
      <name>ALPR</name>
      <description>OSM node: https://www.openstreetmap.org/node/13444687901
Manufacturer: Flock Safety
Direction: 168
Zone: traffic
Camera type: fixed</description>
      <Point>
        <coordinates>-81.537819,28.5522803,0</coordinates>
      </Point>
    </Placemark>
    <Placemark>
      <name>UoF ALPR</name>
      <description>OSM node: https://www.openstreetmap.org/node/13444783799
Operator: UoF
Manufacturer: AXIS
Direction: 65;295
Camera type: fixed</description>
      <Point>
        <coordinates>-82.371776,29.6421593,0</coordinates>
      </Point>
    </Placemark>
    <Placemark>
      <name>ALPR</name>
      <description>OSM node: https://www.openstreetmap.org/node/13444786709
Direction: 315
Camera type: fixed</description>
      <Point>
        <coordinates>-82.3459783,29.6384089,0</coordinates>
      </Point>
    </Placemark>
    <Placemark>
      <name>ALPR</name>
      <description>OSM node: https://www.openstreetmap.org/node/13444800114
Direction: 35
Camera type: fixed</description>
      <Point>
        <coordinates>-82.345769,29.6381545,0</coordinates>
      </Point>
    </Placemark>
    <Placemark>
      <name>Lowe's ALPR</name>
      <description>OSM node: https://www.openstreetmap.org/node/13445052035
Operator: Lowe's
Manufacturer: Flock Safety
Direction: 170
Zone: parking
Camera type: fixed</description>
      <Point>
        <coordinates>-81.588519,30.2231567,0</coordinates>
      </Point>
    </Placemark>
    <Placemark>
      <name>Lowe's ALPR</name>
      <description>OSM node: https://www.openstreetmap.org/node/13445059167
Operator: Lowe's
Manufacturer: Flock Safety
Direction: 230
Zone: parking
Camera type: fixed</description>
      <Point>
        <coordinates>-81.5876922,30.2235391,0</coordinates>
      </Point>
    </Placemark>
    <Placemark>
      <name>ALPR</name>
      <description>OSM node: https://www.openstreetmap.org/node/13445148338
Manufacturer: Flock Safety
Direction: 130
Zone: parking
Camera type: fixed</description>
      <Point>
        <coordinates>-81.5834517,30.2290746,0</coordinates>
      </Point>
    </Placemark>
    <Placemark>
      <name>ALPR</name>
      <description>OSM node: https://www.openstreetmap.org/node/13445148339
Manufacturer: Flock Safety
Direction: 180
Zone: parking
Camera type: fixed</description>
      <Point>
        <coordinates>-81.5840489,30.2288466,0</coordinates>
      </Point>
    </Placemark>
    <Placemark>
      <name>ALPR</name>
      <description>OSM node: https://www.openstreetmap.org/node/13446111701
Manufacturer: Flock Safety
Direction: 54
Zone: traffic
Camera type: fixed</description>
      <Point>
        <coordinates>-80.2380281,25.9946587,0</coordinates>
      </Point>
    </Placemark>
    <Placemark>
      <name>ALPR</name>
      <description>OSM node: https://www.openstreetmap.org/node/13446117901
Manufacturer: Flock Safety
Direction: 233
Zone: traffic
Camera type: fixed</description>
      <Point>
        <coordinates>-80.2795578,25.9938892,0</coordinates>
      </Point>
    </Placemark>
    <Placemark>
      <name>ALPR</name>
      <description>OSM node: https://www.openstreetmap.org/node/13446121901
Manufacturer: Flock Safety
Direction: 232
Zone: traffic
Camera type: fixed</description>
      <Point>
        <coordinates>-80.3004343,25.9933732,0</coordinates>
      </Point>
    </Placemark>
    <Placemark>
      <name>ALPR</name>
      <description>OSM node: https://www.openstreetmap.org/node/13446143701
Manufacturer: Motorola Solutions
Direction: 63;52
Zone: traffic
Camera type: fixed</description>
      <Point>
        <coordinates>-80.3130351,26.063235,0</coordinates>
      </Point>
    </Placemark>
    <Placemark>
      <name>Pasco Sheriff’s Office ALPR</name>
      <description>OSM node: https://www.openstreetmap.org/node/13446346601
Operator: Pasco Sheriff’s Office
Manufacturer: Motorola Solutions
Direction: 249
Zone: traffic
Camera type: fixed</description>
      <Point>
        <coordinates>-82.3539288,28.1861989,0</coordinates>
      </Point>
    </Placemark>
    <Placemark>
      <name>Pasco Sheriff’s Office ALPR</name>
      <description>OSM node: https://www.openstreetmap.org/node/13446347701
Operator: Pasco Sheriff’s Office
Manufacturer: Motorola Solutions
Direction: 177
Zone: traffic
Camera type: fixed</description>
      <Point>
        <coordinates>-82.3538171,28.1856573,0</coordinates>
      </Point>
    </Placemark>
    <Placemark>
      <name>ALPR</name>
      <description>OSM node: https://www.openstreetmap.org/node/13446703901
Manufacturer: Flock Safety
Direction: 20
Zone: traffic
Camera type: fixed</description>
      <Point>
        <coordinates>-82.3825255,29.6246766,0</coordinates>
      </Point>
    </Placemark>
    <Placemark>
      <name>ALPR</name>
      <description>OSM node: https://www.openstreetmap.org/node/13446728301
Manufacturer: Flock Safety
Direction: 77
Zone: traffic
Camera type: fixed</description>
      <Point>
        <coordinates>-84.0357655,30.403194,0</coordinates>
      </Point>
    </Placemark>
    <Placemark>
      <name>ALPR</name>
      <description>OSM node: https://www.openstreetmap.org/node/13446753901
Manufacturer: Flock Safety
Direction: 121
Zone: traffic
Camera type: fixed</description>
      <Point>
        <coordinates>-81.3214089,29.2248897,0</coordinates>
      </Point>
    </Placemark>
    <Placemark>
      <name>ALPR</name>
      <description>OSM node: https://www.openstreetmap.org/node/13446831602
Manufacturer: Flock Safety
Direction: 91
Zone: traffic
Camera type: fixed</description>
      <Point>
        <coordinates>-83.9440717,30.1441029,0</coordinates>
      </Point>
    </Placemark>
    <Placemark>
      <name>ALPR</name>
      <description>OSM node: https://www.openstreetmap.org/node/13446831603
Manufacturer: Flock Safety
Direction: 280
Zone: traffic
Camera type: fixed</description>
      <Point>
        <coordinates>-83.9755195,30.1474697,0</coordinates>
      </Point>
    </Placemark>
    <Placemark>
      <name>ALPR</name>
      <description>OSM node: https://www.openstreetmap.org/node/13446866301
Manufacturer: Flock Safety
Direction: 263
Zone: traffic
Camera type: fixed</description>
      <Point>
        <coordinates>-84.1797007,30.1993958,0</coordinates>
      </Point>
    </Placemark>
    <Placemark>
      <name>ALPR</name>
      <description>OSM node: https://www.openstreetmap.org/node/13446868001
Manufacturer: Flock Safety
Direction: 92
Zone: traffic
Camera type: fixed</description>
      <Point>
        <coordinates>-84.1795026,30.1992331,0</coordinates>
      </Point>
    </Placemark>
    <Placemark>
      <name>ALPR</name>
      <description>OSM node: https://www.openstreetmap.org/node/13446878201
Manufacturer: Flock Safety
Direction: 110
Zone: traffic
Camera type: fixed</description>
      <Point>
        <coordinates>-81.5280838,30.2590011,0</coordinates>
      </Point>
    </Placemark>
    <Placemark>
      <name>ALPR</name>
      <description>OSM node: https://www.openstreetmap.org/node/13446884101
Manufacturer: Flock Safety
Direction: 273
Zone: traffic
Camera type: fixed</description>
      <Point>
        <coordinates>-84.2295126,30.2323707,0</coordinates>
      </Point>
    </Placemark>
    <Placemark>
      <name>ALPR</name>
      <description>OSM node: https://www.openstreetmap.org/node/13447061001
Manufacturer: Flock Safety
Direction: 237
Zone: traffic
Camera type: fixed</description>
      <Point>
        <coordinates>-80.2542562,26.2725727,0</coordinates>
      </Point>
    </Placemark>
    <Placemark>
      <name>ALPR</name>
      <description>OSM node: https://www.openstreetmap.org/node/13447102101
Manufacturer: Flock Safety
Direction: 317-2
Zone: traffic
Camera type: fixed</description>
      <Point>
        <coordinates>-81.6493669,28.0820982,0</coordinates>
      </Point>
    </Placemark>
    <Placemark>
      <name>ALPR</name>
      <description>OSM node: https://www.openstreetmap.org/node/13447103401
Manufacturer: Flock Safety
Direction: 312-357
Zone: traffic
Camera type: fixed</description>
      <Point>
        <coordinates>-81.6493539,28.082064,0</coordinates>
      </Point>
    </Placemark>
    <Placemark>
      <name>ALPR</name>
      <description>OSM node: https://www.openstreetmap.org/node/13447117601
Manufacturer: Flock Safety
Direction: 126
Zone: traffic
Camera type: fixed</description>
      <Point>
        <coordinates>-80.2890876,25.7778408,0</coordinates>
      </Point>
    </Placemark>
    <Placemark>
      <name>ALPR</name>
      <description>OSM node: https://www.openstreetmap.org/node/13447118201
Manufacturer: Flock Safety
Direction: 294
Zone: traffic
Camera type: fixed</description>
      <Point>
        <coordinates>-80.2884052,25.7772006,0</coordinates>
      </Point>
    </Placemark>
    <Placemark>
      <name>The Home Depot ALPR</name>
      <description>OSM node: https://www.openstreetmap.org/node/13447127601
Operator: The Home Depot
Manufacturer: Flock Safety
Direction: 86
Zone: traffic
Camera type: fixed</description>
      <Point>
        <coordinates>-80.2719418,27.2477766,0</coordinates>
      </Point>
    </Placemark>
    <Placemark>
      <name>The Home Depot ALPR</name>
      <description>OSM node: https://www.openstreetmap.org/node/13447128001
Operator: The Home Depot
Manufacturer: Flock Safety
Direction: 0
Zone: traffic
Camera type: fixed</description>
      <Point>
        <coordinates>-80.2719438,27.247685,0</coordinates>
      </Point>
    </Placemark>
    <Placemark>
      <name>Neptune Beach Police Department ALPR</name>
      <description>OSM node: https://www.openstreetmap.org/node/13447278801
Operator: Neptune Beach Police Department
Manufacturer: Flock Safety
Direction: 337
Zone: traffic
Camera type: fixed</description>
      <Point>
        <coordinates>-81.3980396,30.3244317,0</coordinates>
      </Point>
    </Placemark>
    <Placemark>
      <name>ALPR</name>
      <description>OSM node: https://www.openstreetmap.org/node/13447342801
Manufacturer: Flock Safety
Direction: 137-182
Zone: traffic
Camera type: fixed</description>
      <Point>
        <coordinates>-81.6612699,28.1357702,0</coordinates>
      </Point>
    </Placemark>
    <Placemark>
      <name>ALPR</name>
      <description>OSM node: https://www.openstreetmap.org/node/13447344293
Manufacturer: Motorola Solutions
Direction: 70
Zone: traffic
Camera type: fixed</description>
      <Point>
        <coordinates>-81.871033,26.534235,0</coordinates>
      </Point>
    </Placemark>
    <Placemark>
      <name>ALPR</name>
      <description>OSM node: https://www.openstreetmap.org/node/13447344294
Manufacturer: Motorola Solutions
Direction: 340
Zone: traffic
Camera type: fixed</description>
      <Point>
        <coordinates>-81.8710384,26.5342194,0</coordinates>
      </Point>
    </Placemark>
    <Placemark>
      <name>ALPR</name>
      <description>OSM node: https://www.openstreetmap.org/node/13448487561
Manufacturer: Flock Safety
Direction: 70
Camera type: fixed</description>
      <Point>
        <coordinates>-81.5283847,30.257925,0</coordinates>
      </Point>
    </Placemark>
    <Placemark>
      <name>ALPR</name>
      <description>OSM node: https://www.openstreetmap.org/node/13448576801
Manufacturer: Flock Safety
Direction: 190
Zone: traffic
Camera type: fixed</description>
      <Point>
        <coordinates>-81.7399042,26.5938698,0</coordinates>
      </Point>
    </Placemark>
    <Placemark>
      <name>ALPR</name>
      <description>OSM node: https://www.openstreetmap.org/node/13448577401
Manufacturer: Flock Safety
Direction: 0
Zone: traffic
Camera type: fixed</description>
      <Point>
        <coordinates>-81.7398454,26.5935313,0</coordinates>
      </Point>
    </Placemark>
    <Placemark>
      <name>ALPR</name>
      <description>OSM node: https://www.openstreetmap.org/node/13448591062
Manufacturer: Flock Safety
Direction: 60
Camera type: fixed</description>
      <Point>
        <coordinates>-81.5286235,30.2601769,0</coordinates>
      </Point>
    </Placemark>
    <Placemark>
      <name>ALPR</name>
      <description>OSM node: https://www.openstreetmap.org/node/13448682001
Manufacturer: Flock Safety
Direction: 84
Zone: traffic
Camera type: fixed</description>
      <Point>
        <coordinates>-81.9899549,28.0384555,0</coordinates>
      </Point>
    </Placemark>
    <Placemark>
      <name>ALPR</name>
      <description>OSM node: https://www.openstreetmap.org/node/13448714469
Manufacturer: Flock Safety
Direction: 255
Zone: traffic
Camera type: fixed</description>
      <Point>
        <coordinates>-81.9152517,28.0133308,0</coordinates>
      </Point>
    </Placemark>
    <Placemark>
      <name>ALPR</name>
      <description>OSM node: https://www.openstreetmap.org/node/13448772831
Manufacturer: Flock Safety
Direction: 85
Zone: parking_entrance
Camera type: fixed</description>
      <Point>
        <coordinates>-81.6165219,27.9475876,0</coordinates>
      </Point>
    </Placemark>
    <Placemark>
      <name>ALPR</name>
      <description>OSM node: https://www.openstreetmap.org/node/13448801301
Manufacturer: Flock Safety
Direction: 123
Zone: traffic
Camera type: fixed</description>
      <Point>
        <coordinates>-82.2641711,27.9368667,0</coordinates>
      </Point>
    </Placemark>
    <Placemark>
      <name>ALPR</name>
      <description>OSM node: https://www.openstreetmap.org/node/13448813401
Manufacturer: Flock Safety
Direction: 40
Camera type: fixed</description>
      <Point>
        <coordinates>-81.6448422,28.2250428,0</coordinates>
      </Point>
    </Placemark>
    <Placemark>
      <name>Celebration Community Development District ALPR</name>
      <description>OSM node: https://www.openstreetmap.org/node/13448853748
Operator: Celebration Community Development District
Manufacturer: Motorola Solutions
Direction: 330
Zone: traffic
Camera type: fixed</description>
      <Point>
        <coordinates>-81.5470128,28.3258905,0</coordinates>
      </Point>
    </Placemark>
    <Placemark>
      <name>ALPR</name>
      <description>OSM node: https://www.openstreetmap.org/node/13448923750
Manufacturer: Flock Safety
Direction: 170
Zone: traffic
Camera type: fixed</description>
      <Point>
        <coordinates>-81.5390156,27.8066594,0</coordinates>
      </Point>
    </Placemark>
    <Placemark>
      <name>ALPR</name>
      <description>OSM node: https://www.openstreetmap.org/node/13448930801
Manufacturer: Flock Safety
Direction: 65
Zone: traffic
Camera type: fixed</description>
      <Point>
        <coordinates>-80.3026915,25.6798391,0</coordinates>
      </Point>
    </Placemark>
    <Placemark>
      <name>ALPR</name>
      <description>OSM node: https://www.openstreetmap.org/node/13448953717
Manufacturer: Flock Safety
Direction: 345
Zone: traffic
Camera type: fixed</description>
      <Point>
        <coordinates>-81.5389988,27.8106719,0</coordinates>
      </Point>
    </Placemark>
    <Placemark>
      <name>ALPR</name>
      <description>OSM node: https://www.openstreetmap.org/node/13448986585
Manufacturer: Flock Safety
Direction: 315
Zone: traffic
Camera type: fixed</description>
      <Point>
        <coordinates>-81.6298912,27.9740147,0</coordinates>
      </Point>
    </Placemark>
    <Placemark>
      <name>UoF ALPR</name>
      <description>OSM node: https://www.openstreetmap.org/node/13449157498
Operator: UoF
Manufacturer: AXIS
Direction: 50
Camera type: fixed</description>
      <Point>
        <coordinates>-82.3722866,29.6375505,0</coordinates>
      </Point>
    </Placemark>
    <Placemark>
      <name>ALPR</name>
      <description>OSM node: https://www.openstreetmap.org/node/13449207356
Manufacturer: Flock Safety
Direction: 160
Camera type: fixed</description>
      <Point>
        <coordinates>-82.1624097,30.263388,0</coordinates>
      </Point>
    </Placemark>
    <Placemark>
      <name>ALPR</name>
      <description>OSM node: https://www.openstreetmap.org/node/13449207357
Manufacturer: Flock Safety
Direction: 150
Camera type: fixed</description>
      <Point>
        <coordinates>-82.123079,30.2612024,0</coordinates>
      </Point>
    </Placemark>
    <Placemark>
      <name>ALPR</name>
      <description>OSM node: https://www.openstreetmap.org/node/13449305686
Manufacturer: Flock Safety
Direction: 250;210
Camera type: fixed</description>
      <Point>
        <coordinates>-81.5236232,30.2678249,0</coordinates>
      </Point>
    </Placemark>
    <Placemark>
      <name>ALPR</name>
      <description>OSM node: https://www.openstreetmap.org/node/13449314064
Manufacturer: Flock Safety
Direction: 65
Camera type: fixed</description>
      <Point>
        <coordinates>-81.536168,30.2544391,0</coordinates>
      </Point>
    </Placemark>
    <Placemark>
      <name>ALPR</name>
      <description>OSM node: https://www.openstreetmap.org/node/13449553301
Manufacturer: Motorola Solutions
Direction: 47
Zone: traffic
Camera type: fixed</description>
      <Point>
        <coordinates>-80.1976597,25.7953879,0</coordinates>
      </Point>
    </Placemark>
    <Placemark>
      <name>ALPR</name>
      <description>OSM node: https://www.openstreetmap.org/node/13450525301
Manufacturer: Flock Safety
Direction: 343
Zone: traffic
Camera type: fixed</description>
      <Point>
        <coordinates>-86.4737674,30.5178909,0</coordinates>
      </Point>
    </Placemark>
    <Placemark>
      <name>ALPR</name>
      <description>OSM node: https://www.openstreetmap.org/node/13450923810
Manufacturer: Flock Safety
Direction: 55
Camera type: fixed</description>
      <Point>
        <coordinates>-85.5723541,30.7758931,0</coordinates>
      </Point>
    </Placemark>
    <Placemark>
      <name>ALPR</name>
      <description>OSM node: https://www.openstreetmap.org/node/13451365701
Manufacturer: Flock Safety
Direction: 192
Zone: traffic
Camera type: fixed</description>
      <Point>
        <coordinates>-82.4086815,28.5318586,0</coordinates>
      </Point>
    </Placemark>
    <Placemark>
      <name>ALPR</name>
      <description>OSM node: https://www.openstreetmap.org/node/13451837174
Manufacturer: Flock Safety
Direction: 15;205
Zone: traffic
Camera type: fixed</description>
      <Point>
        <coordinates>-81.5609778,28.8515772,0</coordinates>
      </Point>
    </Placemark>
    <Placemark>
      <name>ALPR</name>
      <description>OSM node: https://www.openstreetmap.org/node/13451845691
Manufacturer: Flock Safety
Direction: 25
Zone: traffic
Camera type: fixed</description>
      <Point>
        <coordinates>-81.4847151,28.8775522,0</coordinates>
      </Point>
    </Placemark>
    <Placemark>
      <name>ALPR</name>
      <description>OSM node: https://www.openstreetmap.org/node/13451883601
Manufacturer: Flock Safety
Direction: 219
Zone: traffic
Camera type: fixed</description>
      <Point>
        <coordinates>-80.6267655,28.1306697,0</coordinates>
      </Point>
    </Placemark>
    <Placemark>
      <name>ALPR</name>
      <description>OSM node: https://www.openstreetmap.org/node/13451884501
Manufacturer: Flock Safety
Direction: 229
Zone: traffic
Camera type: fixed</description>
      <Point>
        <coordinates>-80.5753278,28.0892865,0</coordinates>
      </Point>
    </Placemark>
    <Placemark>
      <name>ALPR</name>
      <description>OSM node: https://www.openstreetmap.org/node/13451886401
Manufacturer: Flock Safety
Direction: 278
Zone: traffic
Camera type: fixed</description>
      <Point>
        <coordinates>-80.5881913,28.1211073,0</coordinates>
      </Point>
    </Placemark>
    <Placemark>
      <name>ALPR</name>
      <description>OSM node: https://www.openstreetmap.org/node/13452130058
Manufacturer: Motorola Solutions
Direction: 175
Camera type: fixed</description>
      <Point>
        <coordinates>-81.7444482,28.5646756,0</coordinates>
      </Point>
    </Placemark>
    <Placemark>
      <name>ALPR</name>
      <description>OSM node: https://www.openstreetmap.org/node/13452130059
Manufacturer: Motorola Solutions
Direction: 320
Camera type: fixed</description>
      <Point>
        <coordinates>-81.7439241,28.5650537,0</coordinates>
      </Point>
    </Placemark>
    <Placemark>
      <name>ALPR</name>
      <description>OSM node: https://www.openstreetmap.org/node/13452198164
Manufacturer: Axis Communications
Direction: 90
Camera type: fixed</description>
      <Point>
        <coordinates>-81.6696363,28.5462866,0</coordinates>
      </Point>
    </Placemark>
    <Placemark>
      <name>ALPR</name>
      <description>OSM node: https://www.openstreetmap.org/node/13452217560
Manufacturer: Motorola Solutions
Direction: 150;240
Camera type: fixed</description>
      <Point>
        <coordinates>-81.7071896,28.546906,0</coordinates>
      </Point>
    </Placemark>
    <Placemark>
      <name>ALPR</name>
      <description>OSM node: https://www.openstreetmap.org/node/13452217562
Manufacturer: Motorola Solutions
Direction: 50;330
Camera type: fixed</description>
      <Point>
        <coordinates>-81.7067633,28.5464671,0</coordinates>
      </Point>
    </Placemark>
    <Placemark>
      <name>ALPR</name>
      <description>OSM node: https://www.openstreetmap.org/node/13452571401
Manufacturer: Flock Safety
Direction: 333
Zone: traffic
Camera type: fixed</description>
      <Point>
        <coordinates>-80.2939107,25.6603148,0</coordinates>
      </Point>
    </Placemark>
    <Placemark>
      <name>Florida Highway Patrol ALPR</name>
      <description>OSM node: https://www.openstreetmap.org/node/13452620301
Operator: Florida Highway Patrol
Manufacturer: Flock Safety
Direction: 292
Zone: traffic
Camera type: fixed</description>
      <Point>
        <coordinates>-81.4349579,30.257661,0</coordinates>
      </Point>
    </Placemark>
    <Placemark>
      <name>ALPR</name>
      <description>OSM node: https://www.openstreetmap.org/node/13452659066
Manufacturer: Flock Safety
Direction: 100
Camera type: fixed</description>
      <Point>
        <coordinates>-80.0411894,26.7018179,0</coordinates>
      </Point>
    </Placemark>
    <Placemark>
      <name>ALPR</name>
      <description>OSM node: https://www.openstreetmap.org/node/13452818601
Manufacturer: Flock Safety
Direction: 189
Zone: traffic
Camera type: fixed</description>
      <Point>
        <coordinates>-82.3601724,28.2229596,0</coordinates>
      </Point>
    </Placemark>
    <Placemark>
      <name>ALPR</name>
      <description>OSM node: https://www.openstreetmap.org/node/13452986401
Manufacturer: Flock Safety
Direction: 64
Zone: traffic
Camera type: fixed</description>
      <Point>
        <coordinates>-87.5174628,30.2817451,0</coordinates>
      </Point>
    </Placemark>
    <Placemark>
      <name>ALPR</name>
      <description>OSM node: https://www.openstreetmap.org/node/13453018501
Manufacturer: Flock Safety
Direction: 64
Zone: traffic
Camera type: fixed</description>
      <Point>
        <coordinates>-87.5174628,30.2817451,0</coordinates>
      </Point>
    </Placemark>
    <Placemark>
      <name>ALPR</name>
      <description>OSM node: https://www.openstreetmap.org/node/13453018701
Manufacturer: Motorola Solutions
Direction: 235
Zone: traffic
Camera type: fixed</description>
      <Point>
        <coordinates>-87.2541926,30.3943806,0</coordinates>
      </Point>
    </Placemark>
    <Placemark>
      <name>ALPR</name>
      <description>OSM node: https://www.openstreetmap.org/node/13453154601
Manufacturer: Flock Safety
Direction: 336
Zone: traffic
Camera type: fixed</description>
      <Point>
        <coordinates>-86.4127856,30.5050621,0</coordinates>
      </Point>
    </Placemark>
    <Placemark>
      <name>ALPR</name>
      <description>OSM node: https://www.openstreetmap.org/node/13453363201
Manufacturer: Flock Safety
Direction: 356
Zone: traffic
Camera type: fixed</description>
      <Point>
        <coordinates>-81.9479455,30.3589328,0</coordinates>
      </Point>
    </Placemark>
    <Placemark>
      <name>ALPR</name>
      <description>OSM node: https://www.openstreetmap.org/node/13453734201
Manufacturer: Flock Safety
Direction: 168
Zone: traffic
Camera type: fixed</description>
      <Point>
        <coordinates>-80.1053984,26.8361678,0</coordinates>
      </Point>
    </Placemark>
    <Placemark>
      <name>ALPR</name>
      <description>OSM node: https://www.openstreetmap.org/node/13453746104
Manufacturer: Motorola Solutions
Direction: 167
Zone: traffic
Camera type: fixed</description>
      <Point>
        <coordinates>-81.5599722,28.7560693,0</coordinates>
      </Point>
    </Placemark>
    <Placemark>
      <name>ALPR</name>
      <description>OSM node: https://www.openstreetmap.org/node/13453746504
Manufacturer: Motorola Solutions
Direction: 240
Zone: traffic
Camera type: fixed</description>
      <Point>
        <coordinates>-81.5600583,28.7651562,0</coordinates>
      </Point>
    </Placemark>
    <Placemark>
      <name>ALPR</name>
      <description>OSM node: https://www.openstreetmap.org/node/13453866801
Manufacturer: Flock Safety
Direction: 78
Zone: traffic
Camera type: fixed</description>
      <Point>
        <coordinates>-84.2369941,30.4106094,0</coordinates>
      </Point>
    </Placemark>
    <Placemark>
      <name>ALPR</name>
      <description>OSM node: https://www.openstreetmap.org/node/13453871201
Manufacturer: Flock Safety
Direction: 168
Zone: traffic
Camera type: fixed</description>
      <Point>
        <coordinates>-82.137979,28.0031065,0</coordinates>
      </Point>
    </Placemark>
    <Placemark>
      <name>ALPR</name>
      <description>OSM node: https://www.openstreetmap.org/node/13453933401
Manufacturer: Flock Safety
Direction: 114
Zone: traffic
Camera type: fixed</description>
      <Point>
        <coordinates>-85.9469974,30.2497342,0</coordinates>
      </Point>
    </Placemark>
    <Placemark>
      <name>ALPR</name>
      <description>OSM node: https://www.openstreetmap.org/node/13454071302
Manufacturer: Flock Safety
Direction: 122
Zone: traffic
Camera type: fixed</description>
      <Point>
        <coordinates>-85.9185805,30.2367497,0</coordinates>
      </Point>
    </Placemark>
    <Placemark>
      <name>ALPR</name>
      <description>OSM node: https://www.openstreetmap.org/node/13454079601
Manufacturer: Flock Safety
Direction: 30
Zone: traffic
Camera type: fixed</description>
      <Point>
        <coordinates>-85.8859859,30.2206056,0</coordinates>
      </Point>
    </Placemark>
    <Placemark>
      <name>ALPR</name>
      <description>OSM node: https://www.openstreetmap.org/node/13454276479
Manufacturer: Flock Safety
Direction: 330
Zone: traffic
Camera type: fixed</description>
      <Point>
        <coordinates>-85.5000945,30.7015114,0</coordinates>
      </Point>
    </Placemark>
    <Placemark>
      <name>ALPR</name>
      <description>OSM node: https://www.openstreetmap.org/node/13456408832
Direction: 310
Zone: parking</description>
      <Point>
        <coordinates>-86.1271946,30.7620637,0</coordinates>
      </Point>
    </Placemark>
    <Placemark>
      <name>ALPR</name>
      <description>OSM node: https://www.openstreetmap.org/node/13456446773
Direction: 195
Zone: parking</description>
      <Point>
        <coordinates>-86.1271839,30.7620291,0</coordinates>
      </Point>
    </Placemark>
    <Placemark>
      <name>ALPR</name>
      <description>OSM node: https://www.openstreetmap.org/node/13456534701
Manufacturer: Genetec
Direction: 7
Zone: traffic
Camera type: fixed</description>
      <Point>
        <coordinates>-82.4468265,27.962319,0</coordinates>
      </Point>
    </Placemark>
    <Placemark>
      <name>ALPR</name>
      <description>OSM node: https://www.openstreetmap.org/node/13456537301
Manufacturer: Genetec
Direction: 351
Zone: traffic
Camera type: fixed</description>
      <Point>
        <coordinates>-82.4512265,27.9532557,0</coordinates>
      </Point>
    </Placemark>
    <Placemark>
      <name>ALPR</name>
      <description>OSM node: https://www.openstreetmap.org/node/13456649498
Manufacturer: Flock Safety
Direction: 305;50;61;291
Zone: traffic
Camera type: fixed</description>
      <Point>
        <coordinates>-80.0685918,26.5143628,0</coordinates>
      </Point>
    </Placemark>
    <Placemark>
      <name>ALPR</name>
      <description>OSM node: https://www.openstreetmap.org/node/13456741001
Manufacturer: Flock Safety
Direction: 112
Zone: traffic
Camera type: fixed</description>
      <Point>
        <coordinates>-80.4135669,27.2643137,0</coordinates>
      </Point>
    </Placemark>
    <Placemark>
      <name>ALPR</name>
      <description>OSM node: https://www.openstreetmap.org/node/13456872601
Manufacturer: Flock Safety
Direction: 287
Zone: traffic
Camera type: fixed</description>
      <Point>
        <coordinates>-85.8304085,30.1966259,0</coordinates>
      </Point>
    </Placemark>
    <Placemark>
      <name>ALPR</name>
      <description>OSM node: https://www.openstreetmap.org/node/13456945902
Manufacturer: Flock Safety
Direction: 347
Zone: traffic
Camera type: fixed</description>
      <Point>
        <coordinates>-84.3377264,30.4418053,0</coordinates>
      </Point>
    </Placemark>
    <Placemark>
      <name>ALPR</name>
      <description>OSM node: https://www.openstreetmap.org/node/13456954301
Manufacturer: Flock Safety
Direction: 172
Zone: traffic
Camera type: fixed</description>
      <Point>
        <coordinates>-84.338117,30.4526467,0</coordinates>
      </Point>
    </Placemark>
    <Placemark>
      <name>ALPR</name>
      <description>OSM node: https://www.openstreetmap.org/node/13456954401
Manufacturer: Flock Safety
Direction: 172
Zone: traffic
Camera type: fixed</description>
      <Point>
        <coordinates>-84.338117,30.4526467,0</coordinates>
      </Point>
    </Placemark>
    <Placemark>
      <name>ALPR</name>
      <description>OSM node: https://www.openstreetmap.org/node/13456957901
Manufacturer: Flock Safety
Direction: 163
Zone: traffic
Camera type: fixed</description>
      <Point>
        <coordinates>-82.5712514,27.4993057,0</coordinates>
      </Point>
    </Placemark>
    <Placemark>
      <name>ALPR</name>
      <description>OSM node: https://www.openstreetmap.org/node/13456968001
Manufacturer: Flock Safety
Direction: 0;124
Zone: traffic
Camera type: fixed</description>
      <Point>
        <coordinates>-80.2623205,25.807772,0</coordinates>
      </Point>
    </Placemark>
    <Placemark>
      <name>ALPR</name>
      <description>OSM node: https://www.openstreetmap.org/node/13457235801
Manufacturer: Flock Safety
Direction: 0
Zone: traffic
Camera type: fixed</description>
      <Point>
        <coordinates>-81.7118606,30.0921952,0</coordinates>
      </Point>
    </Placemark>
    <Placemark>
      <name>ALPR</name>
      <description>OSM node: https://www.openstreetmap.org/node/13457299072
Manufacturer: Flock Safety
Direction: 210
Zone: traffic
Camera type: fixed</description>
      <Point>
        <coordinates>-81.486082,28.8767091,0</coordinates>
      </Point>
    </Placemark>
    <Placemark>
      <name>ALPR</name>
      <description>OSM node: https://www.openstreetmap.org/node/13457943801
Manufacturer: Flock Safety
Direction: 246
Zone: traffic
Camera type: fixed</description>
      <Point>
        <coordinates>-80.3029761,25.6743814,0</coordinates>
      </Point>
    </Placemark>
    <Placemark>
      <name>ALPR</name>
      <description>OSM node: https://www.openstreetmap.org/node/13457977601
Manufacturer: Flock Safety
Direction: 219-264
Zone: traffic
Camera type: fixed</description>
      <Point>
        <coordinates>-82.414441,27.9816998,0</coordinates>
      </Point>
    </Placemark>
    <Placemark>
      <name>Lowe's ALPR</name>
      <description>OSM node: https://www.openstreetmap.org/node/13458322933
Operator: Lowe's
Manufacturer: Flock Safety
Direction: 45
Zone: traffic
Camera type: fixed</description>
      <Point>
        <coordinates>-81.5869919,30.2219394,0</coordinates>
      </Point>
    </Placemark>
    <Placemark>
      <name>ALPR</name>
      <description>OSM node: https://www.openstreetmap.org/node/13458335601
Manufacturer: Flock Safety
Direction: 0
Zone: traffic
Camera type: fixed</description>
      <Point>
        <coordinates>-80.277525,25.9392484,0</coordinates>
      </Point>
    </Placemark>
    <Placemark>
      <name>ALPR</name>
      <description>OSM node: https://www.openstreetmap.org/node/13458339701
Manufacturer: Flock Safety
Direction: 143
Zone: traffic
Camera type: fixed</description>
      <Point>
        <coordinates>-80.2775405,25.9392393,0</coordinates>
      </Point>
    </Placemark>
    <Placemark>
      <name>ALPR</name>
      <description>OSM node: https://www.openstreetmap.org/node/13458666701
Manufacturer: Flock Safety
Direction: 79
Zone: traffic
Camera type: fixed</description>
      <Point>
        <coordinates>-80.623258,28.0277489,0</coordinates>
      </Point>
    </Placemark>
    <Placemark>
      <name>ALPR</name>
      <description>OSM node: https://www.openstreetmap.org/node/13458697501
Manufacturer: Genetec
Direction: 41
Zone: traffic
Camera type: fixed</description>
      <Point>
        <coordinates>-82.4512213,27.9532608,0</coordinates>
      </Point>
    </Placemark>
    <Placemark>
      <name>ALPR</name>
      <description>OSM node: https://www.openstreetmap.org/node/13458711401
Manufacturer: Flock Safety
Direction: 62
Zone: traffic
Camera type: fixed</description>
      <Point>
        <coordinates>-81.4973962,30.2551992,0</coordinates>
      </Point>
    </Placemark>
    <Placemark>
      <name>ALPR</name>
      <description>OSM node: https://www.openstreetmap.org/node/13458711402
Manufacturer: Flock Safety
Direction: 103
Zone: traffic
Camera type: fixed</description>
      <Point>
        <coordinates>-81.4954575,30.263934,0</coordinates>
      </Point>
    </Placemark>
    <Placemark>
      <name>ALPR</name>
      <description>OSM node: https://www.openstreetmap.org/node/13458712401
Manufacturer: Flock Safety
Direction: 314
Zone: traffic
Camera type: fixed</description>
      <Point>
        <coordinates>-81.4983648,30.2622629,0</coordinates>
      </Point>
    </Placemark>
    <Placemark>
      <name>ALPR</name>
      <description>OSM node: https://www.openstreetmap.org/node/13458732301
Manufacturer: Flock Safety
Direction: 238-283
Zone: traffic
Camera type: fixed</description>
      <Point>
        <coordinates>-82.4365639,27.4854815,0</coordinates>
      </Point>
    </Placemark>
    <Placemark>
      <name>ALPR</name>
      <description>OSM node: https://www.openstreetmap.org/node/13458775001
Manufacturer: Flock Safety
Direction: 338
Zone: traffic
Camera type: fixed</description>
      <Point>
        <coordinates>-81.7262726,27.9170478,0</coordinates>
      </Point>
    </Placemark>
    <Placemark>
      <name>ALPR</name>
      <description>OSM node: https://www.openstreetmap.org/node/13458776325
Manufacturer: Flock Safety
Direction: 330
Zone: traffic
Camera type: fixed</description>
      <Point>
        <coordinates>-80.3117388,26.0081798,0</coordinates>
      </Point>
    </Placemark>
    <Placemark>
      <name>ALPR</name>
      <description>OSM node: https://www.openstreetmap.org/node/13458776326
Manufacturer: Flock Safety
Direction: 320
Zone: traffic
Camera type: fixed</description>
      <Point>
        <coordinates>-80.3203888,26.0089066,0</coordinates>
      </Point>
    </Placemark>
    <Placemark>
      <name>ALPR</name>
      <description>OSM node: https://www.openstreetmap.org/node/13458793701
Manufacturer: Flock Safety
Direction: 249
Zone: traffic
Camera type: fixed</description>
      <Point>
        <coordinates>-80.1259261,26.8390977,0</coordinates>
      </Point>
    </Placemark>
    <Placemark>
      <name>ALPR</name>
      <description>OSM node: https://www.openstreetmap.org/node/13458827901
Manufacturer: Flock Safety
Direction: 0
Zone: traffic
Camera type: fixed</description>
      <Point>
        <coordinates>-81.5031552,28.4064184,0</coordinates>
      </Point>
    </Placemark>
    <Placemark>
      <name>ALPR</name>
      <description>OSM node: https://www.openstreetmap.org/node/13458981051
Manufacturer: Flock Safety
Direction: 340
Zone: traffic
Camera type: fixed</description>
      <Point>
        <coordinates>-81.311486,28.5059492,0</coordinates>
      </Point>
    </Placemark>
    <Placemark>
      <name>ALPR</name>
      <description>OSM node: https://www.openstreetmap.org/node/13459233301
Manufacturer: Flock Safety
Direction: 57
Zone: traffic
Camera type: fixed</description>
      <Point>
        <coordinates>-80.2487764,26.0764223,0</coordinates>
      </Point>
    </Placemark>
    <Placemark>
      <name>ALPR</name>
      <description>OSM node: https://www.openstreetmap.org/node/13459234201
Manufacturer: Flock Safety
Direction: 242
Zone: traffic
Camera type: fixed</description>
      <Point>
        <coordinates>-80.2486533,26.0765739,0</coordinates>
      </Point>
    </Placemark>
    <Placemark>
      <name>ALPR</name>
      <description>OSM node: https://www.openstreetmap.org/node/13459248501
Manufacturer: Flock Safety
Direction: 176
Zone: traffic
Camera type: fixed</description>
      <Point>
        <coordinates>-82.3349131,27.9449273,0</coordinates>
      </Point>
    </Placemark>
    <Placemark>
      <name>ALPR</name>
      <description>OSM node: https://www.openstreetmap.org/node/13459274102
Manufacturer: Flock Safety
Direction: 316
Zone: traffic
Camera type: fixed</description>
      <Point>
        <coordinates>-80.2475262,26.0838763,0</coordinates>
      </Point>
    </Placemark>
    <Placemark>
      <name>ALPR</name>
      <description>OSM node: https://www.openstreetmap.org/node/13459274301
Manufacturer: Flock Safety
Direction: 340
Zone: traffic
Camera type: fixed</description>
      <Point>
        <coordinates>-80.2487003,26.0834942,0</coordinates>
      </Point>
    </Placemark>
    <Placemark>
      <name>ALPR</name>
      <description>OSM node: https://www.openstreetmap.org/node/13459274601
Manufacturer: Flock Safety
Direction: 149
Zone: traffic
Camera type: fixed</description>
      <Point>
        <coordinates>-80.2488282,26.0837493,0</coordinates>
      </Point>
    </Placemark>
    <Placemark>
      <name>ALPR</name>
      <description>OSM node: https://www.openstreetmap.org/node/13459280001
Manufacturer: Flock Safety
Direction: 226
Zone: traffic
Camera type: fixed</description>
      <Point>
        <coordinates>-80.247544,26.084047,0</coordinates>
      </Point>
    </Placemark>
    <Placemark>
      <name>ALPR</name>
      <description>OSM node: https://www.openstreetmap.org/node/13459281901
Manufacturer: Flock Safety
Direction: 242
Zone: traffic
Camera type: fixed</description>
      <Point>
        <coordinates>-80.2401342,26.0746315,0</coordinates>
      </Point>
    </Placemark>
    <Placemark>
      <name>ALPR</name>
      <description>OSM node: https://www.openstreetmap.org/node/13459286801
Manufacturer: Flock Safety
Direction: 271
Zone: traffic
Camera type: fixed</description>
      <Point>
        <coordinates>-80.2495018,26.0802664,0</coordinates>
      </Point>
    </Placemark>
    <Placemark>
      <name>ALPR</name>
      <description>OSM node: https://www.openstreetmap.org/node/13459289601
Manufacturer: Flock Safety
Direction: 84
Zone: traffic
Camera type: fixed</description>
      <Point>
        <coordinates>-80.2502932,26.080569,0</coordinates>
      </Point>
    </Placemark>
    <Placemark>
      <name>ALPR</name>
      <description>OSM node: https://www.openstreetmap.org/node/13459292601
Manufacturer: Flock Safety
Direction: 52
Zone: traffic
Camera type: fixed</description>
      <Point>
        <coordinates>-80.2506608,26.0822143,0</coordinates>
      </Point>
    </Placemark>
    <Placemark>
      <name>ALPR</name>
      <description>OSM node: https://www.openstreetmap.org/node/13459334901
Manufacturer: Flock Safety
Direction: 86
Zone: traffic
Camera type: fixed</description>
      <Point>
        <coordinates>-81.6583565,30.0638149,0</coordinates>
      </Point>
    </Placemark>
    <Placemark>
      <name>ALPR</name>
      <description>OSM node: https://www.openstreetmap.org/node/13459374301
Manufacturer: Flock Safety
Direction: 240
Zone: traffic
Camera type: fixed</description>
      <Point>
        <coordinates>-80.3507607,27.4257364,0</coordinates>
      </Point>
    </Placemark>
    <Placemark>
      <name>ALPR</name>
      <description>OSM node: https://www.openstreetmap.org/node/13459433701
Manufacturer: Flock Safety
Direction: 307-352
Zone: traffic
Camera type: fixed</description>
      <Point>
        <coordinates>-81.8911215,27.9972262,0</coordinates>
      </Point>
    </Placemark>
    <Placemark>
      <name>The Home Depot ALPR</name>
      <description>OSM node: https://www.openstreetmap.org/node/13459450801
Operator: The Home Depot
Manufacturer: Flock Safety
Direction: 244
Zone: traffic
Camera type: fixed</description>
      <Point>
        <coordinates>-80.2520069,26.0474984,0</coordinates>
      </Point>
    </Placemark>
    <Placemark>
      <name>ALPR</name>
      <description>OSM node: https://www.openstreetmap.org/node/13459488301
Manufacturer: Flock Safety
Direction: 230
Zone: traffic
Camera type: fixed</description>
      <Point>
        <coordinates>-80.2506223,26.0823752,0</coordinates>
      </Point>
    </Placemark>
    <Placemark>
      <name>ALPR</name>
      <description>OSM node: https://www.openstreetmap.org/node/13459530101
Manufacturer: Flock Safety
Direction: 0
Zone: traffic
Camera type: fixed</description>
      <Point>
        <coordinates>-81.352246,28.701086,0</coordinates>
      </Point>
    </Placemark>
    <Placemark>
      <name>ALPR</name>
      <description>OSM node: https://www.openstreetmap.org/node/13459532601
Manufacturer: Motorola Solutions
Direction: 0
Zone: traffic
Camera type: fixed</description>
      <Point>
        <coordinates>-81.3462112,28.6987036,0</coordinates>
      </Point>
    </Placemark>
    <Placemark>
      <name>ALPR</name>
      <description>OSM node: https://www.openstreetmap.org/node/13460325501
Manufacturer: Flock Safety
Direction: 239
Zone: traffic
Camera type: fixed</description>
      <Point>
        <coordinates>-80.3767475,27.3181037,0</coordinates>
      </Point>
    </Placemark>
    <Placemark>
      <name>ALPR</name>
      <description>OSM node: https://www.openstreetmap.org/node/13460435301
Manufacturer: Flock Safety
Direction: 77
Zone: traffic
Camera type: fixed</description>
      <Point>
        <coordinates>-80.3783432,27.3191033,0</coordinates>
      </Point>
    </Placemark>
    <Placemark>
      <name>ALPR</name>
      <description>OSM node: https://www.openstreetmap.org/node/13460538301
Manufacturer: Flock Safety
Direction: 57
Zone: traffic
Camera type: fixed</description>
      <Point>
        <coordinates>-80.3571149,25.9783538,0</coordinates>
      </Point>
    </Placemark>
    <Placemark>
      <name>ALPR</name>
      <description>OSM node: https://www.openstreetmap.org/node/13460621101
Manufacturer: Flock Safety
Direction: 312
Zone: traffic
Camera type: fixed</description>
      <Point>
        <coordinates>-81.5953443,27.9246359,0</coordinates>
      </Point>
    </Placemark>
    <Placemark>
      <name>ALPR</name>
      <description>OSM node: https://www.openstreetmap.org/node/13460665601
Manufacturer: Flock Safety
Direction: 163
Zone: traffic
Camera type: fixed</description>
      <Point>
        <coordinates>-80.3780988,27.3174769,0</coordinates>
      </Point>
    </Placemark>
    <Placemark>
      <name>ALPR</name>
      <description>OSM node: https://www.openstreetmap.org/node/13460683509
Manufacturer: Flock Safety
Direction: 165
Camera type: fixed</description>
      <Point>
        <coordinates>-81.3507268,28.5929973,0</coordinates>
      </Point>
    </Placemark>
    <Placemark>
      <name>ALPR</name>
      <description>OSM node: https://www.openstreetmap.org/node/13460731701
Manufacturer: Flock Safety
Direction: 167
Zone: traffic
Camera type: fixed</description>
      <Point>
        <coordinates>-80.2775846,25.9395037,0</coordinates>
      </Point>
    </Placemark>
    <Placemark>
      <name>ALPR</name>
      <description>OSM node: https://www.openstreetmap.org/node/13460738901
Manufacturer: Flock Safety
Direction: 0
Zone: traffic
Camera type: fixed</description>
      <Point>
        <coordinates>-81.3451142,28.7030533,0</coordinates>
      </Point>
    </Placemark>
    <Placemark>
      <name>ALPR</name>
      <description>OSM node: https://www.openstreetmap.org/node/13460779001
Manufacturer: Flock Safety
Direction: 286
Zone: traffic
Camera type: fixed</description>
      <Point>
        <coordinates>-81.2866436,28.7600518,0</coordinates>
      </Point>
    </Placemark>
    <Placemark>
      <name>The Home Depot ALPR</name>
      <description>OSM node: https://www.openstreetmap.org/node/13461019702
Operator: The Home Depot
Manufacturer: Flock Safety
Direction: 176
Zone: traffic
Camera type: fixed</description>
      <Point>
        <coordinates>-81.6240506,27.9639484,0</coordinates>
      </Point>
    </Placemark>
    <Placemark>
      <name>The Home Depot ALPR</name>
      <description>OSM node: https://www.openstreetmap.org/node/13461026201
Operator: The Home Depot
Manufacturer: Flock Safety
Direction: 313
Zone: traffic
Camera type: fixed</description>
      <Point>
        <coordinates>-81.6233012,27.9622704,0</coordinates>
      </Point>
    </Placemark>
    <Placemark>
      <name>ALPR</name>
      <description>OSM node: https://www.openstreetmap.org/node/13461056401
Manufacturer: Flock Safety
Direction: 56
Zone: traffic
Camera type: fixed</description>
      <Point>
        <coordinates>-81.9809984,28.062257,0</coordinates>
      </Point>
    </Placemark>
    <Placemark>
      <name>ALPR</name>
      <description>OSM node: https://www.openstreetmap.org/node/13461058401
Manufacturer: Flock Safety
Direction: 242
Zone: traffic
Camera type: fixed</description>
      <Point>
        <coordinates>-81.9808993,28.0623496,0</coordinates>
      </Point>
    </Placemark>
    <Placemark>
      <name>ALPR</name>
      <description>OSM node: https://www.openstreetmap.org/node/13461063301
Manufacturer: Flock Safety
Direction: 58
Zone: traffic
Camera type: fixed</description>
      <Point>
        <coordinates>-82.0227238,28.1426954,0</coordinates>
      </Point>
    </Placemark>
    <Placemark>
      <name>ALPR</name>
      <description>OSM node: https://www.openstreetmap.org/node/13461073201
Manufacturer: Flock Safety
Direction: 312-357
Zone: traffic
Camera type: fixed</description>
      <Point>
        <coordinates>-85.19329,30.0862977,0</coordinates>
      </Point>
    </Placemark>
    <Placemark>
      <name>ALPR</name>
      <description>OSM node: https://www.openstreetmap.org/node/13461173401
Manufacturer: Flock Safety
Direction: 135-180
Zone: traffic
Camera type: fixed</description>
      <Point>
        <coordinates>-81.8213942,27.8161839,0</coordinates>
      </Point>
    </Placemark>
    <Placemark>
      <name>ALPR</name>
      <description>OSM node: https://www.openstreetmap.org/node/13461174601
Manufacturer: Flock Safety
Direction: 89-134
Zone: traffic
Camera type: fixed</description>
      <Point>
        <coordinates>-85.4288903,29.9542979,0</coordinates>
      </Point>
    </Placemark>
    <Placemark>
      <name>ALPR</name>
      <description>OSM node: https://www.openstreetmap.org/node/13461243001
Manufacturer: Flock Safety
Direction: 23
Zone: traffic
Camera type: fixed</description>
      <Point>
        <coordinates>-82.4845585,27.5387512,0</coordinates>
      </Point>
    </Placemark>
    <Placemark>
      <name>ALPR</name>
      <description>OSM node: https://www.openstreetmap.org/node/13461280101
Manufacturer: Flock Safety
Direction: 120-165
Zone: traffic
Camera type: fixed</description>
      <Point>
        <coordinates>-85.1942127,30.0875792,0</coordinates>
      </Point>
    </Placemark>
    <Placemark>
      <name>ALPR</name>
      <description>OSM node: https://www.openstreetmap.org/node/13461325401
Manufacturer: Flock Safety
Direction: 245
Zone: traffic
Camera type: fixed</description>
      <Point>
        <coordinates>-81.5228205,27.7559078,0</coordinates>
      </Point>
    </Placemark>
    <Placemark>
      <name>ALPR</name>
      <description>OSM node: https://www.openstreetmap.org/node/13461355801
Manufacturer: Flock Safety
Direction: 241
Zone: traffic
Camera type: fixed</description>
      <Point>
        <coordinates>-81.661678,28.0227792,0</coordinates>
      </Point>
    </Placemark>
    <Placemark>
      <name>ALPR</name>
      <description>OSM node: https://www.openstreetmap.org/node/13461372602
Manufacturer: Flock Safety
Direction: 140-185
Zone: traffic
Camera type: fixed</description>
      <Point>
        <coordinates>-84.8950662,30.6270413,0</coordinates>
      </Point>
    </Placemark>
    <Placemark>
      <name>ALPR</name>
      <description>OSM node: https://www.openstreetmap.org/node/13461386701
Manufacturer: Flock Safety
Direction: 114
Zone: traffic
Camera type: fixed</description>
      <Point>
        <coordinates>-81.3097613,28.5230868,0</coordinates>
      </Point>
    </Placemark>
    <Placemark>
      <name>ALPR</name>
      <description>OSM node: https://www.openstreetmap.org/node/13461388401
Manufacturer: Flock Safety
Direction: 288
Zone: traffic
Camera type: fixed</description>
      <Point>
        <coordinates>-81.3091443,28.5233464,0</coordinates>
      </Point>
    </Placemark>
    <Placemark>
      <name>ALPR</name>
      <description>OSM node: https://www.openstreetmap.org/node/13461389401
Manufacturer: Flock Safety
Direction: 164
Zone: traffic
Camera type: fixed</description>
      <Point>
        <coordinates>-81.3106775,28.5241457,0</coordinates>
      </Point>
    </Placemark>
    <Placemark>
      <name>ALPR</name>
      <description>OSM node: https://www.openstreetmap.org/node/13462169101
Manufacturer: Motorola Solutions
Direction: 150
Zone: traffic
Camera type: fixed</description>
      <Point>
        <coordinates>-81.4198606,28.3478335,0</coordinates>
      </Point>
    </Placemark>
    <Placemark>
      <name>ALPR</name>
      <description>OSM node: https://www.openstreetmap.org/node/13462169401
Manufacturer: Motorola Solutions
Direction: 33
Zone: traffic
Camera type: fixed</description>
      <Point>
        <coordinates>-81.4196459,28.3479606,0</coordinates>
      </Point>
    </Placemark>
    <Placemark>
      <name>ALPR</name>
      <description>OSM node: https://www.openstreetmap.org/node/13462320801
Manufacturer: Flock Safety
Direction: 303-348
Zone: traffic
Camera type: fixed</description>
      <Point>
        <coordinates>-81.3043039,29.0611133,0</coordinates>
      </Point>
    </Placemark>
    <Placemark>
      <name>ALPR</name>
      <description>OSM node: https://www.openstreetmap.org/node/13462322701
Manufacturer: Flock Safety
Direction: 58
Zone: traffic
Camera type: fixed</description>
      <Point>
        <coordinates>-81.3200256,29.2254982,0</coordinates>
      </Point>
    </Placemark>
    <Placemark>
      <name>ALPR</name>
      <description>OSM node: https://www.openstreetmap.org/node/13462323701
Manufacturer: Flock Safety
Direction: 48-93
Zone: traffic
Camera type: fixed</description>
      <Point>
        <coordinates>-81.2514103,28.9488077,0</coordinates>
      </Point>
    </Placemark>
    <Placemark>
      <name>ALPR</name>
      <description>OSM node: https://www.openstreetmap.org/node/13462697001
Manufacturer: Flock Safety
Direction: 294
Zone: traffic
Camera type: fixed</description>
      <Point>
        <coordinates>-81.3175538,28.2568029,0</coordinates>
      </Point>
    </Placemark>
    <Placemark>
      <name>Celebration Community Development District ALPR</name>
      <description>OSM node: https://www.openstreetmap.org/node/13462898566
Operator: Celebration Community Development District
Manufacturer: Motorola Solutions
Direction: 160
Zone: traffic
Camera type: fixed</description>
      <Point>
        <coordinates>-81.5473189,28.3263142,0</coordinates>
      </Point>
    </Placemark>
    <Placemark>
      <name>ALPR</name>
      <description>OSM node: https://www.openstreetmap.org/node/13462968302
Manufacturer: Flock Safety
Direction: 187
Zone: traffic
Camera type: fixed</description>
      <Point>
        <coordinates>-85.5801364,30.6564831,0</coordinates>
      </Point>
    </Placemark>
    <Placemark>
      <name>ALPR</name>
      <description>OSM node: https://www.openstreetmap.org/node/13462975901
Manufacturer: Genetec
Direction: 346
Zone: traffic
Camera type: fixed</description>
      <Point>
        <coordinates>-82.4338783,27.7205106,0</coordinates>
      </Point>
    </Placemark>
    <Placemark>
      <name>ALPR</name>
      <description>OSM node: https://www.openstreetmap.org/node/13462977201
Manufacturer: Genetec
Direction: 169
Zone: traffic
Camera type: fixed</description>
      <Point>
        <coordinates>-82.4341781,27.7208284,0</coordinates>
      </Point>
    </Placemark>
    <Placemark>
      <name>ALPR</name>
      <description>OSM node: https://www.openstreetmap.org/node/13462979501
Manufacturer: Flock Safety
Direction: 176
Zone: traffic
Camera type: fixed</description>
      <Point>
        <coordinates>-85.5509858,30.7512465,0</coordinates>
      </Point>
    </Placemark>
    <Placemark>
      <name>ALPR</name>
      <description>OSM node: https://www.openstreetmap.org/node/13462994601
Manufacturer: Flock Safety
Direction: 157
Zone: traffic
Camera type: fixed</description>
      <Point>
        <coordinates>-81.6021958,30.2918356,0</coordinates>
      </Point>
    </Placemark>
    <Placemark>
      <name>ALPR</name>
      <description>OSM node: https://www.openstreetmap.org/node/13462994602
Manufacturer: Flock Safety
Direction: 256
Zone: traffic
Camera type: fixed</description>
      <Point>
        <coordinates>-81.6022428,30.2927871,0</coordinates>
      </Point>
    </Placemark>
    <Placemark>
      <name>ALPR</name>
      <description>OSM node: https://www.openstreetmap.org/node/13462995401
Manufacturer: Flock Safety
Direction: 344
Zone: traffic
Camera type: fixed</description>
      <Point>
        <coordinates>-81.6017378,30.2929161,0</coordinates>
      </Point>
    </Placemark>
    <Placemark>
      <name>ALPR</name>
      <description>OSM node: https://www.openstreetmap.org/node/13462997601
Manufacturer: Flock Safety
Direction: 14
Zone: traffic
Camera type: fixed</description>
      <Point>
        <coordinates>-85.5504905,30.7519279,0</coordinates>
      </Point>
    </Placemark>
    <Placemark>
      <name>ALPR</name>
      <description>OSM node: https://www.openstreetmap.org/node/13463026801
Manufacturer: Genetec
Direction: 349
Zone: traffic
Camera type: fixed</description>
      <Point>
        <coordinates>-82.4346696,27.9601833,0</coordinates>
      </Point>
    </Placemark>
    <Placemark>
      <name>ALPR</name>
      <description>OSM node: https://www.openstreetmap.org/node/13463026903
Manufacturer: Motorola Solutions
Direction: 355
Zone: traffic
Camera type: fixed</description>
      <Point>
        <coordinates>-82.4346905,27.9822942,0</coordinates>
      </Point>
    </Placemark>
    <Placemark>
      <name>ALPR</name>
      <description>OSM node: https://www.openstreetmap.org/node/13463042301
Manufacturer: Motorola Solutions
Direction: 169
Zone: traffic
Camera type: fixed</description>
      <Point>
        <coordinates>-82.4348694,27.9864315,0</coordinates>
      </Point>
    </Placemark>
    <Placemark>
      <name>ALPR</name>
      <description>OSM node: https://www.openstreetmap.org/node/13463060801
Manufacturer: Flock Safety
Direction: 143
Zone: traffic
Camera type: fixed</description>
      <Point>
        <coordinates>-80.9156396,28.9873091,0</coordinates>
      </Point>
    </Placemark>
    <Placemark>
      <name>ALPR</name>
      <description>OSM node: https://www.openstreetmap.org/node/13463141801
Manufacturer: Flock Safety
Direction: 260
Zone: traffic
Camera type: fixed</description>
      <Point>
        <coordinates>-80.8875992,28.9552112,0</coordinates>
      </Point>
    </Placemark>
    <Placemark>
      <name>ALPR</name>
      <description>OSM node: https://www.openstreetmap.org/node/13463242402
Manufacturer: Flock Safety
Direction: 342
Zone: traffic
Camera type: fixed</description>
      <Point>
        <coordinates>-81.0566483,29.1624253,0</coordinates>
      </Point>
    </Placemark>
    <Placemark>
      <name>ALPR</name>
      <description>OSM node: https://www.openstreetmap.org/node/13463242403
Manufacturer: Flock Safety
Direction: 178
Zone: traffic
Camera type: fixed</description>
      <Point>
        <coordinates>-80.3992817,27.4473348,0</coordinates>
      </Point>
    </Placemark>
    <Placemark>
      <name>ALPR</name>
      <description>OSM node: https://www.openstreetmap.org/node/13463242501
Manufacturer: Flock Safety
Direction: 136
Zone: traffic
Camera type: fixed</description>
      <Point>
        <coordinates>-82.3829283,29.6259859,0</coordinates>
      </Point>
    </Placemark>
    <Placemark>
      <name>ALPR</name>
      <description>OSM node: https://www.openstreetmap.org/node/13463242502
Manufacturer: Flock Safety
Direction: 140
Zone: traffic
Camera type: fixed</description>
      <Point>
        <coordinates>-81.3202233,29.9088987,0</coordinates>
      </Point>
    </Placemark>
    <Placemark>
      <name>ALPR</name>
      <description>OSM node: https://www.openstreetmap.org/node/13463242701
Manufacturer: Flock Safety
Direction: 144
Zone: traffic
Camera type: fixed</description>
      <Point>
        <coordinates>-81.649496,30.6166639,0</coordinates>
      </Point>
    </Placemark>
    <Placemark>
      <name>ALPR</name>
      <description>OSM node: https://www.openstreetmap.org/node/13463242906
Manufacturer: Flock Safety
Direction: 349
Zone: traffic
Camera type: fixed</description>
      <Point>
        <coordinates>-80.1049575,26.8394189,0</coordinates>
      </Point>
    </Placemark>
    <Placemark>
      <name>ALPR</name>
      <description>OSM node: https://www.openstreetmap.org/node/13464278201
Manufacturer: Flock Safety
Direction: 303
Zone: traffic
Camera type: fixed</description>
      <Point>
        <coordinates>-81.8311694,30.5648908,0</coordinates>
      </Point>
    </Placemark>
    <Placemark>
      <name>ALPR</name>
      <description>OSM node: https://www.openstreetmap.org/node/13464281701
Manufacturer: Flock Safety
Direction: 111
Zone: traffic
Camera type: fixed</description>
      <Point>
        <coordinates>-81.8276152,30.5618881,0</coordinates>
      </Point>
    </Placemark>
    <Placemark>
      <name>ALPR</name>
      <description>OSM node: https://www.openstreetmap.org/node/13464286001
Manufacturer: Flock Safety
Direction: 285
Zone: traffic
Camera type: fixed</description>
      <Point>
        <coordinates>-81.7655163,30.5188461,0</coordinates>
      </Point>
    </Placemark>
    <Placemark>
      <name>ALPR</name>
      <description>OSM node: https://www.openstreetmap.org/node/13464286201
Manufacturer: Flock Safety
Direction: 126
Zone: traffic
Camera type: fixed</description>
      <Point>
        <coordinates>-81.7670957,30.5196199,0</coordinates>
      </Point>
    </Placemark>
    <Placemark>
      <name>ALPR</name>
      <description>OSM node: https://www.openstreetmap.org/node/13464288701
Manufacturer: Flock Safety
Direction: 49
Zone: traffic
Camera type: fixed</description>
      <Point>
        <coordinates>-81.9798822,30.7734627,0</coordinates>
      </Point>
    </Placemark>
    <Placemark>
      <name>ALPR</name>
      <description>OSM node: https://www.openstreetmap.org/node/13464289101
Manufacturer: Flock Safety
Direction: 224
Zone: traffic
Camera type: fixed</description>
      <Point>
        <coordinates>-81.9795391,30.7739126,0</coordinates>
      </Point>
    </Placemark>
    <Placemark>
      <name>ALPR</name>
      <description>OSM node: https://www.openstreetmap.org/node/13464293501
Manufacturer: Flock Safety
Direction: 90;0;170
Zone: traffic
Camera type: fixed</description>
      <Point>
        <coordinates>-80.9015466,28.9893299,0</coordinates>
      </Point>
    </Placemark>
    <Placemark>
      <name>ALPR</name>
      <description>OSM node: https://www.openstreetmap.org/node/13464294701
Manufacturer: Flock Safety
Direction: 139
Zone: traffic
Camera type: fixed</description>
      <Point>
        <coordinates>-81.7923781,30.5072734,0</coordinates>
      </Point>
    </Placemark>
    <Placemark>
      <name>ALPR</name>
      <description>OSM node: https://www.openstreetmap.org/node/13464295101
Manufacturer: Flock Safety
Direction: 327
Zone: traffic
Camera type: fixed</description>
      <Point>
        <coordinates>-81.7915846,30.5063558,0</coordinates>
      </Point>
    </Placemark>
    <Placemark>
      <name>ALPR</name>
      <description>OSM node: https://www.openstreetmap.org/node/13464313401
Manufacturer: Flock Safety
Direction: 0;275;195;106
Zone: traffic
Camera type: fixed</description>
      <Point>
        <coordinates>-80.8926488,28.9729977,0</coordinates>
      </Point>
    </Placemark>
    <Placemark>
      <name>ALPR</name>
      <description>OSM node: https://www.openstreetmap.org/node/13464314501
Manufacturer: Flock Safety
Direction: 72
Zone: traffic
Camera type: fixed</description>
      <Point>
        <coordinates>-80.8914497,28.9660517,0</coordinates>
      </Point>
    </Placemark>
    <Placemark>
      <name>ALPR</name>
      <description>OSM node: https://www.openstreetmap.org/node/13464352301
Manufacturer: Flock Safety
Direction: 80
Zone: traffic
Camera type: fixed</description>
      <Point>
        <coordinates>-80.9485657,28.9505941,0</coordinates>
      </Point>
    </Placemark>
    <Placemark>
      <name>ALPR</name>
      <description>OSM node: https://www.openstreetmap.org/node/13464352402
Manufacturer: Flock Safety
Direction: 248
Zone: traffic
Camera type: fixed</description>
      <Point>
        <coordinates>-80.9420777,28.9523676,0</coordinates>
      </Point>
    </Placemark>
    <Placemark>
      <name>ALPR</name>
      <description>OSM node: https://www.openstreetmap.org/node/13464412052
Manufacturer: Flock Safety
Direction: 70
Zone: traffic</description>
      <Point>
        <coordinates>-85.8444697,30.1990249,0</coordinates>
      </Point>
    </Placemark>
    <Placemark>
      <name>Lowe's ALPR</name>
      <description>OSM node: https://www.openstreetmap.org/node/13464585902
Operator: Lowe's
Manufacturer: Flock Safety
Direction: 80-125
Zone: traffic
Camera type: fixed</description>
      <Point>
        <coordinates>-82.5038037,28.0639058,0</coordinates>
      </Point>
    </Placemark>
    <Placemark>
      <name>ALPR</name>
      <description>OSM node: https://www.openstreetmap.org/node/13464590001
Manufacturer: Flock Safety
Direction: 256
Zone: traffic
Camera type: fixed</description>
      <Point>
        <coordinates>-80.4012407,27.1617746,0</coordinates>
      </Point>
    </Placemark>
    <Placemark>
      <name>ALPR</name>
      <description>OSM node: https://www.openstreetmap.org/node/13464600501
Manufacturer: Flock Safety
Direction: 105
Zone: traffic
Camera type: fixed</description>
      <Point>
        <coordinates>-81.8107548,26.6090289,0</coordinates>
      </Point>
    </Placemark>
    <Placemark>
      <name>ALPR</name>
      <description>OSM node: https://www.openstreetmap.org/node/13464600601
Manufacturer: Flock Safety
Direction: 129
Zone: traffic
Camera type: fixed</description>
      <Point>
        <coordinates>-81.8100396,26.6105865,0</coordinates>
      </Point>
    </Placemark>
    <Placemark>
      <name>ALPR</name>
      <description>OSM node: https://www.openstreetmap.org/node/13464600701
Manufacturer: Flock Safety
Direction: 274
Zone: traffic
Camera type: fixed</description>
      <Point>
        <coordinates>-82.5039959,27.5342667,0</coordinates>
      </Point>
    </Placemark>
    <Placemark>
      <name>ALPR</name>
      <description>OSM node: https://www.openstreetmap.org/node/13464600801
Manufacturer: Flock Safety
Direction: 224
Zone: traffic
Camera type: fixed</description>
      <Point>
        <coordinates>-81.8355692,28.8226576,0</coordinates>
      </Point>
    </Placemark>
    <Placemark>
      <name>University of Florida ALPR</name>
      <description>OSM node: https://www.openstreetmap.org/node/13464600901
Operator: University of Florida
Direction: 172
Zone: traffic
Camera type: fixed</description>
      <Point>
        <coordinates>-82.3660455,29.6307329,0</coordinates>
      </Point>
    </Placemark>
    <Placemark>
      <name>ALPR</name>
      <description>OSM node: https://www.openstreetmap.org/node/13464602001
Manufacturer: Flock Safety
Direction: 272
Zone: traffic
Camera type: fixed</description>
      <Point>
        <coordinates>-86.5668102,30.7327766,0</coordinates>
      </Point>
    </Placemark>
    <Placemark>
      <name>ALPR</name>
      <description>OSM node: https://www.openstreetmap.org/node/13464603401
Manufacturer: Flock Safety
Direction: 71
Zone: traffic
Camera type: fixed</description>
      <Point>
        <coordinates>-81.7306684,28.0135469,0</coordinates>
      </Point>
    </Placemark>
    <Placemark>
      <name>The Home Depot ALPR</name>
      <description>OSM node: https://www.openstreetmap.org/node/13464747401
Operator: The Home Depot
Manufacturer: Flock Safety
Direction: 77
Zone: traffic
Camera type: fixed</description>
      <Point>
        <coordinates>-82.4592061,28.0299641,0</coordinates>
      </Point>
    </Placemark>
    <Placemark>
      <name>ALPR</name>
      <description>OSM node: https://www.openstreetmap.org/node/13465279475
Manufacturer: Flock Safety
Direction: 180
Zone: town</description>
      <Point>
        <coordinates>-80.0618916,26.4908303,0</coordinates>
      </Point>
    </Placemark>
    <Placemark>
      <name>ALPR</name>
      <description>OSM node: https://www.openstreetmap.org/node/13465298876
Manufacturer: Flock Safety
Direction: 270
Zone: town</description>
      <Point>
        <coordinates>-80.0628542,26.4913336,0</coordinates>
      </Point>
    </Placemark>
    <Placemark>
      <name>ALPR</name>
      <description>OSM node: https://www.openstreetmap.org/node/13468458801
Manufacturer: Flock Safety
Direction: 319
Zone: traffic
Camera type: fixed</description>
      <Point>
        <coordinates>-81.6586456,28.2564253,0</coordinates>
      </Point>
    </Placemark>
    <Placemark>
      <name>ALPR</name>
      <description>OSM node: https://www.openstreetmap.org/node/13468852901
Manufacturer: Flock Safety
Direction: 188
Zone: traffic
Camera type: fixed</description>
      <Point>
        <coordinates>-82.2158205,30.1136213,0</coordinates>
      </Point>
    </Placemark>
    <Placemark>
      <name>ALPR</name>
      <description>OSM node: https://www.openstreetmap.org/node/13468869901
Manufacturer: Flock Safety
Direction: 30
Zone: traffic
Camera type: fixed</description>
      <Point>
        <coordinates>-82.3230925,30.0244825,0</coordinates>
      </Point>
    </Placemark>
    <Placemark>
      <name>ALPR</name>
      <description>OSM node: https://www.openstreetmap.org/node/13469013801
Manufacturer: Flock Safety
Direction: 68
Zone: traffic
Camera type: fixed</description>
      <Point>
        <coordinates>-80.1409947,26.0134395,0</coordinates>
      </Point>
    </Placemark>
    <Placemark>
      <name>ALPR</name>
      <description>OSM node: https://www.openstreetmap.org/node/13469013802
Manufacturer: Flock Safety
Direction: 156
Zone: traffic
Camera type: fixed</description>
      <Point>
        <coordinates>-80.1303725,26.0117334,0</coordinates>
      </Point>
    </Placemark>
    <Placemark>
      <name>The Home Depot ALPR</name>
      <description>OSM node: https://www.openstreetmap.org/node/13469093501
Operator: The Home Depot
Manufacturer: Flock Safety
Direction: 127
Zone: traffic
Camera type: fixed</description>
      <Point>
        <coordinates>-82.7868811,27.895553,0</coordinates>
      </Point>
    </Placemark>
    <Placemark>
      <name>ALPR</name>
      <description>OSM node: https://www.openstreetmap.org/node/13469151402
Manufacturer: Flock Safety
Direction: 344
Zone: traffic
Camera type: fixed</description>
      <Point>
        <coordinates>-82.8126363,27.9242986,0</coordinates>
      </Point>
    </Placemark>
    <Placemark>
      <name>ALPR</name>
      <description>OSM node: https://www.openstreetmap.org/node/13469161901
Manufacturer: Flock Safety
Direction: 230
Zone: traffic
Camera type: fixed</description>
      <Point>
        <coordinates>-82.8009854,27.924164,0</coordinates>
      </Point>
    </Placemark>
    <Placemark>
      <name>ALPR</name>
      <description>OSM node: https://www.openstreetmap.org/node/13469167201
Manufacturer: Flock Safety
Direction: 231
Zone: traffic
Camera type: fixed</description>
      <Point>
        <coordinates>-82.8005037,27.9277964,0</coordinates>
      </Point>
    </Placemark>
    <Placemark>
      <name>ALPR</name>
      <description>OSM node: https://www.openstreetmap.org/node/13469577864
Manufacturer: Flock Safety
Direction: 215
Zone: traffic
Camera type: fixed</description>
      <Point>
        <coordinates>-81.6755338,29.6424775,0</coordinates>
      </Point>
    </Placemark>
    <Placemark>
      <name>ALPR</name>
      <description>OSM node: https://www.openstreetmap.org/node/13469597833
Manufacturer: Flock Safety
Direction: 45
Zone: traffic
Camera type: fixed</description>
      <Point>
        <coordinates>-81.6761175,29.6422609,0</coordinates>
      </Point>
    </Placemark>
    <Placemark>
      <name>Jacksonville Sheriffs Office ALPR</name>
      <description>OSM node: https://www.openstreetmap.org/node/13470445601
Operator: Jacksonville Sheriffs Office
Manufacturer: Flock Safety
Direction: 38
Zone: traffic
Camera type: fixed</description>
      <Point>
        <coordinates>-81.617101,30.3085359,0</coordinates>
      </Point>
    </Placemark>
    <Placemark>
      <name>ALPR</name>
      <description>OSM node: https://www.openstreetmap.org/node/13470448401
Manufacturer: Flock Safety
Direction: 203
Zone: traffic
Camera type: fixed</description>
      <Point>
        <coordinates>-81.3803915,29.8244055,0</coordinates>
      </Point>
    </Placemark>
    <Placemark>
      <name>St. Johns County Sheriff’s Office ALPR</name>
      <description>OSM node: https://www.openstreetmap.org/node/13470449001
Operator: St. Johns County Sheriff’s Office
Manufacturer: Flock Safety
Direction: 0
Zone: traffic
Camera type: fixed</description>
      <Point>
        <coordinates>-81.3802072,29.8239895,0</coordinates>
      </Point>
    </Placemark>
    <Placemark>
      <name>ALPR</name>
      <description>OSM node: https://www.openstreetmap.org/node/13470680401
Manufacturer: Flock Safety
Direction: 28;155
Zone: traffic
Camera type: fixed</description>
      <Point>
        <coordinates>-82.4873598,28.2635186,0</coordinates>
      </Point>
    </Placemark>
    <Placemark>
      <name>ALPR</name>
      <description>OSM node: https://www.openstreetmap.org/node/13470856750
Manufacturer: Flock Safety
Direction: 305
Camera type: fixed</description>
      <Point>
        <coordinates>-81.3289505,28.7917563,0</coordinates>
      </Point>
    </Placemark>
    <Placemark>
      <name>ALPR</name>
      <description>OSM node: https://www.openstreetmap.org/node/13470860869
Manufacturer: Flock Safety
Direction: 85
Camera type: fixed</description>
      <Point>
        <coordinates>-81.2755347,28.7773428,0</coordinates>
      </Point>
    </Placemark>
    <Placemark>
      <name>ALPR</name>
      <description>OSM node: https://www.openstreetmap.org/node/13470860870
Manufacturer: Flock Safety
Direction: 330
Camera type: fixed</description>
      <Point>
        <coordinates>-81.3933754,28.6625735,0</coordinates>
      </Point>
    </Placemark>
    <Placemark>
      <name>ALPR</name>
      <description>OSM node: https://www.openstreetmap.org/node/13470860871
Manufacturer: Flock Safety
Direction: 235
Camera type: fixed</description>
      <Point>
        <coordinates>-81.4040541,28.6811224,0</coordinates>
      </Point>
    </Placemark>
    <Placemark>
      <name>ALPR</name>
      <description>OSM node: https://www.openstreetmap.org/node/13470860872
Manufacturer: Flock Safety
Direction: 75
Camera type: fixed</description>
      <Point>
        <coordinates>-81.4499316,28.6693657,0</coordinates>
      </Point>
    </Placemark>
    <Placemark>
      <name>ALPR</name>
      <description>OSM node: https://www.openstreetmap.org/node/13470860873
Manufacturer: Flock Safety
Direction: 55
Camera type: fixed</description>
      <Point>
        <coordinates>-81.449932,28.6693797,0</coordinates>
      </Point>
    </Placemark>
    <Placemark>
      <name>ALPR</name>
      <description>OSM node: https://www.openstreetmap.org/node/13470860874
Manufacturer: Flock Safety
Direction: 260
Camera type: fixed</description>
      <Point>
        <coordinates>-81.4503965,28.6696569,0</coordinates>
      </Point>
    </Placemark>
    <Placemark>
      <name>ALPR</name>
      <description>OSM node: https://www.openstreetmap.org/node/13470860875
Manufacturer: Flock Safety
Direction: 245
Camera type: fixed</description>
      <Point>
        <coordinates>-81.4503974,28.6696367,0</coordinates>
      </Point>
    </Placemark>
    <Placemark>
      <name>ALPR</name>
      <description>OSM node: https://www.openstreetmap.org/node/13470878739
Manufacturer: Flock Safety
Direction: 210
Camera type: fixed</description>
      <Point>
        <coordinates>-81.3307759,28.7936869,0</coordinates>
      </Point>
    </Placemark>
    <Placemark>
      <name>ALPR</name>
      <description>OSM node: https://www.openstreetmap.org/node/13470922517
Manufacturer: Flock Safety
Direction: 150
Camera type: fixed</description>
      <Point>
        <coordinates>-81.3605874,29.1323642,0</coordinates>
      </Point>
    </Placemark>
    <Placemark>
      <name>ALPR</name>
      <description>OSM node: https://www.openstreetmap.org/node/13470922518
Manufacturer: Flock Safety
Direction: 345
Camera type: fixed</description>
      <Point>
        <coordinates>-81.3229018,28.8408589,0</coordinates>
      </Point>
    </Placemark>
    <Placemark>
      <name>ALPR</name>
      <description>OSM node: https://www.openstreetmap.org/node/13470929353
Manufacturer: Flock Safety
Direction: 250
Camera type: fixed</description>
      <Point>
        <coordinates>-81.0711115,29.0113423,0</coordinates>
      </Point>
    </Placemark>
    <Placemark>
      <name>ALPR</name>
      <description>OSM node: https://www.openstreetmap.org/node/13470929354
Manufacturer: Flock Safety
Direction: 335
Camera type: fixed</description>
      <Point>
        <coordinates>-81.1619266,28.8483055,0</coordinates>
      </Point>
    </Placemark>
    <Placemark>
      <name>ALPR</name>
      <description>OSM node: https://www.openstreetmap.org/node/13470929355
Manufacturer: Flock Safety
Direction: 290
Camera type: fixed</description>
      <Point>
        <coordinates>-81.1851668,28.8212031,0</coordinates>
      </Point>
    </Placemark>
    <Placemark>
      <name>ALPR</name>
      <description>OSM node: https://www.openstreetmap.org/node/13470929356
Manufacturer: Flock Safety
Direction: 305
Camera type: fixed</description>
      <Point>
        <coordinates>-81.2768457,29.6530536,0</coordinates>
      </Point>
    </Placemark>
    <Placemark>
      <name>ALPR</name>
      <description>OSM node: https://www.openstreetmap.org/node/13470950856
Manufacturer: Flock Safety
Direction: 130
Camera type: fixed</description>
      <Point>
        <coordinates>-81.13671,29.3605019,0</coordinates>
      </Point>
    </Placemark>
    <Placemark>
      <name>ALPR</name>
      <description>OSM node: https://www.openstreetmap.org/node/13470956489
Manufacturer: Flock Safety
Direction: 305
Camera type: fixed</description>
      <Point>
        <coordinates>-81.2874304,29.6636211,0</coordinates>
      </Point>
    </Placemark>
    <Placemark>
      <name>ALPR</name>
      <description>OSM node: https://www.openstreetmap.org/node/13470956490
Manufacturer: Flock Safety
Direction: 55
Camera type: fixed</description>
      <Point>
        <coordinates>-82.7728891,29.9524504,0</coordinates>
      </Point>
    </Placemark>
    <Placemark>
      <name>ALPR</name>
      <description>OSM node: https://www.openstreetmap.org/node/13470956491
Manufacturer: Flock Safety
Direction: 330
Camera type: fixed</description>
      <Point>
        <coordinates>-81.5256972,28.6541476,0</coordinates>
      </Point>
    </Placemark>
    <Placemark>
      <name>ALPR</name>
      <description>OSM node: https://www.openstreetmap.org/node/13470956492
Manufacturer: Flock Safety
Direction: 255
Camera type: fixed</description>
      <Point>
        <coordinates>-81.6533669,28.8584001,0</coordinates>
      </Point>
    </Placemark>
    <Placemark>
      <name>ALPR</name>
      <description>OSM node: https://www.openstreetmap.org/node/13470956493
Manufacturer: Flock Safety
Direction: 26
Camera type: fixed</description>
      <Point>
        <coordinates>-81.5259952,28.6926589,0</coordinates>
      </Point>
    </Placemark>
    <Placemark>
      <name>ALPR</name>
      <description>OSM node: https://www.openstreetmap.org/node/13471220201
Manufacturer: Flock Safety
Direction: 314
Zone: traffic
Camera type: fixed</description>
      <Point>
        <coordinates>-80.3158998,26.1499475,0</coordinates>
      </Point>
    </Placemark>
    <Placemark>
      <name>ALPR</name>
      <description>OSM node: https://www.openstreetmap.org/node/13471440501
Manufacturer: Flock Safety
Direction: 338-23
Zone: traffic
Camera type: fixed</description>
      <Point>
        <coordinates>-81.5306985,26.5106761,0</coordinates>
      </Point>
    </Placemark>
    <Placemark>
      <name>ALPR</name>
      <description>OSM node: https://www.openstreetmap.org/node/13472440829
Manufacturer: Flock Safety
Direction: 250
Zone: traffic
Camera type: fixed</description>
      <Point>
        <coordinates>-81.5061508,28.5629023,0</coordinates>
      </Point>
    </Placemark>
    <Placemark>
      <name>ALPR</name>
      <description>OSM node: https://www.openstreetmap.org/node/13472471696
Manufacturer: Flock Safety
Direction: 125
Zone: traffic
Camera type: fixed</description>
      <Point>
        <coordinates>-81.5855,28.4920545,0</coordinates>
      </Point>
    </Placemark>
    <Placemark>
      <name>The Home Depot ALPR</name>
      <description>OSM node: https://www.openstreetmap.org/node/13472481508
Operator: The Home Depot
Manufacturer: Flock Safety
Camera type: fixed</description>
      <Point>
        <coordinates>-81.7272899,28.5477142,0</coordinates>
      </Point>
    </Placemark>
    <Placemark>
      <name>The Home Depot ALPR</name>
      <description>OSM node: https://www.openstreetmap.org/node/13472481509
Operator: The Home Depot
Manufacturer: Flock Safety
Camera type: fixed</description>
      <Point>
        <coordinates>-81.7272943,28.5485194,0</coordinates>
      </Point>
    </Placemark>
    <Placemark>
      <name>ALPR</name>
      <description>OSM node: https://www.openstreetmap.org/node/13472498786
Manufacturer: Motorola Solutions
Direction: 280
Zone: traffic
Camera type: fixed</description>
      <Point>
        <coordinates>-82.1814366,26.4824664,0</coordinates>
      </Point>
    </Placemark>
    <Placemark>
      <name>ALPR</name>
      <description>OSM node: https://www.openstreetmap.org/node/13472567393
Direction: 115
Camera type: fixed</description>
      <Point>
        <coordinates>-82.3418719,29.6394849,0</coordinates>
      </Point>
    </Placemark>
    <Placemark>
      <name>ALPR</name>
      <description>OSM node: https://www.openstreetmap.org/node/13473634501
Manufacturer: Flock Safety
Direction: 333
Zone: traffic
Camera type: fixed</description>
      <Point>
        <coordinates>-80.3176958,25.644433,0</coordinates>
      </Point>
    </Placemark>
    <Placemark>
      <name>Jacksonville Sheriffs Office ALPR</name>
      <description>OSM node: https://www.openstreetmap.org/node/13473948101
Operator: Jacksonville Sheriffs Office
Manufacturer: Flock Safety
Direction: 152
Zone: traffic
Camera type: fixed</description>
      <Point>
        <coordinates>-81.5594061,30.3212613,0</coordinates>
      </Point>
    </Placemark>
    <Placemark>
      <name>ALPR</name>
      <description>OSM node: https://www.openstreetmap.org/node/13474051601
Manufacturer: Flock Safety
Direction: 32-102
Zone: traffic
Camera type: fixed</description>
      <Point>
        <coordinates>-82.4700457,29.6598817,0</coordinates>
      </Point>
    </Placemark>
    <Placemark>
      <name>ALPR</name>
      <description>OSM node: https://www.openstreetmap.org/node/13474124001
Manufacturer: Flock Safety
Direction: 216-261
Zone: traffic
Camera type: fixed</description>
      <Point>
        <coordinates>-84.2432212,30.4626199,0</coordinates>
      </Point>
    </Placemark>
    <Placemark>
      <name>ALPR</name>
      <description>OSM node: https://www.openstreetmap.org/node/13474655701
Manufacturer: Flock Safety
Direction: 64
Zone: traffic
Camera type: fixed</description>
      <Point>
        <coordinates>-84.2791803,30.4354518,0</coordinates>
      </Point>
    </Placemark>
    <Placemark>
      <name>ALPR</name>
      <description>OSM node: https://www.openstreetmap.org/node/13475125701
Manufacturer: Flock Safety
Direction: 31-76
Zone: traffic
Camera type: fixed</description>
      <Point>
        <coordinates>-84.2430968,30.4623756,0</coordinates>
      </Point>
    </Placemark>
    <Placemark>
      <name>ALPR</name>
      <description>OSM node: https://www.openstreetmap.org/node/13475141501
Manufacturer: Flock Safety
Direction: 285
Zone: traffic
Camera type: fixed</description>
      <Point>
        <coordinates>-82.3288522,27.8553855,0</coordinates>
      </Point>
    </Placemark>
    <Placemark>
      <name>ALPR</name>
      <description>OSM node: https://www.openstreetmap.org/node/13475302601
Manufacturer: Flock Safety
Direction: 0
Zone: traffic
Camera type: fixed</description>
      <Point>
        <coordinates>-84.2187058,30.4417017,0</coordinates>
      </Point>
    </Placemark>
    <Placemark>
      <name>ALPR</name>
      <description>OSM node: https://www.openstreetmap.org/node/13475303901
Manufacturer: Flock Safety
Direction: 0
Zone: traffic
Camera type: fixed</description>
      <Point>
        <coordinates>-84.2187058,30.4417017,0</coordinates>
      </Point>
    </Placemark>
    <Placemark>
      <name>ALPR</name>
      <description>OSM node: https://www.openstreetmap.org/node/13475306231
Direction: 240
Camera type: fixed</description>
      <Point>
        <coordinates>-82.339455,29.6521914,0</coordinates>
      </Point>
    </Placemark>
    <Placemark>
      <name>ALPR</name>
      <description>OSM node: https://www.openstreetmap.org/node/13475325067
Direction: 285
Camera type: fixed</description>
      <Point>
        <coordinates>-82.3394811,29.6501402,0</coordinates>
      </Point>
    </Placemark>
    <Placemark>
      <name>ALPR</name>
      <description>OSM node: https://www.openstreetmap.org/node/13475332786
Direction: 80
Camera type: fixed</description>
      <Point>
        <coordinates>-82.3391931,29.6436082,0</coordinates>
      </Point>
    </Placemark>
    <Placemark>
      <name>ALPR</name>
      <description>OSM node: https://www.openstreetmap.org/node/13475347946
Direction: 155
Camera type: fixed</description>
      <Point>
        <coordinates>-82.3394988,29.6519155,0</coordinates>
      </Point>
    </Placemark>
    <Placemark>
      <name>ALPR</name>
      <description>OSM node: https://www.openstreetmap.org/node/13475352083
Direction: 235
Camera type: fixed</description>
      <Point>
        <coordinates>-82.3394796,29.6450143,0</coordinates>
      </Point>
    </Placemark>
    <Placemark>
      <name>ALPR</name>
      <description>OSM node: https://www.openstreetmap.org/node/13475352453
Direction: 340
Camera type: fixed</description>
      <Point>
        <coordinates>-82.3391875,29.6522404,0</coordinates>
      </Point>
    </Placemark>
    <Placemark>
      <name>ALPR</name>
      <description>OSM node: https://www.openstreetmap.org/node/13475358063
Direction: 60
Camera type: fixed</description>
      <Point>
        <coordinates>-82.3391745,29.6519351,0</coordinates>
      </Point>
    </Placemark>
    <Placemark>
      <name>ALPR</name>
      <description>OSM node: https://www.openstreetmap.org/node/13475360618
Direction: 345
Camera type: fixed</description>
      <Point>
        <coordinates>-82.3391736,29.6450261,0</coordinates>
      </Point>
    </Placemark>
    <Placemark>
      <name>ALPR</name>
      <description>OSM node: https://www.openstreetmap.org/node/13477155002
Manufacturer: Flock Safety
Direction: 115
Zone: traffic
Camera type: fixed</description>
      <Point>
        <coordinates>-83.7474209,30.3021114,0</coordinates>
      </Point>
    </Placemark>
    <Placemark>
      <name>ALPR</name>
      <description>OSM node: https://www.openstreetmap.org/node/13477476101
Manufacturer: Flock Safety
Direction: 98-143
Zone: traffic
Camera type: fixed</description>
      <Point>
        <coordinates>-83.2230525,30.0856327,0</coordinates>
      </Point>
    </Placemark>
    <Placemark>
      <name>ALPR</name>
      <description>OSM node: https://www.openstreetmap.org/node/13477739406
Manufacturer: Flock Safety
Direction: 147
Zone: traffic
Camera type: fixed</description>
      <Point>
        <coordinates>-81.6488982,30.3971579,0</coordinates>
      </Point>
    </Placemark>
    <Placemark>
      <name>ALPR</name>
      <description>OSM node: https://www.openstreetmap.org/node/13477757401
Manufacturer: Flock Safety
Direction: 0
Zone: traffic
Camera type: fixed</description>
      <Point>
        <coordinates>-81.647414,30.3902548,0</coordinates>
      </Point>
    </Placemark>
    <Placemark>
      <name>ALPR</name>
      <description>OSM node: https://www.openstreetmap.org/node/13477795001
Manufacturer: Flock Safety
Direction: 146
Zone: traffic
Camera type: fixed</description>
      <Point>
        <coordinates>-83.6313554,30.2854869,0</coordinates>
      </Point>
    </Placemark>
    <Placemark>
      <name>ALPR</name>
      <description>OSM node: https://www.openstreetmap.org/node/13477816201
Manufacturer: Flock Safety
Direction: 241-286
Zone: traffic
Camera type: fixed</description>
      <Point>
        <coordinates>-83.5070935,30.0813804,0</coordinates>
      </Point>
    </Placemark>
    <Placemark>
      <name>ALPR</name>
      <description>OSM node: https://www.openstreetmap.org/node/13477819901
Manufacturer: Motorola Solutions
Direction: 82;271
Zone: traffic
Camera type: fixed</description>
      <Point>
        <coordinates>-80.2230259,27.0437629,0</coordinates>
      </Point>
    </Placemark>
    <Placemark>
      <name>ALPR</name>
      <description>OSM node: https://www.openstreetmap.org/node/13477846638
Manufacturer: Flock Safety
Direction: 340
Zone: traffic
Camera type: fixed</description>
      <Point>
        <coordinates>-80.3784448,27.4691215,0</coordinates>
      </Point>
    </Placemark>
    <Placemark>
      <name>ALPR</name>
      <description>OSM node: https://www.openstreetmap.org/node/13477910501
Manufacturer: Flock Safety
Direction: 42
Zone: traffic
Camera type: fixed</description>
      <Point>
        <coordinates>-81.0768782,29.1795989,0</coordinates>
      </Point>
    </Placemark>
    <Placemark>
      <name>ALPR</name>
      <description>OSM node: https://www.openstreetmap.org/node/13477951501
Direction: 273
Zone: traffic
Camera type: fixed</description>
      <Point>
        <coordinates>-82.3356727,29.6442107,0</coordinates>
      </Point>
    </Placemark>
    <Placemark>
      <name>ALPR</name>
      <description>OSM node: https://www.openstreetmap.org/node/13478178101
Manufacturer: Flock Safety
Direction: 116
Zone: traffic
Camera type: fixed</description>
      <Point>
        <coordinates>-82.5695088,27.5681002,0</coordinates>
      </Point>
    </Placemark>
    <Placemark>
      <name>ALPR</name>
      <description>OSM node: https://www.openstreetmap.org/node/13478184101
Manufacturer: Motorola Solutions
Direction: 344
Zone: traffic
Camera type: fixed</description>
      <Point>
        <coordinates>-82.5727086,27.5110715,0</coordinates>
      </Point>
    </Placemark>
    <Placemark>
      <name>ALPR</name>
      <description>OSM node: https://www.openstreetmap.org/node/13478285402
Manufacturer: Motorola Solutions
Direction: 135
Zone: traffic
Camera type: fixed</description>
      <Point>
        <coordinates>-80.2067924,27.1338155,0</coordinates>
      </Point>
    </Placemark>
    <Placemark>
      <name>ALPR</name>
      <description>OSM node: https://www.openstreetmap.org/node/13478288401
Manufacturer: Motorola Solutions
Direction: 333
Zone: traffic
Camera type: fixed</description>
      <Point>
        <coordinates>-80.2067642,27.1340767,0</coordinates>
      </Point>
    </Placemark>
    <Placemark>
      <name>ALPR</name>
      <description>OSM node: https://www.openstreetmap.org/node/13479780001
Manufacturer: Flock Safety
Direction: 132
Zone: traffic
Camera type: fixed</description>
      <Point>
        <coordinates>-80.6050961,28.0782619,0</coordinates>
      </Point>
    </Placemark>
    <Placemark>
      <name>ALPR</name>
      <description>OSM node: https://www.openstreetmap.org/node/13479806902
Manufacturer: Flock Safety
Direction: 244
Zone: traffic
Camera type: fixed</description>
      <Point>
        <coordinates>-82.269561,27.8538564,0</coordinates>
      </Point>
    </Placemark>
    <Placemark>
      <name>ALPR</name>
      <description>OSM node: https://www.openstreetmap.org/node/13480003445
Manufacturer: Flock Safety
Direction: 270
Camera type: fixed</description>
      <Point>
        <coordinates>-82.2858893,27.9153072,0</coordinates>
      </Point>
    </Placemark>
    <Placemark>
      <name>ALPR</name>
      <description>OSM node: https://www.openstreetmap.org/node/13480003446
Manufacturer: Flock Safety
Direction: 90
Camera type: fixed</description>
      <Point>
        <coordinates>-82.2859289,27.9152765,0</coordinates>
      </Point>
    </Placemark>
    <Placemark>
      <name>ALPR</name>
      <description>OSM node: https://www.openstreetmap.org/node/13480003447
Manufacturer: Flock Safety
Direction: 270
Camera type: fixed</description>
      <Point>
        <coordinates>-82.2860008,27.9101609,0</coordinates>
      </Point>
    </Placemark>
    <Placemark>
      <name>ALPR</name>
      <description>OSM node: https://www.openstreetmap.org/node/13480003448
Manufacturer: Flock Safety
Direction: 90
Camera type: fixed</description>
      <Point>
        <coordinates>-82.2859881,27.9101318,0</coordinates>
      </Point>
    </Placemark>
    <Placemark>
      <name>ALPR</name>
      <description>OSM node: https://www.openstreetmap.org/node/13480079901
Manufacturer: Motorola Solutions
Direction: 260
Zone: traffic
Camera type: fixed</description>
      <Point>
        <coordinates>-82.3860867,29.6285777,0</coordinates>
      </Point>
    </Placemark>
    <Placemark>
      <name>ALPR</name>
      <description>OSM node: https://www.openstreetmap.org/node/13480262301
Manufacturer: Flock Safety
Direction: 177
Zone: traffic
Camera type: fixed</description>
      <Point>
        <coordinates>-83.5017992,30.082453,0</coordinates>
      </Point>
    </Placemark>
    <Placemark>
      <name>ALPR</name>
      <description>OSM node: https://www.openstreetmap.org/node/13480277701
Manufacturer: Flock Safety
Direction: 117
Zone: traffic
Camera type: fixed</description>
      <Point>
        <coordinates>-82.4223199,29.6502918,0</coordinates>
      </Point>
    </Placemark>
    <Placemark>
      <name>ALPR</name>
      <description>OSM node: https://www.openstreetmap.org/node/13480383901
Manufacturer: Flock Safety
Direction: 264
Zone: traffic
Camera type: fixed</description>
      <Point>
        <coordinates>-81.5406513,27.8947436,0</coordinates>
      </Point>
    </Placemark>
    <Placemark>
      <name>ALPR</name>
      <description>OSM node: https://www.openstreetmap.org/node/13480385401
Manufacturer: Flock Safety
Direction: 78
Zone: traffic
Camera type: fixed</description>
      <Point>
        <coordinates>-81.5512149,27.8939049,0</coordinates>
      </Point>
    </Placemark>
    <Placemark>
      <name>ALPR</name>
      <description>OSM node: https://www.openstreetmap.org/node/13480433002
Manufacturer: Flock Safety
Direction: 148
Zone: traffic
Camera type: fixed</description>
      <Point>
        <coordinates>-82.8036852,27.8944219,0</coordinates>
      </Point>
    </Placemark>
    <Placemark>
      <name>ALPR</name>
      <description>OSM node: https://www.openstreetmap.org/node/13480695701
Manufacturer: Motorola Solutions
Direction: 318
Zone: traffic
Camera type: fixed</description>
      <Point>
        <coordinates>-81.3102795,28.2169409,0</coordinates>
      </Point>
    </Placemark>
    <Placemark>
      <name>ALPR</name>
      <description>OSM node: https://www.openstreetmap.org/node/13481090156
Direction: 40
Zone: traffic</description>
      <Point>
        <coordinates>-86.2913743,30.7494253,0</coordinates>
      </Point>
    </Placemark>
    <Placemark>
      <name>ALPR</name>
      <description>OSM node: https://www.openstreetmap.org/node/13481095785
Direction: 220
Zone: traffic</description>
      <Point>
        <coordinates>-86.2914226,30.7495555,0</coordinates>
      </Point>
    </Placemark>
    <Placemark>
      <name>ALPR</name>
      <description>OSM node: https://www.openstreetmap.org/node/13481100033
Direction: 60
Zone: traffic</description>
      <Point>
        <coordinates>-86.2076658,30.7446674,0</coordinates>
      </Point>
    </Placemark>
    <Placemark>
      <name>ALPR</name>
      <description>OSM node: https://www.openstreetmap.org/node/13481102705
Direction: 260
Zone: traffic</description>
      <Point>
        <coordinates>-86.2076316,30.7447786,0</coordinates>
      </Point>
    </Placemark>
    <Placemark>
      <name>ALPR</name>
      <description>OSM node: https://www.openstreetmap.org/node/13482032101
Manufacturer: Axis Communications
Direction: 0
Zone: traffic
Camera type: fixed</description>
      <Point>
        <coordinates>-80.9814519,29.0706139,0</coordinates>
      </Point>
    </Placemark>
    <Placemark>
      <name>ALPR</name>
      <description>OSM node: https://www.openstreetmap.org/node/13482032301
Manufacturer: Axis Communications
Direction: 234
Zone: traffic
Camera type: fixed</description>
      <Point>
        <coordinates>-80.9814529,29.070613,0</coordinates>
      </Point>
    </Placemark>
    <Placemark>
      <name>ALPR</name>
      <description>OSM node: https://www.openstreetmap.org/node/13482042201
Manufacturer: Flock Safety
Direction: 52
Zone: traffic
Camera type: fixed</description>
      <Point>
        <coordinates>-81.0419762,29.05088,0</coordinates>
      </Point>
    </Placemark>
    <Placemark>
      <name>ALPR</name>
      <description>OSM node: https://www.openstreetmap.org/node/13482042501
Manufacturer: Flock Safety
Direction: 236
Zone: traffic
Camera type: fixed</description>
      <Point>
        <coordinates>-81.0431122,29.0511375,0</coordinates>
      </Point>
    </Placemark>
    <Placemark>
      <name>ALPR</name>
      <description>OSM node: https://www.openstreetmap.org/node/13482109698
Direction: 155
Camera type: fixed</description>
      <Point>
        <coordinates>-82.3523374,29.6519556,0</coordinates>
      </Point>
    </Placemark>
    <Placemark>
      <name>ALPR</name>
      <description>OSM node: https://www.openstreetmap.org/node/13482121482
Direction: 150
Camera type: fixed</description>
      <Point>
        <coordinates>-82.344845,29.6519625,0</coordinates>
      </Point>
    </Placemark>
    <Placemark>
      <name>ALPR</name>
      <description>OSM node: https://www.openstreetmap.org/node/13482135584
Direction: 145
Camera type: fixed</description>
      <Point>
        <coordinates>-82.3498284,29.6519782,0</coordinates>
      </Point>
    </Placemark>
    <Placemark>
      <name>ALPR</name>
      <description>OSM node: https://www.openstreetmap.org/node/13482151477
Direction: 60
Camera type: fixed</description>
      <Point>
        <coordinates>-82.3463936,29.6519753,0</coordinates>
      </Point>
    </Placemark>
    <Placemark>
      <name>ALPR</name>
      <description>OSM node: https://www.openstreetmap.org/node/13482159846
Direction: 240
Camera type: fixed</description>
      <Point>
        <coordinates>-82.3523305,29.6521936,0</coordinates>
      </Point>
    </Placemark>
    <Placemark>
      <name>ALPR</name>
      <description>OSM node: https://www.openstreetmap.org/node/13482170823
Manufacturer: Flock Safety
Direction: 30
Zone: traffic
Camera type: fixed</description>
      <Point>
        <coordinates>-81.7324712,30.2737624,0</coordinates>
      </Point>
    </Placemark>
    <Placemark>
      <name>ALPR</name>
      <description>OSM node: https://www.openstreetmap.org/node/13482172979
Direction: 215
Camera type: fixed</description>
      <Point>
        <coordinates>-82.3604562,29.6502999,0</coordinates>
      </Point>
    </Placemark>
    <Placemark>
      <name>ALPR</name>
      <description>OSM node: https://www.openstreetmap.org/node/13482202306
Manufacturer: Flock Safety
Direction: 200
Zone: traffic
Camera type: fixed</description>
      <Point>
        <coordinates>-81.7324068,30.2743127,0</coordinates>
      </Point>
    </Placemark>
    <Placemark>
      <name>ALPR</name>
      <description>OSM node: https://www.openstreetmap.org/node/13482271801
Manufacturer: Flock Safety
Direction: 0
Zone: traffic
Camera type: fixed</description>
      <Point>
        <coordinates>-81.3467222,28.7009893,0</coordinates>
      </Point>
    </Placemark>
    <Placemark>
      <name>ALPR</name>
      <description>OSM node: https://www.openstreetmap.org/node/13482588501
Manufacturer: Flock Safety
Direction: 324
Zone: traffic
Camera type: fixed</description>
      <Point>
        <coordinates>-84.2627206,30.4570158,0</coordinates>
      </Point>
    </Placemark>
    <Placemark>
      <name>ALPR</name>
      <description>OSM node: https://www.openstreetmap.org/node/13483019601
Manufacturer: Flock Safety
Direction: 345;199
Zone: traffic
Camera type: fixed</description>
      <Point>
        <coordinates>-80.0525441,26.594294,0</coordinates>
      </Point>
    </Placemark>
    <Placemark>
      <name>ALPR</name>
      <description>OSM node: https://www.openstreetmap.org/node/13483020701
Manufacturer: Flock Safety
Direction: 311;290
Zone: traffic
Camera type: fixed</description>
      <Point>
        <coordinates>-80.0542,26.5958291,0</coordinates>
      </Point>
    </Placemark>
    <Placemark>
      <name>ALPR</name>
      <description>OSM node: https://www.openstreetmap.org/node/13483020702
Manufacturer: Flock Safety
Direction: 131;111
Zone: traffic
Camera type: fixed</description>
      <Point>
        <coordinates>-80.0543576,26.5957695,0</coordinates>
      </Point>
    </Placemark>
    <Placemark>
      <name>ALPR</name>
      <description>OSM node: https://www.openstreetmap.org/node/13483020703
Manufacturer: Flock Safety
Direction: 166
Zone: traffic
Camera type: fixed</description>
      <Point>
        <coordinates>-80.0564981,26.6435395,0</coordinates>
      </Point>
    </Placemark>
    <Placemark>
      <name>ALPR</name>
      <description>OSM node: https://www.openstreetmap.org/node/13483112601
Manufacturer: Flock Safety
Direction: 331
Zone: traffic
Camera type: fixed</description>
      <Point>
        <coordinates>-80.0736206,26.6551838,0</coordinates>
      </Point>
    </Placemark>
    <Placemark>
      <name>ALPR</name>
      <description>OSM node: https://www.openstreetmap.org/node/13483139301
Manufacturer: Flock Safety
Direction: 236;265
Zone: traffic
Camera type: fixed</description>
      <Point>
        <coordinates>-80.0649484,26.6279559,0</coordinates>
      </Point>
    </Placemark>
    <Placemark>
      <name>ALPR</name>
      <description>OSM node: https://www.openstreetmap.org/node/13483140601
Manufacturer: Flock Safety
Direction: 91;49
Zone: traffic
Camera type: fixed</description>
      <Point>
        <coordinates>-80.0649729,26.6277219,0</coordinates>
      </Point>
    </Placemark>
    <Placemark>
      <name>ALPR</name>
      <description>OSM node: https://www.openstreetmap.org/node/13483145301
Manufacturer: Flock Safety
Direction: 150
Zone: traffic
Camera type: fixed</description>
      <Point>
        <coordinates>-80.0756106,26.6278248,0</coordinates>
      </Point>
    </Placemark>
    <Placemark>
      <name>ALPR</name>
      <description>OSM node: https://www.openstreetmap.org/node/13483148701
Manufacturer: Flock Safety
Direction: 160
Zone: traffic
Camera type: fixed</description>
      <Point>
        <coordinates>-80.0748885,26.627938,0</coordinates>
      </Point>
    </Placemark>
    <Placemark>
      <name>ALPR</name>
      <description>OSM node: https://www.openstreetmap.org/node/13483150301
Manufacturer: Flock Safety
Direction: 240
Zone: traffic
Camera type: fixed</description>
      <Point>
        <coordinates>-80.0738244,26.617116,0</coordinates>
      </Point>
    </Placemark>
    <Placemark>
      <name>ALPR</name>
      <description>OSM node: https://www.openstreetmap.org/node/13483150901
Manufacturer: Flock Safety
Direction: 76
Zone: traffic
Camera type: fixed</description>
      <Point>
        <coordinates>-80.0745195,26.6168856,0</coordinates>
      </Point>
    </Placemark>
    <Placemark>
      <name>ALPR</name>
      <description>OSM node: https://www.openstreetmap.org/node/13483157601
Manufacturer: Flock Safety
Direction: 74
Zone: traffic
Camera type: fixed</description>
      <Point>
        <coordinates>-80.0675172,26.6166283,0</coordinates>
      </Point>
    </Placemark>
    <Placemark>
      <name>ALPR</name>
      <description>OSM node: https://www.openstreetmap.org/node/13483157901
Manufacturer: Flock Safety
Direction: 245
Zone: traffic
Camera type: fixed</description>
      <Point>
        <coordinates>-80.0666562,26.6168664,0</coordinates>
      </Point>
    </Placemark>
    <Placemark>
      <name>ALPR</name>
      <description>OSM node: https://www.openstreetmap.org/node/13483165901
Manufacturer: Flock Safety
Direction: 222;245
Zone: traffic
Camera type: fixed</description>
      <Point>
        <coordinates>-80.0666759,26.6090697,0</coordinates>
      </Point>
    </Placemark>
    <Placemark>
      <name>ALPR</name>
      <description>OSM node: https://www.openstreetmap.org/node/13483166701
Manufacturer: Flock Safety
Direction: 74
Zone: traffic
Camera type: fixed</description>
      <Point>
        <coordinates>-80.0678092,26.6087589,0</coordinates>
      </Point>
    </Placemark>
    <Placemark>
      <name>ALPR</name>
      <description>OSM node: https://www.openstreetmap.org/node/13483169901
Manufacturer: Flock Safety
Direction: 181;285
Zone: traffic
Camera type: fixed</description>
      <Point>
        <coordinates>-80.0772452,26.6038336,0</coordinates>
      </Point>
    </Placemark>
    <Placemark>
      <name>ALPR</name>
      <description>OSM node: https://www.openstreetmap.org/node/13483174201
Manufacturer: Flock Safety
Direction: 25;158
Zone: traffic
Camera type: fixed</description>
      <Point>
        <coordinates>-80.0657095,26.5949789,0</coordinates>
      </Point>
    </Placemark>
    <Placemark>
      <name>ALPR</name>
      <description>OSM node: https://www.openstreetmap.org/node/13483181601
Manufacturer: Flock Safety
Direction: 114
Zone: traffic
Camera type: fixed</description>
      <Point>
        <coordinates>-80.0547447,26.5557109,0</coordinates>
      </Point>
    </Placemark>
    <Placemark>
      <name>ALPR</name>
      <description>OSM node: https://www.openstreetmap.org/node/13483183201
Manufacturer: Flock Safety
Direction: 343
Zone: traffic
Camera type: fixed</description>
      <Point>
        <coordinates>-80.0552862,26.5525589,0</coordinates>
      </Point>
    </Placemark>
    <Placemark>
      <name>ALPR</name>
      <description>OSM node: https://www.openstreetmap.org/node/13483184301
Manufacturer: Flock Safety
Direction: 119
Zone: traffic
Camera type: fixed</description>
      <Point>
        <coordinates>-80.0570696,26.5490324,0</coordinates>
      </Point>
    </Placemark>
    <Placemark>
      <name>ALPR</name>
      <description>OSM node: https://www.openstreetmap.org/node/13483184801
Manufacturer: Flock Safety
Direction: 299
Zone: traffic
Camera type: fixed</description>
      <Point>
        <coordinates>-80.0566695,26.5492007,0</coordinates>
      </Point>
    </Placemark>
    <Placemark>
      <name>ALPR</name>
      <description>OSM node: https://www.openstreetmap.org/node/13483188002
Manufacturer: Flock Safety
Direction: 63
Zone: traffic
Camera type: fixed</description>
      <Point>
        <coordinates>-80.0588822,26.5288001,0</coordinates>
      </Point>
    </Placemark>
    <Placemark>
      <name>ALPR</name>
      <description>OSM node: https://www.openstreetmap.org/node/13483195401
Manufacturer: Flock Safety
Direction: 243
Zone: traffic
Camera type: fixed</description>
      <Point>
        <coordinates>-80.0694398,26.5290474,0</coordinates>
      </Point>
    </Placemark>
    <Placemark>
      <name>ALPR</name>
      <description>OSM node: https://www.openstreetmap.org/node/13483196901
Manufacturer: Flock Safety
Direction: 75
Zone: traffic
Camera type: fixed</description>
      <Point>
        <coordinates>-80.0719058,26.5287493,0</coordinates>
      </Point>
    </Placemark>
    <Placemark>
      <name>ALPR</name>
      <description>OSM node: https://www.openstreetmap.org/node/13483208701
Manufacturer: Flock Safety
Direction: 241
Zone: traffic
Camera type: fixed</description>
      <Point>
        <coordinates>-80.0522661,26.5271498,0</coordinates>
      </Point>
    </Placemark>
    <Placemark>
      <name>ALPR</name>
      <description>OSM node: https://www.openstreetmap.org/node/13483565201
Manufacturer: Motorola Solutions
Direction: 334
Zone: traffic
Camera type: fixed</description>
      <Point>
        <coordinates>-82.5325915,27.4037726,0</coordinates>
      </Point>
    </Placemark>
    <Placemark>
      <name>ALPR</name>
      <description>OSM node: https://www.openstreetmap.org/node/13483569401
Manufacturer: Motorola Solutions
Direction: 181;257
Zone: traffic
Camera type: fixed</description>
      <Point>
        <coordinates>-82.4559593,27.3888969,0</coordinates>
      </Point>
    </Placemark>
    <Placemark>
      <name>ALPR</name>
      <description>OSM node: https://www.openstreetmap.org/node/13484041101
Manufacturer: Flock Safety
Direction: 57
Zone: traffic
Camera type: fixed</description>
      <Point>
        <coordinates>-82.8246596,27.9774826,0</coordinates>
      </Point>
    </Placemark>
    <Placemark>
      <name>ALPR</name>
      <description>OSM node: https://www.openstreetmap.org/node/13484066301
Manufacturer: Flock Safety
Direction: 0
Zone: traffic
Camera type: fixed</description>
      <Point>
        <coordinates>-81.3864269,28.6916904,0</coordinates>
      </Point>
    </Placemark>
    <Placemark>
      <name>ALPR</name>
      <description>OSM node: https://www.openstreetmap.org/node/13484069001
Manufacturer: Flock Safety
Direction: 0
Zone: traffic
Camera type: fixed</description>
      <Point>
        <coordinates>-81.3828355,28.7028438,0</coordinates>
      </Point>
    </Placemark>
    <Placemark>
      <name>ALPR</name>
      <description>OSM node: https://www.openstreetmap.org/node/13484137701
Manufacturer: Flock Safety
Direction: 137
Zone: traffic
Camera type: fixed</description>
      <Point>
        <coordinates>-80.4592582,25.6832016,0</coordinates>
      </Point>
    </Placemark>
    <Placemark>
      <name>ALPR</name>
      <description>OSM node: https://www.openstreetmap.org/node/13484637964
Direction: 140
Camera type: fixed</description>
      <Point>
        <coordinates>-82.350342,29.6365985,0</coordinates>
      </Point>
    </Placemark>
    <Placemark>
      <name>ALPR</name>
      <description>OSM node: https://www.openstreetmap.org/node/13484653613
Direction: 320
Camera type: fixed</description>
      <Point>
        <coordinates>-82.3500895,29.6370221,0</coordinates>
      </Point>
    </Placemark>
    <Placemark>
      <name>ALPR</name>
      <description>OSM node: https://www.openstreetmap.org/node/13484743301
Manufacturer: Flock Safety
Direction: 92-137
Zone: traffic
Camera type: fixed</description>
      <Point>
        <coordinates>-81.5629871,26.6612086,0</coordinates>
      </Point>
    </Placemark>
    <Placemark>
      <name>ALPR</name>
      <description>OSM node: https://www.openstreetmap.org/node/13484746301
Manufacturer: Flock Safety
Direction: 34-79
Zone: traffic
Camera type: fixed</description>
      <Point>
        <coordinates>-81.5655258,26.63551,0</coordinates>
      </Point>
    </Placemark>
    <Placemark>
      <name>ALPR</name>
      <description>OSM node: https://www.openstreetmap.org/node/13484782201
Manufacturer: Flock Safety
Direction: 306
Zone: traffic
Camera type: fixed</description>
      <Point>
        <coordinates>-80.2422455,26.2680524,0</coordinates>
      </Point>
    </Placemark>
    <Placemark>
      <name>ALPR</name>
      <description>OSM node: https://www.openstreetmap.org/node/13484952901
Manufacturer: Flock Safety
Direction: 81
Zone: traffic
Camera type: fixed</description>
      <Point>
        <coordinates>-82.7639358,27.9678994,0</coordinates>
      </Point>
    </Placemark>
    <Placemark>
      <name>ALPR</name>
      <description>OSM node: https://www.openstreetmap.org/node/13485018202
Manufacturer: Flock Safety
Direction: 0
Zone: traffic
Camera type: fixed</description>
      <Point>
        <coordinates>-82.4265005,29.9211942,0</coordinates>
      </Point>
    </Placemark>
    <Placemark>
      <name>ALPR</name>
      <description>OSM node: https://www.openstreetmap.org/node/13485039202
Manufacturer: Flock Safety
Direction: 240
Zone: traffic
Camera type: fixed</description>
      <Point>
        <coordinates>-82.8692298,29.9526035,0</coordinates>
      </Point>
    </Placemark>
    <Placemark>
      <name>ALPR</name>
      <description>OSM node: https://www.openstreetmap.org/node/13485086201
Manufacturer: Flock Safety
Direction: 337
Zone: traffic
Camera type: fixed</description>
      <Point>
        <coordinates>-80.1634794,25.8898015,0</coordinates>
      </Point>
    </Placemark>
    <Placemark>
      <name>ALPR</name>
      <description>OSM node: https://www.openstreetmap.org/node/13485102201
Manufacturer: Flock Safety
Direction: 274
Zone: traffic
Camera type: fixed</description>
      <Point>
        <coordinates>-81.6487442,29.9795902,0</coordinates>
      </Point>
    </Placemark>
    <Placemark>
      <name>ALPR</name>
      <description>OSM node: https://www.openstreetmap.org/node/13485144201
Manufacturer: Flock Safety
Direction: 35-105
Zone: traffic
Camera type: fixed</description>
      <Point>
        <coordinates>-80.6324246,28.1288893,0</coordinates>
      </Point>
    </Placemark>
    <Placemark>
      <name>ALPR</name>
      <description>OSM node: https://www.openstreetmap.org/node/13485159701
Manufacturer: Flock Safety
Direction: 0
Zone: traffic
Camera type: fixed</description>
      <Point>
        <coordinates>-81.3623015,28.713079,0</coordinates>
      </Point>
    </Placemark>
    <Placemark>
      <name>ALPR</name>
      <description>OSM node: https://www.openstreetmap.org/node/13485167301
Manufacturer: Flock Safety
Direction: 168
Zone: traffic
Camera type: fixed</description>
      <Point>
        <coordinates>-80.9141414,29.0039404,0</coordinates>
      </Point>
    </Placemark>
    <Placemark>
      <name>ALPR</name>
      <description>OSM node: https://www.openstreetmap.org/node/13485176001
Manufacturer: Flock Safety
Direction: 345
Zone: traffic
Camera type: fixed</description>
      <Point>
        <coordinates>-80.0971634,26.618012,0</coordinates>
      </Point>
    </Placemark>
    <Placemark>
      <name>ALPR</name>
      <description>OSM node: https://www.openstreetmap.org/node/13485176801
Manufacturer: Flock Safety
Direction: 86
Zone: traffic
Camera type: fixed</description>
      <Point>
        <coordinates>-80.0754017,26.6274565,0</coordinates>
      </Point>
    </Placemark>
    <Placemark>
      <name>ALPR</name>
      <description>OSM node: https://www.openstreetmap.org/node/13485177701
Manufacturer: Flock Safety
Direction: 27
Zone: traffic
Camera type: fixed</description>
      <Point>
        <coordinates>-80.1086317,26.618444,0</coordinates>
      </Point>
    </Placemark>
    <Placemark>
      <name>ALPR</name>
      <description>OSM node: https://www.openstreetmap.org/node/13485177702
Manufacturer: Flock Safety
Direction: 338
Zone: traffic
Camera type: fixed</description>
      <Point>
        <coordinates>-80.109268,26.6184805,0</coordinates>
      </Point>
    </Placemark>
    <Placemark>
      <name>ALPR</name>
      <description>OSM node: https://www.openstreetmap.org/node/13485178701
Manufacturer: Flock Safety
Direction: 112
Zone: traffic
Camera type: fixed</description>
      <Point>
        <coordinates>-80.1107112,26.6190061,0</coordinates>
      </Point>
    </Placemark>
    <Placemark>
      <name>ALPR</name>
      <description>OSM node: https://www.openstreetmap.org/node/13485236701
Manufacturer: Flock Safety
Direction: 50
Zone: traffic
Camera type: fixed</description>
      <Point>
        <coordinates>-82.4565013,27.3872668,0</coordinates>
      </Point>
    </Placemark>
    <Placemark>
      <name>ALPR</name>
      <description>OSM node: https://www.openstreetmap.org/node/13485238801
Manufacturer: Flock Safety
Direction: 349
Zone: traffic
Camera type: fixed</description>
      <Point>
        <coordinates>-82.5326994,27.3923154,0</coordinates>
      </Point>
    </Placemark>
    <Placemark>
      <name>ALPR</name>
      <description>OSM node: https://www.openstreetmap.org/node/13485247222
Manufacturer: Flock Safety
Direction: 335
Zone: traffic
Camera type: fixed</description>
      <Point>
        <coordinates>-82.4510665,27.9769238,0</coordinates>
      </Point>
    </Placemark>
    <Placemark>
      <name>ALPR</name>
      <description>OSM node: https://www.openstreetmap.org/node/13485247223
Manufacturer: Flock Safety
Direction: 245
Zone: station
Camera type: fixed</description>
      <Point>
        <coordinates>-82.4577298,28.0877366,0</coordinates>
      </Point>
    </Placemark>
    <Placemark>
      <name>ALPR</name>
      <description>OSM node: https://www.openstreetmap.org/node/13485247224
Manufacturer: Flock Safety
Direction: 105
Zone: station
Camera type: fixed</description>
      <Point>
        <coordinates>-82.4576843,28.0877272,0</coordinates>
      </Point>
    </Placemark>
    <Placemark>
      <name>ALPR</name>
      <description>OSM node: https://www.openstreetmap.org/node/13491663201
Manufacturer: Flock Safety
Direction: 219-264
Zone: traffic
Camera type: fixed</description>
      <Point>
        <coordinates>-81.5650366,26.72548,0</coordinates>
      </Point>
    </Placemark>
    <Placemark>
      <name>ALPR</name>
      <description>OSM node: https://www.openstreetmap.org/node/13495212301
Manufacturer: Flock Safety
Direction: 254
Zone: traffic
Camera type: fixed</description>
      <Point>
        <coordinates>-80.0605963,26.5290321,0</coordinates>
      </Point>
    </Placemark>
    <Placemark>
      <name>ALPR</name>
      <description>OSM node: https://www.openstreetmap.org/node/13495550101
Manufacturer: Flock Safety
Direction: 0
Zone: traffic
Camera type: fixed</description>
      <Point>
        <coordinates>-82.367542,27.7910956,0</coordinates>
      </Point>
    </Placemark>
    <Placemark>
      <name>ALPR</name>
      <description>OSM node: https://www.openstreetmap.org/node/13495729102
Manufacturer: Flock Safety
Direction: 334
Zone: traffic
Camera type: fixed</description>
      <Point>
        <coordinates>-84.3376352,30.4532355,0</coordinates>
      </Point>
    </Placemark>
    <Placemark>
      <name>ALPR</name>
      <description>OSM node: https://www.openstreetmap.org/node/13500678501
Manufacturer: Flock Safety
Direction: 7
Zone: traffic
Camera type: fixed</description>
      <Point>
        <coordinates>-81.6566958,29.9821508,0</coordinates>
      </Point>
    </Placemark>
    <Placemark>
      <name>ALPR</name>
      <description>OSM node: https://www.openstreetmap.org/node/13500695002
Manufacturer: Flock Safety
Direction: 319
Zone: traffic
Camera type: fixed</description>
      <Point>
        <coordinates>-80.9492599,29.0700882,0</coordinates>
      </Point>
    </Placemark>
    <Placemark>
      <name>ALPR</name>
      <description>OSM node: https://www.openstreetmap.org/node/13500695301
Manufacturer: Flock Safety
Direction: 19-64
Zone: traffic
Camera type: fixed</description>
      <Point>
        <coordinates>-82.0099641,28.0516755,0</coordinates>
      </Point>
    </Placemark>
    <Placemark>
      <name>ALPR</name>
      <description>OSM node: https://www.openstreetmap.org/node/13500702501
Manufacturer: Flock Safety
Direction: 223-268
Zone: traffic
Camera type: fixed</description>
      <Point>
        <coordinates>-81.9800072,28.0549014,0</coordinates>
      </Point>
    </Placemark>
    <Placemark>
      <name>ALPR</name>
      <description>OSM node: https://www.openstreetmap.org/node/13500712701
Manufacturer: Flock Safety
Direction: 67-112
Zone: traffic
Camera type: fixed</description>
      <Point>
        <coordinates>-81.9244274,28.0486812,0</coordinates>
      </Point>
    </Placemark>
    <Placemark>
      <name>ALPR</name>
      <description>OSM node: https://www.openstreetmap.org/node/13500724501
Manufacturer: Flock Safety
Direction: 313-358
Zone: traffic
Camera type: fixed</description>
      <Point>
        <coordinates>-81.8912883,28.0322921,0</coordinates>
      </Point>
    </Placemark>
    <Placemark>
      <name>ALPR</name>
      <description>OSM node: https://www.openstreetmap.org/node/13500778601
Manufacturer: Flock Safety
Direction: 141-186
Zone: traffic
Camera type: fixed</description>
      <Point>
        <coordinates>-81.8915416,28.0296423,0</coordinates>
      </Point>
    </Placemark>
    <Placemark>
      <name>ALPR</name>
      <description>OSM node: https://www.openstreetmap.org/node/13500788401
Manufacturer: Flock Safety
Direction: 268-313
Zone: traffic
Camera type: fixed</description>
      <Point>
        <coordinates>-81.9251992,28.0492839,0</coordinates>
      </Point>
    </Placemark>
    <Placemark>
      <name>ALPR</name>
      <description>OSM node: https://www.openstreetmap.org/node/13500911501
Manufacturer: Flock Safety
Direction: 189;85
Zone: traffic
Camera type: fixed</description>
      <Point>
        <coordinates>-82.2545862,28.2074856,0</coordinates>
      </Point>
    </Placemark>
    <Placemark>
      <name>ALPR</name>
      <description>OSM node: https://www.openstreetmap.org/node/13500921701
Manufacturer: Flock Safety
Direction: 119;0
Zone: traffic
Camera type: fixed</description>
      <Point>
        <coordinates>-82.249114,28.2209894,0</coordinates>
      </Point>
    </Placemark>
    <Placemark>
      <name>ALPR</name>
      <description>OSM node: https://www.openstreetmap.org/node/13501776201
Manufacturer: Flock Safety
Direction: 135-180
Zone: traffic
Camera type: fixed</description>
      <Point>
        <coordinates>-81.5136874,28.5084059,0</coordinates>
      </Point>
    </Placemark>
    <Placemark>
      <name>ALPR</name>
      <description>OSM node: https://www.openstreetmap.org/node/13502337604
Manufacturer: Flock Safety
Direction: 100
Zone: traffic
Camera type: fixed</description>
      <Point>
        <coordinates>-81.4552276,28.472058,0</coordinates>
      </Point>
    </Placemark>
    <Placemark>
      <name>ALPR</name>
      <description>OSM node: https://www.openstreetmap.org/node/13502619801
Manufacturer: Flock Safety
Direction: 109
Zone: traffic
Camera type: fixed</description>
      <Point>
        <coordinates>-81.4316037,28.4920225,0</coordinates>
      </Point>
    </Placemark>
    <Placemark>
      <name>ALPR</name>
      <description>OSM node: https://www.openstreetmap.org/node/13502661301
Manufacturer: Flock Safety
Direction: 280-325
Zone: traffic
Camera type: fixed</description>
      <Point>
        <coordinates>-84.2292994,30.4860458,0</coordinates>
      </Point>
    </Placemark>
    <Placemark>
      <name>ALPR</name>
      <description>OSM node: https://www.openstreetmap.org/node/13502697002
Manufacturer: Flock Safety
Direction: 277
Zone: traffic
Camera type: fixed</description>
      <Point>
        <coordinates>-84.2926011,30.4320571,0</coordinates>
      </Point>
    </Placemark>
    <Placemark>
      <name>ALPR</name>
      <description>OSM node: https://www.openstreetmap.org/node/13502698708
Manufacturer: Flock Safety
Direction: 89
Zone: traffic
Camera type: fixed</description>
      <Point>
        <coordinates>-84.2925923,30.4320557,0</coordinates>
      </Point>
    </Placemark>
    <Placemark>
      <name>ALPR</name>
      <description>OSM node: https://www.openstreetmap.org/node/13502706601
Manufacturer: Flock Safety
Direction: 229
Zone: traffic
Camera type: fixed</description>
      <Point>
        <coordinates>-84.2751679,30.4375035,0</coordinates>
      </Point>
    </Placemark>
    <Placemark>
      <name>ALPR</name>
      <description>OSM node: https://www.openstreetmap.org/node/13502799501
Manufacturer: Flock Safety
Direction: 120
Zone: traffic
Camera type: fixed</description>
      <Point>
        <coordinates>-80.240509,26.0746153,0</coordinates>
      </Point>
    </Placemark>
    <Placemark>
      <name>ALPR</name>
      <description>OSM node: https://www.openstreetmap.org/node/13502800001
Manufacturer: Genetec
Direction: 324
Zone: traffic
Camera type: fixed</description>
      <Point>
        <coordinates>-80.2409875,26.0746995,0</coordinates>
      </Point>
    </Placemark>
    <Placemark>
      <name>ALPR</name>
      <description>OSM node: https://www.openstreetmap.org/node/13502801801
Manufacturer: Genetec
Direction: 155
Zone: traffic
Camera type: fixed</description>
      <Point>
        <coordinates>-80.2411123,26.0747934,0</coordinates>
      </Point>
    </Placemark>
    <Placemark>
      <name>ALPR</name>
      <description>OSM node: https://www.openstreetmap.org/node/13502992301
Manufacturer: Flock Safety
Direction: 48
Zone: traffic
Camera type: fixed</description>
      <Point>
        <coordinates>-80.8734214,27.1469847,0</coordinates>
      </Point>
    </Placemark>
    <Placemark>
      <name>ALPR</name>
      <description>OSM node: https://www.openstreetmap.org/node/13502992501
Manufacturer: Flock Safety
Direction: 213
Zone: traffic
Camera type: fixed</description>
      <Point>
        <coordinates>-80.8735072,27.147114,0</coordinates>
      </Point>
    </Placemark>
    <Placemark>
      <name>ALPR</name>
      <description>OSM node: https://www.openstreetmap.org/node/13503974301
Manufacturer: Flock Safety
Direction: 170
Zone: traffic
Camera type: fixed</description>
      <Point>
        <coordinates>-80.3651521,25.5866663,0</coordinates>
      </Point>
    </Placemark>
    <Placemark>
      <name>ALPR</name>
      <description>OSM node: https://www.openstreetmap.org/node/13504029101
Manufacturer: Flock Safety
Direction: 123
Zone: traffic
Camera type: fixed</description>
      <Point>
        <coordinates>-84.3385587,30.454983,0</coordinates>
      </Point>
    </Placemark>
    <Placemark>
      <name>ALPR</name>
      <description>OSM node: https://www.openstreetmap.org/node/13504350905
Manufacturer: Flock Safety
Direction: 335
Zone: traffic
Camera type: fixed</description>
      <Point>
        <coordinates>-84.276088,30.4383401,0</coordinates>
      </Point>
    </Placemark>
    <Placemark>
      <name>ALPR</name>
      <description>OSM node: https://www.openstreetmap.org/node/13504450001
Manufacturer: Flock Safety
Direction: 333
Zone: traffic
Camera type: fixed</description>
      <Point>
        <coordinates>-80.3664331,27.3715534,0</coordinates>
      </Point>
    </Placemark>
    <Placemark>
      <name>ALPR</name>
      <description>OSM node: https://www.openstreetmap.org/node/13504452201
Manufacturer: Flock Safety
Direction: 138
Zone: traffic
Camera type: fixed</description>
      <Point>
        <coordinates>-80.3667611,27.3716496,0</coordinates>
      </Point>
    </Placemark>
    <Placemark>
      <name>ALPR</name>
      <description>OSM node: https://www.openstreetmap.org/node/13504615501
Manufacturer: Flock Safety
Direction: 301
Zone: traffic
Camera type: fixed</description>
      <Point>
        <coordinates>-81.8084648,28.1711602,0</coordinates>
      </Point>
    </Placemark>
    <Placemark>
      <name>Pasco Sheriff’s Office ALPR</name>
      <description>OSM node: https://www.openstreetmap.org/node/13504944001
Operator: Pasco Sheriff’s Office
Manufacturer: Flock Safety
Direction: 0
Zone: traffic
Camera type: fixed</description>
      <Point>
        <coordinates>-82.339049,28.2409273,0</coordinates>
      </Point>
    </Placemark>
    <Placemark>
      <name>ALPR</name>
      <description>OSM node: https://www.openstreetmap.org/node/13505149101
Manufacturer: Flock Safety
Direction: 347
Zone: traffic
Camera type: fixed</description>
      <Point>
        <coordinates>-80.6724811,28.0979459,0</coordinates>
      </Point>
    </Placemark>
    <Placemark>
      <name>ALPR</name>
      <description>OSM node: https://www.openstreetmap.org/node/13505333601
Manufacturer: Flock Safety
Direction: 179-224
Zone: traffic
Camera type: fixed</description>
      <Point>
        <coordinates>-84.2297468,30.5046524,0</coordinates>
      </Point>
    </Placemark>
    <Placemark>
      <name>ALPR</name>
      <description>OSM node: https://www.openstreetmap.org/node/13505351201
Manufacturer: Flock Safety
Direction: 324-9
Zone: traffic
Camera type: fixed</description>
      <Point>
        <coordinates>-81.2596823,29.0275017,0</coordinates>
      </Point>
    </Placemark>
    <Placemark>
      <name>ALPR</name>
      <description>OSM node: https://www.openstreetmap.org/node/13505351301
Manufacturer: Flock Safety
Direction: 328-13
Zone: traffic
Camera type: fixed</description>
      <Point>
        <coordinates>-81.8314341,28.0789531,0</coordinates>
      </Point>
    </Placemark>
    <Placemark>
      <name>ALPR</name>
      <description>OSM node: https://www.openstreetmap.org/node/13505396402
Manufacturer: Flock Safety
Direction: 290
Zone: traffic
Camera type: fixed</description>
      <Point>
        <coordinates>-84.2744086,30.4342499,0</coordinates>
      </Point>
    </Placemark>
    <Placemark>
      <name>ALPR</name>
      <description>OSM node: https://www.openstreetmap.org/node/13505632601
Manufacturer: Flock Safety
Direction: 135
Zone: traffic
Camera type: fixed</description>
      <Point>
        <coordinates>-80.3021429,25.7133446,0</coordinates>
      </Point>
    </Placemark>
    <Placemark>
      <name>ALPR</name>
      <description>OSM node: https://www.openstreetmap.org/node/13505645701
Manufacturer: Flock Safety
Direction: 317
Zone: traffic
Camera type: fixed</description>
      <Point>
        <coordinates>-80.3019214,25.7125212,0</coordinates>
      </Point>
    </Placemark>
    <Placemark>
      <name>ALPR</name>
      <description>OSM node: https://www.openstreetmap.org/node/13505765301
Manufacturer: Flock Safety
Direction: 235
Zone: traffic
Camera type: fixed</description>
      <Point>
        <coordinates>-85.5993158,30.1604589,0</coordinates>
      </Point>
    </Placemark>
    <Placemark>
      <name>ALPR</name>
      <description>OSM node: https://www.openstreetmap.org/node/13505765501
Manufacturer: Flock Safety
Direction: 108
Zone: traffic
Camera type: fixed</description>
      <Point>
        <coordinates>-85.5995798,30.1604231,0</coordinates>
      </Point>
    </Placemark>
    <Placemark>
      <name>ALPR</name>
      <description>OSM node: https://www.openstreetmap.org/node/13505767501
Manufacturer: Flock Safety
Direction: 44
Zone: traffic
Camera type: fixed</description>
      <Point>
        <coordinates>-85.5995798,30.1602562,0</coordinates>
      </Point>
    </Placemark>
    <Placemark>
      <name>ALPR</name>
      <description>OSM node: https://www.openstreetmap.org/node/13505774401
Manufacturer: Flock Safety
Direction: 0
Zone: traffic
Camera type: fixed</description>
      <Point>
        <coordinates>-85.5994057,30.1602838,0</coordinates>
      </Point>
    </Placemark>
    <Placemark>
      <name>ALPR</name>
      <description>OSM node: https://www.openstreetmap.org/node/13506588901
Manufacturer: Flock Safety
Direction: 0
Zone: traffic
Camera type: fixed</description>
      <Point>
        <coordinates>-81.539945,30.1676293,0</coordinates>
      </Point>
    </Placemark>
    <Placemark>
      <name>ALPR</name>
      <description>OSM node: https://www.openstreetmap.org/node/13506643161
Manufacturer: Flock Safety
Direction: 230</description>
      <Point>
        <coordinates>-81.7093887,30.0319726,0</coordinates>
      </Point>
    </Placemark>
    <Placemark>
      <name>ALPR</name>
      <description>OSM node: https://www.openstreetmap.org/node/13507191003
Manufacturer: Flock Safety
Direction: 264
Zone: traffic
Camera type: fixed</description>
      <Point>
        <coordinates>-81.7493714,27.9821719,0</coordinates>
      </Point>
    </Placemark>
    <Placemark>
      <name>ALPR</name>
      <description>OSM node: https://www.openstreetmap.org/node/13507205002
Manufacturer: Flock Safety
Direction: 317
Zone: traffic
Camera type: fixed</description>
      <Point>
        <coordinates>-81.6886359,27.9972255,0</coordinates>
      </Point>
    </Placemark>
    <Placemark>
      <name>ALPR</name>
      <description>OSM node: https://www.openstreetmap.org/node/13507208102
Manufacturer: Flock Safety
Direction: 165
Zone: traffic
Camera type: fixed</description>
      <Point>
        <coordinates>-81.7431904,27.9709357,0</coordinates>
      </Point>
    </Placemark>
    <Placemark>
      <name>ALPR</name>
      <description>OSM node: https://www.openstreetmap.org/node/13507260601
Manufacturer: Flock Safety
Direction: 156
Zone: traffic
Camera type: fixed</description>
      <Point>
        <coordinates>-82.1405613,29.1835756,0</coordinates>
      </Point>
    </Placemark>
    <Placemark>
      <name>Lowe's ALPR</name>
      <description>OSM node: https://www.openstreetmap.org/node/13507286301
Operator: Lowe's
Manufacturer: Flock Safety
Direction: 55
Zone: entrance
Camera type: fixed</description>
      <Point>
        <coordinates>-82.0103,28.867516,0</coordinates>
      </Point>
    </Placemark>
    <Placemark>
      <name>ALPR</name>
      <description>OSM node: https://www.openstreetmap.org/node/13507614528
Direction: 355
Zone: traffic</description>
      <Point>
        <coordinates>-80.4359793,27.7499164,0</coordinates>
      </Point>
    </Placemark>
    <Placemark>
      <name>ALPR</name>
      <description>OSM node: https://www.openstreetmap.org/node/13507685021
Direction: 220
Zone: traffic</description>
      <Point>
        <coordinates>-80.4454807,27.7691566,0</coordinates>
      </Point>
    </Placemark>
    <Placemark>
      <name>ALPR</name>
      <description>OSM node: https://www.openstreetmap.org/node/13507686143
Direction: 270
Zone: traffic</description>
      <Point>
        <coordinates>-80.4564831,27.7882808,0</coordinates>
      </Point>
    </Placemark>
    <Placemark>
      <name>ALPR</name>
      <description>OSM node: https://www.openstreetmap.org/node/13507750603
Manufacturer: Flock Safety
Direction: 41-86
Zone: traffic
Camera type: fixed</description>
      <Point>
        <coordinates>-80.1840658,25.928008,0</coordinates>
      </Point>
    </Placemark>
    <Placemark>
      <name>ALPR</name>
      <description>OSM node: https://www.openstreetmap.org/node/13507758602
Manufacturer: Flock Safety
Direction: 43-88
Zone: traffic
Camera type: fixed</description>
      <Point>
        <coordinates>-80.2780992,25.9740303,0</coordinates>
      </Point>
    </Placemark>
    <Placemark>
      <name>ALPR</name>
      <description>OSM node: https://www.openstreetmap.org/node/13507761901
Manufacturer: Flock Safety
Direction: 222-267
Zone: traffic
Camera type: fixed</description>
      <Point>
        <coordinates>-80.278108,25.9742452,0</coordinates>
      </Point>
    </Placemark>
    <Placemark>
      <name>ALPR</name>
      <description>OSM node: https://www.openstreetmap.org/node/13507968501
Manufacturer: Flock Safety
Direction: 183
Zone: traffic
Camera type: fixed</description>
      <Point>
        <coordinates>-86.3506334,30.7339244,0</coordinates>
      </Point>
    </Placemark>
    <Placemark>
      <name>ALPR</name>
      <description>OSM node: https://www.openstreetmap.org/node/13507968603
Manufacturer: Flock Safety
Direction: 94
Zone: traffic
Camera type: fixed</description>
      <Point>
        <coordinates>-86.3493655,30.734979,0</coordinates>
      </Point>
    </Placemark>
    <Placemark>
      <name>ALPR</name>
      <description>OSM node: https://www.openstreetmap.org/node/13508027501
Manufacturer: Flock Safety
Direction: 333
Zone: traffic
Camera type: fixed</description>
      <Point>
        <coordinates>-80.0563601,26.6417806,0</coordinates>
      </Point>
    </Placemark>
    <Placemark>
      <name>ALPR</name>
      <description>OSM node: https://www.openstreetmap.org/node/13508141901
Manufacturer: Flock Safety
Direction: 0
Zone: traffic
Camera type: fixed</description>
      <Point>
        <coordinates>-81.7479231,26.5755295,0</coordinates>
      </Point>
    </Placemark>
    <Placemark>
      <name>ALPR</name>
      <description>OSM node: https://www.openstreetmap.org/node/13508170302
Manufacturer: Flock Safety
Direction: 72
Zone: traffic
Camera type: fixed</description>
      <Point>
        <coordinates>-82.501795,28.098353,0</coordinates>
      </Point>
    </Placemark>
    <Placemark>
      <name>Pasco County Sheriff's Office ALPR</name>
      <description>OSM node: https://www.openstreetmap.org/node/13508203301
Operator: Pasco County Sheriff's Office
Manufacturer: Flock Safety
Direction: 58
Zone: traffic
Camera type: fixed</description>
      <Point>
        <coordinates>-82.3216184,28.3251304,0</coordinates>
      </Point>
    </Placemark>
    <Placemark>
      <name>ALPR</name>
      <description>OSM node: https://www.openstreetmap.org/node/13509242103
Manufacturer: Motorola Solutions
Direction: 38;117;242
Zone: traffic
Camera type: fixed</description>
      <Point>
        <coordinates>-82.2194514,27.0330817,0</coordinates>
      </Point>
    </Placemark>
    <Placemark>
      <name>ALPR</name>
      <description>OSM node: https://www.openstreetmap.org/node/13509768735
Direction: 230
Zone: traffic</description>
      <Point>
        <coordinates>-80.4685546,27.8113433,0</coordinates>
      </Point>
    </Placemark>
    <Placemark>
      <name>ALPR</name>
      <description>OSM node: https://www.openstreetmap.org/node/13510025801
Manufacturer: Flock Safety
Direction: 10
Zone: traffic
Camera type: fixed</description>
      <Point>
        <coordinates>-81.7051934,30.1094772,0</coordinates>
      </Point>
    </Placemark>
    <Placemark>
      <name>The Home Depot ALPR</name>
      <description>OSM node: https://www.openstreetmap.org/node/13510105501
Operator: The Home Depot
Manufacturer: Flock Safety
Direction: 0
Zone: traffic
Camera type: fixed</description>
      <Point>
        <coordinates>-81.2719575,28.4626995,0</coordinates>
      </Point>
    </Placemark>
    <Placemark>
      <name>ALPR</name>
      <description>OSM node: https://www.openstreetmap.org/node/13510373167
Direction: 140</description>
      <Point>
        <coordinates>-80.4361674,27.7468619,0</coordinates>
      </Point>
    </Placemark>
    <Placemark>
      <name>ALPR</name>
      <description>OSM node: https://www.openstreetmap.org/node/13510463172
Direction: 180
Zone: traffic</description>
      <Point>
        <coordinates>-80.4003682,27.7478005,0</coordinates>
      </Point>
    </Placemark>
    <Placemark>
      <name>ALPR</name>
      <description>OSM node: https://www.openstreetmap.org/node/13510584897
Direction: 5
Zone: traffic</description>
      <Point>
        <coordinates>-80.4003739,27.7478443,0</coordinates>
      </Point>
    </Placemark>
    <Placemark>
      <name>ALPR</name>
      <description>OSM node: https://www.openstreetmap.org/node/13510600266
Direction: 235
Zone: traffic</description>
      <Point>
        <coordinates>-80.3679491,27.6535147,0</coordinates>
      </Point>
    </Placemark>
    <Placemark>
      <name>ALPR</name>
      <description>OSM node: https://www.openstreetmap.org/node/13510607507
Direction: 150
Zone: traffic</description>
      <Point>
        <coordinates>-80.3842464,27.6533775,0</coordinates>
      </Point>
    </Placemark>
    <Placemark>
      <name>ALPR</name>
      <description>OSM node: https://www.openstreetmap.org/node/13510614024
Direction: 105
Zone: traffic</description>
      <Point>
        <coordinates>-80.3821485,27.648509,0</coordinates>
      </Point>
    </Placemark>
    <Placemark>
      <name>ALPR</name>
      <description>OSM node: https://www.openstreetmap.org/node/13510616754
Direction: 235
Zone: traffic</description>
      <Point>
        <coordinates>-80.4082685,27.6750159,0</coordinates>
      </Point>
    </Placemark>
    <Placemark>
      <name>ALPR</name>
      <description>OSM node: https://www.openstreetmap.org/node/13510629269
Direction: 320
Zone: traffic</description>
      <Point>
        <coordinates>-80.4075396,27.6751524,0</coordinates>
      </Point>
    </Placemark>
    <Placemark>
      <name>ALPR</name>
      <description>OSM node: https://www.openstreetmap.org/node/13510630800
Direction: 140
Zone: traffic</description>
      <Point>
        <coordinates>-80.4076,27.6740601,0</coordinates>
      </Point>
    </Placemark>
    <Placemark>
      <name>ALPR</name>
      <description>OSM node: https://www.openstreetmap.org/node/13510704401
Manufacturer: Flock Safety
Direction: 161-206
Zone: traffic
Camera type: fixed</description>
      <Point>
        <coordinates>-80.9393292,29.0032561,0</coordinates>
      </Point>
    </Placemark>
    <Placemark>
      <name>ALPR</name>
      <description>OSM node: https://www.openstreetmap.org/node/13510867502
Manufacturer: Flock Safety
Direction: 246
Zone: traffic
Camera type: fixed</description>
      <Point>
        <coordinates>-82.4666187,28.0882843,0</coordinates>
      </Point>
    </Placemark>
    <Placemark>
      <name>ALPR</name>
      <description>OSM node: https://www.openstreetmap.org/node/13510870501
Manufacturer: Flock Safety
Direction: 326
Zone: traffic
Camera type: fixed</description>
      <Point>
        <coordinates>-82.4014282,27.9706293,0</coordinates>
      </Point>
    </Placemark>
    <Placemark>
      <name>ALPR</name>
      <description>OSM node: https://www.openstreetmap.org/node/13510874401
Manufacturer: Flock Safety
Direction: 248
Zone: traffic
Camera type: fixed</description>
      <Point>
        <coordinates>-82.4019872,27.9706133,0</coordinates>
      </Point>
    </Placemark>
    <Placemark>
      <name>ALPR</name>
      <description>OSM node: https://www.openstreetmap.org/node/13510877001
Manufacturer: Flock Safety
Direction: 152
Zone: traffic
Camera type: fixed</description>
      <Point>
        <coordinates>-82.4018855,27.9716625,0</coordinates>
      </Point>
    </Placemark>
    <Placemark>
      <name>ALPR</name>
      <description>OSM node: https://www.openstreetmap.org/node/13510883401
Manufacturer: Flock Safety
Direction: 323;307
Zone: traffic
Camera type: fixed</description>
      <Point>
        <coordinates>-80.0904872,26.5460412,0</coordinates>
      </Point>
    </Placemark>
    <Placemark>
      <name>ALPR</name>
      <description>OSM node: https://www.openstreetmap.org/node/13511987402
Manufacturer: Leonardo
Direction: 27
Zone: traffic
Camera type: fixed</description>
      <Point>
        <coordinates>-82.5754221,27.47924,0</coordinates>
      </Point>
    </Placemark>
    <Placemark>
      <name>ALPR</name>
      <description>OSM node: https://www.openstreetmap.org/node/13511991501
Manufacturer: Leonardo
Direction: 25
Zone: traffic
Camera type: fixed</description>
      <Point>
        <coordinates>-82.5754241,27.4805633,0</coordinates>
      </Point>
    </Placemark>
    <Placemark>
      <name>ALPR</name>
      <description>OSM node: https://www.openstreetmap.org/node/13512000501
Manufacturer: Motorola Solutions
Direction: 330
Zone: traffic
Camera type: fixed</description>
      <Point>
        <coordinates>-82.5752504,27.463916,0</coordinates>
      </Point>
    </Placemark>
    <Placemark>
      <name>ALPR</name>
      <description>OSM node: https://www.openstreetmap.org/node/13512005201
Manufacturer: Motorola Solutions
Direction: 147
Zone: traffic
Camera type: fixed</description>
      <Point>
        <coordinates>-82.575418,27.4603488,0</coordinates>
      </Point>
    </Placemark>
    <Placemark>
      <name>ALPR</name>
      <description>OSM node: https://www.openstreetmap.org/node/13512084702
Manufacturer: Flock Safety
Direction: 233
Zone: traffic
Camera type: fixed</description>
      <Point>
        <coordinates>-82.5309552,27.4292731,0</coordinates>
      </Point>
    </Placemark>
    <Placemark>
      <name>ALPR</name>
      <description>OSM node: https://www.openstreetmap.org/node/13512267519
Direction: 275
Zone: traffic</description>
      <Point>
        <coordinates>-81.7691859,26.2370205,0</coordinates>
      </Point>
    </Placemark>
    <Placemark>
      <name>ALPR</name>
      <description>OSM node: https://www.openstreetmap.org/node/13512316902
Direction: 10
Zone: traffic</description>
      <Point>
        <coordinates>-81.7216345,26.1095558,0</coordinates>
      </Point>
    </Placemark>
    <Placemark>
      <name>ALPR</name>
      <description>OSM node: https://www.openstreetmap.org/node/13512527101
Manufacturer: Flock Safety
Direction: 211
Zone: traffic
Camera type: fixed</description>
      <Point>
        <coordinates>-82.47255,29.568239,0</coordinates>
      </Point>
    </Placemark>
    <Placemark>
      <name>ALPR</name>
      <description>OSM node: https://www.openstreetmap.org/node/13512632001
Manufacturer: Flock Safety
Direction: 38
Zone: traffic
Camera type: fixed</description>
      <Point>
        <coordinates>-82.554641,29.5130104,0</coordinates>
      </Point>
    </Placemark>
    <Placemark>
      <name>ALPR</name>
      <description>OSM node: https://www.openstreetmap.org/node/13512645001
Manufacturer: Genetec
Direction: 60
Zone: traffic
Camera type: fixed</description>
      <Point>
        <coordinates>-82.5300194,27.352181,0</coordinates>
      </Point>
    </Placemark>
    <Placemark>
      <name>ALPR</name>
      <description>OSM node: https://www.openstreetmap.org/node/13512677201
Manufacturer: Flock Safety
Direction: 259
Zone: traffic
Camera type: fixed</description>
      <Point>
        <coordinates>-80.2207246,26.6517923,0</coordinates>
      </Point>
    </Placemark>
    <Placemark>
      <name>ALPR</name>
      <description>OSM node: https://www.openstreetmap.org/node/13512760405
Manufacturer: Flock Safety
Direction: 68
Zone: traffic
Camera type: fixed</description>
      <Point>
        <coordinates>-82.5426308,27.3026694,0</coordinates>
      </Point>
    </Placemark>
    <Placemark>
      <name>ALPR</name>
      <description>OSM node: https://www.openstreetmap.org/node/13512781101
Manufacturer: Flock Safety
Direction: 222
Zone: traffic
Camera type: pole</description>
      <Point>
        <coordinates>-82.5610198,27.2880685,0</coordinates>
      </Point>
    </Placemark>
    <Placemark>
      <name>ALPR</name>
      <description>OSM node: https://www.openstreetmap.org/node/13512928271
Manufacturer: Motorola Solutions
Direction: 340
Zone: traffic
Camera type: fixed</description>
      <Point>
        <coordinates>-81.3626429,28.3475721,0</coordinates>
      </Point>
    </Placemark>
    <Placemark>
      <name>ALPR</name>
      <description>OSM node: https://www.openstreetmap.org/node/13512928272
Manufacturer: Motorola Solutions
Direction: 200
Zone: traffic
Camera type: fixed</description>
      <Point>
        <coordinates>-81.3627791,28.3480527,0</coordinates>
      </Point>
    </Placemark>
    <Placemark>
      <name>ALPR</name>
      <description>OSM node: https://www.openstreetmap.org/node/13512928273
Manufacturer: Motorola Solutions
Direction: 350
Zone: traffic
Camera type: fixed</description>
      <Point>
        <coordinates>-81.3624907,28.3491574,0</coordinates>
      </Point>
    </Placemark>
    <Placemark>
      <name>ALPR</name>
      <description>OSM node: https://www.openstreetmap.org/node/13512934502
Manufacturer: Flock Safety
Direction: 301;64
Zone: traffic
Camera type: fixed</description>
      <Point>
        <coordinates>-82.4947306,27.1798608,0</coordinates>
      </Point>
    </Placemark>
    <Placemark>
      <name>ALPR</name>
      <description>OSM node: https://www.openstreetmap.org/node/13512953701
Manufacturer: Flock Safety
Direction: 235
Zone: traffic
Camera type: fixed</description>
      <Point>
        <coordinates>-82.5312436,27.3596983,0</coordinates>
      </Point>
    </Placemark>
    <Placemark>
      <name>ALPR</name>
      <description>OSM node: https://www.openstreetmap.org/node/13512958501
Manufacturer: Leonardo
Direction: 257
Zone: traffic
Camera type: fixed</description>
      <Point>
        <coordinates>-82.5850751,27.3360606,0</coordinates>
      </Point>
    </Placemark>
    <Placemark>
      <name>ALPR</name>
      <description>OSM node: https://www.openstreetmap.org/node/13512959112
Manufacturer: Leonardo
Direction: 156
Zone: traffic
Camera type: fixed</description>
      <Point>
        <coordinates>-82.5850274,27.336052,0</coordinates>
      </Point>
    </Placemark>
    <Placemark>
      <name>ALPR</name>
      <description>OSM node: https://www.openstreetmap.org/node/13512959901
Manufacturer: Leonardo
Direction: 156
Zone: traffic
Camera type: fixed</description>
      <Point>
        <coordinates>-82.5850274,27.336052,0</coordinates>
      </Point>
    </Placemark>
    <Placemark>
      <name>ALPR</name>
      <description>OSM node: https://www.openstreetmap.org/node/13513223701
Manufacturer: Motorola Solutions
Direction: 318
Zone: traffic
Camera type: fixed</description>
      <Point>
        <coordinates>-82.5334899,27.302988,0</coordinates>
      </Point>
    </Placemark>
    <Placemark>
      <name>ALPR</name>
      <description>OSM node: https://www.openstreetmap.org/node/13513647601
Manufacturer: Flock Safety
Direction: 243
Zone: traffic
Camera type: fixed</description>
      <Point>
        <coordinates>-80.7163558,27.9990047,0</coordinates>
      </Point>
    </Placemark>
    <Placemark>
      <name>ALPR</name>
      <description>OSM node: https://www.openstreetmap.org/node/13513648801
Manufacturer: Flock Safety
Direction: 88
Zone: traffic
Camera type: fixed</description>
      <Point>
        <coordinates>-80.5961427,28.142955,0</coordinates>
      </Point>
    </Placemark>
    <Placemark>
      <name>Florida Highway Patrol ALPR</name>
      <description>OSM node: https://www.openstreetmap.org/node/13514449701
Operator: Florida Highway Patrol
Manufacturer: Flock Safety
Direction: 242
Zone: traffic
Camera type: fixed</description>
      <Point>
        <coordinates>-81.7696895,30.315446,0</coordinates>
      </Point>
    </Placemark>
    <Placemark>
      <name>ALPR</name>
      <description>OSM node: https://www.openstreetmap.org/node/13514875801
Manufacturer: Flock Safety
Direction: 225-270
Zone: traffic
Camera type: fixed</description>
      <Point>
        <coordinates>-84.2596996,30.4630801,0</coordinates>
      </Point>
    </Placemark>
    <Placemark>
      <name>ALPR</name>
      <description>OSM node: https://www.openstreetmap.org/node/13515440602
Manufacturer: Flock Safety
Direction: 262
Zone: traffic
Camera type: fixed</description>
      <Point>
        <coordinates>-80.0642969,26.6761168,0</coordinates>
      </Point>
    </Placemark>
    <Placemark>
      <name>ALPR</name>
      <description>OSM node: https://www.openstreetmap.org/node/13515450701
Manufacturer: Flock Safety
Direction: 80
Zone: traffic
Camera type: fixed</description>
      <Point>
        <coordinates>-80.075112,26.6761144,0</coordinates>
      </Point>
    </Placemark>
    <Placemark>
      <name>ALPR</name>
      <description>OSM node: https://www.openstreetmap.org/node/13515450702
Manufacturer: Flock Safety
Direction: 258
Zone: traffic
Camera type: fixed</description>
      <Point>
        <coordinates>-80.074219,26.6765497,0</coordinates>
      </Point>
    </Placemark>
    <Placemark>
      <name>ALPR</name>
      <description>OSM node: https://www.openstreetmap.org/node/13515454601
Manufacturer: Flock Safety
Direction: 289
Zone: traffic
Camera type: fixed</description>
      <Point>
        <coordinates>-80.0993071,26.6774707,0</coordinates>
      </Point>
    </Placemark>
    <Placemark>
      <name>ALPR</name>
      <description>OSM node: https://www.openstreetmap.org/node/13515456501
Manufacturer: Flock Safety
Direction: 109
Zone: traffic
Camera type: fixed</description>
      <Point>
        <coordinates>-80.0993095,26.6774404,0</coordinates>
      </Point>
    </Placemark>
    <Placemark>
      <name>ALPR</name>
      <description>OSM node: https://www.openstreetmap.org/node/13515457101
Manufacturer: Flock Safety
Direction: 89
Zone: traffic
Camera type: fixed</description>
      <Point>
        <coordinates>-81.8319924,30.1143887,0</coordinates>
      </Point>
    </Placemark>
    <Placemark>
      <name>ALPR</name>
      <description>OSM node: https://www.openstreetmap.org/node/13515545301
Manufacturer: Flock Safety
Direction: 164
Zone: traffic
Camera type: fixed</description>
      <Point>
        <coordinates>-80.1090199,26.8819672,0</coordinates>
      </Point>
    </Placemark>
    <Placemark>
      <name>ALPR</name>
      <description>OSM node: https://www.openstreetmap.org/node/13515602601
Manufacturer: Flock Safety
Direction: 254
Zone: traffic
Camera type: fixed</description>
      <Point>
        <coordinates>-80.1267686,26.8096256,0</coordinates>
      </Point>
    </Placemark>
    <Placemark>
      <name>Lowe's ALPR</name>
      <description>OSM node: https://www.openstreetmap.org/node/13515615202
Operator: Lowe's
Manufacturer: Flock Safety
Direction: 162
Zone: traffic
Camera type: fixed</description>
      <Point>
        <coordinates>-87.2855353,30.5333078,0</coordinates>
      </Point>
    </Placemark>
    <Placemark>
      <name>Lowe's ALPR</name>
      <description>OSM node: https://www.openstreetmap.org/node/13515615203
Operator: Lowe's
Manufacturer: Flock Safety
Direction: 78
Zone: traffic
Camera type: fixed</description>
      <Point>
        <coordinates>-87.2866104,30.5327165,0</coordinates>
      </Point>
    </Placemark>
    <Placemark>
      <name>ALPR</name>
      <description>OSM node: https://www.openstreetmap.org/node/13515806401
Manufacturer: Flock Safety
Direction: 0
Zone: traffic
Camera type: fixed</description>
      <Point>
        <coordinates>-82.7028032,29.8339529,0</coordinates>
      </Point>
    </Placemark>
    <Placemark>
      <name>ALPR</name>
      <description>OSM node: https://www.openstreetmap.org/node/13515889787
Manufacturer: Flock Safety
Direction: 350
Zone: traffic
Camera type: fixed</description>
      <Point>
        <coordinates>-81.730402,30.3008586,0</coordinates>
      </Point>
    </Placemark>
    <Placemark>
      <name>ALPR</name>
      <description>OSM node: https://www.openstreetmap.org/node/13515892381
Manufacturer: Flock Safety
Direction: 170
Zone: traffic
Camera type: fixed</description>
      <Point>
        <coordinates>-81.7306543,30.3027353,0</coordinates>
      </Point>
    </Placemark>
    <Placemark>
      <name>ALPR</name>
      <description>OSM node: https://www.openstreetmap.org/node/13515935673
Manufacturer: Flock Safety
Direction: 70
Zone: traffic
Camera type: fixed</description>
      <Point>
        <coordinates>-81.7339377,30.3146113,0</coordinates>
      </Point>
    </Placemark>
    <Placemark>
      <name>Lowe's ALPR</name>
      <description>OSM node: https://www.openstreetmap.org/node/13516613977
Operator: Lowe's
Manufacturer: Flock Safety
Direction: 45
Zone: traffic
Camera type: fixed</description>
      <Point>
        <coordinates>-81.5808837,28.5237705,0</coordinates>
      </Point>
    </Placemark>
    <Placemark>
      <name>ALPR</name>
      <description>OSM node: https://www.openstreetmap.org/node/13517050601
Manufacturer: Motorola Solutions
Direction: 289;0;67
Zone: traffic
Camera type: fixed</description>
      <Point>
        <coordinates>-82.1068546,29.1896325,0</coordinates>
      </Point>
    </Placemark>
    <Placemark>
      <name>ALPR</name>
      <description>OSM node: https://www.openstreetmap.org/node/13517109495
Manufacturer: Flock Safety
Direction: 360
Zone: entrance
Camera type: fixed</description>
      <Point>
        <coordinates>-81.7508478,30.3101965,0</coordinates>
      </Point>
    </Placemark>
    <Placemark>
      <name>ALPR</name>
      <description>OSM node: https://www.openstreetmap.org/node/13517109496
Manufacturer: Flock Safety
Direction: 10
Zone: entrance
Camera type: fixed</description>
      <Point>
        <coordinates>-81.7486153,30.3099982,0</coordinates>
      </Point>
    </Placemark>
    <Placemark>
      <name>ALPR</name>
      <description>OSM node: https://www.openstreetmap.org/node/13517109497
Manufacturer: Flock Safety
Direction: 270
Zone: entrance
Camera type: fixed</description>
      <Point>
        <coordinates>-81.7514412,30.3112416,0</coordinates>
      </Point>
    </Placemark>
    <Placemark>
      <name>ALPR</name>
      <description>OSM node: https://www.openstreetmap.org/node/13517109498
Manufacturer: Flock Safety
Direction: 70
Zone: entrance
Camera type: fixed</description>
      <Point>
        <coordinates>-81.7513002,30.311215,0</coordinates>
      </Point>
    </Placemark>
    <Placemark>
      <name>ALPR</name>
      <description>OSM node: https://www.openstreetmap.org/node/13517205401
Manufacturer: Flock Safety
Direction: 173
Zone: traffic
Camera type: fixed</description>
      <Point>
        <coordinates>-81.6067473,28.2580221,0</coordinates>
      </Point>
    </Placemark>
    <Placemark>
      <name>ALPR</name>
      <description>OSM node: https://www.openstreetmap.org/node/13517206001
Manufacturer: Flock Safety
Direction: 351
Zone: traffic
Camera type: fixed</description>
      <Point>
        <coordinates>-81.6082695,28.249918,0</coordinates>
      </Point>
    </Placemark>
    <Placemark>
      <name>ALPR</name>
      <description>OSM node: https://www.openstreetmap.org/node/13517208201
Manufacturer: Flock Safety
Direction: 55
Zone: traffic
Camera type: fixed</description>
      <Point>
        <coordinates>-81.6067114,28.2398292,0</coordinates>
      </Point>
    </Placemark>
    <Placemark>
      <name>ALPR</name>
      <description>OSM node: https://www.openstreetmap.org/node/13517237005
Manufacturer: Flock Safety
Direction: 359
Zone: traffic
Camera type: fixed</description>
      <Point>
        <coordinates>-81.6146239,28.1290563,0</coordinates>
      </Point>
    </Placemark>
    <Placemark>
      <name>ALPR</name>
      <description>OSM node: https://www.openstreetmap.org/node/13517374602
Manufacturer: Flock Safety
Direction: 339
Zone: traffic
Camera type: fixed</description>
      <Point>
        <coordinates>-81.6030962,27.9133619,0</coordinates>
      </Point>
    </Placemark>
    <Placemark>
      <name>ALPR</name>
      <description>OSM node: https://www.openstreetmap.org/node/13517864002
Manufacturer: Flock Safety
Direction: 57
Zone: traffic
Camera type: fixed</description>
      <Point>
        <coordinates>-86.3480834,30.7369614,0</coordinates>
      </Point>
    </Placemark>
    <Placemark>
      <name>ALPR</name>
      <description>OSM node: https://www.openstreetmap.org/node/13517980501
Manufacturer: Flock Safety
Direction: 349
Zone: traffic
Camera type: fixed</description>
      <Point>
        <coordinates>-82.2723984,29.6354838,0</coordinates>
      </Point>
    </Placemark>
    <Placemark>
      <name>ALPR</name>
      <description>OSM node: https://www.openstreetmap.org/node/13519356205
Manufacturer: Flock Safety
Camera type: fixed</description>
      <Point>
        <coordinates>-81.7594887,30.0524176,0</coordinates>
      </Point>
    </Placemark>
    <Placemark>
      <name>ALPR</name>
      <description>OSM node: https://www.openstreetmap.org/node/13519513201
Manufacturer: Flock Safety
Direction: 6
Zone: traffic
Camera type: fixed</description>
      <Point>
        <coordinates>-82.7749904,28.0023086,0</coordinates>
      </Point>
    </Placemark>
    <Placemark>
      <name>ALPR</name>
      <description>OSM node: https://www.openstreetmap.org/node/13519999205
Manufacturer: Flock Safety
Direction: 53-98
Zone: traffic
Camera type: fixed</description>
      <Point>
        <coordinates>-80.1424179,26.0188938,0</coordinates>
      </Point>
    </Placemark>
    <Placemark>
      <name>ALPR</name>
      <description>OSM node: https://www.openstreetmap.org/node/13520110601
Manufacturer: Flock Safety
Direction: 42
Zone: traffic
Camera type: fixed</description>
      <Point>
        <coordinates>-84.2185644,30.5033412,0</coordinates>
      </Point>
    </Placemark>
    <Placemark>
      <name>ALPR</name>
      <description>OSM node: https://www.openstreetmap.org/node/13520132001
Manufacturer: Flock Safety
Direction: 257
Zone: traffic
Camera type: fixed</description>
      <Point>
        <coordinates>-80.0650353,26.5370774,0</coordinates>
      </Point>
    </Placemark>
    <Placemark>
      <name>ALPR</name>
      <description>OSM node: https://www.openstreetmap.org/node/13520179102
Manufacturer: Flock Safety
Direction: 179
Zone: traffic
Camera type: fixed</description>
      <Point>
        <coordinates>-81.4217052,30.3626697,0</coordinates>
      </Point>
    </Placemark>
    <Placemark>
      <name>ALPR</name>
      <description>OSM node: https://www.openstreetmap.org/node/13520256954
Manufacturer: Flock Safety
Direction: 90
Zone: traffic
Camera type: fixed</description>
      <Point>
        <coordinates>-86.613579,30.4668698,0</coordinates>
      </Point>
    </Placemark>
    <Placemark>
      <name>ALPR</name>
      <description>OSM node: https://www.openstreetmap.org/node/13520804401
Manufacturer: Flock Safety
Direction: 161
Zone: traffic
Camera type: fixed</description>
      <Point>
        <coordinates>-81.7253747,30.4460926,0</coordinates>
      </Point>
    </Placemark>
    <Placemark>
      <name>ALPR</name>
      <description>OSM node: https://www.openstreetmap.org/node/13521028504
Manufacturer: Flock Safety
Direction: 218-263
Zone: traffic
Camera type: fixed</description>
      <Point>
        <coordinates>-81.5182848,26.719438,0</coordinates>
      </Point>
    </Placemark>
    <Placemark>
      <name>ALPR</name>
      <description>OSM node: https://www.openstreetmap.org/node/13521031801
Manufacturer: Flock Safety
Direction: 132-177
Zone: traffic
Camera type: fixed</description>
      <Point>
        <coordinates>-81.5179914,26.7109123,0</coordinates>
      </Point>
    </Placemark>
    <Placemark>
      <name>ALPR</name>
      <description>OSM node: https://www.openstreetmap.org/node/13521043704
Manufacturer: Flock Safety
Direction: 132-177
Zone: traffic
Camera type: fixed</description>
      <Point>
        <coordinates>-81.1274652,26.6071747,0</coordinates>
      </Point>
    </Placemark>
    <Placemark>
      <name>ALPR</name>
      <description>OSM node: https://www.openstreetmap.org/node/13521044201
Manufacturer: Flock Safety
Direction: 132-177
Zone: traffic
Camera type: fixed</description>
      <Point>
        <coordinates>-81.5179914,26.7109123,0</coordinates>
      </Point>
    </Placemark>
    <Placemark>
      <name>ALPR</name>
      <description>OSM node: https://www.openstreetmap.org/node/13521044301
Manufacturer: Flock Safety
Direction: 218-263
Zone: traffic
Camera type: fixed</description>
      <Point>
        <coordinates>-81.5182848,26.719438,0</coordinates>
      </Point>
    </Placemark>
    <Placemark>
      <name>ALPR</name>
      <description>OSM node: https://www.openstreetmap.org/node/13521046501
Manufacturer: Flock Safety
Direction: 138-183
Zone: traffic
Camera type: fixed</description>
      <Point>
        <coordinates>-81.1292181,26.7506533,0</coordinates>
      </Point>
    </Placemark>
    <Placemark>
      <name>ALPR</name>
      <description>OSM node: https://www.openstreetmap.org/node/13521046601
Manufacturer: Flock Safety
Direction: 322-7
Zone: traffic
Camera type: fixed</description>
      <Point>
        <coordinates>-81.1291081,26.7506804,0</coordinates>
      </Point>
    </Placemark>
    <Placemark>
      <name>ALPR</name>
      <description>OSM node: https://www.openstreetmap.org/node/13521054201
Manufacturer: Flock Safety
Direction: 133-178
Zone: traffic
Camera type: fixed</description>
      <Point>
        <coordinates>-81.2119061,26.7671756,0</coordinates>
      </Point>
    </Placemark>
    <Placemark>
      <name>ALPR</name>
      <description>OSM node: https://www.openstreetmap.org/node/13521056001
Manufacturer: Flock Safety
Direction: 135-180
Zone: traffic
Camera type: fixed</description>
      <Point>
        <coordinates>-81.2622729,26.7671378,0</coordinates>
      </Point>
    </Placemark>
    <Placemark>
      <name>ALPR</name>
      <description>OSM node: https://www.openstreetmap.org/node/13521060401
Manufacturer: Flock Safety
Direction: 134-179
Zone: traffic
Camera type: fixed</description>
      <Point>
        <coordinates>-81.2947324,26.7674482,0</coordinates>
      </Point>
    </Placemark>
    <Placemark>
      <name>ALPR</name>
      <description>OSM node: https://www.openstreetmap.org/node/13521061901
Manufacturer: Flock Safety
Direction: 216-261
Zone: traffic
Camera type: fixed</description>
      <Point>
        <coordinates>-81.2715124,26.422718,0</coordinates>
      </Point>
    </Placemark>
    <Placemark>
      <name>ALPR</name>
      <description>OSM node: https://www.openstreetmap.org/node/13521079101
Manufacturer: Flock Safety
Direction: 322-7
Zone: traffic
Camera type: fixed</description>
      <Point>
        <coordinates>-81.5330455,26.7690387,0</coordinates>
      </Point>
    </Placemark>
    <Placemark>
      <name>ALPR</name>
      <description>OSM node: https://www.openstreetmap.org/node/13521995901
Manufacturer: Flock Safety
Direction: 273
Zone: traffic
Camera type: fixed</description>
      <Point>
        <coordinates>-82.3896899,27.7679516,0</coordinates>
      </Point>
    </Placemark>
    <Placemark>
      <name>ALPR</name>
      <description>OSM node: https://www.openstreetmap.org/node/13522709101
Manufacturer: Flock Safety
Direction: 50
Zone: traffic
Camera type: fixed</description>
      <Point>
        <coordinates>-81.0494139,29.2247654,0</coordinates>
      </Point>
    </Placemark>
    <Placemark>
      <name>ALPR</name>
      <description>OSM node: https://www.openstreetmap.org/node/13522761402
Manufacturer: Flock Safety
Direction: 0
Zone: traffic
Camera type: fixed</description>
      <Point>
        <coordinates>-82.3716241,27.7898314,0</coordinates>
      </Point>
    </Placemark>
    <Placemark>
      <name>ALPR</name>
      <description>OSM node: https://www.openstreetmap.org/node/13522839701
Manufacturer: Flock Safety
Direction: 247
Zone: traffic
Camera type: fixed</description>
      <Point>
        <coordinates>-82.4007747,27.7349603,0</coordinates>
      </Point>
    </Placemark>
    <Placemark>
      <name>ALPR</name>
      <description>OSM node: https://www.openstreetmap.org/node/13522843701
Manufacturer: Flock Safety
Direction: 247
Zone: traffic
Camera type: fixed</description>
      <Point>
        <coordinates>-82.4007747,27.7349603,0</coordinates>
      </Point>
    </Placemark>
    <Placemark>
      <name>ALPR</name>
      <description>OSM node: https://www.openstreetmap.org/node/13522844501
Manufacturer: Flock Safety
Direction: 336
Zone: traffic
Camera type: fixed</description>
      <Point>
        <coordinates>-82.4033985,27.7351282,0</coordinates>
      </Point>
    </Placemark>
    <Placemark>
      <name>ALPR</name>
      <description>OSM node: https://www.openstreetmap.org/node/13522852701
Manufacturer: Flock Safety
Direction: 106
Zone: traffic
Camera type: fixed</description>
      <Point>
        <coordinates>-82.5524776,27.3353749,0</coordinates>
      </Point>
    </Placemark>
    <Placemark>
      <name>ALPR</name>
      <description>OSM node: https://www.openstreetmap.org/node/13522857101
Manufacturer: Flock Safety
Direction: 192
Zone: traffic
Camera type: fixed</description>
      <Point>
        <coordinates>-82.572881,27.3210442,0</coordinates>
      </Point>
    </Placemark>
    <Placemark>
      <name>ALPR</name>
      <description>OSM node: https://www.openstreetmap.org/node/13522861702
Manufacturer: Leonardo
Direction: 42
Zone: traffic
Camera type: fixed</description>
      <Point>
        <coordinates>-82.6858315,27.4389383,0</coordinates>
      </Point>
    </Placemark>
    <Placemark>
      <name>ALPR</name>
      <description>OSM node: https://www.openstreetmap.org/node/13522861801
Manufacturer: Leonardo
Direction: 123
Zone: traffic
Camera type: fixed</description>
      <Point>
        <coordinates>-82.70453,27.4972245,0</coordinates>
      </Point>
    </Placemark>
    <Placemark>
      <name>ALPR</name>
      <description>OSM node: https://www.openstreetmap.org/node/13522861802
Manufacturer: Leonardo
Direction: 235
Zone: traffic
Camera type: fixed</description>
      <Point>
        <coordinates>-82.7045742,27.4972192,0</coordinates>
      </Point>
    </Placemark>
    <Placemark>
      <name>ALPR</name>
      <description>OSM node: https://www.openstreetmap.org/node/13522868001
Manufacturer: Leonardo
Direction: 139
Zone: traffic
Camera type: fixed</description>
      <Point>
        <coordinates>-82.6858355,27.4388828,0</coordinates>
      </Point>
    </Placemark>
    <Placemark>
      <name>ALPR</name>
      <description>OSM node: https://www.openstreetmap.org/node/13522868301
Manufacturer: Leonardo
Direction: 319
Zone: traffic
Camera type: fixed</description>
      <Point>
        <coordinates>-82.6858859,27.4389249,0</coordinates>
      </Point>
    </Placemark>
    <Placemark>
      <name>ALPR</name>
      <description>OSM node: https://www.openstreetmap.org/node/13522880101
Manufacturer: Genetec
Direction: 36
Zone: traffic
Camera type: fixed</description>
      <Point>
        <coordinates>-82.3851576,27.7484806,0</coordinates>
      </Point>
    </Placemark>
    <Placemark>
      <name>ALPR</name>
      <description>OSM node: https://www.openstreetmap.org/node/13522885201
Manufacturer: Flock Safety
Direction: 56-101
Zone: traffic
Camera type: fixed</description>
      <Point>
        <coordinates>-81.5562314,28.5586983,0</coordinates>
      </Point>
    </Placemark>
    <Placemark>
      <name>ALPR</name>
      <description>OSM node: https://www.openstreetmap.org/node/13522986301
Manufacturer: Flock Safety
Direction: 0
Zone: traffic
Camera type: fixed</description>
      <Point>
        <coordinates>-84.3296614,30.4299324,0</coordinates>
      </Point>
    </Placemark>
    <Placemark>
      <name>ALPR</name>
      <description>OSM node: https://www.openstreetmap.org/node/13522999401
Manufacturer: Flock Safety
Direction: 81
Zone: traffic
Camera type: fixed</description>
      <Point>
        <coordinates>-81.9889778,27.9744127,0</coordinates>
      </Point>
    </Placemark>
    <Placemark>
      <name>ALPR</name>
      <description>OSM node: https://www.openstreetmap.org/node/13523231930
Direction: 65
Zone: entrance</description>
      <Point>
        <coordinates>-80.3678239,27.6848444,0</coordinates>
      </Point>
    </Placemark>
    <Placemark>
      <name>ALPR</name>
      <description>OSM node: https://www.openstreetmap.org/node/13523253828
Direction: 280
Zone: traffic</description>
      <Point>
        <coordinates>-80.3637697,27.6752685,0</coordinates>
      </Point>
    </Placemark>
    <Placemark>
      <name>ALPR</name>
      <description>OSM node: https://www.openstreetmap.org/node/13523265332
Direction: 125
Zone: traffic</description>
      <Point>
        <coordinates>-80.3890767,27.747116,0</coordinates>
      </Point>
    </Placemark>
    <Placemark>
      <name>ALPR</name>
      <description>OSM node: https://www.openstreetmap.org/node/13523293638
Direction: 110
Zone: traffic</description>
      <Point>
        <coordinates>-80.3638995,27.6749978,0</coordinates>
      </Point>
    </Placemark>
    <Placemark>
      <name>ALPR</name>
      <description>OSM node: https://www.openstreetmap.org/node/13523708501
Manufacturer: Motorola Solutions
Direction: 277
Zone: traffic
Camera type: fixed</description>
      <Point>
        <coordinates>-82.0572019,26.9994455,0</coordinates>
      </Point>
    </Placemark>
    <Placemark>
      <name>ALPR</name>
      <description>OSM node: https://www.openstreetmap.org/node/13523709101
Manufacturer: Motorola Solutions
Direction: 199
Zone: traffic
Camera type: fixed</description>
      <Point>
        <coordinates>-82.057252,26.9991057,0</coordinates>
      </Point>
    </Placemark>
    <Placemark>
      <name>ALPR</name>
      <description>OSM node: https://www.openstreetmap.org/node/13523711201
Manufacturer: Motorola Solutions
Direction: 0
Zone: traffic
Camera type: fixed</description>
      <Point>
        <coordinates>-82.0568054,26.9993471,0</coordinates>
      </Point>
    </Placemark>
    <Placemark>
      <name>ALPR</name>
      <description>OSM node: https://www.openstreetmap.org/node/13524233001
Manufacturer: Flock Safety
Direction: 18
Zone: traffic
Camera type: fixed</description>
      <Point>
        <coordinates>-80.3344251,27.3696266,0</coordinates>
      </Point>
    </Placemark>
    <Placemark>
      <name>ALPR</name>
      <description>OSM node: https://www.openstreetmap.org/node/13524233901
Manufacturer: Flock Safety
Direction: 161
Zone: traffic
Camera type: fixed</description>
      <Point>
        <coordinates>-80.3344251,27.3696266,0</coordinates>
      </Point>
    </Placemark>
    <Placemark>
      <name>ALPR</name>
      <description>OSM node: https://www.openstreetmap.org/node/13524284301
Manufacturer: Flock Safety
Direction: 156;178
Zone: traffic
Camera type: fixed</description>
      <Point>
        <coordinates>-81.9534493,28.8635586,0</coordinates>
      </Point>
    </Placemark>
    <Placemark>
      <name>ALPR</name>
      <description>OSM node: https://www.openstreetmap.org/node/13524300102
Manufacturer: Flock Safety
Direction: 95
Zone: traffic
Camera type: fixed</description>
      <Point>
        <coordinates>-81.8730901,28.8151958,0</coordinates>
      </Point>
    </Placemark>
    <Placemark>
      <name>ALPR</name>
      <description>OSM node: https://www.openstreetmap.org/node/13524388501
Manufacturer: Flock Safety
Direction: 264-309
Zone: traffic
Camera type: fixed</description>
      <Point>
        <coordinates>-81.5199925,28.5460027,0</coordinates>
      </Point>
    </Placemark>
    <Placemark>
      <name>ALPR</name>
      <description>OSM node: https://www.openstreetmap.org/node/13524484501
Manufacturer: Flock Safety
Direction: 35-80;286-331
Zone: traffic
Camera type: fixed</description>
      <Point>
        <coordinates>-82.4605209,28.617925,0</coordinates>
      </Point>
    </Placemark>
    <Placemark>
      <name>Volusia County Sheriff’s Office ALPR</name>
      <description>OSM node: https://www.openstreetmap.org/node/13524499301
Operator: Volusia County Sheriff’s Office
Manufacturer: Flock Safety
Direction: 319
Zone: traffic
Camera type: fixed</description>
      <Point>
        <coordinates>-80.94434,28.9380438,0</coordinates>
      </Point>
    </Placemark>
    <Placemark>
      <name>ALPR</name>
      <description>OSM node: https://www.openstreetmap.org/node/13524782801
Manufacturer: Flock Safety
Direction: 161
Zone: traffic
Camera type: fixed</description>
      <Point>
        <coordinates>-80.0674872,26.5474975,0</coordinates>
      </Point>
    </Placemark>
    <Placemark>
      <name>ALPR</name>
      <description>OSM node: https://www.openstreetmap.org/node/13524782802
Manufacturer: Flock Safety
Direction: 158
Zone: traffic
Camera type: fixed</description>
      <Point>
        <coordinates>-80.0645914,26.5398825,0</coordinates>
      </Point>
    </Placemark>
    <Placemark>
      <name>ALPR</name>
      <description>OSM node: https://www.openstreetmap.org/node/13524783302
Manufacturer: Flock Safety
Direction: 344
Zone: traffic
Camera type: fixed</description>
      <Point>
        <coordinates>-80.0643052,26.5395637,0</coordinates>
      </Point>
    </Placemark>
    <Placemark>
      <name>ALPR</name>
      <description>OSM node: https://www.openstreetmap.org/node/13524883673
Manufacturer: Flock Safety
Direction: 20
Camera type: fixed</description>
      <Point>
        <coordinates>-80.9889258,29.0350723,0</coordinates>
      </Point>
    </Placemark>
    <Placemark>
      <name>ALPR</name>
      <description>OSM node: https://www.openstreetmap.org/node/13524889829
Manufacturer: Flock Safety
Direction: 320
Camera type: fixed</description>
      <Point>
        <coordinates>-80.9795599,29.0384694,0</coordinates>
      </Point>
    </Placemark>
    <Placemark>
      <name>ALPR</name>
      <description>OSM node: https://www.openstreetmap.org/node/13524912018
Manufacturer: Flock Safety
Direction: 356
Zone: traffic
Camera type: fixed</description>
      <Point>
        <coordinates>-80.9631388,29.0250673,0</coordinates>
      </Point>
    </Placemark>
    <Placemark>
      <name>ALPR</name>
      <description>OSM node: https://www.openstreetmap.org/node/13525011901
Manufacturer: Flock Safety
Direction: 176-221
Zone: traffic
Camera type: fixed</description>
      <Point>
        <coordinates>-82.6784901,27.84423,0</coordinates>
      </Point>
    </Placemark>
    <Placemark>
      <name>ALPR</name>
      <description>OSM node: https://www.openstreetmap.org/node/13525187602
Manufacturer: Flock Safety
Direction: 169
Zone: traffic
Camera type: fixed</description>
      <Point>
        <coordinates>-81.6888486,27.9966341,0</coordinates>
      </Point>
    </Placemark>
    <Placemark>
      <name>ALPR</name>
      <description>OSM node: https://www.openstreetmap.org/node/13525189301
Manufacturer: Flock Safety
Direction: 69
Zone: traffic
Camera type: fixed</description>
      <Point>
        <coordinates>-81.6885379,27.9966926,0</coordinates>
      </Point>
    </Placemark>
    <Placemark>
      <name>ALPR</name>
      <description>OSM node: https://www.openstreetmap.org/node/13525197501
Manufacturer: Flock Safety
Direction: 11
Zone: traffic
Camera type: fixed</description>
      <Point>
        <coordinates>-81.733286,27.9993828,0</coordinates>
      </Point>
    </Placemark>
    <Placemark>
      <name>ALPR</name>
      <description>OSM node: https://www.openstreetmap.org/node/13525197502
Manufacturer: Flock Safety
Direction: 11
Zone: traffic
Camera type: fixed</description>
      <Point>
        <coordinates>-81.733123,27.9995458,0</coordinates>
      </Point>
    </Placemark>
    <Placemark>
      <name>ALPR</name>
      <description>OSM node: https://www.openstreetmap.org/node/13525199570
Manufacturer: Flock Safety
Direction: 140
Zone: traffic
Camera type: fixed</description>
      <Point>
        <coordinates>-80.066854,26.8819251,0</coordinates>
      </Point>
    </Placemark>
    <Placemark>
      <name>ALPR</name>
      <description>OSM node: https://www.openstreetmap.org/node/13525199571
Manufacturer: Flock Safety
Direction: 250
Zone: traffic
Camera type: fixed</description>
      <Point>
        <coordinates>-80.0712402,26.8752462,0</coordinates>
      </Point>
    </Placemark>
    <Placemark>
      <name>ALPR</name>
      <description>OSM node: https://www.openstreetmap.org/node/13525199572
Manufacturer: Flock Safety
Direction: 70
Camera type: fixed</description>
      <Point>
        <coordinates>-80.0709743,26.8739928,0</coordinates>
      </Point>
    </Placemark>
    <Placemark>
      <name>ALPR</name>
      <description>OSM node: https://www.openstreetmap.org/node/13525199573
Manufacturer: Flock Safety
Direction: 240
Camera type: fixed</description>
      <Point>
        <coordinates>-80.0554746,26.8664629,0</coordinates>
      </Point>
    </Placemark>
    <Placemark>
      <name>ALPR</name>
      <description>OSM node: https://www.openstreetmap.org/node/13525205901
Manufacturer: Flock Safety
Direction: 338
Zone: traffic
Camera type: fixed</description>
      <Point>
        <coordinates>-81.7324996,28.074423,0</coordinates>
      </Point>
    </Placemark>
    <Placemark>
      <name>ALPR</name>
      <description>OSM node: https://www.openstreetmap.org/node/13525318101
Manufacturer: Flock Safety
Direction: 226;159;123
Zone: traffic
Camera type: fixed</description>
      <Point>
        <coordinates>-80.1405185,25.7857899,0</coordinates>
      </Point>
    </Placemark>
    <Placemark>
      <name>ALPR</name>
      <description>OSM node: https://www.openstreetmap.org/node/13525318201
Manufacturer: Flock Safety
Direction: 122
Zone: traffic
Camera type: fixed</description>
      <Point>
        <coordinates>-80.1409146,25.7855177,0</coordinates>
      </Point>
    </Placemark>
    <Placemark>
      <name>ALPR</name>
      <description>OSM node: https://www.openstreetmap.org/node/13525768588
Manufacturer: Flock Safety
Direction: 5
Camera type: fixed</description>
      <Point>
        <coordinates>-80.3769801,25.8951771,0</coordinates>
      </Point>
    </Placemark>
    <Placemark>
      <name>ALPR</name>
      <description>OSM node: https://www.openstreetmap.org/node/13526202397
Manufacturer: Flock Safety
Direction: 60
Camera type: fixed</description>
      <Point>
        <coordinates>-80.6712466,28.0353718,0</coordinates>
      </Point>
    </Placemark>
    <Placemark>
      <name>ALPR</name>
      <description>OSM node: https://www.openstreetmap.org/node/13526275369
Manufacturer: Flock Safety
Direction: 55
Camera type: fixed</description>
      <Point>
        <coordinates>-80.6343307,27.9971369,0</coordinates>
      </Point>
    </Placemark>
    <Placemark>
      <name>ALPR</name>
      <description>OSM node: https://www.openstreetmap.org/node/13526298316
Direction: 200
Zone: entrance</description>
      <Point>
        <coordinates>-80.3994545,27.6731747,0</coordinates>
      </Point>
    </Placemark>
    <Placemark>
      <name>ALPR</name>
      <description>OSM node: https://www.openstreetmap.org/node/13526493801
Manufacturer: Flock Safety
Direction: 333
Zone: traffic
Camera type: fixed</description>
      <Point>
        <coordinates>-82.3562901,27.9104584,0</coordinates>
      </Point>
    </Placemark>
    <Placemark>
      <name>ALPR</name>
      <description>OSM node: https://www.openstreetmap.org/node/13526503701
Manufacturer: Flock Safety
Direction: 171
Zone: traffic
Camera type: fixed</description>
      <Point>
        <coordinates>-82.356648,27.9133807,0</coordinates>
      </Point>
    </Placemark>
    <Placemark>
      <name>ALPR</name>
      <description>OSM node: https://www.openstreetmap.org/node/13526938001
Manufacturer: Flock Safety
Direction: 279
Zone: traffic
Camera type: fixed</description>
      <Point>
        <coordinates>-81.7078836,30.1022634,0</coordinates>
      </Point>
    </Placemark>
    <Placemark>
      <name>ALPR</name>
      <description>OSM node: https://www.openstreetmap.org/node/13527181103
Manufacturer: Flock Safety
Direction: 203
Zone: traffic
Camera type: fixed</description>
      <Point>
        <coordinates>-85.5404256,30.2608813,0</coordinates>
      </Point>
    </Placemark>
    <Placemark>
      <name>ALPR</name>
      <description>OSM node: https://www.openstreetmap.org/node/13527367401
Manufacturer: Flock Safety
Direction: 247
Zone: traffic
Camera type: fixed</description>
      <Point>
        <coordinates>-81.8073175,29.9825139,0</coordinates>
      </Point>
    </Placemark>
    <Placemark>
      <name>ALPR</name>
      <description>OSM node: https://www.openstreetmap.org/node/13527404701
Manufacturer: Flock Safety
Direction: 239
Zone: traffic
Camera type: fixed</description>
      <Point>
        <coordinates>-81.6106983,30.3274016,0</coordinates>
      </Point>
    </Placemark>
    <Placemark>
      <name>ALPR</name>
      <description>OSM node: https://www.openstreetmap.org/node/13527419101
Manufacturer: Flock Safety
Direction: 247
Zone: traffic
Camera type: fixed</description>
      <Point>
        <coordinates>-82.4033493,27.7205274,0</coordinates>
      </Point>
    </Placemark>
    <Placemark>
      <name>ALPR</name>
      <description>OSM node: https://www.openstreetmap.org/node/13527419601
Manufacturer: Flock Safety
Direction: 272
Zone: traffic
Camera type: fixed</description>
      <Point>
        <coordinates>-80.2892778,25.6476572,0</coordinates>
      </Point>
    </Placemark>
    <Placemark>
      <name>ALPR</name>
      <description>OSM node: https://www.openstreetmap.org/node/13527423903
Manufacturer: Flock Safety
Direction: 359
Zone: traffic
Camera type: fixed</description>
      <Point>
        <coordinates>-80.2891132,25.6476451,0</coordinates>
      </Point>
    </Placemark>
    <Placemark>
      <name>ALPR</name>
      <description>OSM node: https://www.openstreetmap.org/node/13527425501
Manufacturer: Flock Safety
Direction: 91
Zone: traffic
Camera type: fixed</description>
      <Point>
        <coordinates>-80.3014431,25.6555286,0</coordinates>
      </Point>
    </Placemark>
    <Placemark>
      <name>ALPR</name>
      <description>OSM node: https://www.openstreetmap.org/node/13527448701
Manufacturer: Flock Safety
Direction: 66
Zone: traffic
Camera type: fixed</description>
      <Point>
        <coordinates>-82.4097297,27.7349347,0</coordinates>
      </Point>
    </Placemark>
    <Placemark>
      <name>ALPR</name>
      <description>OSM node: https://www.openstreetmap.org/node/13527465901
Manufacturer: Flock Safety
Direction: 45-90
Zone: traffic
Camera type: fixed</description>
      <Point>
        <coordinates>-84.3067249,30.4634303,0</coordinates>
      </Point>
    </Placemark>
    <Placemark>
      <name>ALPR</name>
      <description>OSM node: https://www.openstreetmap.org/node/13527471001
Manufacturer: Flock Safety
Direction: 113-158
Zone: traffic
Camera type: fixed</description>
      <Point>
        <coordinates>-82.3172897,27.0624995,0</coordinates>
      </Point>
    </Placemark>
    <Placemark>
      <name>ALPR</name>
      <description>OSM node: https://www.openstreetmap.org/node/13527524293
Manufacturer: Flock Safety
Direction: 160
Zone: traffic
Camera type: fixed</description>
      <Point>
        <coordinates>-81.4035769,28.3765038,0</coordinates>
      </Point>
    </Placemark>
    <Placemark>
      <name>ALPR</name>
      <description>OSM node: https://www.openstreetmap.org/node/13527524294
Manufacturer: Flock Safety
Direction: 190
Zone: traffic
Camera type: fixed</description>
      <Point>
        <coordinates>-81.4028521,28.3764476,0</coordinates>
      </Point>
    </Placemark>
    <Placemark>
      <name>ALPR</name>
      <description>OSM node: https://www.openstreetmap.org/node/13527524295
Manufacturer: Flock Safety
Direction: 130
Zone: traffic
Camera type: fixed</description>
      <Point>
        <coordinates>-81.4039739,28.3754883,0</coordinates>
      </Point>
    </Placemark>
    <Placemark>
      <name>ALPR</name>
      <description>OSM node: https://www.openstreetmap.org/node/13527614901
Manufacturer: Axis Communications
Direction: 159
Zone: traffic
Camera type: fixed</description>
      <Point>
        <coordinates>-81.4957695,29.9052723,0</coordinates>
      </Point>
    </Placemark>
    <Placemark>
      <name>ALPR</name>
      <description>OSM node: https://www.openstreetmap.org/node/13527617574
Direction: 150
Zone: bparking_lot_entrance</description>
      <Point>
        <coordinates>-82.3562995,27.9112125,0</coordinates>
      </Point>
    </Placemark>
    <Placemark>
      <name>ALPR</name>
      <description>OSM node: https://www.openstreetmap.org/node/13527617575
Direction: 260
Zone: parking</description>
      <Point>
        <coordinates>-82.3538508,27.909977,0</coordinates>
      </Point>
    </Placemark>
    <Placemark>
      <name>Jacksonville Beach Police Department ALPR</name>
      <description>OSM node: https://www.openstreetmap.org/node/13527622601
Operator: Jacksonville Beach Police Department
Manufacturer: Flock Safety
Direction: 62
Zone: traffic
Camera type: fixed</description>
      <Point>
        <coordinates>-81.4007087,30.2556998,0</coordinates>
      </Point>
    </Placemark>
    <Placemark>
      <name>ALPR</name>
      <description>OSM node: https://www.openstreetmap.org/node/13527702901
Manufacturer: Flock Safety
Direction: 0
Zone: traffic
Camera type: fixed</description>
      <Point>
        <coordinates>-82.3644228,27.740713,0</coordinates>
      </Point>
    </Placemark>
    <Placemark>
      <name>ALPR</name>
      <description>OSM node: https://www.openstreetmap.org/node/13527713801
Manufacturer: Flock Safety
Direction: 216
Zone: traffic
Camera type: fixed</description>
      <Point>
        <coordinates>-80.4411049,27.2949908,0</coordinates>
      </Point>
    </Placemark>
    <Placemark>
      <name>ALPR</name>
      <description>OSM node: https://www.openstreetmap.org/node/13527730701
Manufacturer: Flock Safety
Direction: 125
Zone: traffic
Camera type: fixed</description>
      <Point>
        <coordinates>-82.1472902,28.0237546,0</coordinates>
      </Point>
    </Placemark>
    <Placemark>
      <name>ALPR</name>
      <description>OSM node: https://www.openstreetmap.org/node/13527787901
Manufacturer: Flock Safety
Direction: 336
Zone: traffic
Camera type: fixed</description>
      <Point>
        <coordinates>-86.4681221,30.5175708,0</coordinates>
      </Point>
    </Placemark>
    <Placemark>
      <name>ALPR</name>
      <description>OSM node: https://www.openstreetmap.org/node/13529604501
Manufacturer: Flock Safety
Direction: 244-289
Zone: traffic
Camera type: fixed</description>
      <Point>
        <coordinates>-85.6668683,30.1897525,0</coordinates>
      </Point>
    </Placemark>
    <Placemark>
      <name>ALPR</name>
      <description>OSM node: https://www.openstreetmap.org/node/13529682701
Manufacturer: Flock Safety
Direction: 61-106
Zone: traffic
Camera type: fixed</description>
      <Point>
        <coordinates>-85.698841,30.1896222,0</coordinates>
      </Point>
    </Placemark>
    <Placemark>
      <name>ALPR</name>
      <description>OSM node: https://www.openstreetmap.org/node/13529805001
Manufacturer: Flock Safety
Direction: 167-212
Zone: traffic
Camera type: fixed</description>
      <Point>
        <coordinates>-85.8131799,30.1944446,0</coordinates>
      </Point>
    </Placemark>
    <Placemark>
      <name>ALPR</name>
      <description>OSM node: https://www.openstreetmap.org/node/13529806201
Manufacturer: Flock Safety
Direction: 360-45
Zone: traffic
Camera type: fixed</description>
      <Point>
        <coordinates>-85.8159738,30.1890588,0</coordinates>
      </Point>
    </Placemark>
    <Placemark>
      <name>ALPR</name>
      <description>OSM node: https://www.openstreetmap.org/node/13530583901
Manufacturer: Flock Safety
Direction: 78
Zone: traffic
Camera type: fixed</description>
      <Point>
        <coordinates>-82.7216043,28.0923789,0</coordinates>
      </Point>
    </Placemark>
    <Placemark>
      <name>ALPR</name>
      <description>OSM node: https://www.openstreetmap.org/node/13530631401
Manufacturer: Flock Safety
Direction: 55
Zone: traffic
Camera type: fixed</description>
      <Point>
        <coordinates>-84.2991601,30.4354725,0</coordinates>
      </Point>
    </Placemark>
    <Placemark>
      <name>ALPR</name>
      <description>OSM node: https://www.openstreetmap.org/node/13532087601
Manufacturer: Flock Safety
Direction: 183
Zone: traffic
Camera type: fixed</description>
      <Point>
        <coordinates>-80.0606142,26.8308346,0</coordinates>
      </Point>
    </Placemark>
    <Placemark>
      <name>ALPR</name>
      <description>OSM node: https://www.openstreetmap.org/node/13532151801
Manufacturer: Flock Safety
Direction: 93
Zone: traffic
Camera type: fixed</description>
      <Point>
        <coordinates>-80.0855607,26.8083866,0</coordinates>
      </Point>
    </Placemark>
    <Placemark>
      <name>ALPR</name>
      <description>OSM node: https://www.openstreetmap.org/node/13532186401
Manufacturer: Flock Safety
Direction: 181
Zone: traffic
Camera type: fixed</description>
      <Point>
        <coordinates>-80.1037762,26.8824603,0</coordinates>
      </Point>
    </Placemark>
    <Placemark>
      <name>ALPR</name>
      <description>OSM node: https://www.openstreetmap.org/node/13532187101
Manufacturer: Flock Safety
Direction: 0
Zone: traffic
Camera type: fixed</description>
      <Point>
        <coordinates>-80.103398,26.8833534,0</coordinates>
      </Point>
    </Placemark>
    <Placemark>
      <name>ALPR</name>
      <description>OSM node: https://www.openstreetmap.org/node/13532266302
Manufacturer: Flock Safety
Direction: 155
Zone: traffic
Camera type: fixed</description>
      <Point>
        <coordinates>-81.6440013,28.8225654,0</coordinates>
      </Point>
    </Placemark>
    <Placemark>
      <name>ALPR</name>
      <description>OSM node: https://www.openstreetmap.org/node/13532918351
Direction: 340
Zone: traffic</description>
      <Point>
        <coordinates>-80.3784646,27.6276787,0</coordinates>
      </Point>
    </Placemark>
    <Placemark>
      <name>ALPR</name>
      <description>OSM node: https://www.openstreetmap.org/node/13533032201
Manufacturer: Flock Safety
Direction: 206
Zone: traffic
Camera type: fixed</description>
      <Point>
        <coordinates>-81.2992183,28.984426,0</coordinates>
      </Point>
    </Placemark>
    <Placemark>
      <name>ALPR</name>
      <description>OSM node: https://www.openstreetmap.org/node/13533139038
Manufacturer: Flock Safety
Direction: 165
Camera type: fixed</description>
      <Point>
        <coordinates>-80.4171671,27.2630797,0</coordinates>
      </Point>
    </Placemark>
    <Placemark>
      <name>ALPR</name>
      <description>OSM node: https://www.openstreetmap.org/node/13533160001
Manufacturer: Genetec
Direction: 120;287
Zone: traffic
Camera type: fixed</description>
      <Point>
        <coordinates>-82.323519,27.9232203,0</coordinates>
      </Point>
    </Placemark>
    <Placemark>
      <name>ALPR</name>
      <description>OSM node: https://www.openstreetmap.org/node/13533171243
Manufacturer: Flock Safety
Direction: 115
Camera type: fixed</description>
      <Point>
        <coordinates>-80.3991612,27.2096959,0</coordinates>
      </Point>
    </Placemark>
    <Placemark>
      <name>ALPR</name>
      <description>OSM node: https://www.openstreetmap.org/node/13533267350
Manufacturer: Flock Safety
Direction: 100
Zone: traffic
Camera type: fixed</description>
      <Point>
        <coordinates>-82.1525315,29.0264259,0</coordinates>
      </Point>
    </Placemark>
    <Placemark>
      <name>ALPR</name>
      <description>OSM node: https://www.openstreetmap.org/node/13533267351
Manufacturer: Flock Safety
Direction: 155
Camera type: fixed</description>
      <Point>
        <coordinates>-82.1525328,29.0264927,0</coordinates>
      </Point>
    </Placemark>
    <Placemark>
      <name>ALPR</name>
      <description>OSM node: https://www.openstreetmap.org/node/13533317801
Manufacturer: Flock Safety
Direction: 134
Zone: traffic
Camera type: fixed</description>
      <Point>
        <coordinates>-82.3022294,27.8463444,0</coordinates>
      </Point>
    </Placemark>
    <Placemark>
      <name>ALPR</name>
      <description>OSM node: https://www.openstreetmap.org/node/13533317802
Manufacturer: Flock Safety
Direction: 0
Zone: traffic
Camera type: fixed</description>
      <Point>
        <coordinates>-82.3018152,27.8417236,0</coordinates>
      </Point>
    </Placemark>
    <Placemark>
      <name>Hamlin Retail Partners li LLC ALPR</name>
      <description>OSM node: https://www.openstreetmap.org/node/13533925253
Operator: Hamlin Retail Partners li LLC
Manufacturer: Flock Safety
Direction: 79
Zone: traffic
Camera type: fixed</description>
      <Point>
        <coordinates>-81.6299962,28.4742499,0</coordinates>
      </Point>
    </Placemark>
    <Placemark>
      <name>UoF ALPR</name>
      <description>OSM node: https://www.openstreetmap.org/node/13534290481
Operator: UoF
Manufacturer: AXIS
Direction: 165;135
Camera type: fixed</description>
      <Point>
        <coordinates>-82.3725518,29.6502193,0</coordinates>
      </Point>
    </Placemark>
    <Placemark>
      <name>ALPR</name>
      <description>OSM node: https://www.openstreetmap.org/node/13534295101
Manufacturer: Flock Safety
Direction: 180
Zone: traffic
Camera type: fixed</description>
      <Point>
        <coordinates>-80.6953544,28.2624789,0</coordinates>
      </Point>
    </Placemark>
    <Placemark>
      <name>UoF ALPR</name>
      <description>OSM node: https://www.openstreetmap.org/node/13534320329
Operator: UoF
Manufacturer: AXIS
Direction: 245
Camera type: fixed</description>
      <Point>
        <coordinates>-82.372594,29.6505262,0</coordinates>
      </Point>
    </Placemark>
    <Placemark>
      <name>ALPR</name>
      <description>OSM node: https://www.openstreetmap.org/node/13534380301
Manufacturer: Flock Safety
Direction: 50
Zone: traffic
Camera type: fixed</description>
      <Point>
        <coordinates>-81.299618,28.923208,0</coordinates>
      </Point>
    </Placemark>
    <Placemark>
      <name>ALPR</name>
      <description>OSM node: https://www.openstreetmap.org/node/13534390801
Manufacturer: Flock Safety
Direction: 33
Zone: traffic
Camera type: fixed</description>
      <Point>
        <coordinates>-81.3197477,28.2558243,0</coordinates>
      </Point>
    </Placemark>
    <Placemark>
      <name>ALPR</name>
      <description>OSM node: https://www.openstreetmap.org/node/13534422901
Manufacturer: Axis Communications
Direction: 0
Zone: traffic
Camera type: fixed</description>
      <Point>
        <coordinates>-81.3907391,28.6908532,0</coordinates>
      </Point>
    </Placemark>
    <Placemark>
      <name>ALPR</name>
      <description>OSM node: https://www.openstreetmap.org/node/13534423601
Manufacturer: Axis Communications
Direction: 126
Zone: traffic
Camera type: fixed</description>
      <Point>
        <coordinates>-81.3907068,28.6907871,0</coordinates>
      </Point>
    </Placemark>
    <Placemark>
      <name>ALPR</name>
      <description>OSM node: https://www.openstreetmap.org/node/13534693301
Manufacturer: Flock Safety
Direction: 244
Zone: traffic
Camera type: fixed</description>
      <Point>
        <coordinates>-80.0945017,26.8515906,0</coordinates>
      </Point>
    </Placemark>
    <Placemark>
      <name>ALPR</name>
      <description>OSM node: https://www.openstreetmap.org/node/13534721901
Manufacturer: Flock Safety
Direction: 163
Zone: traffic
Camera type: fixed</description>
      <Point>
        <coordinates>-80.1368534,26.2434077,0</coordinates>
      </Point>
    </Placemark>
    <Placemark>
      <name>ALPR</name>
      <description>OSM node: https://www.openstreetmap.org/node/13534801067
Manufacturer: Flock Safety
Direction: 80
Camera type: fixed</description>
      <Point>
        <coordinates>-80.20056,26.0435287,0</coordinates>
      </Point>
    </Placemark>
    <Placemark>
      <name>ALPR</name>
      <description>OSM node: https://www.openstreetmap.org/node/13535129101
Manufacturer: Flock Safety
Direction: 77
Zone: traffic
Camera type: fixed</description>
      <Point>
        <coordinates>-80.2711329,26.2902102,0</coordinates>
      </Point>
    </Placemark>
    <Placemark>
      <name>ALPR</name>
      <description>OSM node: https://www.openstreetmap.org/node/13535340501
Manufacturer: Flock Safety
Direction: 324
Zone: traffic
Camera type: fixed</description>
      <Point>
        <coordinates>-81.6380157,28.7859737,0</coordinates>
      </Point>
    </Placemark>
    <Placemark>
      <name>ALPR</name>
      <description>OSM node: https://www.openstreetmap.org/node/13535423501
Manufacturer: Flock Safety
Direction: 84
Zone: traffic
Camera type: fixed</description>
      <Point>
        <coordinates>-85.5994005,30.1455239,0</coordinates>
      </Point>
    </Placemark>
    <Placemark>
      <name>ALPR</name>
      <description>OSM node: https://www.openstreetmap.org/node/13535423701
Manufacturer: Flock Safety
Direction: 85
Zone: traffic
Camera type: fixed</description>
      <Point>
        <coordinates>-85.5993596,30.1529546,0</coordinates>
      </Point>
    </Placemark>
    <Placemark>
      <name>ALPR</name>
      <description>OSM node: https://www.openstreetmap.org/node/13535432002
Manufacturer: Flock Safety
Direction: 317
Zone: traffic
Camera type: fixed</description>
      <Point>
        <coordinates>-81.7001376,26.0613361,0</coordinates>
      </Point>
    </Placemark>
    <Placemark>
      <name>ALPR</name>
      <description>OSM node: https://www.openstreetmap.org/node/13535484001
Manufacturer: Flock Safety
Direction: 145
Camera type: fixed</description>
      <Point>
        <coordinates>-80.2918644,25.892333,0</coordinates>
      </Point>
    </Placemark>
    <Placemark>
      <name>ALPR</name>
      <description>OSM node: https://www.openstreetmap.org/node/13535778101
Manufacturer: Flock Safety
Direction: 270
Zone: traffic
Camera type: fixed</description>
      <Point>
        <coordinates>-81.9782672,26.6054108,0</coordinates>
      </Point>
    </Placemark>
    <Placemark>
      <name>ALPR</name>
      <description>OSM node: https://www.openstreetmap.org/node/13536615801
Manufacturer: Flock Safety
Direction: 84
Zone: traffic
Camera type: fixed</description>
      <Point>
        <coordinates>-81.4589403,30.6706877,0</coordinates>
      </Point>
    </Placemark>
    <Placemark>
      <name>ALPR</name>
      <description>OSM node: https://www.openstreetmap.org/node/13537076301
Manufacturer: Flock Safety
Direction: 126
Zone: traffic
Camera type: fixed</description>
      <Point>
        <coordinates>-82.5740753,27.9887904,0</coordinates>
      </Point>
    </Placemark>
    <Placemark>
      <name>ALPR</name>
      <description>OSM node: https://www.openstreetmap.org/node/13537388001
Manufacturer: Flock Safety
Direction: 338
Zone: traffic
Camera type: fixed</description>
      <Point>
        <coordinates>-81.6707971,29.9609768,0</coordinates>
      </Point>
    </Placemark>
    <Placemark>
      <name>ALPR</name>
      <description>OSM node: https://www.openstreetmap.org/node/13537499801
Manufacturer: Flock Safety
Direction: 330
Zone: traffic
Camera type: fixed</description>
      <Point>
        <coordinates>-80.0901611,26.5205643,0</coordinates>
      </Point>
    </Placemark>
    <Placemark>
      <name>ALPR</name>
      <description>OSM node: https://www.openstreetmap.org/node/13537617701
Manufacturer: Flock Safety
Direction: 23
Zone: traffic
Camera type: fixed</description>
      <Point>
        <coordinates>-80.322388,26.0755744,0</coordinates>
      </Point>
    </Placemark>
    <Placemark>
      <name>ALPR</name>
      <description>OSM node: https://www.openstreetmap.org/node/13537780501
Manufacturer: Flock Safety
Direction: 138-183
Zone: traffic
Camera type: fixed</description>
      <Point>
        <coordinates>-82.4102656,28.5341049,0</coordinates>
      </Point>
    </Placemark>
    <Placemark>
      <name>ALPR</name>
      <description>OSM node: https://www.openstreetmap.org/node/13537780502
Manufacturer: Flock Safety
Direction: 70
Zone: traffic
Camera type: fixed</description>
      <Point>
        <coordinates>-82.3854854,29.6282695,0</coordinates>
      </Point>
    </Placemark>
    <Placemark>
      <name>ALPR</name>
      <description>OSM node: https://www.openstreetmap.org/node/13537951301
Manufacturer: Flock Safety
Direction: 304
Zone: traffic
Camera type: fixed</description>
      <Point>
        <coordinates>-82.3840026,29.6274645,0</coordinates>
      </Point>
    </Placemark>
    <Placemark>
      <name>ALPR</name>
      <description>OSM node: https://www.openstreetmap.org/node/13538465401
Manufacturer: Motorola Solutions
Direction: 104
Zone: traffic
Camera type: fixed</description>
      <Point>
        <coordinates>-81.372613,28.2985258,0</coordinates>
      </Point>
    </Placemark>
    <Placemark>
      <name>ALPR</name>
      <description>OSM node: https://www.openstreetmap.org/node/13538526301
Manufacturer: Motorola Solutions
Direction: 109
Zone: traffic
Camera type: fixed</description>
      <Point>
        <coordinates>-81.3596432,28.289477,0</coordinates>
      </Point>
    </Placemark>
    <Placemark>
      <name>ALPR</name>
      <description>OSM node: https://www.openstreetmap.org/node/13538579301
Manufacturer: Flock Safety
Direction: 261
Zone: traffic
Camera type: fixed</description>
      <Point>
        <coordinates>-82.5634493,27.9819234,0</coordinates>
      </Point>
    </Placemark>
    <Placemark>
      <name>ALPR</name>
      <description>OSM node: https://www.openstreetmap.org/node/13538808701
Manufacturer: Flock Safety
Direction: 149
Zone: traffic
Camera type: fixed</description>
      <Point>
        <coordinates>-81.6775815,29.9872182,0</coordinates>
      </Point>
    </Placemark>
    <Placemark>
      <name>ALPR</name>
      <description>OSM node: https://www.openstreetmap.org/node/13538810001
Manufacturer: Flock Safety
Direction: 0
Zone: traffic
Camera type: fixed</description>
      <Point>
        <coordinates>-81.6649082,29.9851181,0</coordinates>
      </Point>
    </Placemark>
    <Placemark>
      <name>ALPR</name>
      <description>OSM node: https://www.openstreetmap.org/node/13538874801
Manufacturer: Flock Safety
Direction: 288
Zone: traffic
Camera type: fixed</description>
      <Point>
        <coordinates>-81.5653205,29.9850329,0</coordinates>
      </Point>
    </Placemark>
    <Placemark>
      <name>ALPR</name>
      <description>OSM node: https://www.openstreetmap.org/node/13538878301
Manufacturer: Flock Safety
Direction: 350
Zone: traffic
Camera type: fixed</description>
      <Point>
        <coordinates>-82.6954,28.1495022,0</coordinates>
      </Point>
    </Placemark>
    <Placemark>
      <name>ALPR</name>
      <description>OSM node: https://www.openstreetmap.org/node/13539095301
Manufacturer: Flock Safety
Direction: 9;186
Zone: traffic
Camera type: fixed</description>
      <Point>
        <coordinates>-82.3351008,27.7421575,0</coordinates>
      </Point>
    </Placemark>
    <Placemark>
      <name>ALPR</name>
      <description>OSM node: https://www.openstreetmap.org/node/13539118301
Manufacturer: Genetec
Direction: 68;242
Zone: traffic
Camera type: fixed</description>
      <Point>
        <coordinates>-82.3600972,27.6657084,0</coordinates>
      </Point>
    </Placemark>
    <Placemark>
      <name>ALPR</name>
      <description>OSM node: https://www.openstreetmap.org/node/13539123701
Manufacturer: Flock Safety
Direction: 42
Zone: traffic
Camera type: fixed</description>
      <Point>
        <coordinates>-82.4080144,27.6303066,0</coordinates>
      </Point>
    </Placemark>
    <Placemark>
      <name>ALPR</name>
      <description>OSM node: https://www.openstreetmap.org/node/13539126901
Manufacturer: Flock Safety
Direction: 319
Zone: traffic
Camera type: fixed</description>
      <Point>
        <coordinates>-82.4381818,27.6303236,0</coordinates>
      </Point>
    </Placemark>
    <Placemark>
      <name>ALPR</name>
      <description>OSM node: https://www.openstreetmap.org/node/13540312901
Manufacturer: Flock Safety
Direction: 115
Zone: traffic
Camera type: fixed</description>
      <Point>
        <coordinates>-80.3745171,27.4655843,0</coordinates>
      </Point>
    </Placemark>
    <Placemark>
      <name>ALPR</name>
      <description>OSM node: https://www.openstreetmap.org/node/13540764901
Manufacturer: Flock Safety
Direction: 160
Zone: traffic
Camera type: fixed</description>
      <Point>
        <coordinates>-81.5138922,28.3320267,0</coordinates>
      </Point>
    </Placemark>
    <Placemark>
      <name>ALPR</name>
      <description>OSM node: https://www.openstreetmap.org/node/13541748401
Manufacturer: Flock Safety
Direction: 233
Zone: traffic
Camera type: fixed</description>
      <Point>
        <coordinates>-80.2286924,25.8831364,0</coordinates>
      </Point>
    </Placemark>
    <Placemark>
      <name>ALPR</name>
      <description>OSM node: https://www.openstreetmap.org/node/13541964601
Manufacturer: Flock Safety
Direction: 159
Zone: traffic
Camera type: fixed</description>
      <Point>
        <coordinates>-80.3112374,25.6860259,0</coordinates>
      </Point>
    </Placemark>
    <Placemark>
      <name>ALPR</name>
      <description>OSM node: https://www.openstreetmap.org/node/13542259901
Manufacturer: Flock Safety
Direction: 338-23
Zone: traffic
Camera type: fixed</description>
      <Point>
        <coordinates>-80.3256892,27.3534875,0</coordinates>
      </Point>
    </Placemark>
    <Placemark>
      <name>ALPR</name>
      <description>OSM node: https://www.openstreetmap.org/node/13542358774
Direction: 255;240
Camera type: fixed</description>
      <Point>
        <coordinates>-82.3515053,29.6350961,0</coordinates>
      </Point>
    </Placemark>
    <Placemark>
      <name>ALPR</name>
      <description>OSM node: https://www.openstreetmap.org/node/13542429365
Direction: 65
Camera type: fixed</description>
      <Point>
        <coordinates>-82.3511124,29.6347443,0</coordinates>
      </Point>
    </Placemark>
    <Placemark>
      <name>Volusia County Sheriff’s Office ALPR</name>
      <description>OSM node: https://www.openstreetmap.org/node/13544083701
Operator: Volusia County Sheriff’s Office
Manufacturer: Flock Safety
Direction: 252
Zone: traffic
Camera type: fixed</description>
      <Point>
        <coordinates>-80.971044,29.0133416,0</coordinates>
      </Point>
    </Placemark>
    <Placemark>
      <name>ALPR</name>
      <description>OSM node: https://www.openstreetmap.org/node/13544087201
Manufacturer: Flock Safety
Direction: 70
Zone: traffic
Camera type: fixed</description>
      <Point>
        <coordinates>-80.9637797,29.0131438,0</coordinates>
      </Point>
    </Placemark>
    <Placemark>
      <name>Volusia County Sheriff’s Office ALPR</name>
      <description>OSM node: https://www.openstreetmap.org/node/13544088701
Operator: Volusia County Sheriff’s Office
Manufacturer: Flock Safety
Direction: 225
Zone: traffic
Camera type: fixed</description>
      <Point>
        <coordinates>-80.942757,29.0145172,0</coordinates>
      </Point>
    </Placemark>
    <Placemark>
      <name>Volusia County Sheriff’s Office ALPR</name>
      <description>OSM node: https://www.openstreetmap.org/node/13544093601
Operator: Volusia County Sheriff’s Office
Manufacturer: Flock Safety
Direction: 57
Zone: traffic
Camera type: fixed</description>
      <Point>
        <coordinates>-80.9403617,29.0152081,0</coordinates>
      </Point>
    </Placemark>
    <Placemark>
      <name>ALPR</name>
      <description>OSM node: https://www.openstreetmap.org/node/13544278440
Manufacturer: Flock Safety
Direction: 245
Camera type: fixed</description>
      <Point>
        <coordinates>-80.4028683,27.209962,0</coordinates>
      </Point>
    </Placemark>
    <Placemark>
      <name>ALPR</name>
      <description>OSM node: https://www.openstreetmap.org/node/13544278441
Manufacturer: Flock Safety
Direction: 40
Camera type: fixed</description>
      <Point>
        <coordinates>-80.4167787,27.2943884,0</coordinates>
      </Point>
    </Placemark>
    <Placemark>
      <name>ALPR</name>
      <description>OSM node: https://www.openstreetmap.org/node/13544329271
Manufacturer: Flock Safety
Direction: 50
Zone: traffic
Camera type: fixed</description>
      <Point>
        <coordinates>-82.3382042,27.7698396,0</coordinates>
      </Point>
    </Placemark>
    <Placemark>
      <name>ALPR</name>
      <description>OSM node: https://www.openstreetmap.org/node/13544359823
Manufacturer: Flock Safety
Direction: 275
Camera type: fixed</description>
      <Point>
        <coordinates>-80.4275345,27.2644643,0</coordinates>
      </Point>
    </Placemark>
    <Placemark>
      <name>ALPR</name>
      <description>OSM node: https://www.openstreetmap.org/node/13544482401
Manufacturer: Motorola Solutions
Direction: 77
Zone: traffic
Camera type: fixed</description>
      <Point>
        <coordinates>-80.0902791,26.6663689,0</coordinates>
      </Point>
    </Placemark>
    <Placemark>
      <name>ALPR</name>
      <description>OSM node: https://www.openstreetmap.org/node/13544484801
Manufacturer: Motorola Solutions
Direction: 73
Zone: traffic
Camera type: fixed</description>
      <Point>
        <coordinates>-80.1010585,26.6625093,0</coordinates>
      </Point>
    </Placemark>
    <Placemark>
      <name>ALPR</name>
      <description>OSM node: https://www.openstreetmap.org/node/13544493501
Manufacturer: Flock Safety
Direction: 156
Zone: traffic
Camera type: fixed</description>
      <Point>
        <coordinates>-80.0749191,26.6534503,0</coordinates>
      </Point>
    </Placemark>
    <Placemark>
      <name>Volusia County Sheriff’s Office ALPR</name>
      <description>OSM node: https://www.openstreetmap.org/node/13544556901
Operator: Volusia County Sheriff’s Office
Manufacturer: Flock Safety
Direction: 293
Zone: traffic
Camera type: fixed</description>
      <Point>
        <coordinates>-80.987148,29.0132806,0</coordinates>
      </Point>
    </Placemark>
    <Placemark>
      <name>ALPR</name>
      <description>OSM node: https://www.openstreetmap.org/node/13544605031
Manufacturer: Flock Safety
Direction: 50
Camera type: fixed</description>
      <Point>
        <coordinates>-80.7000151,28.3592639,0</coordinates>
      </Point>
    </Placemark>
    <Placemark>
      <name>ALPR</name>
      <description>OSM node: https://www.openstreetmap.org/node/13544764703
Manufacturer: Flock Safety
Direction: 40
Zone: traffic
Camera type: fixed</description>
      <Point>
        <coordinates>-80.0749151,26.6277654,0</coordinates>
      </Point>
    </Placemark>
    <Placemark>
      <name>ALPR</name>
      <description>OSM node: https://www.openstreetmap.org/node/13544965145
Direction: 85
Zone: traffic</description>
      <Point>
        <coordinates>-81.4761654,28.5389934,0</coordinates>
      </Point>
    </Placemark>
    <Placemark>
      <name>ALPR</name>
      <description>OSM node: https://www.openstreetmap.org/node/13544965146
Direction: 45
Zone: traffic</description>
      <Point>
        <coordinates>-81.4761765,28.5389954,0</coordinates>
      </Point>
    </Placemark>
    <Placemark>
      <name>ALPR</name>
      <description>OSM node: https://www.openstreetmap.org/node/13545016401
Manufacturer: Flock Safety
Direction: 332
Zone: traffic
Camera type: fixed</description>
      <Point>
        <coordinates>-82.4796581,28.2149736,0</coordinates>
      </Point>
    </Placemark>
    <Placemark>
      <name>ALPR</name>
      <description>OSM node: https://www.openstreetmap.org/node/13545016801
Manufacturer: Flock Safety
Direction: 144
Zone: traffic
Camera type: fixed</description>
      <Point>
        <coordinates>-82.4798771,28.2149736,0</coordinates>
      </Point>
    </Placemark>
    <Placemark>
      <name>ALPR</name>
      <description>OSM node: https://www.openstreetmap.org/node/13546327464
Manufacturer: Flock Safety
Direction: 235
Camera type: fixed</description>
      <Point>
        <coordinates>-81.1586314,28.4419259,0</coordinates>
      </Point>
    </Placemark>
    <Placemark>
      <name>ALPR</name>
      <description>OSM node: https://www.openstreetmap.org/node/13546352218
Manufacturer: Flock Safety
Direction: 45
Camera type: fixed</description>
      <Point>
        <coordinates>-81.1598615,28.4416993,0</coordinates>
      </Point>
    </Placemark>
    <Placemark>
      <name>ALPR</name>
      <description>OSM node: https://www.openstreetmap.org/node/13546595976
Manufacturer: Flock Safety
Direction: 180
Zone: traffic
Camera type: fixed</description>
      <Point>
        <coordinates>-82.0170809,28.0071447,0</coordinates>
      </Point>
    </Placemark>
    <Placemark>
      <name>ALPR</name>
      <description>OSM node: https://www.openstreetmap.org/node/13546959601
Manufacturer: Genetec
Direction: 338
Zone: traffic
Camera type: fixed</description>
      <Point>
        <coordinates>-80.0561005,26.7522774,0</coordinates>
      </Point>
    </Placemark>
    <Placemark>
      <name>ALPR</name>
      <description>OSM node: https://www.openstreetmap.org/node/13546964901
Manufacturer: Genetec
Direction: 161;39
Zone: traffic
Camera type: fixed</description>
      <Point>
        <coordinates>-80.0553293,26.7633447,0</coordinates>
      </Point>
    </Placemark>
    <Placemark>
      <name>ALPR</name>
      <description>OSM node: https://www.openstreetmap.org/node/13547154501
Manufacturer: Flock Safety
Direction: 347
Zone: traffic
Camera type: fixed</description>
      <Point>
        <coordinates>-81.3716267,28.5569155,0</coordinates>
      </Point>
    </Placemark>
    <Placemark>
      <name>ALPR</name>
      <description>OSM node: https://www.openstreetmap.org/node/13547382101
Manufacturer: Flock Safety
Direction: 225
Zone: traffic
Camera type: fixed</description>
      <Point>
        <coordinates>-84.8010567,30.7012694,0</coordinates>
      </Point>
    </Placemark>
    <Placemark>
      <name>ALPR</name>
      <description>OSM node: https://www.openstreetmap.org/node/13547459001
Manufacturer: Flock Safety
Direction: 0
Zone: traffic
Camera type: fixed</description>
      <Point>
        <coordinates>-84.2639248,30.4129454,0</coordinates>
      </Point>
    </Placemark>
    <Placemark>
      <name>ALPR</name>
      <description>OSM node: https://www.openstreetmap.org/node/13547459301
Manufacturer: Flock Safety
Direction: 170
Zone: traffic
Camera type: fixed</description>
      <Point>
        <coordinates>-84.2639436,30.4122326,0</coordinates>
      </Point>
    </Placemark>
    <Placemark>
      <name>ALPR</name>
      <description>OSM node: https://www.openstreetmap.org/node/13550855001
Manufacturer: Flock Safety
Direction: 320
Zone: traffic
Camera type: fixed</description>
      <Point>
        <coordinates>-81.0211662,29.2401465,0</coordinates>
      </Point>
    </Placemark>
    <Placemark>
      <name>ALPR</name>
      <description>OSM node: https://www.openstreetmap.org/node/13550855201
Manufacturer: Flock Safety
Direction: 140
Zone: traffic
Camera type: fixed</description>
      <Point>
        <coordinates>-81.0216058,29.2408503,0</coordinates>
      </Point>
    </Placemark>
    <Placemark>
      <name>ALPR</name>
      <description>OSM node: https://www.openstreetmap.org/node/13550881901
Manufacturer: Flock Safety
Direction: 72
Zone: traffic
Camera type: fixed</description>
      <Point>
        <coordinates>-81.9577586,26.5625947,0</coordinates>
      </Point>
    </Placemark>
    <Placemark>
      <name>ALPR</name>
      <description>OSM node: https://www.openstreetmap.org/node/13550882701
Manufacturer: Motorola Solutions
Direction: 251
Zone: traffic
Camera type: fixed</description>
      <Point>
        <coordinates>-81.8530349,26.5646566,0</coordinates>
      </Point>
    </Placemark>
    <Placemark>
      <name>ALPR</name>
      <description>OSM node: https://www.openstreetmap.org/node/13550883201
Manufacturer: Motorola Solutions
Direction: 175
Zone: traffic
Camera type: fixed</description>
      <Point>
        <coordinates>-81.8530108,26.5646134,0</coordinates>
      </Point>
    </Placemark>
    <Placemark>
      <name>ALPR</name>
      <description>OSM node: https://www.openstreetmap.org/node/13550973869
Manufacturer: Flock Safety
Direction: 180;120
Camera type: fixed</description>
      <Point>
        <coordinates>-81.5259197,30.2790976,0</coordinates>
      </Point>
    </Placemark>
    <Placemark>
      <name>ALPR</name>
      <description>OSM node: https://www.openstreetmap.org/node/13551365401
Manufacturer: Flock Safety
Direction: 248
Zone: traffic
Camera type: fixed</description>
      <Point>
        <coordinates>-80.0546663,26.7891183,0</coordinates>
      </Point>
    </Placemark>
    <Placemark>
      <name>ALPR</name>
      <description>OSM node: https://www.openstreetmap.org/node/13551365501
Manufacturer: Flock Safety
Direction: 74
Zone: traffic
Camera type: fixed</description>
      <Point>
        <coordinates>-80.0547883,26.7890084,0</coordinates>
      </Point>
    </Placemark>
    <Placemark>
      <name>ALPR</name>
      <description>OSM node: https://www.openstreetmap.org/node/13551367501
Manufacturer: Flock Safety
Direction: 158
Zone: traffic
Camera type: fixed</description>
      <Point>
        <coordinates>-80.0563718,26.789608,0</coordinates>
      </Point>
    </Placemark>
    <Placemark>
      <name>ALPR</name>
      <description>OSM node: https://www.openstreetmap.org/node/13551373601
Manufacturer: Flock Safety
Direction: 163
Zone: traffic
Camera type: fixed</description>
      <Point>
        <coordinates>-80.0552153,26.7725372,0</coordinates>
      </Point>
    </Placemark>
    <Placemark>
      <name>ALPR</name>
      <description>OSM node: https://www.openstreetmap.org/node/13551375001
Manufacturer: Flock Safety
Direction: 345
Zone: traffic
Camera type: fixed</description>
      <Point>
        <coordinates>-80.0551021,26.7650285,0</coordinates>
      </Point>
    </Placemark>
    <Placemark>
      <name>ALPR</name>
      <description>OSM node: https://www.openstreetmap.org/node/13551398901
Manufacturer: Genetec
Direction: 342;192
Zone: traffic
Camera type: fixed</description>
      <Point>
        <coordinates>-80.0530598,26.7272602,0</coordinates>
      </Point>
    </Placemark>
    <Placemark>
      <name>ALPR</name>
      <description>OSM node: https://www.openstreetmap.org/node/13551471101
Manufacturer: Flock Safety
Direction: 160
Zone: traffic
Camera type: fixed</description>
      <Point>
        <coordinates>-80.052466,26.6438476,0</coordinates>
      </Point>
    </Placemark>
    <Placemark>
      <name>ALPR</name>
      <description>OSM node: https://www.openstreetmap.org/node/13551476701
Manufacturer: Flock Safety
Direction: 343
Zone: traffic
Camera type: fixed</description>
      <Point>
        <coordinates>-80.052385,26.6398088,0</coordinates>
      </Point>
    </Placemark>
    <Placemark>
      <name>The Home Depot ALPR</name>
      <description>OSM node: https://www.openstreetmap.org/node/13555586901
Operator: The Home Depot
Manufacturer: Flock Safety
Direction: 328
Zone: traffic
Camera type: fixed</description>
      <Point>
        <coordinates>-81.2713493,28.4629785,0</coordinates>
      </Point>
    </Placemark>
    <Placemark>
      <name>ALPR</name>
      <description>OSM node: https://www.openstreetmap.org/node/13555701801
Manufacturer: Motorola Solutions
Direction: 166
Zone: traffic
Camera type: fixed</description>
      <Point>
        <coordinates>-81.8108774,26.3978161,0</coordinates>
      </Point>
    </Placemark>
    <Placemark>
      <name>ALPR</name>
      <description>OSM node: https://www.openstreetmap.org/node/13555945701
Manufacturer: Motorola Solutions
Direction: 329
Zone: traffic
Camera type: fixed</description>
      <Point>
        <coordinates>-84.27438,30.4338219,0</coordinates>
      </Point>
    </Placemark>
    <Placemark>
      <name>ALPR</name>
      <description>OSM node: https://www.openstreetmap.org/node/13555958001
Manufacturer: Flock Safety
Direction: 53
Zone: traffic
Camera type: fixed</description>
      <Point>
        <coordinates>-81.6342673,30.3270543,0</coordinates>
      </Point>
    </Placemark>
    <Placemark>
      <name>ALPR</name>
      <description>OSM node: https://www.openstreetmap.org/node/13559638601
Manufacturer: Flock Safety
Direction: 338
Zone: traffic
Camera type: fixed</description>
      <Point>
        <coordinates>-80.1594014,26.0335967,0</coordinates>
      </Point>
    </Placemark>
    <Placemark>
      <name>ALPR</name>
      <description>OSM node: https://www.openstreetmap.org/node/13560813101
Manufacturer: Flock Safety
Direction: 348
Zone: traffic
Camera type: fixed</description>
      <Point>
        <coordinates>-80.108608,26.8831836,0</coordinates>
      </Point>
    </Placemark>
    <Placemark>
      <name>ALPR</name>
      <description>OSM node: https://www.openstreetmap.org/node/13563103802
Manufacturer: Motorola Solutions
Direction: 34
Zone: traffic
Camera type: fixed</description>
      <Point>
        <coordinates>-81.9676447,26.4997579,0</coordinates>
      </Point>
    </Placemark>
    <Placemark>
      <name>ALPR</name>
      <description>OSM node: https://www.openstreetmap.org/node/13563105201
Manufacturer: Motorola Solutions
Direction: 171
Zone: traffic
Camera type: fixed</description>
      <Point>
        <coordinates>-81.9679418,26.4994417,0</coordinates>
      </Point>
    </Placemark>
    <Placemark>
      <name>ALPR</name>
      <description>OSM node: https://www.openstreetmap.org/node/13563146202
Manufacturer: Motorola Solutions
Direction: 350
Zone: traffic
Camera type: fixed</description>
      <Point>
        <coordinates>-81.9430805,26.4921048,0</coordinates>
      </Point>
    </Placemark>
    <Placemark>
      <name>ALPR</name>
      <description>OSM node: https://www.openstreetmap.org/node/13563146701
Manufacturer: Motorola Solutions
Direction: 162
Zone: traffic
Camera type: fixed</description>
      <Point>
        <coordinates>-81.943334,26.4919187,0</coordinates>
      </Point>
    </Placemark>
    <Placemark>
      <name>ALPR</name>
      <description>OSM node: https://www.openstreetmap.org/node/13563148201
Manufacturer: Motorola Solutions
Direction: 271
Zone: traffic
Camera type: fixed</description>
      <Point>
        <coordinates>-81.9430953,26.4918947,0</coordinates>
      </Point>
    </Placemark>
    <Placemark>
      <name>ALPR</name>
      <description>OSM node: https://www.openstreetmap.org/node/13563381227
Manufacturer: Flock Safety
Direction: 0
Camera type: fixed</description>
      <Point>
        <coordinates>-86.5569527,30.7952673,0</coordinates>
      </Point>
    </Placemark>
    <Placemark>
      <name>ALPR</name>
      <description>OSM node: https://www.openstreetmap.org/node/13563409501
Manufacturer: Flock Safety
Direction: 78
Zone: traffic
Camera type: fixed</description>
      <Point>
        <coordinates>-80.07982,26.6498483,0</coordinates>
      </Point>
    </Placemark>
    <Placemark>
      <name>ALPR</name>
      <description>OSM node: https://www.openstreetmap.org/node/13563414501
Manufacturer: Flock Safety
Direction: 163
Zone: traffic
Camera type: fixed</description>
      <Point>
        <coordinates>-80.0724473,26.6543733,0</coordinates>
      </Point>
    </Placemark>
    <Placemark>
      <name>ALPR</name>
      <description>OSM node: https://www.openstreetmap.org/node/13563425401
Manufacturer: Flock Safety
Direction: 253
Zone: traffic
Camera type: fixed</description>
      <Point>
        <coordinates>-80.0723038,26.63638,0</coordinates>
      </Point>
    </Placemark>
    <Placemark>
      <name>ALPR</name>
      <description>OSM node: https://www.openstreetmap.org/node/13564136601
Manufacturer: Flock Safety
Direction: 79
Zone: traffic
Camera type: fixed</description>
      <Point>
        <coordinates>-81.8176041,26.272295,0</coordinates>
      </Point>
    </Placemark>
    <Placemark>
      <name>ALPR</name>
      <description>OSM node: https://www.openstreetmap.org/node/13564293401
Manufacturer: Flock Safety
Direction: 249
Zone: traffic
Camera type: fixed</description>
      <Point>
        <coordinates>-81.9582651,26.5629106,0</coordinates>
      </Point>
    </Placemark>
    <Placemark>
      <name>ALPR</name>
      <description>OSM node: https://www.openstreetmap.org/node/13564334301
Manufacturer: Flock Safety
Direction: 231
Zone: traffic
Camera type: fixed</description>
      <Point>
        <coordinates>-82.0075217,26.6520442,0</coordinates>
      </Point>
    </Placemark>
    <Placemark>
      <name>ALPR</name>
      <description>OSM node: https://www.openstreetmap.org/node/13564334601
Manufacturer: Flock Safety
Direction: 67
Zone: traffic
Camera type: fixed</description>
      <Point>
        <coordinates>-82.0067327,26.6514915,0</coordinates>
      </Point>
    </Placemark>
    <Placemark>
      <name>The Home Depot ALPR</name>
      <description>OSM node: https://www.openstreetmap.org/node/13564376501
Operator: The Home Depot
Manufacturer: Flock Safety
Direction: 267
Zone: traffic
Camera type: fixed</description>
      <Point>
        <coordinates>-82.0233641,26.8882197,0</coordinates>
      </Point>
    </Placemark>
    <Placemark>
      <name>The Home Depot ALPR</name>
      <description>OSM node: https://www.openstreetmap.org/node/13564376601
Operator: The Home Depot
Manufacturer: Flock Safety
Direction: 260
Zone: traffic
Camera type: fixed</description>
      <Point>
        <coordinates>-82.0235775,26.8890167,0</coordinates>
      </Point>
    </Placemark>
    <Placemark>
      <name>The Home Depot ALPR</name>
      <description>OSM node: https://www.openstreetmap.org/node/13564408401
Operator: The Home Depot
Manufacturer: Flock Safety
Direction: 260
Zone: traffic
Camera type: fixed</description>
      <Point>
        <coordinates>-82.0235775,26.8890167,0</coordinates>
      </Point>
    </Placemark>
    <Placemark>
      <name>ALPR</name>
      <description>OSM node: https://www.openstreetmap.org/node/13564732701
Manufacturer: Motorola Solutions
Direction: 313
Zone: traffic
Camera type: fixed</description>
      <Point>
        <coordinates>-82.0295061,28.0125821,0</coordinates>
      </Point>
    </Placemark>
    <Placemark>
      <name>ALPR</name>
      <description>OSM node: https://www.openstreetmap.org/node/13564961101
Manufacturer: Flock Safety
Direction: 155
Zone: traffic
Camera type: fixed</description>
      <Point>
        <coordinates>-80.1633149,26.0096876,0</coordinates>
      </Point>
    </Placemark>
    <Placemark>
      <name>ALPR</name>
      <description>OSM node: https://www.openstreetmap.org/node/13565010183
Manufacturer: Flock Safety
Direction: 180
Camera type: fixed</description>
      <Point>
        <coordinates>-82.0720522,30.0442436,0</coordinates>
      </Point>
    </Placemark>
    <Placemark>
      <name>ALPR</name>
      <description>OSM node: https://www.openstreetmap.org/node/13565034301
Manufacturer: Flock Safety
Direction: 223-268
Zone: traffic
Camera type: fixed</description>
      <Point>
        <coordinates>-81.4683931,28.4397576,0</coordinates>
      </Point>
    </Placemark>
    <Placemark>
      <name>ALPR</name>
      <description>OSM node: https://www.openstreetmap.org/node/13565034501
Manufacturer: Flock Safety
Direction: 241-286
Zone: traffic
Camera type: fixed</description>
      <Point>
        <coordinates>-81.4681359,28.4419289,0</coordinates>
      </Point>
    </Placemark>
    <Placemark>
      <name>ALPR</name>
      <description>OSM node: https://www.openstreetmap.org/node/13565039240
Manufacturer: Flock Safety
Direction: 355
Camera type: fixed</description>
      <Point>
        <coordinates>-82.0717166,30.0443956,0</coordinates>
      </Point>
    </Placemark>
    <Placemark>
      <name>ALPR</name>
      <description>OSM node: https://www.openstreetmap.org/node/13565052001
Manufacturer: Flock Safety
Direction: 247-317
Zone: traffic
Camera type: fixed</description>
      <Point>
        <coordinates>-82.0158946,26.9846292,0</coordinates>
      </Point>
    </Placemark>
    <Placemark>
      <name>ALPR</name>
      <description>OSM node: https://www.openstreetmap.org/node/13565325401
Manufacturer: Flock Safety
Direction: 121
Zone: traffic
Camera type: fixed</description>
      <Point>
        <coordinates>-82.5593654,28.0238156,0</coordinates>
      </Point>
    </Placemark>
    <Placemark>
      <name>ALPR</name>
      <description>OSM node: https://www.openstreetmap.org/node/13565332601
Manufacturer: Flock Safety
Direction: 255
Zone: traffic
Camera type: fixed</description>
      <Point>
        <coordinates>-82.5610587,28.0217591,0</coordinates>
      </Point>
    </Placemark>
    <Placemark>
      <name>UoF ALPR</name>
      <description>OSM node: https://www.openstreetmap.org/node/13565343578
Operator: UoF
Direction: 70
Camera type: fixed</description>
      <Point>
        <coordinates>-82.398103,29.6397611,0</coordinates>
      </Point>
    </Placemark>
    <Placemark>
      <name>UoF ALPR</name>
      <description>OSM node: https://www.openstreetmap.org/node/13565355168
Operator: UoF
Manufacturer: AXIS
Direction: 310
Zone: traffic
Camera type: fixed</description>
      <Point>
        <coordinates>-82.3723448,29.6272936,0</coordinates>
      </Point>
    </Placemark>
    <Placemark>
      <name>UoF ALPR</name>
      <description>OSM node: https://www.openstreetmap.org/node/13565372434
Operator: UoF
Manufacturer: AXIS
Direction: 325
Camera type: fixed</description>
      <Point>
        <coordinates>-82.3723405,29.6272963,0</coordinates>
      </Point>
    </Placemark>
    <Placemark>
      <name>ALPR</name>
      <description>OSM node: https://www.openstreetmap.org/node/13565413201
Manufacturer: Flock Safety
Direction: 321
Zone: traffic
Camera type: fixed</description>
      <Point>
        <coordinates>-85.16133,30.8788234,0</coordinates>
      </Point>
    </Placemark>
    <Placemark>
      <name>ALPR</name>
      <description>OSM node: https://www.openstreetmap.org/node/13565413301
Manufacturer: Flock Safety
Direction: 114
Zone: traffic
Camera type: fixed</description>
      <Point>
        <coordinates>-80.6745286,28.1467403,0</coordinates>
      </Point>
    </Placemark>
    <Placemark>
      <name>ALPR</name>
      <description>OSM node: https://www.openstreetmap.org/node/13565433701
Manufacturer: Flock Safety
Direction: 257
Zone: traffic
Camera type: fixed</description>
      <Point>
        <coordinates>-80.0409558,26.6154208,0</coordinates>
      </Point>
    </Placemark>
    <Placemark>
      <name>ALPR</name>
      <description>OSM node: https://www.openstreetmap.org/node/13565435101
Manufacturer: Flock Safety
Direction: 80
Zone: traffic
Camera type: fixed</description>
      <Point>
        <coordinates>-80.0409663,26.6151969,0</coordinates>
      </Point>
    </Placemark>
    <Placemark>
      <name>ALPR</name>
      <description>OSM node: https://www.openstreetmap.org/node/13565454301
Manufacturer: Flock Safety
Direction: 210;323
Zone: traffic
Camera type: fixed</description>
      <Point>
        <coordinates>-80.0386619,26.6238031,0</coordinates>
      </Point>
    </Placemark>
    <Placemark>
      <name>ALPR</name>
      <description>OSM node: https://www.openstreetmap.org/node/13565470901
Manufacturer: Flock Safety
Direction: 164
Zone: traffic
Camera type: fixed</description>
      <Point>
        <coordinates>-80.0389279,26.5944921,0</coordinates>
      </Point>
    </Placemark>
    <Placemark>
      <name>ALPR</name>
      <description>OSM node: https://www.openstreetmap.org/node/13565471101
Manufacturer: Flock Safety
Direction: 344;204
Zone: traffic
Camera type: fixed</description>
      <Point>
        <coordinates>-80.0388065,26.5937881,0</coordinates>
      </Point>
    </Placemark>
    <Placemark>
      <name>ALPR</name>
      <description>OSM node: https://www.openstreetmap.org/node/13565471601
Manufacturer: Genetec
Direction: 339;207
Zone: traffic
Camera type: fixed</description>
      <Point>
        <coordinates>-80.0387989,26.5938096,0</coordinates>
      </Point>
    </Placemark>
    <Placemark>
      <name>ALPR</name>
      <description>OSM node: https://www.openstreetmap.org/node/13565482301
Manufacturer: Genetec
Direction: 356;334
Zone: traffic
Camera type: fixed</description>
      <Point>
        <coordinates>-80.0390611,26.582791,0</coordinates>
      </Point>
    </Placemark>
    <Placemark>
      <name>ALPR</name>
      <description>OSM node: https://www.openstreetmap.org/node/13565482701
Manufacturer: Genetec
Direction: 167
Zone: traffic
Camera type: fixed</description>
      <Point>
        <coordinates>-80.0392175,26.5824493,0</coordinates>
      </Point>
    </Placemark>
    <Placemark>
      <name>ALPR</name>
      <description>OSM node: https://www.openstreetmap.org/node/13565510001
Manufacturer: Flock Safety
Direction: 152
Zone: traffic
Camera type: fixed</description>
      <Point>
        <coordinates>-85.4383558,30.3667002,0</coordinates>
      </Point>
    </Placemark>
    <Placemark>
      <name>ALPR</name>
      <description>OSM node: https://www.openstreetmap.org/node/13565512601
Manufacturer: Flock Safety
Direction: 195
Zone: traffic
Camera type: fixed</description>
      <Point>
        <coordinates>-85.463504,30.3152778,0</coordinates>
      </Point>
    </Placemark>
    <Placemark>
      <name>ALPR</name>
      <description>OSM node: https://www.openstreetmap.org/node/13565536801
Manufacturer: Flock Safety
Direction: 25
Zone: traffic
Camera type: fixed</description>
      <Point>
        <coordinates>-85.6401943,30.1898029,0</coordinates>
      </Point>
    </Placemark>
    <Placemark>
      <name>ALPR</name>
      <description>OSM node: https://www.openstreetmap.org/node/13565578601
Manufacturer: Motorola Solutions
Direction: 67
Zone: traffic
Camera type: fixed</description>
      <Point>
        <coordinates>-81.884091,26.5744757,0</coordinates>
      </Point>
    </Placemark>
    <Placemark>
      <name>ALPR</name>
      <description>OSM node: https://www.openstreetmap.org/node/13565686021
Manufacturer: Flock Safety
Direction: 260
Camera type: fixed</description>
      <Point>
        <coordinates>-86.5575439,30.7949553,0</coordinates>
      </Point>
    </Placemark>
    <Placemark>
      <name>ALPR</name>
      <description>OSM node: https://www.openstreetmap.org/node/13565743698
Direction: 320
Zone: traffic</description>
      <Point>
        <coordinates>-80.6071599,28.0882587,0</coordinates>
      </Point>
    </Placemark>
    <Placemark>
      <name>ALPR</name>
      <description>OSM node: https://www.openstreetmap.org/node/13565844910
Direction: 340
Zone: traffic</description>
      <Point>
        <coordinates>-81.4474229,28.5520278,0</coordinates>
      </Point>
    </Placemark>
    <Placemark>
      <name>ALPR</name>
      <description>OSM node: https://www.openstreetmap.org/node/13566301301
Manufacturer: Flock Safety
Direction: 240
Zone: traffic
Camera type: fixed</description>
      <Point>
        <coordinates>-81.714377,28.824284,0</coordinates>
      </Point>
    </Placemark>
    <Placemark>
      <name>ALPR</name>
      <description>OSM node: https://www.openstreetmap.org/node/13566789701
Manufacturer: Flock Safety
Direction: 88;274
Zone: traffic
Camera type: fixed</description>
      <Point>
        <coordinates>-82.3018861,27.8381135,0</coordinates>
      </Point>
    </Placemark>
    <Placemark>
      <name>ALPR</name>
      <description>OSM node: https://www.openstreetmap.org/node/13566927842
Direction: 300
Zone: traffic</description>
      <Point>
        <coordinates>-80.4807956,27.8318557,0</coordinates>
      </Point>
    </Placemark>
    <Placemark>
      <name>ALPR</name>
      <description>OSM node: https://www.openstreetmap.org/node/13567178301
Manufacturer: Flock Safety
Direction: 56-101
Zone: traffic
Camera type: fixed</description>
      <Point>
        <coordinates>-82.5296671,27.8933236,0</coordinates>
      </Point>
    </Placemark>
    <Placemark>
      <name>Pasco Sheriff’s Office ALPR</name>
      <description>OSM node: https://www.openstreetmap.org/node/13567496402
Operator: Pasco Sheriff’s Office
Manufacturer: Flock Safety
Direction: 331
Zone: traffic
Camera type: fixed</description>
      <Point>
        <coordinates>-82.6660843,28.3313724,0</coordinates>
      </Point>
    </Placemark>
    <Placemark>
      <name>ALPR</name>
      <description>OSM node: https://www.openstreetmap.org/node/13567647001
Manufacturer: Flock Safety
Direction: 348
Zone: traffic
Camera type: fixed</description>
      <Point>
        <coordinates>-81.9731196,28.1089033,0</coordinates>
      </Point>
    </Placemark>
    <Placemark>
      <name>ALPR</name>
      <description>OSM node: https://www.openstreetmap.org/node/13567810901
Manufacturer: Axis Communications
Direction: 186
Zone: traffic
Camera type: fixed</description>
      <Point>
        <coordinates>-81.7227931,28.5936541,0</coordinates>
      </Point>
    </Placemark>
    <Placemark>
      <name>ALPR</name>
      <description>OSM node: https://www.openstreetmap.org/node/13568133601
Manufacturer: Motorola Solutions
Direction: 240
Zone: traffic
Camera type: fixed</description>
      <Point>
        <coordinates>-81.3837152,28.5532881,0</coordinates>
      </Point>
    </Placemark>
    <Placemark>
      <name>ALPR</name>
      <description>OSM node: https://www.openstreetmap.org/node/13568145701
Manufacturer: Flock Safety
Direction: 242
Zone: traffic
Camera type: fixed</description>
      <Point>
        <coordinates>-82.1410147,28.0038476,0</coordinates>
      </Point>
    </Placemark>
    <Placemark>
      <name>Volusia County Sheriff’s Office ALPR</name>
      <description>OSM node: https://www.openstreetmap.org/node/13568387601
Operator: Volusia County Sheriff’s Office
Manufacturer: Flock Safety
Direction: 221
Zone: traffic
Camera type: fixed</description>
      <Point>
        <coordinates>-81.0392512,29.2922654,0</coordinates>
      </Point>
    </Placemark>
    <Placemark>
      <name>ALPR</name>
      <description>OSM node: https://www.openstreetmap.org/node/13568658101
Manufacturer: Flock Safety
Direction: 326
Zone: traffic
Camera type: fixed</description>
      <Point>
        <coordinates>-80.3895343,27.7482309,0</coordinates>
      </Point>
    </Placemark>
    <Placemark>
      <name>ALPR</name>
      <description>OSM node: https://www.openstreetmap.org/node/13568716801
Manufacturer: Axis Communications
Direction: 276
Zone: traffic
Camera type: fixed</description>
      <Point>
        <coordinates>-81.7226183,28.5939869,0</coordinates>
      </Point>
    </Placemark>
    <Placemark>
      <name>ALPR</name>
      <description>OSM node: https://www.openstreetmap.org/node/13568717001
Manufacturer: Axis Communications
Direction: 2
Zone: traffic
Camera type: fixed</description>
      <Point>
        <coordinates>-81.7223015,28.5938167,0</coordinates>
      </Point>
    </Placemark>
    <Placemark>
      <name>ALPR</name>
      <description>OSM node: https://www.openstreetmap.org/node/13568717002
Manufacturer: Axis Communications
Direction: 93
Zone: traffic
Camera type: fixed</description>
      <Point>
        <coordinates>-81.7224511,28.593586,0</coordinates>
      </Point>
    </Placemark>
    <Placemark>
      <name>ALPR</name>
      <description>OSM node: https://www.openstreetmap.org/node/13568717301
Manufacturer: Flock Safety
Direction: 322-7
Zone: traffic
Camera type: fixed</description>
      <Point>
        <coordinates>-81.5330455,26.7690387,0</coordinates>
      </Point>
    </Placemark>
    <Placemark>
      <name>ALPR</name>
      <description>OSM node: https://www.openstreetmap.org/node/13568722401
Manufacturer: Motorola Solutions
Direction: 293
Zone: traffic
Camera type: fixed</description>
      <Point>
        <coordinates>-81.7184394,28.4998311,0</coordinates>
      </Point>
    </Placemark>
    <Placemark>
      <name>ALPR</name>
      <description>OSM node: https://www.openstreetmap.org/node/13568722501
Manufacturer: Motorola Solutions
Direction: 130
Zone: traffic
Camera type: fixed</description>
      <Point>
        <coordinates>-81.718926,28.4995554,0</coordinates>
      </Point>
    </Placemark>
    <Placemark>
      <name>ALPR</name>
      <description>OSM node: https://www.openstreetmap.org/node/13568722801
Manufacturer: Flock Safety
Direction: 92-137
Zone: traffic
Camera type: fixed</description>
      <Point>
        <coordinates>-81.5642058,26.6074502,0</coordinates>
      </Point>
    </Placemark>
    <Placemark>
      <name>ALPR</name>
      <description>OSM node: https://www.openstreetmap.org/node/13568726001
Manufacturer: Motorola Solutions
Direction: 250;330
Zone: traffic
Camera type: fixed</description>
      <Point>
        <coordinates>-81.775491,28.5530272,0</coordinates>
      </Point>
    </Placemark>
    <Placemark>
      <name>ALPR</name>
      <description>OSM node: https://www.openstreetmap.org/node/13568727102
Manufacturer: Motorola Solutions
Direction: 83;200
Zone: traffic
Camera type: fixed</description>
      <Point>
        <coordinates>-81.7753719,28.5525977,0</coordinates>
      </Point>
    </Placemark>
    <Placemark>
      <name>ALPR</name>
      <description>OSM node: https://www.openstreetmap.org/node/13570005604
Manufacturer: Flock Safety
Direction: 359
Zone: traffic
Camera type: fixed</description>
      <Point>
        <coordinates>-82.5307219,27.3660286,0</coordinates>
      </Point>
    </Placemark>
    <Placemark>
      <name>ALPR</name>
      <description>OSM node: https://www.openstreetmap.org/node/13570008101
Manufacturer: Flock Safety
Direction: 0;130
Zone: traffic
Camera type: fixed</description>
      <Point>
        <coordinates>-82.2711301,30.2498054,0</coordinates>
      </Point>
    </Placemark>
    <Placemark>
      <name>ALPR</name>
      <description>OSM node: https://www.openstreetmap.org/node/13570387201
Manufacturer: Flock Safety
Direction: 272
Zone: traffic
Camera type: fixed</description>
      <Point>
        <coordinates>-81.0195376,29.2407985,0</coordinates>
      </Point>
    </Placemark>
    <Placemark>
      <name>ALPR</name>
      <description>OSM node: https://www.openstreetmap.org/node/13570525901
Manufacturer: Flock Safety
Direction: 190
Zone: traffic
Camera type: fixed</description>
      <Point>
        <coordinates>-83.1224705,29.6569243,0</coordinates>
      </Point>
    </Placemark>
    <Placemark>
      <name>ALPR</name>
      <description>OSM node: https://www.openstreetmap.org/node/13570786155
Manufacturer: Flock Safety
Direction: 40
Camera type: fixed</description>
      <Point>
        <coordinates>-82.6149699,27.8295426,0</coordinates>
      </Point>
    </Placemark>
    <Placemark>
      <name>ALPR</name>
      <description>OSM node: https://www.openstreetmap.org/node/13570786156
Manufacturer: Flock Safety
Direction: 60
Camera type: fixed</description>
      <Point>
        <coordinates>-82.6701976,27.8210214,0</coordinates>
      </Point>
    </Placemark>
    <Placemark>
      <name>ALPR</name>
      <description>OSM node: https://www.openstreetmap.org/node/13570786157
Manufacturer: Flock Safety
Direction: 250
Camera type: fixed</description>
      <Point>
        <coordinates>-82.0429667,28.0371498,0</coordinates>
      </Point>
    </Placemark>
    <Placemark>
      <name>ALPR</name>
      <description>OSM node: https://www.openstreetmap.org/node/13570823101
Manufacturer: Flock Safety
Direction: 118
Zone: traffic
Camera type: fixed</description>
      <Point>
        <coordinates>-82.6382316,27.762732,0</coordinates>
      </Point>
    </Placemark>
    <Placemark>
      <name>ALPR</name>
      <description>OSM node: https://www.openstreetmap.org/node/13570838402
Manufacturer: Flock Safety
Direction: 49
Zone: traffic
Camera type: fixed</description>
      <Point>
        <coordinates>-82.6382759,27.7594081,0</coordinates>
      </Point>
    </Placemark>
    <Placemark>
      <name>ALPR</name>
      <description>OSM node: https://www.openstreetmap.org/node/13571281501
Manufacturer: Flock Safety
Direction: 128
Zone: traffic
Camera type: fixed</description>
      <Point>
        <coordinates>-80.3943704,27.2097431,0</coordinates>
      </Point>
    </Placemark>
    <Placemark>
      <name>ALPR</name>
      <description>OSM node: https://www.openstreetmap.org/node/13571542001
Manufacturer: Flock Safety
Direction: 227
Zone: traffic
Camera type: fixed</description>
      <Point>
        <coordinates>-82.0157722,26.9849057,0</coordinates>
      </Point>
    </Placemark>
    <Placemark>
      <name>ALPR</name>
      <description>OSM node: https://www.openstreetmap.org/node/13573364801
Manufacturer: Flock Safety
Direction: 119
Zone: traffic
Camera type: fixed</description>
      <Point>
        <coordinates>-85.8000498,30.1914393,0</coordinates>
      </Point>
    </Placemark>
    <Placemark>
      <name>ALPR</name>
      <description>OSM node: https://www.openstreetmap.org/node/13573749601
Manufacturer: Flock Safety
Direction: 173
Zone: traffic
Camera type: fixed</description>
      <Point>
        <coordinates>-82.1213724,28.0007109,0</coordinates>
      </Point>
    </Placemark>
    <Placemark>
      <name>ALPR</name>
      <description>OSM node: https://www.openstreetmap.org/node/13573784808
Manufacturer: Motorola Solutions
Direction: 230
Zone: traffic
Camera type: fixed</description>
      <Point>
        <coordinates>-81.2464063,28.3725897,0</coordinates>
      </Point>
    </Placemark>
    <Placemark>
      <name>ALPR</name>
      <description>OSM node: https://www.openstreetmap.org/node/13573784809
Manufacturer: Motorola Solutions
Direction: 260
Zone: traffic
Camera type: fixed</description>
      <Point>
        <coordinates>-81.2488683,28.3638165,0</coordinates>
      </Point>
    </Placemark>
    <Placemark>
      <name>ALPR</name>
      <description>OSM node: https://www.openstreetmap.org/node/13573968602
Manufacturer: Flock Safety
Direction: 251
Zone: traffic
Camera type: fixed</description>
      <Point>
        <coordinates>-80.1186157,26.1599108,0</coordinates>
      </Point>
    </Placemark>
    <Placemark>
      <name>ALPR</name>
      <description>OSM node: https://www.openstreetmap.org/node/13573970707
Manufacturer: Flock Safety
Direction: 60
Zone: traffic
Camera type: fixed</description>
      <Point>
        <coordinates>-80.1188229,26.159677,0</coordinates>
      </Point>
    </Placemark>
    <Placemark>
      <name>ALPR</name>
      <description>OSM node: https://www.openstreetmap.org/node/13574098100
Manufacturer: Flock Safety
Direction: 80
Zone: traffic
Camera type: fixed</description>
      <Point>
        <coordinates>-80.1437554,26.9342067,0</coordinates>
      </Point>
    </Placemark>
    <Placemark>
      <name>ALPR</name>
      <description>OSM node: https://www.openstreetmap.org/node/13574131572
Manufacturer: Flock Safety
Direction: 155
Zone: traffic
Camera type: fixed</description>
      <Point>
        <coordinates>-80.0954137,26.8825671,0</coordinates>
      </Point>
    </Placemark>
    <Placemark>
      <name>ALPR</name>
      <description>OSM node: https://www.openstreetmap.org/node/13574193945
Manufacturer: Flock Safety
Direction: 5;196
Zone: traffic
Camera type: fixed</description>
      <Point>
        <coordinates>-80.0568864,26.8568484,0</coordinates>
      </Point>
    </Placemark>
    <Placemark>
      <name>ALPR</name>
      <description>OSM node: https://www.openstreetmap.org/node/13575012301
Manufacturer: Flock Safety
Direction: 296
Zone: traffic
Camera type: fixed</description>
      <Point>
        <coordinates>-82.8182584,30.282218,0</coordinates>
      </Point>
    </Placemark>
    <Placemark>
      <name>ALPR</name>
      <description>OSM node: https://www.openstreetmap.org/node/13575015001
Manufacturer: Flock Safety
Direction: 160
Zone: traffic
Camera type: fixed</description>
      <Point>
        <coordinates>-83.0927396,30.4214134,0</coordinates>
      </Point>
    </Placemark>
    <Placemark>
      <name>ALPR</name>
      <description>OSM node: https://www.openstreetmap.org/node/13575015201
Manufacturer: Flock Safety
Direction: 297
Zone: traffic
Camera type: fixed</description>
      <Point>
        <coordinates>-83.0923125,30.4384729,0</coordinates>
      </Point>
    </Placemark>
    <Placemark>
      <name>ALPR</name>
      <description>OSM node: https://www.openstreetmap.org/node/13575015401
Manufacturer: Flock Safety
Direction: 141
Zone: traffic
Camera type: fixed</description>
      <Point>
        <coordinates>-83.0940464,30.4409351,0</coordinates>
      </Point>
    </Placemark>
    <Placemark>
      <name>ALPR</name>
      <description>OSM node: https://www.openstreetmap.org/node/13575015501
Manufacturer: Flock Safety
Direction: 311
Zone: traffic
Camera type: fixed</description>
      <Point>
        <coordinates>-83.0938778,30.4410227,0</coordinates>
      </Point>
    </Placemark>
    <Placemark>
      <name>ALPR</name>
      <description>OSM node: https://www.openstreetmap.org/node/13577874601
Manufacturer: Genetec
Direction: 338
Zone: traffic
Camera type: fixed</description>
      <Point>
        <coordinates>-80.0901341,26.5166427,0</coordinates>
      </Point>
    </Placemark>
    <Placemark>
      <name>ALPR</name>
      <description>OSM node: https://www.openstreetmap.org/node/13577972801
Manufacturer: Flock Safety
Direction: 233-278
Zone: traffic
Camera type: fixed</description>
      <Point>
        <coordinates>-81.3209807,29.8913618,0</coordinates>
      </Point>
    </Placemark>
    <Placemark>
      <name>ALPR</name>
      <description>OSM node: https://www.openstreetmap.org/node/13578157001
Manufacturer: Flock Safety
Direction: 125;237
Zone: traffic
Camera type: fixed</description>
      <Point>
        <coordinates>-80.0697722,26.6018302,0</coordinates>
      </Point>
    </Placemark>
    <Placemark>
      <name>ALPR</name>
      <description>OSM node: https://www.openstreetmap.org/node/13578210301
Manufacturer: Flock Safety
Direction: 78
Zone: traffic
Camera type: fixed</description>
      <Point>
        <coordinates>-80.1455016,26.5912325,0</coordinates>
      </Point>
    </Placemark>
    <Placemark>
      <name>ALPR</name>
      <description>OSM node: https://www.openstreetmap.org/node/13578216101
Manufacturer: Flock Safety
Direction: 90
Zone: traffic
Camera type: fixed</description>
      <Point>
        <coordinates>-80.1472268,26.5923186,0</coordinates>
      </Point>
    </Placemark>
    <Placemark>
      <name>ALPR</name>
      <description>OSM node: https://www.openstreetmap.org/node/13578219501
Manufacturer: Flock Safety
Direction: 20
Zone: traffic
Camera type: fixed</description>
      <Point>
        <coordinates>-80.1468949,26.5914992,0</coordinates>
      </Point>
    </Placemark>
    <Placemark>
      <name>ALPR</name>
      <description>OSM node: https://www.openstreetmap.org/node/13578227301
Manufacturer: Flock Safety
Direction: 0
Zone: traffic
Camera type: fixed</description>
      <Point>
        <coordinates>-80.1457691,26.5912323,0</coordinates>
      </Point>
    </Placemark>
    <Placemark>
      <name>ALPR</name>
      <description>OSM node: https://www.openstreetmap.org/node/13578284701
Manufacturer: Flock Safety
Direction: 0
Zone: traffic
Camera type: fixed</description>
      <Point>
        <coordinates>-82.9462515,29.5868329,0</coordinates>
      </Point>
    </Placemark>
    <Placemark>
      <name>ALPR</name>
      <description>OSM node: https://www.openstreetmap.org/node/13578300101
Manufacturer: Flock Safety
Direction: 322
Zone: traffic
Camera type: fixed</description>
      <Point>
        <coordinates>-82.6369187,27.7597332,0</coordinates>
      </Point>
    </Placemark>
    <Placemark>
      <name>ALPR</name>
      <description>OSM node: https://www.openstreetmap.org/node/13578465801
Manufacturer: Motorola Solutions
Direction: 47
Zone: traffic
Camera type: fixed</description>
      <Point>
        <coordinates>-86.9886404,30.4012597,0</coordinates>
      </Point>
    </Placemark>
    <Placemark>
      <name>ALPR</name>
      <description>OSM node: https://www.openstreetmap.org/node/13580342002
Manufacturer: Flock Safety
Direction: 343
Zone: traffic
Camera type: fixed</description>
      <Point>
        <coordinates>-80.130296,25.9954608,0</coordinates>
      </Point>
    </Placemark>
    <Placemark>
      <name>ALPR</name>
      <description>OSM node: https://www.openstreetmap.org/node/13580712879
Manufacturer: Motorola Solutions
Direction: 245
Zone: traffic
Camera type: fixed</description>
      <Point>
        <coordinates>-81.2488126,28.3833519,0</coordinates>
      </Point>
    </Placemark>
    <Placemark>
      <name>ALPR</name>
      <description>OSM node: https://www.openstreetmap.org/node/13580724233
Manufacturer: Motorola Solutions
Direction: 270
Zone: traffic
Camera type: fixed</description>
      <Point>
        <coordinates>-81.2537128,28.3565223,0</coordinates>
      </Point>
    </Placemark>
    <Placemark>
      <name>ALPR</name>
      <description>OSM node: https://www.openstreetmap.org/node/13580765701
Manufacturer: Flock Safety
Direction: 51
Zone: traffic
Camera type: fixed</description>
      <Point>
        <coordinates>-87.2308329,30.4181463,0</coordinates>
      </Point>
    </Placemark>
    <Placemark>
      <name>ALPR</name>
      <description>OSM node: https://www.openstreetmap.org/node/13580767301
Manufacturer: Flock Safety
Direction: 232
Zone: traffic
Camera type: fixed</description>
      <Point>
        <coordinates>-87.229839,30.41827,0</coordinates>
      </Point>
    </Placemark>
    <Placemark>
      <name>ALPR</name>
      <description>OSM node: https://www.openstreetmap.org/node/13582003201
Manufacturer: Flock Safety
Direction: 166-211
Zone: traffic
Camera type: fixed</description>
      <Point>
        <coordinates>-80.4011556,27.2096313,0</coordinates>
      </Point>
    </Placemark>
    <Placemark>
      <name>ALPR</name>
      <description>OSM node: https://www.openstreetmap.org/node/13583030901
Manufacturer: Flock Safety
Direction: 62
Zone: traffic
Camera type: fixed</description>
      <Point>
        <coordinates>-80.9081015,29.038203,0</coordinates>
      </Point>
    </Placemark>
    <Placemark>
      <name>ALPR</name>
      <description>OSM node: https://www.openstreetmap.org/node/13583041679
Manufacturer: Motorola Solutions
Direction: 350
Zone: traffic
Camera type: fixed</description>
      <Point>
        <coordinates>-81.3917448,28.3494319,0</coordinates>
      </Point>
    </Placemark>
    <Placemark>
      <name>ALPR</name>
      <description>OSM node: https://www.openstreetmap.org/node/13583120074
Direction: 330
Zone: traffic
Camera type: fixed</description>
      <Point>
        <coordinates>-81.4035425,28.341737,0</coordinates>
      </Point>
    </Placemark>
    <Placemark>
      <name>ALPR</name>
      <description>OSM node: https://www.openstreetmap.org/node/13583120075
Direction: 155
Zone: traffic
Camera type: fixed</description>
      <Point>
        <coordinates>-81.4039903,28.3414878,0</coordinates>
      </Point>
    </Placemark>
    <Placemark>
      <name>ALPR</name>
      <description>OSM node: https://www.openstreetmap.org/node/13583460302
Manufacturer: Flock Safety
Direction: 183
Zone: traffic
Camera type: fixed</description>
      <Point>
        <coordinates>-80.6725845,28.0975094,0</coordinates>
      </Point>
    </Placemark>
    <Placemark>
      <name>ALPR</name>
      <description>OSM node: https://www.openstreetmap.org/node/13583467063
Manufacturer: Flock Safety
Direction: 250
Zone: traffic
Camera type: fixed</description>
      <Point>
        <coordinates>-81.300521,28.5391602,0</coordinates>
      </Point>
    </Placemark>
    <Placemark>
      <name>ALPR</name>
      <description>OSM node: https://www.openstreetmap.org/node/13583518359
Manufacturer: Flock Safety
Direction: 340
Zone: traffic
Camera type: fixed</description>
      <Point>
        <coordinates>-81.2895881,28.5159238,0</coordinates>
      </Point>
    </Placemark>
    <Placemark>
      <name>ALPR</name>
      <description>OSM node: https://www.openstreetmap.org/node/13583560501
Manufacturer: Flock Safety
Direction: 30
Zone: traffic
Camera type: fixed</description>
      <Point>
        <coordinates>-81.2255872,28.6901016,0</coordinates>
      </Point>
    </Placemark>
    <Placemark>
      <name>ALPR</name>
      <description>OSM node: https://www.openstreetmap.org/node/13583562601
Manufacturer: Flock Safety
Direction: 230
Zone: traffic
Camera type: fixed</description>
      <Point>
        <coordinates>-81.224331,28.690333,0</coordinates>
      </Point>
    </Placemark>
    <Placemark>
      <name>ALPR</name>
      <description>OSM node: https://www.openstreetmap.org/node/13583958902
Manufacturer: Flock Safety
Direction: 138;203
Zone: traffic
Camera type: fixed</description>
      <Point>
        <coordinates>-81.2115422,28.436205,0</coordinates>
      </Point>
    </Placemark>
    <Placemark>
      <name>ALPR</name>
      <description>OSM node: https://www.openstreetmap.org/node/13583962501
Manufacturer: Flock Safety
Direction: 95;220
Zone: traffic
Camera type: fixed</description>
      <Point>
        <coordinates>-81.2106583,28.4341825,0</coordinates>
      </Point>
    </Placemark>
    <Placemark>
      <name>ALPR</name>
      <description>OSM node: https://www.openstreetmap.org/node/13584571001
Manufacturer: Flock Safety
Direction: 259
Zone: traffic
Camera type: fixed</description>
      <Point>
        <coordinates>-81.3732279,29.9862488,0</coordinates>
      </Point>
    </Placemark>
    <Placemark>
      <name>ALPR</name>
      <description>OSM node: https://www.openstreetmap.org/node/13584855901
Manufacturer: Flock Safety
Direction: 68
Zone: traffic
Camera type: fixed</description>
      <Point>
        <coordinates>-80.6401596,28.0785717,0</coordinates>
      </Point>
    </Placemark>
    <Placemark>
      <name>ALPR</name>
      <description>OSM node: https://www.openstreetmap.org/node/13584857603
Manufacturer: Flock Safety
Direction: 68
Zone: traffic
Camera type: fixed</description>
      <Point>
        <coordinates>-80.6533447,28.0787113,0</coordinates>
      </Point>
    </Placemark>
    <Placemark>
      <name>ALPR</name>
      <description>OSM node: https://www.openstreetmap.org/node/13585035503
Manufacturer: Flock Safety
Direction: 114
Zone: traffic
Camera type: fixed</description>
      <Point>
        <coordinates>-82.9763396,30.1711837,0</coordinates>
      </Point>
    </Placemark>
    <Placemark>
      <name>ALPR</name>
      <description>OSM node: https://www.openstreetmap.org/node/13585095001
Manufacturer: Flock Safety
Direction: 176
Zone: traffic
Camera type: fixed</description>
      <Point>
        <coordinates>-82.9716239,29.7999472,0</coordinates>
      </Point>
    </Placemark>
    <Placemark>
      <name>ALPR</name>
      <description>OSM node: https://www.openstreetmap.org/node/13585290202
Manufacturer: Flock Safety
Direction: 77-147;255-325
Zone: traffic
Camera type: fixed</description>
      <Point>
        <coordinates>-81.4162971,28.4899374,0</coordinates>
      </Point>
    </Placemark>
    <Placemark>
      <name>ALPR</name>
      <description>OSM node: https://www.openstreetmap.org/node/13585302601
Manufacturer: Flock Safety
Direction: 291
Zone: traffic
Camera type: fixed</description>
      <Point>
        <coordinates>-82.9603305,30.3295221,0</coordinates>
      </Point>
    </Placemark>
    <Placemark>
      <name>ALPR</name>
      <description>OSM node: https://www.openstreetmap.org/node/13585315702
Manufacturer: Flock Safety
Direction: 300
Zone: traffic
Camera type: fixed</description>
      <Point>
        <coordinates>-82.6254796,30.2002094,0</coordinates>
      </Point>
    </Placemark>
    <Placemark>
      <name>ALPR</name>
      <description>OSM node: https://www.openstreetmap.org/node/13585337301
Manufacturer: Flock Safety
Direction: 337
Zone: traffic
Camera type: fixed</description>
      <Point>
        <coordinates>-82.5519003,28.6550262,0</coordinates>
      </Point>
    </Placemark>
    <Placemark>
      <name>ALPR</name>
      <description>OSM node: https://www.openstreetmap.org/node/13585530701
Manufacturer: Flock Safety
Direction: 83
Zone: traffic
Camera type: fixed</description>
      <Point>
        <coordinates>-80.9918738,29.0124002,0</coordinates>
      </Point>
    </Placemark>
    <Placemark>
      <name>ALPR</name>
      <description>OSM node: https://www.openstreetmap.org/node/13585536802
Manufacturer: Flock Safety
Direction: 96
Zone: traffic
Camera type: fixed</description>
      <Point>
        <coordinates>-85.614154,30.1456184,0</coordinates>
      </Point>
    </Placemark>
    <Placemark>
      <name>ALPR</name>
      <description>OSM node: https://www.openstreetmap.org/node/13585537301
Manufacturer: Flock Safety
Direction: 94
Zone: traffic
Camera type: fixed</description>
      <Point>
        <coordinates>-85.5991061,30.1455242,0</coordinates>
      </Point>
    </Placemark>
    <Placemark>
      <name>ALPR</name>
      <description>OSM node: https://www.openstreetmap.org/node/13585550901
Manufacturer: Flock Safety
Direction: 178
Zone: traffic
Camera type: fixed</description>
      <Point>
        <coordinates>-80.9821381,29.0234975,0</coordinates>
      </Point>
    </Placemark>
    <Placemark>
      <name>ALPR</name>
      <description>OSM node: https://www.openstreetmap.org/node/13585553201
Manufacturer: Flock Safety
Direction: 0
Zone: traffic
Camera type: fixed</description>
      <Point>
        <coordinates>-80.9819753,29.0243199,0</coordinates>
      </Point>
    </Placemark>
    <Placemark>
      <name>ALPR</name>
      <description>OSM node: https://www.openstreetmap.org/node/13585740101
Manufacturer: Flock Safety
Direction: 112
Zone: traffic
Camera type: fixed</description>
      <Point>
        <coordinates>-81.0954143,29.4109699,0</coordinates>
      </Point>
    </Placemark>
    <Placemark>
      <name>ALPR</name>
      <description>OSM node: https://www.openstreetmap.org/node/13585753301
Manufacturer: Flock Safety
Direction: 65
Zone: traffic
Camera type: fixed</description>
      <Point>
        <coordinates>-81.0008418,29.2122862,0</coordinates>
      </Point>
    </Placemark>
    <Placemark>
      <name>ALPR</name>
      <description>OSM node: https://www.openstreetmap.org/node/13585812701
Manufacturer: Motorola Solutions
Direction: 105-165
Zone: traffic
Camera type: fixed</description>
      <Point>
        <coordinates>-81.4539438,27.5128138,0</coordinates>
      </Point>
    </Placemark>
    <Placemark>
      <name>ALPR</name>
      <description>OSM node: https://www.openstreetmap.org/node/13585824902
Manufacturer: Flock Safety
Direction: 103
Zone: traffic
Camera type: fixed</description>
      <Point>
        <coordinates>-81.3732949,29.9862085,0</coordinates>
      </Point>
    </Placemark>
    <Placemark>
      <name>ALPR</name>
      <description>OSM node: https://www.openstreetmap.org/node/13585937219
Manufacturer: Flock Safety
Direction: 280
Zone: traffic
Camera type: fixed</description>
      <Point>
        <coordinates>-80.6577569,27.9490876,0</coordinates>
      </Point>
    </Placemark>
    <Placemark>
      <name>ALPR</name>
      <description>OSM node: https://www.openstreetmap.org/node/13585937220
Manufacturer: Flock Safety
Direction: 150
Zone: traffic
Camera type: fixed</description>
      <Point>
        <coordinates>-80.6720001,28.0229843,0</coordinates>
      </Point>
    </Placemark>
    <Placemark>
      <name>ALPR</name>
      <description>OSM node: https://www.openstreetmap.org/node/13586138201
Manufacturer: Motorola Solutions
Direction: 85-145
Zone: traffic
Camera type: fixed</description>
      <Point>
        <coordinates>-81.6391571,26.6030785,0</coordinates>
      </Point>
    </Placemark>
    <Placemark>
      <name>ALPR</name>
      <description>OSM node: https://www.openstreetmap.org/node/13586144801
Manufacturer: Motorola Solutions
Direction: 145-205
Zone: traffic
Camera type: fixed</description>
      <Point>
        <coordinates>-81.6391586,26.6030802,0</coordinates>
      </Point>
    </Placemark>
    <Placemark>
      <name>ALPR</name>
      <description>OSM node: https://www.openstreetmap.org/node/13586145001
Manufacturer: Motorola Solutions
Direction: 207-267
Zone: traffic
Camera type: fixed</description>
      <Point>
        <coordinates>-81.6391586,26.6030802,0</coordinates>
      </Point>
    </Placemark>
    <Placemark>
      <name>ALPR</name>
      <description>OSM node: https://www.openstreetmap.org/node/13586245501
Manufacturer: Flock Safety
Direction: 262
Zone: traffic
Camera type: fixed</description>
      <Point>
        <coordinates>-80.060158,26.7561022,0</coordinates>
      </Point>
    </Placemark>
    <Placemark>
      <name>ALPR</name>
      <description>OSM node: https://www.openstreetmap.org/node/13586245701
Manufacturer: Flock Safety
Direction: 83
Zone: traffic
Camera type: fixed</description>
      <Point>
        <coordinates>-80.05985,26.7558802,0</coordinates>
      </Point>
    </Placemark>
    <Placemark>
      <name>ALPR</name>
      <description>OSM node: https://www.openstreetmap.org/node/13587083409
Manufacturer: Flock Safety
Direction: 162
Zone: traffic
Camera type: fixed</description>
      <Point>
        <coordinates>-80.2148516,25.9840519,0</coordinates>
      </Point>
    </Placemark>
    <Placemark>
      <name>ALPR</name>
      <description>OSM node: https://www.openstreetmap.org/node/13587105201
Manufacturer: Flock Safety
Direction: 335
Zone: traffic
Camera type: fixed</description>
      <Point>
        <coordinates>-80.2151095,25.99583,0</coordinates>
      </Point>
    </Placemark>
    <Placemark>
      <name>ALPR</name>
      <description>OSM node: https://www.openstreetmap.org/node/13587238701
Manufacturer: Genetec
Direction: 175
Zone: traffic
Camera type: fixed</description>
      <Point>
        <coordinates>-81.8720819,26.5706071,0</coordinates>
      </Point>
    </Placemark>
    <Placemark>
      <name>ALPR</name>
      <description>OSM node: https://www.openstreetmap.org/node/13587240601
Manufacturer: Genetec
Direction: 298
Zone: traffic
Camera type: fixed</description>
      <Point>
        <coordinates>-81.8721426,26.5706301,0</coordinates>
      </Point>
    </Placemark>
    <Placemark>
      <name>ALPR</name>
      <description>OSM node: https://www.openstreetmap.org/node/13587347901
Manufacturer: Flock Safety
Direction: 202;100
Zone: traffic
Camera type: fixed</description>
      <Point>
        <coordinates>-81.3726917,29.9868505,0</coordinates>
      </Point>
    </Placemark>
    <Placemark>
      <name>ALPR</name>
      <description>OSM node: https://www.openstreetmap.org/node/13587368192
Manufacturer: Flock Safety
Direction: 80
Zone: area
Camera type: fixed</description>
      <Point>
        <coordinates>-81.6667293,30.3470742,0</coordinates>
      </Point>
    </Placemark>
    <Placemark>
      <name>ALPR</name>
      <description>OSM node: https://www.openstreetmap.org/node/13587371124
Manufacturer: Flock Safety
Direction: 140
Zone: area
Camera type: fixed</description>
      <Point>
        <coordinates>-81.6671946,30.3470766,0</coordinates>
      </Point>
    </Placemark>
    <Placemark>
      <name>ALPR</name>
      <description>OSM node: https://www.openstreetmap.org/node/13587372825
Manufacturer: Flock Safety
Direction: 145
Zone: area
Camera type: fixed</description>
      <Point>
        <coordinates>-81.6589825,30.3195798,0</coordinates>
      </Point>
    </Placemark>
    <Placemark>
      <name>ALPR</name>
      <description>OSM node: https://www.openstreetmap.org/node/13587375230
Manufacturer: Flock Safety
Direction: 250
Zone: traffic
Camera type: fixed</description>
      <Point>
        <coordinates>-81.7733294,30.4015883,0</coordinates>
      </Point>
    </Placemark>
    <Placemark>
      <name>ALPR</name>
      <description>OSM node: https://www.openstreetmap.org/node/13587383239
Manufacturer: Flock Safety
Direction: 325
Zone: area
Camera type: fixed</description>
      <Point>
        <coordinates>-81.6587913,30.3195404,0</coordinates>
      </Point>
    </Placemark>
    <Placemark>
      <name>ALPR</name>
      <description>OSM node: https://www.openstreetmap.org/node/13587383938
Manufacturer: Flock Safety
Direction: 60
Zone: traffic
Camera type: fixed</description>
      <Point>
        <coordinates>-81.7733453,30.4015575,0</coordinates>
      </Point>
    </Placemark>
    <Placemark>
      <name>ALPR</name>
      <description>OSM node: https://www.openstreetmap.org/node/13587389940
Manufacturer: Flock Safety
Direction: 175
Zone: traffic
Camera type: fixed</description>
      <Point>
        <coordinates>-81.7750965,30.4084203,0</coordinates>
      </Point>
    </Placemark>
    <Placemark>
      <name>ALPR</name>
      <description>OSM node: https://www.openstreetmap.org/node/13587395589
Manufacturer: Flock Safety
Direction: 350
Zone: traffic
Camera type: fixed</description>
      <Point>
        <coordinates>-81.7750829,30.4084149,0</coordinates>
      </Point>
    </Placemark>
    <Placemark>
      <name>ALPR</name>
      <description>OSM node: https://www.openstreetmap.org/node/13587915502
Manufacturer: Flock Safety
Direction: 47
Zone: traffic
Camera type: fixed</description>
      <Point>
        <coordinates>-81.1715922,28.6833749,0</coordinates>
      </Point>
    </Placemark>
    <Placemark>
      <name>ALPR</name>
      <description>OSM node: https://www.openstreetmap.org/node/13587956597
Direction: 235
Zone: traffic</description>
      <Point>
        <coordinates>-80.3617473,27.6323361,0</coordinates>
      </Point>
    </Placemark>
    <Placemark>
      <name>ALPR</name>
      <description>OSM node: https://www.openstreetmap.org/node/13587956641
Direction: 305
Zone: traffic</description>
      <Point>
        <coordinates>-80.3974081,27.6404093,0</coordinates>
      </Point>
    </Placemark>
    <Placemark>
      <name>ALPR</name>
      <description>OSM node: https://www.openstreetmap.org/node/13587974728
Direction: 65
Zone: traffic</description>
      <Point>
        <coordinates>-80.4122755,27.6822299,0</coordinates>
      </Point>
    </Placemark>
    <Placemark>
      <name>ALPR</name>
      <description>OSM node: https://www.openstreetmap.org/node/13587997001
Manufacturer: Flock Safety
Direction: 160
Zone: traffic
Camera type: fixed</description>
      <Point>
        <coordinates>-82.8182584,30.282218,0</coordinates>
      </Point>
    </Placemark>
    <Placemark>
      <name>ALPR</name>
      <description>OSM node: https://www.openstreetmap.org/node/13587997002
Manufacturer: Flock Safety
Direction: 21
Zone: traffic
Camera type: fixed</description>
      <Point>
        <coordinates>-82.8185655,30.2782586,0</coordinates>
      </Point>
    </Placemark>
    <Placemark>
      <name>ALPR</name>
      <description>OSM node: https://www.openstreetmap.org/node/13587997701
Manufacturer: Flock Safety
Direction: 246
Zone: traffic
Camera type: fixed</description>
      <Point>
        <coordinates>-82.8185655,30.2782586,0</coordinates>
      </Point>
    </Placemark>
    <Placemark>
      <name>ALPR</name>
      <description>OSM node: https://www.openstreetmap.org/node/13588015534
Direction: 240
Zone: traffic</description>
      <Point>
        <coordinates>-80.4123343,27.6823599,0</coordinates>
      </Point>
    </Placemark>
    <Placemark>
      <name>ALPR</name>
      <description>OSM node: https://www.openstreetmap.org/node/13588079201
Manufacturer: Flock Safety
Direction: 244
Zone: traffic
Camera type: fixed</description>
      <Point>
        <coordinates>-81.7386385,30.1941614,0</coordinates>
      </Point>
    </Placemark>
    <Placemark>
      <name>ALPR</name>
      <description>OSM node: https://www.openstreetmap.org/node/13588090901
Manufacturer: Flock Safety
Direction: 17
Zone: traffic
Camera type: fixed</description>
      <Point>
        <coordinates>-81.2252441,28.6561641,0</coordinates>
      </Point>
    </Placemark>
    <Placemark>
      <name>ALPR</name>
      <description>OSM node: https://www.openstreetmap.org/node/13588365901
Manufacturer: Motorola Solutions
Direction: 144-204
Zone: traffic
Camera type: fixed</description>
      <Point>
        <coordinates>-81.358899,27.3109184,0</coordinates>
      </Point>
    </Placemark>
    <Placemark>
      <name>ALPR</name>
      <description>OSM node: https://www.openstreetmap.org/node/13588366601
Manufacturer: Motorola Solutions
Direction: 327-27
Zone: traffic
Camera type: fixed</description>
      <Point>
        <coordinates>-81.3585976,27.3109707,0</coordinates>
      </Point>
    </Placemark>
    <Placemark>
      <name>The Home Depot ALPR</name>
      <description>OSM node: https://www.openstreetmap.org/node/13588366602
Operator: The Home Depot
Manufacturer: Flock Safety
Direction: 328-13
Zone: traffic
Camera type: fixed</description>
      <Point>
        <coordinates>-81.4919772,27.5027458,0</coordinates>
      </Point>
    </Placemark>
    <Placemark>
      <name>ALPR</name>
      <description>OSM node: https://www.openstreetmap.org/node/13588375901
Manufacturer: Motorola Solutions
Direction: 277-337
Zone: traffic
Camera type: fixed</description>
      <Point>
        <coordinates>-81.4733121,27.4764866,0</coordinates>
      </Point>
    </Placemark>
    <Placemark>
      <name>ALPR</name>
      <description>OSM node: https://www.openstreetmap.org/node/13588379501
Manufacturer: Motorola Solutions
Direction: 89-149
Zone: traffic
Camera type: fixed</description>
      <Point>
        <coordinates>-81.4733575,27.4761084,0</coordinates>
      </Point>
    </Placemark>
    <Placemark>
      <name>ALPR</name>
      <description>OSM node: https://www.openstreetmap.org/node/13588648901
Manufacturer: Flock Safety
Direction: 295
Zone: traffic
Camera type: fixed</description>
      <Point>
        <coordinates>-81.7702724,29.1878838,0</coordinates>
      </Point>
    </Placemark>
    <Placemark>
      <name>ALPR</name>
      <description>OSM node: https://www.openstreetmap.org/node/13588650401
Manufacturer: Flock Safety
Direction: 121
Zone: traffic
Camera type: fixed</description>
      <Point>
        <coordinates>-81.7703922,29.1878799,0</coordinates>
      </Point>
    </Placemark>
    <Placemark>
      <name>ALPR</name>
      <description>OSM node: https://www.openstreetmap.org/node/13588883201
Manufacturer: Flock Safety
Direction: 254
Zone: traffic
Camera type: fixed</description>
      <Point>
        <coordinates>-80.0680054,26.7533968,0</coordinates>
      </Point>
    </Placemark>
    <Placemark>
      <name>ALPR</name>
      <description>OSM node: https://www.openstreetmap.org/node/13588893001
Manufacturer: Genetec
Direction: 150;136
Zone: traffic
Camera type: fixed</description>
      <Point>
        <coordinates>-80.0816825,26.7555431,0</coordinates>
      </Point>
    </Placemark>
    <Placemark>
      <name>ALPR</name>
      <description>OSM node: https://www.openstreetmap.org/node/13588893002
Manufacturer: Flock Safety
Direction: 345
Zone: traffic
Camera type: fixed</description>
      <Point>
        <coordinates>-80.0723143,26.7533922,0</coordinates>
      </Point>
    </Placemark>
    <Placemark>
      <name>ALPR</name>
      <description>OSM node: https://www.openstreetmap.org/node/13588902301
Manufacturer: Flock Safety
Direction: 165
Zone: traffic
Camera type: fixed</description>
      <Point>
        <coordinates>-80.0562267,26.7537219,0</coordinates>
      </Point>
    </Placemark>
    <Placemark>
      <name>ALPR</name>
      <description>OSM node: https://www.openstreetmap.org/node/13588911101
Manufacturer: Motorola Solutions
Direction: 7;91;274
Zone: traffic
Camera type: fixed</description>
      <Point>
        <coordinates>-80.0550891,26.7271077,0</coordinates>
      </Point>
    </Placemark>
    <Placemark>
      <name>ALPR</name>
      <description>OSM node: https://www.openstreetmap.org/node/13589723401
Manufacturer: Flock Safety
Direction: 108
Zone: traffic
Camera type: fixed</description>
      <Point>
        <coordinates>-80.6466362,28.1357245,0</coordinates>
      </Point>
    </Placemark>
    <Placemark>
      <name>ALPR</name>
      <description>OSM node: https://www.openstreetmap.org/node/13590663301
Manufacturer: Flock Safety
Direction: 153
Zone: traffic
Camera type: fixed</description>
      <Point>
        <coordinates>-81.430801,28.5707587,0</coordinates>
      </Point>
    </Placemark>
    <Placemark>
      <name>ALPR</name>
      <description>OSM node: https://www.openstreetmap.org/node/13590665322
Manufacturer: Flock Safety
Direction: 30
Zone: traffic
Camera type: fixed</description>
      <Point>
        <coordinates>-80.6746697,27.9717866,0</coordinates>
      </Point>
    </Placemark>
    <Placemark>
      <name>ALPR</name>
      <description>OSM node: https://www.openstreetmap.org/node/13590665323
Manufacturer: Flock Safety
Direction: 145
Zone: traffic
Camera type: fixed</description>
      <Point>
        <coordinates>-80.6971437,27.9988525,0</coordinates>
      </Point>
    </Placemark>
    <Placemark>
      <name>ALPR</name>
      <description>OSM node: https://www.openstreetmap.org/node/13590665324
Manufacturer: Flock Safety
Direction: 335
Zone: traffic
Camera type: fixed</description>
      <Point>
        <coordinates>-80.6969454,27.9985559,0</coordinates>
      </Point>
    </Placemark>
    <Placemark>
      <name>ALPR</name>
      <description>OSM node: https://www.openstreetmap.org/node/13590714001
Manufacturer: Flock Safety
Direction: 286
Zone: traffic
Camera type: fixed</description>
      <Point>
        <coordinates>-81.0166151,29.1499469,0</coordinates>
      </Point>
    </Placemark>
    <Placemark>
      <name>ALPR</name>
      <description>OSM node: https://www.openstreetmap.org/node/13590753600
Direction: 140
Zone: traffic</description>
      <Point>
        <coordinates>-80.3328941,27.4681369,0</coordinates>
      </Point>
    </Placemark>
    <Placemark>
      <name>ALPR</name>
      <description>OSM node: https://www.openstreetmap.org/node/13590787337
Direction: 320
Zone: traffic</description>
      <Point>
        <coordinates>-80.3279116,27.4572405,0</coordinates>
      </Point>
    </Placemark>
    <Placemark>
      <name>ALPR</name>
      <description>OSM node: https://www.openstreetmap.org/node/13590791101
Direction: 140
Zone: traffic</description>
      <Point>
        <coordinates>-80.328053,27.4570172,0</coordinates>
      </Point>
    </Placemark>
    <Placemark>
      <name>ALPR</name>
      <description>OSM node: https://www.openstreetmap.org/node/13590961367
Direction: 235
Zone: traffic</description>
      <Point>
        <coordinates>-80.3268143,27.4433747,0</coordinates>
      </Point>
    </Placemark>
    <Placemark>
      <name>ALPR</name>
      <description>OSM node: https://www.openstreetmap.org/node/13591045201
Manufacturer: Flock Safety
Direction: 24-69
Zone: traffic
Camera type: fixed</description>
      <Point>
        <coordinates>-81.6628178,30.728991,0</coordinates>
      </Point>
    </Placemark>
    <Placemark>
      <name>ALPR</name>
      <description>OSM node: https://www.openstreetmap.org/node/13591045901
Manufacturer: Flock Safety
Direction: 166-211
Zone: traffic
Camera type: fixed</description>
      <Point>
        <coordinates>-81.662887,30.7289222,0</coordinates>
      </Point>
    </Placemark>
    <Placemark>
      <name>ALPR</name>
      <description>OSM node: https://www.openstreetmap.org/node/13591156512
Direction: 140
Zone: traffic
Camera type: fixed</description>
      <Point>
        <coordinates>-82.3513719,29.6347895,0</coordinates>
      </Point>
    </Placemark>
    <Placemark>
      <name>ALPR</name>
      <description>OSM node: https://www.openstreetmap.org/node/13591358901
Manufacturer: Flock Safety
Direction: 299
Zone: traffic
Camera type: fixed</description>
      <Point>
        <coordinates>-81.6053273,30.0643115,0</coordinates>
      </Point>
    </Placemark>
    <Placemark>
      <name>ALPR</name>
      <description>OSM node: https://www.openstreetmap.org/node/13591653274
Manufacturer: Flock Safety
Direction: 250
Zone: traffic</description>
      <Point>
        <coordinates>-81.644451,28.964057,0</coordinates>
      </Point>
    </Placemark>
    <Placemark>
      <name>ALPR</name>
      <description>OSM node: https://www.openstreetmap.org/node/13591654602
Manufacturer: Flock Safety
Direction: 311
Zone: traffic
Camera type: fixed</description>
      <Point>
        <coordinates>-81.5229692,29.5404547,0</coordinates>
      </Point>
    </Placemark>
    <Placemark>
      <name>ALPR</name>
      <description>OSM node: https://www.openstreetmap.org/node/13591656701
Manufacturer: Flock Safety
Direction: 125
Zone: traffic
Camera type: fixed</description>
      <Point>
        <coordinates>-81.5228247,29.5396911,0</coordinates>
      </Point>
    </Placemark>
    <Placemark>
      <name>ALPR</name>
      <description>OSM node: https://www.openstreetmap.org/node/13593197601
Manufacturer: Flock Safety
Direction: 51
Zone: traffic
Camera type: fixed</description>
      <Point>
        <coordinates>-81.7660811,26.16052,0</coordinates>
      </Point>
    </Placemark>
    <Placemark>
      <name>ALPR</name>
      <description>OSM node: https://www.openstreetmap.org/node/13593197801
Manufacturer: Flock Safety
Direction: 238
Zone: traffic
Camera type: fixed</description>
      <Point>
        <coordinates>-81.7654228,26.160659,0</coordinates>
      </Point>
    </Placemark>
    <Placemark>
      <name>ALPR</name>
      <description>OSM node: https://www.openstreetmap.org/node/13593234601
Manufacturer: Flock Safety
Direction: 54-124;288-358;218-288;129-199;346-56
Zone: traffic
Camera type: fixed</description>
      <Point>
        <coordinates>-84.2983885,30.4353967,0</coordinates>
      </Point>
    </Placemark>
    <Placemark>
      <name>ALPR</name>
      <description>OSM node: https://www.openstreetmap.org/node/13593385201
Manufacturer: Flock Safety
Direction: 256
Zone: traffic
Camera type: fixed</description>
      <Point>
        <coordinates>-81.368717,28.5458293,0</coordinates>
      </Point>
    </Placemark>
    <Placemark>
      <name>ALPR</name>
      <description>OSM node: https://www.openstreetmap.org/node/13593388401
Manufacturer: Flock Safety
Direction: 174
Zone: traffic
Camera type: fixed</description>
      <Point>
        <coordinates>-82.7472283,27.7702687,0</coordinates>
      </Point>
    </Placemark>
    <Placemark>
      <name>ALPR</name>
      <description>OSM node: https://www.openstreetmap.org/node/13593785201
Manufacturer: Flock Safety
Direction: 134-204;246-316
Zone: traffic
Camera type: fixed</description>
      <Point>
        <coordinates>-84.2483836,30.4273708,0</coordinates>
      </Point>
    </Placemark>
    <Placemark>
      <name>ALPR</name>
      <description>OSM node: https://www.openstreetmap.org/node/13593866786
Manufacturer: Flock Safety
Direction: 220;180;130
Zone: traffic
Camera type: fixed</description>
      <Point>
        <coordinates>-81.6996018,30.2532237,0</coordinates>
      </Point>
    </Placemark>
    <Placemark>
      <name>ALPR</name>
      <description>OSM node: https://www.openstreetmap.org/node/13594315409
Manufacturer: Motorola Solutions
Direction: 120
Zone: traffic
Camera type: fixed</description>
      <Point>
        <coordinates>-81.3073026,28.3650483,0</coordinates>
      </Point>
    </Placemark>
    <Placemark>
      <name>ALPR</name>
      <description>OSM node: https://www.openstreetmap.org/node/13594316001
Manufacturer: Motorola Solutions
Direction: 304-4
Zone: traffic
Camera type: fixed</description>
      <Point>
        <coordinates>-81.6387959,26.603092,0</coordinates>
      </Point>
    </Placemark>
    <Placemark>
      <name>ALPR</name>
      <description>OSM node: https://www.openstreetmap.org/node/13594498301
Manufacturer: Flock Safety
Direction: 137;210
Zone: traffic
Camera type: fixed</description>
      <Point>
        <coordinates>-80.3387448,25.8052289,0</coordinates>
      </Point>
    </Placemark>
    <Placemark>
      <name>ALPR</name>
      <description>OSM node: https://www.openstreetmap.org/node/13595763802
Manufacturer: Flock Safety
Direction: 234
Zone: traffic
Camera type: fixed</description>
      <Point>
        <coordinates>-81.7529966,26.1608358,0</coordinates>
      </Point>
    </Placemark>
    <Placemark>
      <name>ALPR</name>
      <description>OSM node: https://www.openstreetmap.org/node/13595765501
Manufacturer: Flock Safety
Direction: 66
Zone: traffic
Camera type: fixed</description>
      <Point>
        <coordinates>-81.7519016,26.16073,0</coordinates>
      </Point>
    </Placemark>
    <Placemark>
      <name>ALPR</name>
      <description>OSM node: https://www.openstreetmap.org/node/13595803867
Manufacturer: Motorola Solutions
Direction: 235
Zone: traffic
Camera type: fixed</description>
      <Point>
        <coordinates>-81.2473611,28.4024959,0</coordinates>
      </Point>
    </Placemark>
    <Placemark>
      <name>AdventHealth ALPR</name>
      <description>OSM node: https://www.openstreetmap.org/node/13595834676
Operator: AdventHealth
Manufacturer: PlateSmart
Direction: 55
Zone: traffic
Camera type: fixed</description>
      <Point>
        <coordinates>-81.2462952,28.4040655,0</coordinates>
      </Point>
    </Placemark>
    <Placemark>
      <name>ALPR</name>
      <description>OSM node: https://www.openstreetmap.org/node/13595984001
Manufacturer: Flock Safety
Direction: 95
Zone: traffic
Camera type: fixed</description>
      <Point>
        <coordinates>-81.6157699,30.3050451,0</coordinates>
      </Point>
    </Placemark>
    <Placemark>
      <name>ALPR</name>
      <description>OSM node: https://www.openstreetmap.org/node/13596213888
Manufacturer: Flock Safety
Direction: 240
Zone: traffic
Camera type: fixed</description>
      <Point>
        <coordinates>-80.1548804,26.1678147,0</coordinates>
      </Point>
    </Placemark>
    <Placemark>
      <name>ALPR</name>
      <description>OSM node: https://www.openstreetmap.org/node/13596748475
Direction: 55</description>
      <Point>
        <coordinates>-82.376743,27.9117682,0</coordinates>
      </Point>
    </Placemark>
    <Placemark>
      <name>ALPR</name>
      <description>OSM node: https://www.openstreetmap.org/node/13597063801
Manufacturer: Flock Safety
Direction: 48
Zone: traffic
Camera type: fixed</description>
      <Point>
        <coordinates>-81.4271184,30.2878796,0</coordinates>
      </Point>
    </Placemark>
    <Placemark>
      <name>ALPR</name>
      <description>OSM node: https://www.openstreetmap.org/node/13597063901
Manufacturer: Flock Safety
Direction: 223
Zone: traffic
Camera type: fixed</description>
      <Point>
        <coordinates>-81.4271445,30.2882915,0</coordinates>
      </Point>
    </Placemark>
    <Placemark>
      <name>ALPR</name>
      <description>OSM node: https://www.openstreetmap.org/node/13597064001
Manufacturer: Flock Safety
Direction: 192;115
Zone: traffic
Camera type: fixed</description>
      <Point>
        <coordinates>-81.5487215,30.3269602,0</coordinates>
      </Point>
    </Placemark>
    <Placemark>
      <name>ALPR</name>
      <description>OSM node: https://www.openstreetmap.org/node/13598226288
Manufacturer: Flock Safety
Direction: 190
Zone: traffic
Camera type: fixed</description>
      <Point>
        <coordinates>-81.430235,28.2655041,0</coordinates>
      </Point>
    </Placemark>
    <Placemark>
      <name>ALPR</name>
      <description>OSM node: https://www.openstreetmap.org/node/13598448801
Manufacturer: Flock Safety
Direction: 348;251
Zone: traffic
Camera type: fixed</description>
      <Point>
        <coordinates>-81.3878008,30.2572561,0</coordinates>
      </Point>
    </Placemark>
    <Placemark>
      <name>ALPR</name>
      <description>OSM node: https://www.openstreetmap.org/node/13599417577
Manufacturer: Flock Safety
Direction: 60
Zone: traffic
Camera type: fixed</description>
      <Point>
        <coordinates>-82.6062549,29.6465021,0</coordinates>
      </Point>
    </Placemark>
    <Placemark>
      <name>ALPR</name>
      <description>OSM node: https://www.openstreetmap.org/node/13599544201
Manufacturer: Flock Safety
Direction: 46
Zone: traffic
Camera type: fixed</description>
      <Point>
        <coordinates>-82.3383508,29.615267,0</coordinates>
      </Point>
    </Placemark>
    <Placemark>
      <name>ALPR</name>
      <description>OSM node: https://www.openstreetmap.org/node/13602365488
Manufacturer: Flock Safety
Direction: 350
Zone: traffic
Camera type: fixed</description>
      <Point>
        <coordinates>-83.098453,30.5085284,0</coordinates>
      </Point>
    </Placemark>
    <Placemark>
      <name>ALPR</name>
      <description>OSM node: https://www.openstreetmap.org/node/13602365489
Manufacturer: Flock Safety
Direction: 165
Zone: traffic
Camera type: fixed</description>
      <Point>
        <coordinates>-83.0985207,30.5086329,0</coordinates>
      </Point>
    </Placemark>
    <Placemark>
      <name>ALPR</name>
      <description>OSM node: https://www.openstreetmap.org/node/13603126302
Manufacturer: Flock Safety
Direction: 148
Zone: traffic
Camera type: fixed</description>
      <Point>
        <coordinates>-81.5256122,28.713209,0</coordinates>
      </Point>
    </Placemark>
    <Placemark>
      <name>ALPR</name>
      <description>OSM node: https://www.openstreetmap.org/node/13604050801
Manufacturer: Flock Safety
Direction: 116
Zone: traffic
Camera type: fixed</description>
      <Point>
        <coordinates>-81.4172367,30.2583296,0</coordinates>
      </Point>
    </Placemark>
    <Placemark>
      <name>ALPR</name>
      <description>OSM node: https://www.openstreetmap.org/node/13604180901
Manufacturer: Flock Safety
Direction: 254
Zone: traffic
Camera type: fixed</description>
      <Point>
        <coordinates>-85.9633212,30.7021516,0</coordinates>
      </Point>
    </Placemark>
    <Placemark>
      <name>ALPR</name>
      <description>OSM node: https://www.openstreetmap.org/node/13604395801
Manufacturer: Flock Safety
Direction: 250
Zone: traffic
Camera type: fixed</description>
      <Point>
        <coordinates>-82.4490445,27.283923,0</coordinates>
      </Point>
    </Placemark>
    <Placemark>
      <name>AdventHealth ALPR</name>
      <description>OSM node: https://www.openstreetmap.org/node/13604563572
Operator: AdventHealth
Manufacturer: PlateSmart
Direction: 0
Zone: traffic
Camera type: fixed</description>
      <Point>
        <coordinates>-81.2462972,28.4040724,0</coordinates>
      </Point>
    </Placemark>
    <Placemark>
      <name>AdventHealth ALPR</name>
      <description>OSM node: https://www.openstreetmap.org/node/13604563573
Operator: AdventHealth
Manufacturer: PlateSmart
Direction: 330
Zone: traffic
Camera type: fixed</description>
      <Point>
        <coordinates>-81.2454369,28.4044901,0</coordinates>
      </Point>
    </Placemark>
    <Placemark>
      <name>AdventHealth ALPR</name>
      <description>OSM node: https://www.openstreetmap.org/node/13604563574
Operator: AdventHealth
Manufacturer: PlateSmart
Direction: 210
Zone: traffic
Camera type: fixed</description>
      <Point>
        <coordinates>-81.2454378,28.4044829,0</coordinates>
      </Point>
    </Placemark>
    <Placemark>
      <name>ALPR</name>
      <description>OSM node: https://www.openstreetmap.org/node/13605437401
Manufacturer: Flock Safety
Direction: 147;81;22
Zone: traffic
Camera type: fixed</description>
      <Point>
        <coordinates>-87.0311323,30.58832,0</coordinates>
      </Point>
    </Placemark>
    <Placemark>
      <name>ALPR</name>
      <description>OSM node: https://www.openstreetmap.org/node/13605465201
Manufacturer: Flock Safety
Direction: 214
Zone: traffic
Camera type: fixed</description>
      <Point>
        <coordinates>-82.2781483,27.9962717,0</coordinates>
      </Point>
    </Placemark>
    <Placemark>
      <name>ALPR</name>
      <description>OSM node: https://www.openstreetmap.org/node/13605465701
Manufacturer: Flock Safety
Direction: 41
Zone: traffic
Camera type: fixed</description>
      <Point>
        <coordinates>-82.2779325,27.9965549,0</coordinates>
      </Point>
    </Placemark>
    <Placemark>
      <name>ALPR</name>
      <description>OSM node: https://www.openstreetmap.org/node/13606497701
Manufacturer: Flock Safety
Direction: 198
Zone: traffic
Camera type: fixed</description>
      <Point>
        <coordinates>-82.7268571,27.7897574,0</coordinates>
      </Point>
    </Placemark>
    <Placemark>
      <name>ALPR</name>
      <description>OSM node: https://www.openstreetmap.org/node/13606548336
Manufacturer: Flock Safety
Direction: 283
Zone: traffic
Camera type: fixed</description>
      <Point>
        <coordinates>-80.4048515,26.1155742,0</coordinates>
      </Point>
    </Placemark>
    <Placemark>
      <name>ALPR</name>
      <description>OSM node: https://www.openstreetmap.org/node/13606828801
Manufacturer: Flock Safety
Direction: 0
Zone: traffic
Camera type: fixed</description>
      <Point>
        <coordinates>-81.7545431,30.2934105,0</coordinates>
      </Point>
    </Placemark>
    <Placemark>
      <name>ALPR</name>
      <description>OSM node: https://www.openstreetmap.org/node/13607006585
Direction: 100
Camera type: fixed</description>
      <Point>
        <coordinates>-82.3391664,29.645014,0</coordinates>
      </Point>
    </Placemark>
    <Placemark>
      <name>ALPR</name>
      <description>OSM node: https://www.openstreetmap.org/node/13607006586
Direction: 170
Camera type: fixed</description>
      <Point>
        <coordinates>-82.3394606,29.6437552,0</coordinates>
      </Point>
    </Placemark>
    <Placemark>
      <name>Pasco Sheriff’s Office ALPR</name>
      <description>OSM node: https://www.openstreetmap.org/node/13607579301
Operator: Pasco Sheriff’s Office
Manufacturer: Flock Safety
Direction: 73
Zone: traffic
Camera type: fixed</description>
      <Point>
        <coordinates>-82.690801,28.3311665,0</coordinates>
      </Point>
    </Placemark>
    <Placemark>
      <name>ALPR</name>
      <description>OSM node: https://www.openstreetmap.org/node/13607910701
Manufacturer: Motorola Solutions
Direction: 245
Zone: traffic
Camera type: fixed</description>
      <Point>
        <coordinates>-87.2826446,30.3939178,0</coordinates>
      </Point>
    </Placemark>
    <Placemark>
      <name>ALPR</name>
      <description>OSM node: https://www.openstreetmap.org/node/13608134801
Manufacturer: Flock Safety
Direction: 107-177
Zone: traffic
Camera type: fixed</description>
      <Point>
        <coordinates>-80.8471558,28.5702864,0</coordinates>
      </Point>
    </Placemark>
    <Placemark>
      <name>ALPR</name>
      <description>OSM node: https://www.openstreetmap.org/node/13608138201
Manufacturer: Flock Safety
Direction: 2-72
Zone: traffic
Camera type: fixed</description>
      <Point>
        <coordinates>-80.8471576,28.5702872,0</coordinates>
      </Point>
    </Placemark>
    <Placemark>
      <name>ALPR</name>
      <description>OSM node: https://www.openstreetmap.org/node/13608260501
Manufacturer: Flock Safety
Direction: 147-192
Zone: traffic
Camera type: fixed</description>
      <Point>
        <coordinates>-81.2860795,28.5425884,0</coordinates>
      </Point>
    </Placemark>
    <Placemark>
      <name>ALPR</name>
      <description>OSM node: https://www.openstreetmap.org/node/13608277301
Manufacturer: Flock Safety
Direction: 0
Zone: traffic
Camera type: fixed</description>
      <Point>
        <coordinates>-81.3750448,28.3874534,0</coordinates>
      </Point>
    </Placemark>
    <Placemark>
      <name>ALPR</name>
      <description>OSM node: https://www.openstreetmap.org/node/13608320201
Manufacturer: Flock Safety
Direction: 155
Zone: traffic
Camera type: fixed</description>
      <Point>
        <coordinates>-81.2066325,28.5524184,0</coordinates>
      </Point>
    </Placemark>
    <Placemark>
      <name>ALPR</name>
      <description>OSM node: https://www.openstreetmap.org/node/13608335001
Manufacturer: Flock Safety
Direction: 68
Zone: traffic
Camera type: fixed</description>
      <Point>
        <coordinates>-80.7029946,28.1204741,0</coordinates>
      </Point>
    </Placemark>
    <Placemark>
      <name>ALPR</name>
      <description>OSM node: https://www.openstreetmap.org/node/13608341501
Manufacturer: Flock Safety
Direction: 57
Zone: traffic
Camera type: fixed</description>
      <Point>
        <coordinates>-82.671526,27.7709382,0</coordinates>
      </Point>
    </Placemark>
    <Placemark>
      <name>ALPR</name>
      <description>OSM node: https://www.openstreetmap.org/node/13608404001
Manufacturer: Flock Safety
Direction: 82
Zone: traffic
Camera type: fixed</description>
      <Point>
        <coordinates>-82.4183884,27.7412327,0</coordinates>
      </Point>
    </Placemark>
    <Placemark>
      <name>ALPR</name>
      <description>OSM node: https://www.openstreetmap.org/node/13608687601
Manufacturer: Motorola Solutions
Direction: 160-220
Zone: traffic
Camera type: fixed</description>
      <Point>
        <coordinates>-81.600917,26.7087124,0</coordinates>
      </Point>
    </Placemark>
    <Placemark>
      <name>ALPR</name>
      <description>OSM node: https://www.openstreetmap.org/node/13608690501
Manufacturer: Motorola Solutions
Direction: 49-109
Zone: traffic
Camera type: fixed</description>
      <Point>
        <coordinates>-81.6008418,26.7088213,0</coordinates>
      </Point>
    </Placemark>
    <Placemark>
      <name>ALPR</name>
      <description>OSM node: https://www.openstreetmap.org/node/13608692401
Manufacturer: Flock Safety
Direction: 149-194
Zone: traffic
Camera type: fixed</description>
      <Point>
        <coordinates>-81.4776649,26.7309299,0</coordinates>
      </Point>
    </Placemark>
    <Placemark>
      <name>ALPR</name>
      <description>OSM node: https://www.openstreetmap.org/node/13608692701
Manufacturer: Flock Safety
Direction: 327-12
Zone: traffic
Camera type: fixed</description>
      <Point>
        <coordinates>-81.477522,26.7307349,0</coordinates>
      </Point>
    </Placemark>
    <Placemark>
      <name>ALPR</name>
      <description>OSM node: https://www.openstreetmap.org/node/13608695101
Manufacturer: Motorola Solutions
Direction: 166-226
Zone: traffic
Camera type: fixed</description>
      <Point>
        <coordinates>-81.7210489,26.7099959,0</coordinates>
      </Point>
    </Placemark>
    <Placemark>
      <name>ALPR</name>
      <description>OSM node: https://www.openstreetmap.org/node/13608695102
Manufacturer: Motorola Solutions
Direction: 7-67
Zone: traffic
Camera type: fixed</description>
      <Point>
        <coordinates>-81.720828,26.7096759,0</coordinates>
      </Point>
    </Placemark>
    <Placemark>
      <name>ALPR</name>
      <description>OSM node: https://www.openstreetmap.org/node/13608695201
Manufacturer: Motorola Solutions
Direction: 208-268
Zone: traffic
Camera type: fixed</description>
      <Point>
        <coordinates>-81.7210489,26.7099959,0</coordinates>
      </Point>
    </Placemark>
    <Placemark>
      <name>ALPR</name>
      <description>OSM node: https://www.openstreetmap.org/node/13608696001
Manufacturer: Motorola Solutions
Direction: 33-93
Zone: traffic
Camera type: fixed</description>
      <Point>
        <coordinates>-81.720828,26.7096759,0</coordinates>
      </Point>
    </Placemark>
    <Placemark>
      <name>ALPR</name>
      <description>OSM node: https://www.openstreetmap.org/node/13608703202
Manufacturer: Motorola Solutions
Direction: 80-140
Zone: traffic
Camera type: fixed</description>
      <Point>
        <coordinates>-81.7301095,26.6174523,0</coordinates>
      </Point>
    </Placemark>
    <Placemark>
      <name>ALPR</name>
      <description>OSM node: https://www.openstreetmap.org/node/13608703203
Manufacturer: Motorola Solutions
Direction: 40-100
Zone: traffic
Camera type: fixed</description>
      <Point>
        <coordinates>-81.7145133,26.6167564,0</coordinates>
      </Point>
    </Placemark>
    <Placemark>
      <name>ALPR</name>
      <description>OSM node: https://www.openstreetmap.org/node/13608705401
Manufacturer: Motorola Solutions
Direction: 259-319
Zone: traffic
Camera type: fixed</description>
      <Point>
        <coordinates>-81.7301259,26.6178218,0</coordinates>
      </Point>
    </Placemark>
    <Placemark>
      <name>ALPR</name>
      <description>OSM node: https://www.openstreetmap.org/node/13608709201
Manufacturer: Motorola Solutions
Direction: 128-188
Zone: traffic
Camera type: fixed</description>
      <Point>
        <coordinates>-81.7148836,26.616652,0</coordinates>
      </Point>
    </Placemark>
    <Placemark>
      <name>ALPR</name>
      <description>OSM node: https://www.openstreetmap.org/node/13608736101
Manufacturer: Motorola Solutions
Direction: 119-179
Zone: traffic
Camera type: fixed</description>
      <Point>
        <coordinates>-81.7867151,26.547089,0</coordinates>
      </Point>
    </Placemark>
    <Placemark>
      <name>ALPR</name>
      <description>OSM node: https://www.openstreetmap.org/node/13608736301
Manufacturer: Motorola Solutions
Direction: 44-104
Zone: traffic
Camera type: fixed</description>
      <Point>
        <coordinates>-81.7860352,26.5471655,0</coordinates>
      </Point>
    </Placemark>
    <Placemark>
      <name>ALPR</name>
      <description>OSM node: https://www.openstreetmap.org/node/13608737501
Manufacturer: Motorola Solutions
Direction: 206-266
Zone: traffic
Camera type: fixed</description>
      <Point>
        <coordinates>-81.7867291,26.5476069,0</coordinates>
      </Point>
    </Placemark>
    <Placemark>
      <name>ALPR</name>
      <description>OSM node: https://www.openstreetmap.org/node/13608737601
Manufacturer: Motorola Solutions
Direction: 305-5
Zone: traffic
Camera type: fixed</description>
      <Point>
        <coordinates>-81.7860805,26.5476915,0</coordinates>
      </Point>
    </Placemark>
    <Placemark>
      <name>ALPR</name>
      <description>OSM node: https://www.openstreetmap.org/node/13609714301
Manufacturer: Flock Safety
Direction: 222
Zone: traffic
Camera type: fixed</description>
      <Point>
        <coordinates>-81.26298,29.0634852,0</coordinates>
      </Point>
    </Placemark>
    <Placemark>
      <name>ALPR</name>
      <description>OSM node: https://www.openstreetmap.org/node/13610183501
Manufacturer: Motorola Solutions
Direction: 45
Zone: traffic
Camera type: fixed</description>
      <Point>
        <coordinates>-87.2742952,30.3882816,0</coordinates>
      </Point>
    </Placemark>
    <Placemark>
      <name>ALPR</name>
      <description>OSM node: https://www.openstreetmap.org/node/13610204450
Direction: 300
Zone: traffic</description>
      <Point>
        <coordinates>-80.3415737,27.4471255,0</coordinates>
      </Point>
    </Placemark>
    <Placemark>
      <name>ALPR</name>
      <description>OSM node: https://www.openstreetmap.org/node/13610209601
Manufacturer: Motorola Solutions
Direction: 65
Zone: traffic
Camera type: fixed</description>
      <Point>
        <coordinates>-87.2811284,30.3938109,0</coordinates>
      </Point>
    </Placemark>
    <Placemark>
      <name>ALPR</name>
      <description>OSM node: https://www.openstreetmap.org/node/13610235500
Direction: 350
Zone: traffic</description>
      <Point>
        <coordinates>-80.3954129,27.4466981,0</coordinates>
      </Point>
    </Placemark>
    <Placemark>
      <name>ALPR</name>
      <description>OSM node: https://www.openstreetmap.org/node/13610248692
Direction: 240
Zone: traffic</description>
      <Point>
        <coordinates>-80.3417342,27.4473756,0</coordinates>
      </Point>
    </Placemark>
    <Placemark>
      <name>ALPR</name>
      <description>OSM node: https://www.openstreetmap.org/node/13610278661
Manufacturer: Flock Safety
Direction: 65
Zone: traffic
Camera type: fixed</description>
      <Point>
        <coordinates>-80.6895697,27.9989766,0</coordinates>
      </Point>
    </Placemark>
    <Placemark>
      <name>ALPR</name>
      <description>OSM node: https://www.openstreetmap.org/node/13610281813
Direction: 45
Zone: traffic</description>
      <Point>
        <coordinates>-80.3415485,27.4471237,0</coordinates>
      </Point>
    </Placemark>
    <Placemark>
      <name>ALPR</name>
      <description>OSM node: https://www.openstreetmap.org/node/13610282444
Direction: 45
Zone: traffic</description>
      <Point>
        <coordinates>-80.3412702,27.447126,0</coordinates>
      </Point>
    </Placemark>
    <Placemark>
      <name>ALPR</name>
      <description>OSM node: https://www.openstreetmap.org/node/13610293889
Direction: 290
Zone: traffic</description>
      <Point>
        <coordinates>-80.3581521,27.4479856,0</coordinates>
      </Point>
    </Placemark>
    <Placemark>
      <name>ALPR</name>
      <description>OSM node: https://www.openstreetmap.org/node/13610369395
Direction: 150
Zone: traffic</description>
      <Point>
        <coordinates>-80.3498763,27.4739199,0</coordinates>
      </Point>
    </Placemark>
    <Placemark>
      <name>ALPR</name>
      <description>OSM node: https://www.openstreetmap.org/node/13610379138
Direction: 330
Zone: traffic</description>
      <Point>
        <coordinates>-80.3494975,27.4719838,0</coordinates>
      </Point>
    </Placemark>
    <Placemark>
      <name>ALPR</name>
      <description>OSM node: https://www.openstreetmap.org/node/13610410119
Direction: 300
Zone: traffic</description>
      <Point>
        <coordinates>-80.3500761,27.4473829,0</coordinates>
      </Point>
    </Placemark>
    <Placemark>
      <name>ALPR</name>
      <description>OSM node: https://www.openstreetmap.org/node/13610417371
Direction: 140
Zone: traffic</description>
      <Point>
        <coordinates>-80.3500219,27.4473585,0</coordinates>
      </Point>
    </Placemark>
    <Placemark>
      <name>ALPR</name>
      <description>OSM node: https://www.openstreetmap.org/node/13610423279
Direction: 45
Zone: traffic</description>
      <Point>
        <coordinates>-80.3500589,27.4473868,0</coordinates>
      </Point>
    </Placemark>
    <Placemark>
      <name>ALPR</name>
      <description>OSM node: https://www.openstreetmap.org/node/13610453181
Direction: 120
Zone: traffic</description>
      <Point>
        <coordinates>-80.3685343,27.5576363,0</coordinates>
      </Point>
    </Placemark>
    <Placemark>
      <name>ALPR</name>
      <description>OSM node: https://www.openstreetmap.org/node/13610461848
Direction: 240
Zone: traffic</description>
      <Point>
        <coordinates>-80.3499672,27.4730282,0</coordinates>
      </Point>
    </Placemark>
    <Placemark>
      <name>ALPR</name>
      <description>OSM node: https://www.openstreetmap.org/node/13610504201
Manufacturer: Flock Safety
Direction: 72
Zone: traffic
Camera type: fixed</description>
      <Point>
        <coordinates>-81.4786934,26.7538951,0</coordinates>
      </Point>
    </Placemark>
    <Placemark>
      <name>ALPR</name>
      <description>OSM node: https://www.openstreetmap.org/node/13610504202
Manufacturer: Flock Safety
Direction: 213
Zone: traffic
Camera type: fixed</description>
      <Point>
        <coordinates>-81.4821223,26.7538042,0</coordinates>
      </Point>
    </Placemark>
    <Placemark>
      <name>ALPR</name>
      <description>OSM node: https://www.openstreetmap.org/node/13610505210
Direction: 300
Zone: traffic</description>
      <Point>
        <coordinates>-80.3687706,27.5585077,0</coordinates>
      </Point>
    </Placemark>
    <Placemark>
      <name>ALPR</name>
      <description>OSM node: https://www.openstreetmap.org/node/13610506901
Manufacturer: Flock Safety
Direction: 159
Zone: traffic
Camera type: fixed</description>
      <Point>
        <coordinates>-81.3589987,26.7679149,0</coordinates>
      </Point>
    </Placemark>
    <Placemark>
      <name>ALPR</name>
      <description>OSM node: https://www.openstreetmap.org/node/13610506902
Manufacturer: Flock Safety
Direction: 65
Zone: traffic
Camera type: fixed</description>
      <Point>
        <coordinates>-81.2334167,26.7681656,0</coordinates>
      </Point>
    </Placemark>
    <Placemark>
      <name>ALPR</name>
      <description>OSM node: https://www.openstreetmap.org/node/13610507101
Manufacturer: Flock Safety
Direction: 343
Zone: traffic
Camera type: fixed</description>
      <Point>
        <coordinates>-81.3585577,26.767946,0</coordinates>
      </Point>
    </Placemark>
    <Placemark>
      <name>ALPR</name>
      <description>OSM node: https://www.openstreetmap.org/node/13610508401
Manufacturer: Flock Safety
Direction: 247
Zone: traffic
Camera type: fixed</description>
      <Point>
        <coordinates>-81.2327503,26.7688032,0</coordinates>
      </Point>
    </Placemark>
    <Placemark>
      <name>ALPR</name>
      <description>OSM node: https://www.openstreetmap.org/node/13610524226
Direction: 150
Zone: traffic</description>
      <Point>
        <coordinates>-80.4146492,27.5581017,0</coordinates>
      </Point>
    </Placemark>
    <Placemark>
      <name>ALPR</name>
      <description>OSM node: https://www.openstreetmap.org/node/13610524701
Manufacturer: Genetec
Direction: 254
Zone: traffic
Camera type: fixed</description>
      <Point>
        <coordinates>-80.3691586,26.6855638,0</coordinates>
      </Point>
    </Placemark>
    <Placemark>
      <name>ALPR</name>
      <description>OSM node: https://www.openstreetmap.org/node/13610524702
Manufacturer: Genetec
Direction: 76
Zone: traffic
Camera type: fixed</description>
      <Point>
        <coordinates>-80.3691008,26.68512,0</coordinates>
      </Point>
    </Placemark>
    <Placemark>
      <name>ALPR</name>
      <description>OSM node: https://www.openstreetmap.org/node/13610531501
Manufacturer: Flock Safety
Direction: 271
Zone: traffic
Camera type: fixed</description>
      <Point>
        <coordinates>-80.9063843,26.7528273,0</coordinates>
      </Point>
    </Placemark>
    <Placemark>
      <name>ALPR</name>
      <description>OSM node: https://www.openstreetmap.org/node/13610535401
Manufacturer: Flock Safety
Direction: 337
Zone: traffic
Camera type: fixed</description>
      <Point>
        <coordinates>-80.9593813,26.7517554,0</coordinates>
      </Point>
    </Placemark>
    <Placemark>
      <name>ALPR</name>
      <description>OSM node: https://www.openstreetmap.org/node/13610536962
Direction: 320
Zone: traffic</description>
      <Point>
        <coordinates>-80.4144851,27.5579606,0</coordinates>
      </Point>
    </Placemark>
    <Placemark>
      <name>ALPR</name>
      <description>OSM node: https://www.openstreetmap.org/node/13610543101
Manufacturer: Flock Safety
Direction: 258
Zone: traffic
Camera type: fixed</description>
      <Point>
        <coordinates>-80.9892279,26.754441,0</coordinates>
      </Point>
    </Placemark>
    <Placemark>
      <name>ALPR</name>
      <description>OSM node: https://www.openstreetmap.org/node/13610549234
Direction: 320
Zone: traffic</description>
      <Point>
        <coordinates>-80.414095,27.5909005,0</coordinates>
      </Point>
    </Placemark>
    <Placemark>
      <name>ALPR</name>
      <description>OSM node: https://www.openstreetmap.org/node/13610640701
Manufacturer: Flock Safety
Direction: 171
Zone: traffic
Camera type: fixed</description>
      <Point>
        <coordinates>-82.1704928,27.9905676,0</coordinates>
      </Point>
    </Placemark>
    <Placemark>
      <name>ALPR</name>
      <description>OSM node: https://www.openstreetmap.org/node/13610641601
Manufacturer: Neology, Inc.
Direction: 204
Zone: traffic
Camera type: fixed</description>
      <Point>
        <coordinates>-81.7678299,26.6191711,0</coordinates>
      </Point>
    </Placemark>
    <Placemark>
      <name>ALPR</name>
      <description>OSM node: https://www.openstreetmap.org/node/13610675801
Manufacturer: Flock Safety
Direction: 164
Zone: traffic
Camera type: fixed</description>
      <Point>
        <coordinates>-81.4367877,28.2523975,0</coordinates>
      </Point>
    </Placemark>
    <Placemark>
      <name>ALPR</name>
      <description>OSM node: https://www.openstreetmap.org/node/13610677701
Manufacturer: Flock Safety
Direction: 349
Zone: traffic
Camera type: fixed</description>
      <Point>
        <coordinates>-81.4359437,28.2525739,0</coordinates>
      </Point>
    </Placemark>
    <Placemark>
      <name>ALPR</name>
      <description>OSM node: https://www.openstreetmap.org/node/13610682101
Manufacturer: Flock Safety
Direction: 318
Zone: traffic
Camera type: fixed</description>
      <Point>
        <coordinates>-81.482492,28.2555467,0</coordinates>
      </Point>
    </Placemark>
    <Placemark>
      <name>ALPR</name>
      <description>OSM node: https://www.openstreetmap.org/node/13610682501
Manufacturer: Flock Safety
Direction: 0
Zone: traffic
Camera type: fixed</description>
      <Point>
        <coordinates>-81.4835901,28.2571678,0</coordinates>
      </Point>
    </Placemark>
    <Placemark>
      <name>ALPR</name>
      <description>OSM node: https://www.openstreetmap.org/node/13610683001
Manufacturer: Flock Safety
Direction: 182
Zone: traffic
Camera type: fixed</description>
      <Point>
        <coordinates>-81.4835691,28.2570663,0</coordinates>
      </Point>
    </Placemark>
    <Placemark>
      <name>ALPR</name>
      <description>OSM node: https://www.openstreetmap.org/node/13610847201
Manufacturer: Flock Safety
Direction: 92
Zone: traffic
Camera type: fixed</description>
      <Point>
        <coordinates>-80.9017499,26.7471062,0</coordinates>
      </Point>
    </Placemark>
    <Placemark>
      <name>ALPR</name>
      <description>OSM node: https://www.openstreetmap.org/node/13610912401
Manufacturer: Flock Safety
Direction: 140
Zone: traffic
Camera type: fixed</description>
      <Point>
        <coordinates>-87.2532014,30.4644791,0</coordinates>
      </Point>
    </Placemark>
    <Placemark>
      <name>ALPR</name>
      <description>OSM node: https://www.openstreetmap.org/node/13611531901
Manufacturer: Flock Safety
Direction: 265
Zone: traffic
Camera type: fixed</description>
      <Point>
        <coordinates>-82.3933875,27.0518759,0</coordinates>
      </Point>
    </Placemark>
    <Placemark>
      <name>ALPR</name>
      <description>OSM node: https://www.openstreetmap.org/node/13612727801
Manufacturer: Flock Safety
Direction: 304
Zone: traffic
Camera type: fixed</description>
      <Point>
        <coordinates>-81.3181751,28.2560233,0</coordinates>
      </Point>
    </Placemark>
    <Placemark>
      <name>ALPR</name>
      <description>OSM node: https://www.openstreetmap.org/node/13612920897
Manufacturer: Flock Safety
Direction: 180
Zone: traffic
Camera type: fixed</description>
      <Point>
        <coordinates>-80.7551662,28.3877387,0</coordinates>
      </Point>
    </Placemark>
    <Placemark>
      <name>ALPR</name>
      <description>OSM node: https://www.openstreetmap.org/node/13612961001
Manufacturer: Motorola Solutions
Direction: 88-148
Zone: traffic
Camera type: fixed</description>
      <Point>
        <coordinates>-81.6538113,26.6100971,0</coordinates>
      </Point>
    </Placemark>
    <Placemark>
      <name>ALPR</name>
      <description>OSM node: https://www.openstreetmap.org/node/13612962301
Manufacturer: Motorola Solutions
Direction: 317-17
Zone: traffic
Camera type: fixed</description>
      <Point>
        <coordinates>-81.6538113,26.6100971,0</coordinates>
      </Point>
    </Placemark>
    <Placemark>
      <name>ALPR</name>
      <description>OSM node: https://www.openstreetmap.org/node/13613086701
Manufacturer: Flock Safety
Direction: 319;73
Zone: traffic
Camera type: fixed</description>
      <Point>
        <coordinates>-80.8087149,28.5296671,0</coordinates>
      </Point>
    </Placemark>
    <Placemark>
      <name>ALPR</name>
      <description>OSM node: https://www.openstreetmap.org/node/13613120701
Manufacturer: Flock Safety
Direction: 332
Zone: traffic
Camera type: fixed</description>
      <Point>
        <coordinates>-81.3953244,30.3066682,0</coordinates>
      </Point>
    </Placemark>
    <Placemark>
      <name>ALPR</name>
      <description>OSM node: https://www.openstreetmap.org/node/13613186701
Manufacturer: Flock Safety
Direction: 42-87
Zone: traffic
Camera type: fixed</description>
      <Point>
        <coordinates>-81.547655,28.5513496,0</coordinates>
      </Point>
    </Placemark>
    <Placemark>
      <name>ALPR</name>
      <description>OSM node: https://www.openstreetmap.org/node/13613188001
Manufacturer: Flock Safety
Direction: 48-93
Zone: traffic
Camera type: fixed</description>
      <Point>
        <coordinates>-81.541819,28.5477993,0</coordinates>
      </Point>
    </Placemark>
    <Placemark>
      <name>ALPR</name>
      <description>OSM node: https://www.openstreetmap.org/node/13613206137
Manufacturer: Flock Safety
Direction: 310
Zone: traffic
Camera type: fixed</description>
      <Point>
        <coordinates>-87.2224461,30.4544754,0</coordinates>
      </Point>
    </Placemark>
    <Placemark>
      <name>ALPR</name>
      <description>OSM node: https://www.openstreetmap.org/node/13613206138
Manufacturer: Flock Safety
Direction: 120
Zone: traffic
Camera type: fixed</description>
      <Point>
        <coordinates>-87.2224898,30.4543682,0</coordinates>
      </Point>
    </Placemark>
    <Placemark>
      <name>ALPR</name>
      <description>OSM node: https://www.openstreetmap.org/node/13613206139
Manufacturer: Flock Safety
Direction: 340
Zone: traffic
Camera type: fixed</description>
      <Point>
        <coordinates>-87.2192607,30.4539306,0</coordinates>
      </Point>
    </Placemark>
    <Placemark>
      <name>ALPR</name>
      <description>OSM node: https://www.openstreetmap.org/node/13613355801
Manufacturer: Flock Safety
Direction: 87
Zone: traffic
Camera type: fixed</description>
      <Point>
        <coordinates>-80.9795178,29.0188475,0</coordinates>
      </Point>
    </Placemark>
    <Placemark>
      <name>ALPR</name>
      <description>OSM node: https://www.openstreetmap.org/node/13614731701
Manufacturer: Flock Safety
Direction: 271
Zone: traffic
Camera type: fixed</description>
      <Point>
        <coordinates>-82.4396548,28.0807326,0</coordinates>
      </Point>
    </Placemark>
    <Placemark>
      <name>ALPR</name>
      <description>OSM node: https://www.openstreetmap.org/node/13614859463
Manufacturer: SCM?
Direction: 1200;340
Zone: traffic
Camera type: fixed</description>
      <Point>
        <coordinates>-87.2675355,30.5062537,0</coordinates>
      </Point>
    </Placemark>
    <Placemark>
      <name>ALPR</name>
      <description>OSM node: https://www.openstreetmap.org/node/13615527601
Manufacturer: Motorola Solutions
Direction: 60
Zone: traffic
Camera type: fixed</description>
      <Point>
        <coordinates>-87.3043357,30.4208701,0</coordinates>
      </Point>
    </Placemark>
    <Placemark>
      <name>ALPR</name>
      <description>OSM node: https://www.openstreetmap.org/node/13615531901
Manufacturer: Motorola Solutions
Direction: 260
Zone: traffic
Camera type: fixed</description>
      <Point>
        <coordinates>-87.3054788,30.4208892,0</coordinates>
      </Point>
    </Placemark>
    <Placemark>
      <name>ALPR</name>
      <description>OSM node: https://www.openstreetmap.org/node/13615698825
Manufacturer: Flock Safety
Direction: 10
Zone: traffic
Camera type: fixed</description>
      <Point>
        <coordinates>-81.7270813,30.3958382,0</coordinates>
      </Point>
    </Placemark>
    <Placemark>
      <name>ALPR</name>
      <description>OSM node: https://www.openstreetmap.org/node/13615730437
Manufacturer: Flock Safety
Direction: 180
Zone: traffic
Camera type: fixed</description>
      <Point>
        <coordinates>-81.7300262,30.3925129,0</coordinates>
      </Point>
    </Placemark>
    <Placemark>
      <name>ALPR</name>
      <description>OSM node: https://www.openstreetmap.org/node/13615735067
Manufacturer: Flock Safety
Direction: 250
Zone: traffic
Camera type: fixed</description>
      <Point>
        <coordinates>-81.8449918,27.9128697,0</coordinates>
      </Point>
    </Placemark>
    <Placemark>
      <name>ALPR</name>
      <description>OSM node: https://www.openstreetmap.org/node/13615757175
Manufacturer: Flock Safety
Direction: 35
Zone: traffic
Camera type: fixed</description>
      <Point>
        <coordinates>-87.2223357,30.4546416,0</coordinates>
      </Point>
    </Placemark>
    <Placemark>
      <name>ALPR</name>
      <description>OSM node: https://www.openstreetmap.org/node/13615790901
Manufacturer: Flock Safety
Direction: 33-78
Zone: traffic
Camera type: fixed</description>
      <Point>
        <coordinates>-84.2621451,30.4555186,0</coordinates>
      </Point>
    </Placemark>
    <Placemark>
      <name>ALPR</name>
      <description>OSM node: https://www.openstreetmap.org/node/13615922501
Manufacturer: Flock Safety
Direction: 44
Zone: traffic
Camera type: fixed</description>
      <Point>
        <coordinates>-81.6087373,30.0596732,0</coordinates>
      </Point>
    </Placemark>
    <Placemark>
      <name>ALPR</name>
      <description>OSM node: https://www.openstreetmap.org/node/13616049597
Direction: 240
Zone: traffic</description>
      <Point>
        <coordinates>-80.4010831,27.7634402,0</coordinates>
      </Point>
    </Placemark>
    <Placemark>
      <name>ALPR</name>
      <description>OSM node: https://www.openstreetmap.org/node/13616236232
Manufacturer: Flock Safety
Direction: 15
Zone: traffic
Camera type: fixed</description>
      <Point>
        <coordinates>-84.2193035,30.4488005,0</coordinates>
      </Point>
    </Placemark>
    <Placemark>
      <name>ALPR</name>
      <description>OSM node: https://www.openstreetmap.org/node/13617096202
Manufacturer: Flock Safety
Direction: 173
Zone: traffic
Camera type: fixed</description>
      <Point>
        <coordinates>-82.3328955,27.8928626,0</coordinates>
      </Point>
    </Placemark>
    <Placemark>
      <name>ALPR</name>
      <description>OSM node: https://www.openstreetmap.org/node/13617574401
Manufacturer: Flock Safety
Direction: 327
Zone: traffic
Camera type: fixed</description>
      <Point>
        <coordinates>-81.5149393,26.2310097,0</coordinates>
      </Point>
    </Placemark>
    <Placemark>
      <name>ALPR</name>
      <description>OSM node: https://www.openstreetmap.org/node/13617838701
Manufacturer: Flock Safety
Direction: 267
Zone: traffic
Camera type: fixed</description>
      <Point>
        <coordinates>-85.9252799,30.2400962,0</coordinates>
      </Point>
    </Placemark>
    <Placemark>
      <name>ALPR</name>
      <description>OSM node: https://www.openstreetmap.org/node/13617842601
Manufacturer: Flock Safety
Direction: 167
Zone: traffic
Camera type: fixed</description>
      <Point>
        <coordinates>-85.8825737,30.2427458,0</coordinates>
      </Point>
    </Placemark>
    <Placemark>
      <name>ALPR</name>
      <description>OSM node: https://www.openstreetmap.org/node/13617949202
Manufacturer: Flock Safety
Direction: 267
Zone: traffic
Camera type: fixed</description>
      <Point>
        <coordinates>-85.9581529,30.2548342,0</coordinates>
      </Point>
    </Placemark>
    <Placemark>
      <name>ALPR</name>
      <description>OSM node: https://www.openstreetmap.org/node/13617982901
Manufacturer: Flock Safety
Direction: 72
Zone: traffic
Camera type: fixed</description>
      <Point>
        <coordinates>-85.9747303,30.2645322,0</coordinates>
      </Point>
    </Placemark>
    <Placemark>
      <name>ALPR</name>
      <description>OSM node: https://www.openstreetmap.org/node/13618031101
Manufacturer: Flock Safety
Direction: 316-1;183-228
Zone: traffic
Camera type: fixed</description>
      <Point>
        <coordinates>-84.3136956,30.139324,0</coordinates>
      </Point>
    </Placemark>
    <Placemark>
      <name>ALPR</name>
      <description>OSM node: https://www.openstreetmap.org/node/13618033001
Manufacturer: Flock Safety
Direction: 97-142
Zone: traffic
Camera type: fixed</description>
      <Point>
        <coordinates>-84.2803986,30.4344933,0</coordinates>
      </Point>
    </Placemark>
    <Placemark>
      <name>ALPR</name>
      <description>OSM node: https://www.openstreetmap.org/node/13618324801
Manufacturer: Flock Safety
Direction: 214
Zone: traffic
Camera type: fixed</description>
      <Point>
        <coordinates>-83.1341479,29.340956,0</coordinates>
      </Point>
    </Placemark>
    <Placemark>
      <name>ALPR</name>
      <description>OSM node: https://www.openstreetmap.org/node/13618573101
Manufacturer: Flock Safety
Direction: 49
Zone: traffic
Camera type: fixed</description>
      <Point>
        <coordinates>-81.6259999,30.4701821,0</coordinates>
      </Point>
    </Placemark>
    <Placemark>
      <name>ALPR</name>
      <description>OSM node: https://www.openstreetmap.org/node/13618685301
Manufacturer: Flock Safety
Direction: 102
Zone: traffic
Camera type: fixed</description>
      <Point>
        <coordinates>-82.7127783,28.2804954,0</coordinates>
      </Point>
    </Placemark>
    <Placemark>
      <name>ALPR</name>
      <description>OSM node: https://www.openstreetmap.org/node/13618961901
Manufacturer: Flock Safety
Direction: 213
Zone: traffic
Camera type: fixed</description>
      <Point>
        <coordinates>-81.2679288,29.5560767,0</coordinates>
      </Point>
    </Placemark>
    <Placemark>
      <name>ALPR</name>
      <description>OSM node: https://www.openstreetmap.org/node/13620305461
Manufacturer: Flock Safety
Direction: 330;150
Zone: traffic
Camera type: fixed</description>
      <Point>
        <coordinates>-81.2630165,28.8994994,0</coordinates>
      </Point>
    </Placemark>
    <Placemark>
      <name>ALPR</name>
      <description>OSM node: https://www.openstreetmap.org/node/13620395744
Manufacturer: Flock Safety
Zone: traffic</description>
      <Point>
        <coordinates>-82.4432953,28.1311757,0</coordinates>
      </Point>
    </Placemark>
    <Placemark>
      <name>ALPR</name>
      <description>OSM node: https://www.openstreetmap.org/node/13620558901
Manufacturer: Flock Safety
Direction: 164
Zone: traffic
Camera type: fixed</description>
      <Point>
        <coordinates>-81.5464271,28.6838966,0</coordinates>
      </Point>
    </Placemark>
    <Placemark>
      <name>ALPR</name>
      <description>OSM node: https://www.openstreetmap.org/node/13621017701
Manufacturer: Flock Safety
Direction: 156
Zone: traffic
Camera type: fixed</description>
      <Point>
        <coordinates>-80.1645573,26.0347288,0</coordinates>
      </Point>
    </Placemark>
    <Placemark>
      <name>ALPR</name>
      <description>OSM node: https://www.openstreetmap.org/node/13621038201
Manufacturer: Flock Safety
Direction: 167
Zone: traffic
Camera type: fixed</description>
      <Point>
        <coordinates>-81.6300806,30.4752533,0</coordinates>
      </Point>
    </Placemark>
    <Placemark>
      <name>ALPR</name>
      <description>OSM node: https://www.openstreetmap.org/node/13621219602
Manufacturer: Flock Safety
Direction: 22
Zone: traffic
Camera type: fixed</description>
      <Point>
        <coordinates>-81.4179082,30.2879124,0</coordinates>
      </Point>
    </Placemark>
    <Placemark>
      <name>ALPR</name>
      <description>OSM node: https://www.openstreetmap.org/node/13621436731
Manufacturer: Flock Safety
Direction: 95
Zone: traffic
Camera type: fixed</description>
      <Point>
        <coordinates>-81.7738082,27.9755954,0</coordinates>
      </Point>
    </Placemark>
    <Placemark>
      <name>ALPR</name>
      <description>OSM node: https://www.openstreetmap.org/node/13621486999
Manufacturer: Flock Safety
Direction: 75
Zone: traffic
Camera type: fixed</description>
      <Point>
        <coordinates>-81.5523312,28.0773403,0</coordinates>
      </Point>
    </Placemark>
    <Placemark>
      <name>ALPR</name>
      <description>OSM node: https://www.openstreetmap.org/node/13621569601
Manufacturer: Flock Safety
Direction: 297;108
Zone: traffic
Camera type: fixed</description>
      <Point>
        <coordinates>-80.0984529,26.6916649,0</coordinates>
      </Point>
    </Placemark>
    <Placemark>
      <name>ALPR</name>
      <description>OSM node: https://www.openstreetmap.org/node/13621669101
Manufacturer: Flock Safety
Direction: 150
Zone: traffic
Camera type: fixed</description>
      <Point>
        <coordinates>-81.5423232,28.7539464,0</coordinates>
      </Point>
    </Placemark>
    <Placemark>
      <name>ALPR</name>
      <description>OSM node: https://www.openstreetmap.org/node/13621763101
Manufacturer: Flock Safety
Direction: 290
Zone: traffic
Camera type: fixed</description>
      <Point>
        <coordinates>-81.1871975,28.5702667,0</coordinates>
      </Point>
    </Placemark>
    <Placemark>
      <name>ALPR</name>
      <description>OSM node: https://www.openstreetmap.org/node/13621763102
Manufacturer: Flock Safety
Direction: 0-70
Zone: traffic
Camera type: fixed</description>
      <Point>
        <coordinates>-81.183237,28.5657471,0</coordinates>
      </Point>
    </Placemark>
    <Placemark>
      <name>ALPR</name>
      <description>OSM node: https://www.openstreetmap.org/node/13621764601
Manufacturer: Flock Safety
Direction: 328
Zone: traffic
Camera type: fixed</description>
      <Point>
        <coordinates>-81.182959,28.5657279,0</coordinates>
      </Point>
    </Placemark>
    <Placemark>
      <name>ALPR</name>
      <description>OSM node: https://www.openstreetmap.org/node/13622968101
Manufacturer: Flock Safety
Direction: 335
Zone: traffic
Camera type: fixed</description>
      <Point>
        <coordinates>-82.4138531,27.9816954,0</coordinates>
      </Point>
    </Placemark>
    <Placemark>
      <name>ALPR</name>
      <description>OSM node: https://www.openstreetmap.org/node/13622968102
Manufacturer: Flock Safety
Direction: 307-17
Zone: traffic
Camera type: fixed</description>
      <Point>
        <coordinates>-82.4223256,27.9962113,0</coordinates>
      </Point>
    </Placemark>
    <Placemark>
      <name>ALPR</name>
      <description>OSM node: https://www.openstreetmap.org/node/13623167101
Manufacturer: Flock Safety
Direction: 258
Zone: traffic
Camera type: fixed</description>
      <Point>
        <coordinates>-80.243813,27.0442695,0</coordinates>
      </Point>
    </Placemark>
    <Placemark>
      <name>ALPR</name>
      <description>OSM node: https://www.openstreetmap.org/node/13623684101
Manufacturer: Flock Safety
Direction: 0
Zone: traffic
Camera type: fixed</description>
      <Point>
        <coordinates>-82.3186629,27.9855474,0</coordinates>
      </Point>
    </Placemark>
    <Placemark>
      <name>ALPR</name>
      <description>OSM node: https://www.openstreetmap.org/node/13623704501
Manufacturer: Flock Safety
Direction: 0
Zone: traffic
Camera type: fixed</description>
      <Point>
        <coordinates>-81.4031206,29.9185656,0</coordinates>
      </Point>
    </Placemark>
    <Placemark>
      <name>ALPR</name>
      <description>OSM node: https://www.openstreetmap.org/node/13623718601
Manufacturer: Flock Safety
Direction: 203
Zone: traffic
Camera type: fixed</description>
      <Point>
        <coordinates>-82.654955,30.1192371,0</coordinates>
      </Point>
    </Placemark>
    <Placemark>
      <name>ALPR</name>
      <description>OSM node: https://www.openstreetmap.org/node/13623730073
Manufacturer: Flock Safety
Direction: 240
Zone: traffic
Camera type: fixed</description>
      <Point>
        <coordinates>-80.1492917,26.1223709,0</coordinates>
      </Point>
    </Placemark>
    <Placemark>
      <name>ALPR</name>
      <description>OSM node: https://www.openstreetmap.org/node/13623730074
Manufacturer: Flock Safety
Direction: 060
Zone: traffic
Camera type: fixed</description>
      <Point>
        <coordinates>-80.1497003,26.1220636,0</coordinates>
      </Point>
    </Placemark>
    <Placemark>
      <name>ALPR</name>
      <description>OSM node: https://www.openstreetmap.org/node/13623825701
Manufacturer: Flock Safety
Direction: 319
Zone: traffic
Camera type: fixed</description>
      <Point>
        <coordinates>-80.0640249,26.5297814,0</coordinates>
      </Point>
    </Placemark>
    <Placemark>
      <name>ALPR</name>
      <description>OSM node: https://www.openstreetmap.org/node/13623826701
Manufacturer: Flock Safety
Direction: 207
Zone: traffic
Camera type: fixed</description>
      <Point>
        <coordinates>-80.0640538,26.530771,0</coordinates>
      </Point>
    </Placemark>
    <Placemark>
      <name>ALPR</name>
      <description>OSM node: https://www.openstreetmap.org/node/13623876602
Manufacturer: Flock Safety
Direction: 264
Zone: traffic
Camera type: fixed</description>
      <Point>
        <coordinates>-80.2460287,26.7062648,0</coordinates>
      </Point>
    </Placemark>
    <Placemark>
      <name>ALPR</name>
      <description>OSM node: https://www.openstreetmap.org/node/13623978301
Manufacturer: Flock Safety
Direction: 0
Zone: traffic
Camera type: fixed</description>
      <Point>
        <coordinates>-81.1826984,28.5666346,0</coordinates>
      </Point>
    </Placemark>
    <Placemark>
      <name>ALPR</name>
      <description>OSM node: https://www.openstreetmap.org/node/13624012001
Manufacturer: Flock Safety
Direction: 146
Zone: traffic
Camera type: fixed</description>
      <Point>
        <coordinates>-86.3092048,30.9930173,0</coordinates>
      </Point>
    </Placemark>
    <Placemark>
      <name>ALPR</name>
      <description>OSM node: https://www.openstreetmap.org/node/13624056601
Manufacturer: Flock Safety
Direction: 280
Zone: traffic
Camera type: fixed</description>
      <Point>
        <coordinates>-80.2849167,25.6896129,0</coordinates>
      </Point>
    </Placemark>
    <Placemark>
      <name>ALPR</name>
      <description>OSM node: https://www.openstreetmap.org/node/13624130489
Manufacturer: Motorola Solutions
Direction: 330
Zone: traffic
Camera type: fixed</description>
      <Point>
        <coordinates>-81.4425044,28.4237221,0</coordinates>
      </Point>
    </Placemark>
    <Placemark>
      <name>ALPR</name>
      <description>OSM node: https://www.openstreetmap.org/node/13624162221
Manufacturer: Flock Safety
Direction: 325
Zone: traffic
Camera type: fixed</description>
      <Point>
        <coordinates>-81.4700355,28.4295969,0</coordinates>
      </Point>
    </Placemark>
    <Placemark>
      <name>ALPR</name>
      <description>OSM node: https://www.openstreetmap.org/node/13624162222
Manufacturer: Flock Safety
Direction: 335
Zone: traffic
Camera type: fixed</description>
      <Point>
        <coordinates>-81.4721358,28.4356814,0</coordinates>
      </Point>
    </Placemark>
    <Placemark>
      <name>ALPR</name>
      <description>OSM node: https://www.openstreetmap.org/node/13624162223
Manufacturer: Motorola Solutions
Direction: 320
Zone: traffic
Camera type: fixed</description>
      <Point>
        <coordinates>-81.4705429,28.4447476,0</coordinates>
      </Point>
    </Placemark>
    <Placemark>
      <name>ALPR</name>
      <description>OSM node: https://www.openstreetmap.org/node/13625013702
Manufacturer: Flock Safety
Direction: 334
Zone: traffic
Camera type: fixed</description>
      <Point>
        <coordinates>-81.4131393,30.3415665,0</coordinates>
      </Point>
    </Placemark>
    <Placemark>
      <name>ALPR</name>
      <description>OSM node: https://www.openstreetmap.org/node/13625360202
Manufacturer: Flock Safety
Direction: 326
Zone: traffic
Camera type: fixed</description>
      <Point>
        <coordinates>-81.0663756,29.2360035,0</coordinates>
      </Point>
    </Placemark>
    <Placemark>
      <name>ALPR</name>
      <description>OSM node: https://www.openstreetmap.org/node/13625440201
Manufacturer: Flock Safety
Direction: 327
Zone: traffic
Camera type: fixed</description>
      <Point>
        <coordinates>-80.0586326,26.8979726,0</coordinates>
      </Point>
    </Placemark>
    <Placemark>
      <name>ALPR</name>
      <description>OSM node: https://www.openstreetmap.org/node/13625443501
Manufacturer: Flock Safety
Direction: 49
Zone: traffic
Camera type: fixed</description>
      <Point>
        <coordinates>-80.9942896,29.0123925,0</coordinates>
      </Point>
    </Placemark>
    <Placemark>
      <name>ALPR</name>
      <description>OSM node: https://www.openstreetmap.org/node/13625562801
Manufacturer: Flock Safety
Direction: 325
Zone: traffic
Camera type: fixed</description>
      <Point>
        <coordinates>-81.8939926,27.3371954,0</coordinates>
      </Point>
    </Placemark>
    <Placemark>
      <name>ALPR</name>
      <description>OSM node: https://www.openstreetmap.org/node/13625596801
Manufacturer: Flock Safety
Direction: 155
Zone: traffic
Camera type: fixed</description>
      <Point>
        <coordinates>-81.9490184,27.6462123,0</coordinates>
      </Point>
    </Placemark>
    <Placemark>
      <name>ALPR</name>
      <description>OSM node: https://www.openstreetmap.org/node/13625630802
Manufacturer: Flock Safety
Direction: 78
Zone: traffic
Camera type: fixed</description>
      <Point>
        <coordinates>-82.7893982,30.1612744,0</coordinates>
      </Point>
    </Placemark>
    <Placemark>
      <name>ALPR</name>
      <description>OSM node: https://www.openstreetmap.org/node/13625801801
Manufacturer: Flock Safety
Direction: 40
Zone: traffic
Camera type: fixed</description>
      <Point>
        <coordinates>-81.016898,29.2319431,0</coordinates>
      </Point>
    </Placemark>
    <Placemark>
      <name>ALPR</name>
      <description>OSM node: https://www.openstreetmap.org/node/13625824130
Manufacturer: Flock Safety
Direction: 90;92
Zone: traffic
Camera type: fixed</description>
      <Point>
        <coordinates>-82.7460815,27.9604194,0</coordinates>
      </Point>
    </Placemark>
    <Placemark>
      <name>ALPR</name>
      <description>OSM node: https://www.openstreetmap.org/node/13625824131
Manufacturer: Flock Safety
Direction: 0
Zone: traffic
Camera type: fixed</description>
      <Point>
        <coordinates>-82.7460827,27.9606359,0</coordinates>
      </Point>
    </Placemark>
    <Placemark>
      <name>ALPR</name>
      <description>OSM node: https://www.openstreetmap.org/node/13625824132
Manufacturer: Flock Safety
Direction: 270
Zone: traffic
Camera type: fixed</description>
      <Point>
        <coordinates>-82.7461807,27.9606369,0</coordinates>
      </Point>
    </Placemark>
    <Placemark>
      <name>ALPR</name>
      <description>OSM node: https://www.openstreetmap.org/node/13625824133
Manufacturer: Flock Safety
Direction: 180
Zone: traffic
Camera type: fixed</description>
      <Point>
        <coordinates>-82.7461772,27.9604255,0</coordinates>
      </Point>
    </Placemark>
    <Placemark>
      <name>ALPR</name>
      <description>OSM node: https://www.openstreetmap.org/node/13625948901
Manufacturer: Flock Safety
Direction: 167
Zone: traffic
Camera type: fixed</description>
      <Point>
        <coordinates>-80.1268108,26.8090757,0</coordinates>
      </Point>
    </Placemark>
    <Placemark>
      <name>ALPR</name>
      <description>OSM node: https://www.openstreetmap.org/node/13626100501
Manufacturer: Flock Safety
Direction: 346
Zone: traffic
Camera type: fixed</description>
      <Point>
        <coordinates>-80.0552798,26.8049496,0</coordinates>
      </Point>
    </Placemark>
    <Placemark>
      <name>ALPR</name>
      <description>OSM node: https://www.openstreetmap.org/node/13626111801
Manufacturer: Flock Safety
Direction: 119;239
Zone: traffic
Camera type: fixed</description>
      <Point>
        <coordinates>-80.0687459,26.8176539,0</coordinates>
      </Point>
    </Placemark>
    <Placemark>
      <name>ALPR</name>
      <description>OSM node: https://www.openstreetmap.org/node/13626114701
Manufacturer: Flock Safety
Direction: 300;82
Zone: traffic
Camera type: fixed</description>
      <Point>
        <coordinates>-80.0813107,26.8190746,0</coordinates>
      </Point>
    </Placemark>
    <Placemark>
      <name>ALPR</name>
      <description>OSM node: https://www.openstreetmap.org/node/13626120201
Manufacturer: Flock Safety
Direction: 175
Zone: traffic
Camera type: fixed</description>
      <Point>
        <coordinates>-80.0727897,26.8329896,0</coordinates>
      </Point>
    </Placemark>
    <Placemark>
      <name>ALPR</name>
      <description>OSM node: https://www.openstreetmap.org/node/13626122101
Manufacturer: Flock Safety
Direction: 347
Zone: traffic
Camera type: fixed</description>
      <Point>
        <coordinates>-80.0736295,26.8083598,0</coordinates>
      </Point>
    </Placemark>
    <Placemark>
      <name>ALPR</name>
      <description>OSM node: https://www.openstreetmap.org/node/13626126001
Manufacturer: Flock Safety
Direction: 167
Zone: traffic
Camera type: fixed</description>
      <Point>
        <coordinates>-80.0553304,26.8027185,0</coordinates>
      </Point>
    </Placemark>
    <Placemark>
      <name>ALPR</name>
      <description>OSM node: https://www.openstreetmap.org/node/13626128201
Manufacturer: Flock Safety
Direction: 344
Zone: traffic
Camera type: fixed</description>
      <Point>
        <coordinates>-80.0540593,26.7930683,0</coordinates>
      </Point>
    </Placemark>
    <Placemark>
      <name>ALPR</name>
      <description>OSM node: https://www.openstreetmap.org/node/13626165201
Manufacturer: Flock Safety
Direction: 337
Zone: traffic
Camera type: fixed</description>
      <Point>
        <coordinates>-81.4421289,28.4722934,0</coordinates>
      </Point>
    </Placemark>
    <Placemark>
      <name>ALPR</name>
      <description>OSM node: https://www.openstreetmap.org/node/13626165702
Manufacturer: Flock Safety
Direction: 327
Zone: traffic
Camera type: fixed</description>
      <Point>
        <coordinates>-81.4360592,28.5088159,0</coordinates>
      </Point>
    </Placemark>
    <Placemark>
      <name>ALPR</name>
      <description>OSM node: https://www.openstreetmap.org/node/13626165703
Manufacturer: Flock Safety
Direction: 340
Zone: traffic
Camera type: fixed</description>
      <Point>
        <coordinates>-81.4258109,28.5099111,0</coordinates>
      </Point>
    </Placemark>
    <Placemark>
      <name>ALPR</name>
      <description>OSM node: https://www.openstreetmap.org/node/13626166301
Manufacturer: Flock Safety
Direction: 59
Zone: traffic
Camera type: fixed</description>
      <Point>
        <coordinates>-81.4582651,28.5045411,0</coordinates>
      </Point>
    </Placemark>
    <Placemark>
      <name>ALPR</name>
      <description>OSM node: https://www.openstreetmap.org/node/13626166302
Manufacturer: Flock Safety
Direction: 62
Zone: traffic
Camera type: fixed</description>
      <Point>
        <coordinates>-81.413263,28.5318365,0</coordinates>
      </Point>
    </Placemark>
    <Placemark>
      <name>ALPR</name>
      <description>OSM node: https://www.openstreetmap.org/node/13626168801
Manufacturer: Flock Safety
Direction: 265
Zone: traffic
Camera type: fixed</description>
      <Point>
        <coordinates>-81.3107054,28.3838862,0</coordinates>
      </Point>
    </Placemark>
    <Placemark>
      <name>ALPR</name>
      <description>OSM node: https://www.openstreetmap.org/node/13626169701
Manufacturer: Flock Safety
Direction: 173
Zone: traffic
Camera type: fixed</description>
      <Point>
        <coordinates>-81.3654351,28.4447941,0</coordinates>
      </Point>
    </Placemark>
    <Placemark>
      <name>ALPR</name>
      <description>OSM node: https://www.openstreetmap.org/node/13626169801
Manufacturer: Flock Safety
Direction: 247
Zone: traffic
Camera type: fixed</description>
      <Point>
        <coordinates>-81.3776298,28.5203118,0</coordinates>
      </Point>
    </Placemark>
    <Placemark>
      <name>ALPR</name>
      <description>OSM node: https://www.openstreetmap.org/node/13626170101
Manufacturer: Flock Safety
Direction: 68
Zone: traffic
Camera type: fixed</description>
      <Point>
        <coordinates>-81.382892,28.5200642,0</coordinates>
      </Point>
    </Placemark>
    <Placemark>
      <name>ALPR</name>
      <description>OSM node: https://www.openstreetmap.org/node/13626170102
Manufacturer: Flock Safety
Direction: 163
Zone: traffic
Camera type: fixed</description>
      <Point>
        <coordinates>-81.4347303,28.5466238,0</coordinates>
      </Point>
    </Placemark>
    <Placemark>
      <name>ALPR</name>
      <description>OSM node: https://www.openstreetmap.org/node/13626171701
Manufacturer: Flock Safety
Direction: 56
Zone: traffic
Camera type: fixed</description>
      <Point>
        <coordinates>-81.4588727,28.5278952,0</coordinates>
      </Point>
    </Placemark>
    <Placemark>
      <name>ALPR</name>
      <description>OSM node: https://www.openstreetmap.org/node/13626172701
Manufacturer: Flock Safety
Direction: 107
Zone: traffic
Camera type: fixed</description>
      <Point>
        <coordinates>-81.4308689,28.4916922,0</coordinates>
      </Point>
    </Placemark>
    <Placemark>
      <name>ALPR</name>
      <description>OSM node: https://www.openstreetmap.org/node/13626174201
Manufacturer: Flock Safety
Direction: 161
Zone: traffic
Camera type: fixed</description>
      <Point>
        <coordinates>-81.2534279,28.5679244,0</coordinates>
      </Point>
    </Placemark>
    <Placemark>
      <name>ALPR</name>
      <description>OSM node: https://www.openstreetmap.org/node/13626174202
Manufacturer: Flock Safety
Direction: 312
Zone: traffic
Camera type: fixed</description>
      <Point>
        <coordinates>-81.5042891,28.6460908,0</coordinates>
      </Point>
    </Placemark>
    <Placemark>
      <name>ALPR</name>
      <description>OSM node: https://www.openstreetmap.org/node/13626174203
Manufacturer: Flock Safety
Direction: 252
Zone: traffic
Camera type: fixed</description>
      <Point>
        <coordinates>-81.4937693,28.6621116,0</coordinates>
      </Point>
    </Placemark>
    <Placemark>
      <name>ALPR</name>
      <description>OSM node: https://www.openstreetmap.org/node/13626174601
Manufacturer: Flock Safety
Direction: 169
Zone: traffic
Camera type: fixed</description>
      <Point>
        <coordinates>-81.2449344,28.5644362,0</coordinates>
      </Point>
    </Placemark>
    <Placemark>
      <name>ALPR</name>
      <description>OSM node: https://www.openstreetmap.org/node/13626174602
Manufacturer: Flock Safety
Direction: 167
Zone: traffic
Camera type: fixed</description>
      <Point>
        <coordinates>-81.5094791,28.6679248,0</coordinates>
      </Point>
    </Placemark>
    <Placemark>
      <name>ALPR</name>
      <description>OSM node: https://www.openstreetmap.org/node/13626178601
Manufacturer: Flock Safety
Direction: 169
Zone: traffic
Camera type: fixed</description>
      <Point>
        <coordinates>-81.5115382,28.6667837,0</coordinates>
      </Point>
    </Placemark>
    <Placemark>
      <name>ALPR</name>
      <description>OSM node: https://www.openstreetmap.org/node/13626178801
Manufacturer: Flock Safety
Direction: 345
Zone: traffic
Camera type: fixed</description>
      <Point>
        <coordinates>-81.5177324,28.6700959,0</coordinates>
      </Point>
    </Placemark>
    <Placemark>
      <name>ALPR</name>
      <description>OSM node: https://www.openstreetmap.org/node/13626178802
Manufacturer: Flock Safety
Direction: 323
Zone: traffic
Camera type: fixed</description>
      <Point>
        <coordinates>-80.8262832,28.5368777,0</coordinates>
      </Point>
    </Placemark>
    <Placemark>
      <name>ALPR</name>
      <description>OSM node: https://www.openstreetmap.org/node/13626183301
Manufacturer: Flock Safety
Direction: 47
Zone: traffic
Camera type: fixed</description>
      <Point>
        <coordinates>-80.8507702,28.5518221,0</coordinates>
      </Point>
    </Placemark>
    <Placemark>
      <name>ALPR</name>
      <description>OSM node: https://www.openstreetmap.org/node/13626183302
Manufacturer: Flock Safety
Direction: 9
Zone: traffic
Camera type: fixed</description>
      <Point>
        <coordinates>-80.8077263,28.6010076,0</coordinates>
      </Point>
    </Placemark>
    <Placemark>
      <name>ALPR</name>
      <description>OSM node: https://www.openstreetmap.org/node/13626184901
Manufacturer: Flock Safety
Direction: 0
Zone: traffic
Camera type: fixed</description>
      <Point>
        <coordinates>-80.8469325,28.585658,0</coordinates>
      </Point>
    </Placemark>
    <Placemark>
      <name>ALPR</name>
      <description>OSM node: https://www.openstreetmap.org/node/13626184903
Manufacturer: Flock Safety
Direction: 330;175
Zone: traffic
Camera type: fixed</description>
      <Point>
        <coordinates>-80.8012,28.5588337,0</coordinates>
      </Point>
    </Placemark>
    <Placemark>
      <name>ALPR</name>
      <description>OSM node: https://www.openstreetmap.org/node/13626816501
Manufacturer: Flock Safety
Direction: 79
Zone: traffic
Camera type: fixed</description>
      <Point>
        <coordinates>-80.1217584,26.9526192,0</coordinates>
      </Point>
    </Placemark>
    <Placemark>
      <name>ALPR</name>
      <description>OSM node: https://www.openstreetmap.org/node/13627027301
Manufacturer: Flock Safety
Direction: 240
Zone: traffic
Camera type: fixed</description>
      <Point>
        <coordinates>-80.4008389,25.6846592,0</coordinates>
      </Point>
    </Placemark>
    <Placemark>
      <name>ALPR</name>
      <description>OSM node: https://www.openstreetmap.org/node/13627033402
Manufacturer: Flock Safety
Direction: 70
Zone: traffic
Camera type: fixed</description>
      <Point>
        <coordinates>-80.2071556,26.0099311,0</coordinates>
      </Point>
    </Placemark>
    <Placemark>
      <name>ALPR</name>
      <description>OSM node: https://www.openstreetmap.org/node/13627100301
Manufacturer: Flock Safety
Direction: 210-280
Zone: traffic
Camera type: fixed</description>
      <Point>
        <coordinates>-82.6581682,29.8218454,0</coordinates>
      </Point>
    </Placemark>
    <Placemark>
      <name>ALPR</name>
      <description>OSM node: https://www.openstreetmap.org/node/13627158201
Manufacturer: Flock Safety
Direction: 80
Zone: traffic
Camera type: fixed</description>
      <Point>
        <coordinates>-80.2466459,26.7060522,0</coordinates>
      </Point>
    </Placemark>
    <Placemark>
      <name>ALPR</name>
      <description>OSM node: https://www.openstreetmap.org/node/13627643402
Manufacturer: Flock Safety
Direction: 64
Zone: traffic
Camera type: fixed</description>
      <Point>
        <coordinates>-80.3128795,26.0875459,0</coordinates>
      </Point>
    </Placemark>
    <Placemark>
      <name>ALPR</name>
      <description>OSM node: https://www.openstreetmap.org/node/13627723242
Manufacturer: Flock Safety
Direction: 245
Zone: traffic
Camera type: fixed</description>
      <Point>
        <coordinates>-82.4332596,29.660453,0</coordinates>
      </Point>
    </Placemark>
    <Placemark>
      <name>ALPR</name>
      <description>OSM node: https://www.openstreetmap.org/node/13628225501
Manufacturer: Flock Safety
Direction: 350
Zone: traffic
Camera type: fixed</description>
      <Point>
        <coordinates>-80.0754185,26.6283543,0</coordinates>
      </Point>
    </Placemark>
    <Placemark>
      <name>ALPR</name>
      <description>OSM node: https://www.openstreetmap.org/node/13628457708
Manufacturer: Flock Safety
Direction: 150
Zone: traffic
Camera type: fixed</description>
      <Point>
        <coordinates>-81.5187033,30.2806107,0</coordinates>
      </Point>
    </Placemark>
    <Placemark>
      <name>ALPR</name>
      <description>OSM node: https://www.openstreetmap.org/node/13628458098
Manufacturer: Flock Safety
Direction: 330
Zone: traffic
Camera type: fixed</description>
      <Point>
        <coordinates>-81.5184628,30.280632,0</coordinates>
      </Point>
    </Placemark>
    <Placemark>
      <name>ALPR</name>
      <description>OSM node: https://www.openstreetmap.org/node/13628511431
Manufacturer: Flock Safety
Camera type: fixed</description>
      <Point>
        <coordinates>-82.3570947,28.2481099,0</coordinates>
      </Point>
    </Placemark>
    <Placemark>
      <name>ALPR</name>
      <description>OSM node: https://www.openstreetmap.org/node/13628511432
Manufacturer: Flock Safety
Camera type: fixed</description>
      <Point>
        <coordinates>-82.356829,28.24809,0</coordinates>
      </Point>
    </Placemark>
    <Placemark>
      <name>ALPR</name>
      <description>OSM node: https://www.openstreetmap.org/node/13628511433
Manufacturer: Flock Safety
Camera type: fixed</description>
      <Point>
        <coordinates>-82.3583235,28.2490664,0</coordinates>
      </Point>
    </Placemark>
    <Placemark>
      <name>ALPR</name>
      <description>OSM node: https://www.openstreetmap.org/node/13628511434
Manufacturer: Flock Safety
Camera type: fixed</description>
      <Point>
        <coordinates>-82.3581231,28.2489499,0</coordinates>
      </Point>
    </Placemark>
    <Placemark>
      <name>ALPR</name>
      <description>OSM node: https://www.openstreetmap.org/node/13628520601
Manufacturer: Flock Safety
Direction: 237
Zone: traffic
Camera type: fixed</description>
      <Point>
        <coordinates>-82.3776299,27.7125874,0</coordinates>
      </Point>
    </Placemark>
    <Placemark>
      <name>ALPR</name>
      <description>OSM node: https://www.openstreetmap.org/node/13628543801
Manufacturer: Genetec
Direction: 81;276
Zone: traffic
Camera type: fixed</description>
      <Point>
        <coordinates>-80.0659156,26.6553035,0</coordinates>
      </Point>
    </Placemark>
    <Placemark>
      <name>ALPR</name>
      <description>OSM node: https://www.openstreetmap.org/node/13628657001
Manufacturer: Flock Safety
Direction: 81
Zone: traffic
Camera type: fixed</description>
      <Point>
        <coordinates>-84.2270731,30.5416092,0</coordinates>
      </Point>
    </Placemark>
    <Placemark>
      <name>ALPR</name>
      <description>OSM node: https://www.openstreetmap.org/node/13628657003
Manufacturer: Flock Safety
Direction: 214
Zone: traffic
Camera type: fixed</description>
      <Point>
        <coordinates>-82.7146856,27.6455752,0</coordinates>
      </Point>
    </Placemark>
    <Placemark>
      <name>ALPR</name>
      <description>OSM node: https://www.openstreetmap.org/node/13628665201
Manufacturer: Flock Safety
Direction: 14
Zone: traffic
Camera type: fixed</description>
      <Point>
        <coordinates>-82.7150375,27.6457364,0</coordinates>
      </Point>
    </Placemark>
    <Placemark>
      <name>ALPR</name>
      <description>OSM node: https://www.openstreetmap.org/node/13628671201
Manufacturer: Flock Safety
Direction: 236
Zone: traffic
Camera type: fixed</description>
      <Point>
        <coordinates>-84.2219905,30.5404192,0</coordinates>
      </Point>
    </Placemark>
    <Placemark>
      <name>ALPR</name>
      <description>OSM node: https://www.openstreetmap.org/node/13628823001
Manufacturer: Flock Safety
Direction: 174
Zone: traffic
Camera type: fixed</description>
      <Point>
        <coordinates>-85.8880913,30.2298753,0</coordinates>
      </Point>
    </Placemark>
    <Placemark>
      <name>ALPR</name>
      <description>OSM node: https://www.openstreetmap.org/node/13629921646
Manufacturer: Rekor
Direction: 030;160
Zone: traffic
Camera type: fixed</description>
      <Point>
        <coordinates>-80.1893182,26.1503766,0</coordinates>
      </Point>
    </Placemark>
    <Placemark>
      <name>ALPR</name>
      <description>OSM node: https://www.openstreetmap.org/node/13630153851
Manufacturer: Flock Safety
Direction: 123
Zone: traffic
Camera type: fixed</description>
      <Point>
        <coordinates>-80.6387977,27.9977206,0</coordinates>
      </Point>
    </Placemark>
    <Placemark>
      <name>ALPR</name>
      <description>OSM node: https://www.openstreetmap.org/node/13630153852
Manufacturer: Flock Safety
Direction: 31
Zone: traffic
Camera type: fixed</description>
      <Point>
        <coordinates>-80.5753124,28.0239932,0</coordinates>
      </Point>
    </Placemark>
    <Placemark>
      <name>ALPR</name>
      <description>OSM node: https://www.openstreetmap.org/node/13630537901
Manufacturer: Flock Safety
Direction: 173
Zone: traffic
Camera type: fixed</description>
      <Point>
        <coordinates>-81.5458026,28.616046,0</coordinates>
      </Point>
    </Placemark>
    <Placemark>
      <name>ALPR</name>
      <description>OSM node: https://www.openstreetmap.org/node/13631091885
Manufacturer: Motorola Solutions
Direction: 240
Zone: traffic
Camera type: fixed</description>
      <Point>
        <coordinates>-80.144147,26.059341,0</coordinates>
      </Point>
    </Placemark>
    <Placemark>
      <name>ALPR</name>
      <description>OSM node: https://www.openstreetmap.org/node/13631091886
Manufacturer: Flock Safety
Direction: 000
Zone: traffic
Camera type: fixed</description>
      <Point>
        <coordinates>-80.0629703,26.4919504,0</coordinates>
      </Point>
    </Placemark>
    <Placemark>
      <name>ALPR</name>
      <description>OSM node: https://www.openstreetmap.org/node/13631091887
Manufacturer: Flock Safety
Direction: 170
Zone: traffic
Camera type: fixed</description>
      <Point>
        <coordinates>-80.0626924,26.4936643,0</coordinates>
      </Point>
    </Placemark>
    <Placemark>
      <name>ALPR</name>
      <description>OSM node: https://www.openstreetmap.org/node/13631247801
Manufacturer: Motorola Solutions
Direction: 17;173
Zone: traffic
Camera type: fixed</description>
      <Point>
        <coordinates>-80.3953726,26.0301062,0</coordinates>
      </Point>
    </Placemark>
    <Placemark>
      <name>ALPR</name>
      <description>OSM node: https://www.openstreetmap.org/node/13631275502
Manufacturer: Flock Safety
Direction: 23
Zone: traffic
Camera type: fixed</description>
      <Point>
        <coordinates>-82.1667924,28.0077938,0</coordinates>
      </Point>
    </Placemark>
    <Placemark>
      <name>ALPR</name>
      <description>OSM node: https://www.openstreetmap.org/node/13631294301
Manufacturer: Motorola Solutions
Direction: 343;319
Zone: traffic
Camera type: fixed</description>
      <Point>
        <coordinates>-80.0897972,26.4992179,0</coordinates>
      </Point>
    </Placemark>
    <Placemark>
      <name>ALPR</name>
      <description>OSM node: https://www.openstreetmap.org/node/13631294302
Manufacturer: Motorola Solutions
Direction: 161;122
Zone: traffic
Camera type: fixed</description>
      <Point>
        <coordinates>-80.0901933,26.5012196,0</coordinates>
      </Point>
    </Placemark>
    <Placemark>
      <name>ALPR</name>
      <description>OSM node: https://www.openstreetmap.org/node/13631294303
Manufacturer: Motorola Solutions
Direction: 0;161
Zone: traffic
Camera type: fixed</description>
      <Point>
        <coordinates>-80.396697,26.060889,0</coordinates>
      </Point>
    </Placemark>
    <Placemark>
      <name>ALPR</name>
      <description>OSM node: https://www.openstreetmap.org/node/13631299301
Manufacturer: Motorola Solutions
Direction: 0
Zone: traffic
Camera type: fixed</description>
      <Point>
        <coordinates>-80.393592,26.062523,0</coordinates>
      </Point>
    </Placemark>
    <Placemark>
      <name>Volusia County Sheriff's Office ALPR</name>
      <description>OSM node: https://www.openstreetmap.org/node/13631329721
Operator: Volusia County Sheriff's Office
Manufacturer: Flock Safety
Direction: 90;270
Zone: traffic</description>
      <Point>
        <coordinates>-81.2831884,28.8902779,0</coordinates>
      </Point>
    </Placemark>
    <Placemark>
      <name>ALPR</name>
      <description>OSM node: https://www.openstreetmap.org/node/13632850001
Manufacturer: Flock Safety
Direction: 255
Zone: traffic
Camera type: fixed</description>
      <Point>
        <coordinates>-82.4830991,27.9448134,0</coordinates>
      </Point>
    </Placemark>
    <Placemark>
      <name>ALPR</name>
      <description>OSM node: https://www.openstreetmap.org/node/13633027602
Manufacturer: Motorola Solutions
Direction: 54
Zone: traffic
Camera type: fixed</description>
      <Point>
        <coordinates>-81.3545741,28.6442715,0</coordinates>
      </Point>
    </Placemark>
    <Placemark>
      <name>ALPR</name>
      <description>OSM node: https://www.openstreetmap.org/node/13633984901
Manufacturer: Flock Safety
Direction: 225
Zone: traffic
Camera type: fixed</description>
      <Point>
        <coordinates>-82.6900171,30.1799975,0</coordinates>
      </Point>
    </Placemark>
    <Placemark>
      <name>ALPR</name>
      <description>OSM node: https://www.openstreetmap.org/node/13634567601
Manufacturer: Flock Safety
Direction: 231
Zone: traffic
Camera type: fixed</description>
      <Point>
        <coordinates>-84.5531376,30.5926678,0</coordinates>
      </Point>
    </Placemark>
    <Placemark>
      <name>ALPR</name>
      <description>OSM node: https://www.openstreetmap.org/node/13635196301
Manufacturer: Flock Safety
Direction: 23
Zone: traffic
Camera type: fixed</description>
      <Point>
        <coordinates>-80.8293514,28.515006,0</coordinates>
      </Point>
    </Placemark>
    <Placemark>
      <name>ALPR</name>
      <description>OSM node: https://www.openstreetmap.org/node/13635271701
Manufacturer: Flock Safety
Direction: 176
Zone: traffic
Camera type: fixed</description>
      <Point>
        <coordinates>-82.1050151,28.0350517,0</coordinates>
      </Point>
    </Placemark>
    <Placemark>
      <name>ALPR</name>
      <description>OSM node: https://www.openstreetmap.org/node/13635399801
Manufacturer: Flock Safety
Direction: 18
Zone: traffic
Camera type: fixed</description>
      <Point>
        <coordinates>-81.0099347,29.2207548,0</coordinates>
      </Point>
    </Placemark>
    <Placemark>
      <name>ALPR</name>
      <description>OSM node: https://www.openstreetmap.org/node/13636469501
Manufacturer: Flock Safety
Direction: 321
Zone: traffic
Camera type: fixed</description>
      <Point>
        <coordinates>-80.7932289,28.5399204,0</coordinates>
      </Point>
    </Placemark>
    <Placemark>
      <name>ALPR</name>
      <description>OSM node: https://www.openstreetmap.org/node/13637495301
Manufacturer: Flock Safety
Direction: 200
Camera type: fixed</description>
      <Point>
        <coordinates>-82.7503489,28.1727526,0</coordinates>
      </Point>
    </Placemark>
    <Placemark>
      <name>Pasco Sheriff’s Office ALPR</name>
      <description>OSM node: https://www.openstreetmap.org/node/13637495302
Operator: Pasco Sheriff’s Office
Manufacturer: Flock Safety
Direction: 15
Camera type: fixed</description>
      <Point>
        <coordinates>-82.7474144,28.1752151,0</coordinates>
      </Point>
    </Placemark>
    <Placemark>
      <name>ALPR</name>
      <description>OSM node: https://www.openstreetmap.org/node/13638629771
Manufacturer: Flock Safety
Direction: 275
Zone: traffic
Camera type: fixed</description>
      <Point>
        <coordinates>-81.3796757,28.286316,0</coordinates>
      </Point>
    </Placemark>
    <Placemark>
      <name>ALPR</name>
      <description>OSM node: https://www.openstreetmap.org/node/13639222602
Manufacturer: Flock Safety
Direction: 359
Zone: traffic
Camera type: fixed</description>
      <Point>
        <coordinates>-80.1161612,26.707311,0</coordinates>
      </Point>
    </Placemark>
    <Placemark>
      <name>ALPR</name>
      <description>OSM node: https://www.openstreetmap.org/node/13639222603
Manufacturer: Flock Safety
Direction: 341
Zone: traffic
Camera type: fixed</description>
      <Point>
        <coordinates>-80.1135333,26.7072445,0</coordinates>
      </Point>
    </Placemark>
    <Placemark>
      <name>ALPR</name>
      <description>OSM node: https://www.openstreetmap.org/node/13639224801
Manufacturer: Flock Safety
Direction: 93
Zone: traffic
Camera type: fixed</description>
      <Point>
        <coordinates>-80.086776,26.6925179,0</coordinates>
      </Point>
    </Placemark>
    <Placemark>
      <name>ALPR</name>
      <description>OSM node: https://www.openstreetmap.org/node/13639224901
Manufacturer: Flock Safety
Direction: 97
Zone: traffic
Camera type: fixed</description>
      <Point>
        <coordinates>-80.0867419,26.6929817,0</coordinates>
      </Point>
    </Placemark>
    <Placemark>
      <name>ALPR</name>
      <description>OSM node: https://www.openstreetmap.org/node/13639238301
Manufacturer: Flock Safety
Direction: 359
Zone: traffic
Camera type: fixed</description>
      <Point>
        <coordinates>-80.115115,26.7072947,0</coordinates>
      </Point>
    </Placemark>
    <Placemark>
      <name>ALPR</name>
      <description>OSM node: https://www.openstreetmap.org/node/13639594201
Manufacturer: Flock Safety
Direction: 52
Zone: traffic
Camera type: fixed</description>
      <Point>
        <coordinates>-80.1420384,26.004102,0</coordinates>
      </Point>
    </Placemark>
    <Placemark>
      <name>ALPR</name>
      <description>OSM node: https://www.openstreetmap.org/node/13639595901
Manufacturer: Flock Safety
Direction: 270;154
Zone: traffic
Camera type: fixed</description>
      <Point>
        <coordinates>-80.8159739,28.5318683,0</coordinates>
      </Point>
    </Placemark>
    <Placemark>
      <name>ALPR</name>
      <description>OSM node: https://www.openstreetmap.org/node/13639596001
Manufacturer: Flock Safety
Direction: 149
Zone: traffic
Camera type: fixed</description>
      <Point>
        <coordinates>-80.1595888,26.0324823,0</coordinates>
      </Point>
    </Placemark>
    <Placemark>
      <name>ALPR</name>
      <description>OSM node: https://www.openstreetmap.org/node/13639795802
Manufacturer: Flock Safety
Direction: 0
Zone: traffic
Camera type: fixed</description>
      <Point>
        <coordinates>-81.2191254,28.4278592,0</coordinates>
      </Point>
    </Placemark>
    <Placemark>
      <name>ALPR</name>
      <description>OSM node: https://www.openstreetmap.org/node/13639900781
Direction: 150
Zone: traffic</description>
      <Point>
        <coordinates>-80.4298314,27.6676846,0</coordinates>
      </Point>
    </Placemark>
    <Placemark>
      <name>ALPR</name>
      <description>OSM node: https://www.openstreetmap.org/node/13639906363
Direction: 60
Zone: traffic</description>
      <Point>
        <coordinates>-80.4299623,27.6459152,0</coordinates>
      </Point>
    </Placemark>
    <Placemark>
      <name>ALPR</name>
      <description>OSM node: https://www.openstreetmap.org/node/13639946254
Direction: 55
Zone: traffic</description>
      <Point>
        <coordinates>-80.4294715,27.6678264,0</coordinates>
      </Point>
    </Placemark>
    <Placemark>
      <name>ALPR</name>
      <description>OSM node: https://www.openstreetmap.org/node/13639958918
Direction: 330
Zone: traffic</description>
      <Point>
        <coordinates>-80.4296424,27.6681206,0</coordinates>
      </Point>
    </Placemark>
    <Placemark>
      <name>ALPR</name>
      <description>OSM node: https://www.openstreetmap.org/node/13641131218
Manufacturer: Flock Safety
Direction: 270
Zone: traffic
Camera type: fixed</description>
      <Point>
        <coordinates>-82.699948,27.7556419,0</coordinates>
      </Point>
    </Placemark>
    <Placemark>
      <name>ALPR</name>
      <description>OSM node: https://www.openstreetmap.org/node/13641349601
Manufacturer: Flock Safety
Direction: 244
Zone: traffic
Camera type: fixed</description>
      <Point>
        <coordinates>-82.422595,27.9962191,0</coordinates>
      </Point>
    </Placemark>
    <Placemark>
      <name>ALPR</name>
      <description>OSM node: https://www.openstreetmap.org/node/13641560301
Manufacturer: Motorola Solutions
Direction: 250
Zone: traffic
Camera type: fixed</description>
      <Point>
        <coordinates>-82.1034105,27.0324767,0</coordinates>
      </Point>
    </Placemark>
    <Placemark>
      <name>ALPR</name>
      <description>OSM node: https://www.openstreetmap.org/node/13643541801
Manufacturer: Flock Safety
Direction: 51
Zone: traffic
Camera type: fixed</description>
      <Point>
        <coordinates>-80.1782632,26.0183402,0</coordinates>
      </Point>
    </Placemark>
    <Placemark>
      <name>ALPR</name>
      <description>OSM node: https://www.openstreetmap.org/node/13643543601
Manufacturer: Flock Safety
Direction: 324
Zone: traffic
Camera type: fixed</description>
      <Point>
        <coordinates>-80.1755884,26.0178267,0</coordinates>
      </Point>
    </Placemark>
    <Placemark>
      <name>ALPR</name>
      <description>OSM node: https://www.openstreetmap.org/node/13643799101
Manufacturer: Flock Safety
Direction: 179
Zone: traffic
Camera type: fixed</description>
      <Point>
        <coordinates>-80.2980106,25.6856577,0</coordinates>
      </Point>
    </Placemark>
    <Placemark>
      <name>ALPR</name>
      <description>OSM node: https://www.openstreetmap.org/node/13643806102
Manufacturer: Flock Safety
Direction: 180
Zone: traffic
Camera type: fixed</description>
      <Point>
        <coordinates>-80.298136,25.6889609,0</coordinates>
      </Point>
    </Placemark>
    <Placemark>
      <name>ALPR</name>
      <description>OSM node: https://www.openstreetmap.org/node/13643808801
Manufacturer: Flock Safety
Direction: 272
Zone: traffic
Camera type: fixed</description>
      <Point>
        <coordinates>-80.2848249,25.6749019,0</coordinates>
      </Point>
    </Placemark>
    <Placemark>
      <name>ALPR</name>
      <description>OSM node: https://www.openstreetmap.org/node/13643810501
Manufacturer: Flock Safety
Direction: 0
Zone: traffic
Camera type: fixed</description>
      <Point>
        <coordinates>-80.2981043,25.68808,0</coordinates>
      </Point>
    </Placemark>
    <Placemark>
      <name>ALPR</name>
      <description>OSM node: https://www.openstreetmap.org/node/13643812101
Manufacturer: Flock Safety
Direction: 161
Zone: traffic
Camera type: fixed</description>
      <Point>
        <coordinates>-80.2849363,25.6882296,0</coordinates>
      </Point>
    </Placemark>
    <Placemark>
      <name>ALPR</name>
      <description>OSM node: https://www.openstreetmap.org/node/13643820775
Manufacturer: Flock Safety
Direction: 225
Zone: traffic
Camera type: fixed</description>
      <Point>
        <coordinates>-82.6324318,27.865719,0</coordinates>
      </Point>
    </Placemark>
    <Placemark>
      <name>ALPR</name>
      <description>OSM node: https://www.openstreetmap.org/node/13643824802
Manufacturer: Flock Safety
Direction: 258
Zone: traffic
Camera type: fixed</description>
      <Point>
        <coordinates>-80.2845975,25.6684243,0</coordinates>
      </Point>
    </Placemark>
    <Placemark>
      <name>ALPR</name>
      <description>OSM node: https://www.openstreetmap.org/node/13643827601
Manufacturer: Flock Safety
Direction: 174
Zone: traffic
Camera type: fixed</description>
      <Point>
        <coordinates>-81.8449646,30.1858047,0</coordinates>
      </Point>
    </Placemark>
    <Placemark>
      <name>The Home Depot ALPR</name>
      <description>OSM node: https://www.openstreetmap.org/node/13644042001
Operator: The Home Depot
Manufacturer: Flock Safety
Direction: 150
Zone: traffic
Camera type: fixed</description>
      <Point>
        <coordinates>-80.360887,26.0682383,0</coordinates>
      </Point>
    </Placemark>
    <Placemark>
      <name>The Home Depot ALPR</name>
      <description>OSM node: https://www.openstreetmap.org/node/13644083501
Operator: The Home Depot
Manufacturer: Flock Safety
Direction: 46
Zone: traffic
Camera type: fixed</description>
      <Point>
        <coordinates>-80.3608337,26.0663557,0</coordinates>
      </Point>
    </Placemark>
    <Placemark>
      <name>ALPR</name>
      <description>OSM node: https://www.openstreetmap.org/node/13644146001
Manufacturer: Flock Safety
Direction: 0
Zone: traffic
Camera type: fixed</description>
      <Point>
        <coordinates>-80.6632601,28.208261,0</coordinates>
      </Point>
    </Placemark>
    <Placemark>
      <name>ALPR</name>
      <description>OSM node: https://www.openstreetmap.org/node/13644299401
Manufacturer: Flock Safety
Direction: 161
Zone: traffic
Camera type: fixed</description>
      <Point>
        <coordinates>-82.6551407,27.8281566,0</coordinates>
      </Point>
    </Placemark>
    <Placemark>
      <name>ALPR</name>
      <description>OSM node: https://www.openstreetmap.org/node/13645186901
Manufacturer: Flock Safety
Direction: 180
Zone: traffic
Camera type: fixed</description>
      <Point>
        <coordinates>-81.1826954,28.5670857,0</coordinates>
      </Point>
    </Placemark>
    <Placemark>
      <name>ALPR</name>
      <description>OSM node: https://www.openstreetmap.org/node/13645461837
Manufacturer: Flock Safety
Direction: 170
Zone: traffic
Camera type: fixed</description>
      <Point>
        <coordinates>-81.7138018,28.6078003,0</coordinates>
      </Point>
    </Placemark>
    <Placemark>
      <name>Simon Property Group ALPR</name>
      <description>OSM node: https://www.openstreetmap.org/node/13645551401
Operator: Simon Property Group
Manufacturer: Flock Safety
Direction: 191
Zone: traffic
Camera type: fixed</description>
      <Point>
        <coordinates>-82.3208048,27.9228941,0</coordinates>
      </Point>
    </Placemark>
    <Placemark>
      <name>ALPR</name>
      <description>OSM node: https://www.openstreetmap.org/node/13645919701
Manufacturer: Flock Safety
Direction: 223
Zone: traffic
Camera type: fixed</description>
      <Point>
        <coordinates>-82.7145976,27.781552,0</coordinates>
      </Point>
    </Placemark>
    <Placemark>
      <name>ALPR</name>
      <description>OSM node: https://www.openstreetmap.org/node/13646369801
Manufacturer: Flock Safety
Direction: 61
Zone: traffic
Camera type: fixed</description>
      <Point>
        <coordinates>-80.456474,27.2916808,0</coordinates>
      </Point>
    </Placemark>
    <Placemark>
      <name>ALPR</name>
      <description>OSM node: https://www.openstreetmap.org/node/13646524301
Manufacturer: Flock Safety
Direction: 161
Zone: traffic
Camera type: fixed</description>
      <Point>
        <coordinates>-82.3606844,27.9242357,0</coordinates>
      </Point>
    </Placemark>
    <Placemark>
      <name>ALPR</name>
      <description>OSM node: https://www.openstreetmap.org/node/13646773201
Manufacturer: Flock Safety
Direction: 329
Zone: traffic
Camera type: fixed</description>
      <Point>
        <coordinates>-82.1212502,27.9679004,0</coordinates>
      </Point>
    </Placemark>
    <Placemark>
      <name>ALPR</name>
      <description>OSM node: https://www.openstreetmap.org/node/13647579101
Manufacturer: Flock Safety
Direction: 144
Zone: traffic
Camera type: fixed</description>
      <Point>
        <coordinates>-81.3424526,27.0302366,0</coordinates>
      </Point>
    </Placemark>
    <Placemark>
      <name>ALPR</name>
      <description>OSM node: https://www.openstreetmap.org/node/13647703901
Manufacturer: Flock Safety
Direction: 325
Zone: traffic
Camera type: fixed</description>
      <Point>
        <coordinates>-80.1004166,26.838379,0</coordinates>
      </Point>
    </Placemark>
    <Placemark>
      <name>ALPR</name>
      <description>OSM node: https://www.openstreetmap.org/node/13648018001
Manufacturer: Flock Safety
Direction: 239
Zone: traffic
Camera type: fixed</description>
      <Point>
        <coordinates>-81.257455,28.6413759,0</coordinates>
      </Point>
    </Placemark>
    <Placemark>
      <name>ALPR</name>
      <description>OSM node: https://www.openstreetmap.org/node/13648020501
Manufacturer: Flock Safety
Direction: 65
Zone: traffic
Camera type: fixed</description>
      <Point>
        <coordinates>-81.2577787,28.6411835,0</coordinates>
      </Point>
    </Placemark>
    <Placemark>
      <name>ALPR</name>
      <description>OSM node: https://www.openstreetmap.org/node/13648042701
Manufacturer: Flock Safety
Direction: 340
Zone: traffic
Camera type: fixed</description>
      <Point>
        <coordinates>-81.2495146,28.6439982,0</coordinates>
      </Point>
    </Placemark>
    <Placemark>
      <name>ALPR</name>
      <description>OSM node: https://www.openstreetmap.org/node/13648042702
Manufacturer: Flock Safety
Direction: 170
Zone: traffic
Camera type: fixed</description>
      <Point>
        <coordinates>-81.2496576,28.6444031,0</coordinates>
      </Point>
    </Placemark>
    <Placemark>
      <name>ALPR</name>
      <description>OSM node: https://www.openstreetmap.org/node/13648181301
Manufacturer: Flock Safety
Direction: 33
Zone: traffic
Camera type: fixed</description>
      <Point>
        <coordinates>-81.3103106,28.8439748,0</coordinates>
      </Point>
    </Placemark>
    <Placemark>
      <name>ALPR</name>
      <description>OSM node: https://www.openstreetmap.org/node/13648188601
Manufacturer: Flock Safety
Direction: 162
Zone: traffic
Camera type: fixed</description>
      <Point>
        <coordinates>-81.265237,28.9112427,0</coordinates>
      </Point>
    </Placemark>
    <Placemark>
      <name>ALPR</name>
      <description>OSM node: https://www.openstreetmap.org/node/13648315301
Manufacturer: Flock Safety
Direction: 67
Zone: traffic
Camera type: fixed</description>
      <Point>
        <coordinates>-80.6427971,27.9987029,0</coordinates>
      </Point>
    </Placemark>
    <Placemark>
      <name>ALPR</name>
      <description>OSM node: https://www.openstreetmap.org/node/13648321301
Manufacturer: Flock Safety
Direction: 88
Zone: traffic
Camera type: fixed</description>
      <Point>
        <coordinates>-80.8984017,29.0435638,0</coordinates>
      </Point>
    </Placemark>
    <Placemark>
      <name>ALPR</name>
      <description>OSM node: https://www.openstreetmap.org/node/13648409501
Manufacturer: Flock Safety
Direction: 331
Zone: traffic
Camera type: fixed</description>
      <Point>
        <coordinates>-80.3259005,25.6445338,0</coordinates>
      </Point>
    </Placemark>
    <Placemark>
      <name>ALPR</name>
      <description>OSM node: https://www.openstreetmap.org/node/13648538401
Manufacturer: Flock Safety
Direction: 207
Zone: traffic
Camera type: fixed</description>
      <Point>
        <coordinates>-87.1633386,30.5067029,0</coordinates>
      </Point>
    </Placemark>
    <Placemark>
      <name>ALPR</name>
      <description>OSM node: https://www.openstreetmap.org/node/13648539401
Manufacturer: Flock Safety
Direction: 163
Zone: traffic
Camera type: fixed</description>
      <Point>
        <coordinates>-82.4919672,29.8802108,0</coordinates>
      </Point>
    </Placemark>
    <Placemark>
      <name>ALPR</name>
      <description>OSM node: https://www.openstreetmap.org/node/13648539501
Manufacturer: Axis Communications
Direction: 108
Zone: traffic
Camera type: fixed</description>
      <Point>
        <coordinates>-87.174303,30.5201952,0</coordinates>
      </Point>
    </Placemark>
    <Placemark>
      <name>ALPR</name>
      <description>OSM node: https://www.openstreetmap.org/node/13648540201
Manufacturer: Axis Communications
Direction: 292
Zone: traffic
Camera type: fixed</description>
      <Point>
        <coordinates>-87.1741771,30.5201545,0</coordinates>
      </Point>
    </Placemark>
    <Placemark>
      <name>ALPR</name>
      <description>OSM node: https://www.openstreetmap.org/node/13648541001
Manufacturer: Flock Safety
Direction: 85
Zone: traffic
Camera type: fixed</description>
      <Point>
        <coordinates>-80.9452745,29.0253989,0</coordinates>
      </Point>
    </Placemark>
    <Placemark>
      <name>ALPR</name>
      <description>OSM node: https://www.openstreetmap.org/node/13648542001
Manufacturer: Axis Communications
Direction: 100;264
Zone: traffic
Camera type: fixed</description>
      <Point>
        <coordinates>-87.2049964,30.4955209,0</coordinates>
      </Point>
    </Placemark>
    <Placemark>
      <name>Lowe's ALPR</name>
      <description>OSM node: https://www.openstreetmap.org/node/13648568401
Operator: Lowe's
Manufacturer: Flock Safety
Direction: 229
Zone: traffic
Camera type: fixed</description>
      <Point>
        <coordinates>-87.2130155,30.4806137,0</coordinates>
      </Point>
    </Placemark>
    <Placemark>
      <name>ALPR</name>
      <description>OSM node: https://www.openstreetmap.org/node/13648624901
Manufacturer: Motorola Solutions
Direction: 187
Zone: traffic
Camera type: fixed</description>
      <Point>
        <coordinates>-87.2579066,30.9813495,0</coordinates>
      </Point>
    </Placemark>
    <Placemark>
      <name>Lowe's ALPR</name>
      <description>OSM node: https://www.openstreetmap.org/node/13648647701
Operator: Lowe's
Manufacturer: Flock Safety
Direction: 221
Zone: traffic
Camera type: fixed</description>
      <Point>
        <coordinates>-87.284033,30.5321133,0</coordinates>
      </Point>
    </Placemark>
    <Placemark>
      <name>ALPR</name>
      <description>OSM node: https://www.openstreetmap.org/node/13648650001
Manufacturer: Motorola Solutions
Direction: 72;50
Zone: traffic
Camera type: fixed</description>
      <Point>
        <coordinates>-84.3101564,30.482232,0</coordinates>
      </Point>
    </Placemark>
    <Placemark>
      <name>ALPR</name>
      <description>OSM node: https://www.openstreetmap.org/node/13648652101
Manufacturer: Motorola Solutions
Direction: 233;249
Zone: traffic
Camera type: fixed</description>
      <Point>
        <coordinates>-84.2538497,30.5019974,0</coordinates>
      </Point>
    </Placemark>
    <Placemark>
      <name>ALPR</name>
      <description>OSM node: https://www.openstreetmap.org/node/13648676801
Manufacturer: Axis Communications
Direction: 66;236
Zone: traffic
Camera type: fixed</description>
      <Point>
        <coordinates>-87.4032787,30.3407981,0</coordinates>
      </Point>
    </Placemark>
    <Placemark>
      <name>ALPR</name>
      <description>OSM node: https://www.openstreetmap.org/node/13648684702
Manufacturer: Axis Communications
Direction: 327
Zone: traffic
Camera type: fixed</description>
      <Point>
        <coordinates>-86.3204879,30.3801847,0</coordinates>
      </Point>
    </Placemark>
    <Placemark>
      <name>ALPR</name>
      <description>OSM node: https://www.openstreetmap.org/node/13648684801
Manufacturer: Axis Communications
Direction: 2;345
Zone: traffic
Camera type: fixed</description>
      <Point>
        <coordinates>-86.3304556,30.3798585,0</coordinates>
      </Point>
    </Placemark>
    <Placemark>
      <name>ALPR</name>
      <description>OSM node: https://www.openstreetmap.org/node/13648685901
Manufacturer: Axis Communications
Direction: 171
Zone: traffic
Camera type: fixed</description>
      <Point>
        <coordinates>-86.3306498,30.3798428,0</coordinates>
      </Point>
    </Placemark>
    <Placemark>
      <name>ALPR</name>
      <description>OSM node: https://www.openstreetmap.org/node/13648685902
Manufacturer: Axis Communications
Direction: 153;168
Zone: traffic
Camera type: fixed</description>
      <Point>
        <coordinates>-86.3300898,30.3771965,0</coordinates>
      </Point>
    </Placemark>
    <Placemark>
      <name>ALPR</name>
      <description>OSM node: https://www.openstreetmap.org/node/13648687301
Manufacturer: Axis Communications
Direction: 318;342
Zone: traffic
Camera type: fixed</description>
      <Point>
        <coordinates>-86.330046,30.3773609,0</coordinates>
      </Point>
    </Placemark>
    <Placemark>
      <name>ALPR</name>
      <description>OSM node: https://www.openstreetmap.org/node/13648688002
Manufacturer: Axis Communications
Direction: 150
Zone: traffic
Camera type: fixed</description>
      <Point>
        <coordinates>-86.3205598,30.380142,0</coordinates>
      </Point>
    </Placemark>
    <Placemark>
      <name>ALPR</name>
      <description>OSM node: https://www.openstreetmap.org/node/13648707901
Manufacturer: Motorola Solutions
Direction: 20;197
Zone: traffic
Camera type: fixed</description>
      <Point>
        <coordinates>-87.1970747,30.5416038,0</coordinates>
      </Point>
    </Placemark>
    <Placemark>
      <name>ALPR</name>
      <description>OSM node: https://www.openstreetmap.org/node/13648710101
Manufacturer: Axis Communications
Direction: 22;211
Zone: traffic
Camera type: fixed</description>
      <Point>
        <coordinates>-87.2083409,30.5296792,0</coordinates>
      </Point>
    </Placemark>
    <Placemark>
      <name>Florida Department of Transportation ALPR</name>
      <description>OSM node: https://www.openstreetmap.org/node/13648726201
Operator: Florida Department of Transportation
Manufacturer: Motorola Solutions
Direction: 0
Zone: traffic
Camera type: fixed</description>
      <Point>
        <coordinates>-86.4155108,30.4563899,0</coordinates>
      </Point>
    </Placemark>
    <Placemark>
      <name>Florida Department of Transportation ALPR</name>
      <description>OSM node: https://www.openstreetmap.org/node/13648726601
Operator: Florida Department of Transportation
Manufacturer: Motorola Solutions
Direction: 176
Zone: traffic
Camera type: fixed</description>
      <Point>
        <coordinates>-86.4157677,30.4563832,0</coordinates>
      </Point>
    </Placemark>
    <Placemark>
      <name>Florida Department of Transportation ALPR</name>
      <description>OSM node: https://www.openstreetmap.org/node/13648727201
Operator: Florida Department of Transportation
Manufacturer: Motorola Solutions
Direction: 0
Zone: traffic
Camera type: fixed</description>
      <Point>
        <coordinates>-86.4179032,30.5194179,0</coordinates>
      </Point>
    </Placemark>
    <Placemark>
      <name>Florida Department of Transportation ALPR</name>
      <description>OSM node: https://www.openstreetmap.org/node/13648727301
Operator: Florida Department of Transportation
Manufacturer: Motorola Solutions
Direction: 172
Zone: traffic
Camera type: fixed</description>
      <Point>
        <coordinates>-86.4181564,30.5194097,0</coordinates>
      </Point>
    </Placemark>
    <Placemark>
      <name>ALPR</name>
      <description>OSM node: https://www.openstreetmap.org/node/13648728801
Manufacturer: Motorola Solutions
Direction: 44
Zone: traffic
Camera type: fixed</description>
      <Point>
        <coordinates>-87.1567576,30.3584344,0</coordinates>
      </Point>
    </Placemark>
    <Placemark>
      <name>Lowe's ALPR</name>
      <description>OSM node: https://www.openstreetmap.org/node/13648732901
Operator: Lowe's
Manufacturer: Flock Safety
Direction: 230
Zone: traffic
Camera type: fixed</description>
      <Point>
        <coordinates>-87.0623215,30.3886326,0</coordinates>
      </Point>
    </Placemark>
    <Placemark>
      <name>Pensacola ALPR</name>
      <description>OSM node: https://www.openstreetmap.org/node/13648772401
Operator: Pensacola
Manufacturer: Motorola Solutions
Direction: 208
Zone: traffic
Camera type: fixed</description>
      <Point>
        <coordinates>-87.1960886,30.4757694,0</coordinates>
      </Point>
    </Placemark>
    <Placemark>
      <name>Pensacola ALPR</name>
      <description>OSM node: https://www.openstreetmap.org/node/13648772901
Operator: Pensacola
Manufacturer: Motorola Solutions
Direction: 14
Zone: traffic
Camera type: fixed</description>
      <Point>
        <coordinates>-87.1961698,30.4768827,0</coordinates>
      </Point>
    </Placemark>
    <Placemark>
      <name>Pensacola ALPR</name>
      <description>OSM node: https://www.openstreetmap.org/node/13648776101
Operator: Pensacola
Manufacturer: Motorola Solutions
Direction: 204
Zone: traffic
Camera type: fixed</description>
      <Point>
        <coordinates>-87.1970955,30.4773814,0</coordinates>
      </Point>
    </Placemark>
    <Placemark>
      <name>Pensacola ALPR</name>
      <description>OSM node: https://www.openstreetmap.org/node/13648776701
Operator: Pensacola
Manufacturer: Motorola Solutions
Direction: 164
Zone: traffic
Camera type: fixed</description>
      <Point>
        <coordinates>-87.1977207,30.4740391,0</coordinates>
      </Point>
    </Placemark>
    <Placemark>
      <name>Pensacola ALPR</name>
      <description>OSM node: https://www.openstreetmap.org/node/13648776702
Operator: Pensacola
Manufacturer: Motorola Solutions
Direction: 353
Zone: traffic
Camera type: fixed</description>
      <Point>
        <coordinates>-87.1970239,30.4742313,0</coordinates>
      </Point>
    </Placemark>
    <Placemark>
      <name>Pensacola ALPR</name>
      <description>OSM node: https://www.openstreetmap.org/node/13648778301
Operator: Pensacola
Manufacturer: Motorola Solutions
Direction: 302
Zone: traffic
Camera type: fixed</description>
      <Point>
        <coordinates>-87.1952253,30.475545,0</coordinates>
      </Point>
    </Placemark>
    <Placemark>
      <name>Pensacola ALPR</name>
      <description>OSM node: https://www.openstreetmap.org/node/13648778302
Operator: Pensacola
Manufacturer: Motorola Solutions
Direction: 23;211
Zone: traffic
Camera type: fixed</description>
      <Point>
        <coordinates>-87.1966704,30.4794393,0</coordinates>
      </Point>
    </Placemark>
    <Placemark>
      <name>Pensacola ALPR</name>
      <description>OSM node: https://www.openstreetmap.org/node/13648778402
Operator: Pensacola
Manufacturer: Motorola Solutions
Direction: 303
Zone: traffic
Camera type: fixed</description>
      <Point>
        <coordinates>-87.195285,30.475473,0</coordinates>
      </Point>
    </Placemark>
    <Placemark>
      <name>Pensacola ALPR</name>
      <description>OSM node: https://www.openstreetmap.org/node/13648778403
Operator: Pensacola
Manufacturer: Motorola Solutions
Direction: 196
Zone: traffic
Camera type: fixed</description>
      <Point>
        <coordinates>-87.1947831,30.4777988,0</coordinates>
      </Point>
    </Placemark>
    <Placemark>
      <name>ALPR</name>
      <description>OSM node: https://www.openstreetmap.org/node/13648792201
Manufacturer: Flock Safety
Direction: 176
Zone: traffic
Camera type: fixed</description>
      <Point>
        <coordinates>-80.7144924,26.661111,0</coordinates>
      </Point>
    </Placemark>
    <Placemark>
      <name>ALPR</name>
      <description>OSM node: https://www.openstreetmap.org/node/13648794901
Manufacturer: Flock Safety
Direction: 0
Zone: traffic
Camera type: fixed</description>
      <Point>
        <coordinates>-80.7144812,26.661113,0</coordinates>
      </Point>
    </Placemark>
    <Placemark>
      <name>Clay County Sheriff's Office ALPR</name>
      <description>OSM node: https://www.openstreetmap.org/node/13648812501
Operator: Clay County Sheriff's Office
Manufacturer: Flock Safety
Direction: 150
Zone: traffic
Camera type: fixed</description>
      <Point>
        <coordinates>-81.8098147,30.0853383,0</coordinates>
      </Point>
    </Placemark>
    <Placemark>
      <name>Premium Parking ALPR</name>
      <description>OSM node: https://www.openstreetmap.org/node/13648813919
Operator: Premium Parking
Direction: 322
Zone: traffic
Camera type: fixed</description>
      <Point>
        <coordinates>-87.2157467,30.4113291,0</coordinates>
      </Point>
    </Placemark>
    <Placemark>
      <name>Premium Parking ALPR</name>
      <description>OSM node: https://www.openstreetmap.org/node/13648820701
Operator: Premium Parking
Manufacturer: Axis Communications
Direction: 149
Zone: traffic
Camera type: fixed</description>
      <Point>
        <coordinates>-87.2158516,30.4114282,0</coordinates>
      </Point>
    </Placemark>
    <Placemark>
      <name>Premium Parking ALPR</name>
      <description>OSM node: https://www.openstreetmap.org/node/13648820901
Operator: Premium Parking
Manufacturer: Axis Communications
Direction: 149
Zone: traffic
Camera type: fixed</description>
      <Point>
        <coordinates>-87.215622,30.4112042,0</coordinates>
      </Point>
    </Placemark>
    <Placemark>
      <name>Premium Parking ALPR</name>
      <description>OSM node: https://www.openstreetmap.org/node/13648820902
Operator: Premium Parking
Manufacturer: Axis Communications
Direction: 234
Zone: traffic
Camera type: fixed</description>
      <Point>
        <coordinates>-87.2164293,30.4118103,0</coordinates>
      </Point>
    </Placemark>
    <Placemark>
      <name>Premium Parking ALPR</name>
      <description>OSM node: https://www.openstreetmap.org/node/13648822101
Operator: Premium Parking
Manufacturer: Axis Communications
Direction: 17
Zone: traffic
Camera type: fixed</description>
      <Point>
        <coordinates>-87.2158069,30.4111062,0</coordinates>
      </Point>
    </Placemark>
    <Placemark>
      <name>Premium Parking ALPR</name>
      <description>OSM node: https://www.openstreetmap.org/node/13648824101
Operator: Premium Parking
Manufacturer: Axis Communications
Direction: 275
Zone: traffic
Camera type: fixed</description>
      <Point>
        <coordinates>-87.2164997,30.412108,0</coordinates>
      </Point>
    </Placemark>
    <Placemark>
      <name>Premium Parking ALPR</name>
      <description>OSM node: https://www.openstreetmap.org/node/13648824401
Operator: Premium Parking
Manufacturer: Axis Communications
Direction: 57
Zone: traffic
Camera type: fixed</description>
      <Point>
        <coordinates>-87.2166374,30.4120893,0</coordinates>
      </Point>
    </Placemark>
    <Placemark>
      <name>Premium Parking ALPR</name>
      <description>OSM node: https://www.openstreetmap.org/node/13648825501
Operator: Premium Parking
Manufacturer: Axis Communications
Direction: 79;251
Zone: traffic
Camera type: fixed</description>
      <Point>
        <coordinates>-87.2137417,30.409734,0</coordinates>
      </Point>
    </Placemark>
    <Placemark>
      <name>Premium Parking ALPR</name>
      <description>OSM node: https://www.openstreetmap.org/node/13648825702
Operator: Premium Parking
Manufacturer: Axis Communications
Direction: 71;256
Zone: traffic
Camera type: fixed</description>
      <Point>
        <coordinates>-87.2132822,30.4118226,0</coordinates>
      </Point>
    </Placemark>
    <Placemark>
      <name>Pensacola ALPR</name>
      <description>OSM node: https://www.openstreetmap.org/node/13648841601
Operator: Pensacola
Manufacturer: Axis Communications
Direction: 118
Zone: traffic
Camera type: fixed</description>
      <Point>
        <coordinates>-87.197727,30.4754357,0</coordinates>
      </Point>
    </Placemark>
    <Placemark>
      <name>Pensacola ALPR</name>
      <description>OSM node: https://www.openstreetmap.org/node/13648841901
Operator: Pensacola
Manufacturer: Axis Communications
Direction: 230
Zone: traffic
Camera type: fixed</description>
      <Point>
        <coordinates>-87.1968055,30.4769026,0</coordinates>
      </Point>
    </Placemark>
    <Placemark>
      <name>ALPR</name>
      <description>OSM node: https://www.openstreetmap.org/node/13648871401
Manufacturer: Motorola Solutions
Direction: 118;299
Zone: traffic
Camera type: fixed</description>
      <Point>
        <coordinates>-87.3811085,30.5188121,0</coordinates>
      </Point>
    </Placemark>
    <Placemark>
      <name>ALPR</name>
      <description>OSM node: https://www.openstreetmap.org/node/13648886701
Manufacturer: Motorola Solutions
Direction: 70;182;256;0
Zone: traffic
Camera type: fixed</description>
      <Point>
        <coordinates>-87.3085822,30.380754,0</coordinates>
      </Point>
    </Placemark>
    <Placemark>
      <name>ALPR</name>
      <description>OSM node: https://www.openstreetmap.org/node/13648898601
Manufacturer: Motorola Solutions
Direction: 163;49;335
Zone: traffic
Camera type: fixed</description>
      <Point>
        <coordinates>-87.2884542,30.4464432,0</coordinates>
      </Point>
    </Placemark>
    <Placemark>
      <name>ALPR</name>
      <description>OSM node: https://www.openstreetmap.org/node/13648902301
Manufacturer: Motorola Solutions
Direction: 247
Zone: traffic
Camera type: fixed</description>
      <Point>
        <coordinates>-87.2811418,30.4897806,0</coordinates>
      </Point>
    </Placemark>
    <Placemark>
      <name>ALPR</name>
      <description>OSM node: https://www.openstreetmap.org/node/13648912401
Manufacturer: Motorola Solutions
Direction: 77
Zone: traffic
Camera type: fixed</description>
      <Point>
        <coordinates>-87.1110612,30.6031072,0</coordinates>
      </Point>
    </Placemark>
    <Placemark>
      <name>ALPR</name>
      <description>OSM node: https://www.openstreetmap.org/node/13648912801
Manufacturer: Motorola Solutions
Direction: 168
Zone: traffic
Camera type: fixed</description>
      <Point>
        <coordinates>-87.1112215,30.6030862,0</coordinates>
      </Point>
    </Placemark>
    <Placemark>
      <name>ALPR</name>
      <description>OSM node: https://www.openstreetmap.org/node/13648913001
Manufacturer: Motorola Solutions
Direction: 255
Zone: traffic
Camera type: fixed</description>
      <Point>
        <coordinates>-87.1111787,30.6033305,0</coordinates>
      </Point>
    </Placemark>
    <Placemark>
      <name>ALPR</name>
      <description>OSM node: https://www.openstreetmap.org/node/13648920401
Manufacturer: Motorola Solutions
Direction: 72
Zone: traffic
Camera type: fixed</description>
      <Point>
        <coordinates>-87.0735514,30.6022698,0</coordinates>
      </Point>
    </Placemark>
    <Placemark>
      <name>ALPR</name>
      <description>OSM node: https://www.openstreetmap.org/node/13648920402
Manufacturer: Motorola Solutions
Direction: 252
Zone: traffic
Camera type: fixed</description>
      <Point>
        <coordinates>-87.0737701,30.6024957,0</coordinates>
      </Point>
    </Placemark>
    <Placemark>
      <name>ALPR</name>
      <description>OSM node: https://www.openstreetmap.org/node/13648920701
Manufacturer: Motorola Solutions
Direction: 172
Zone: traffic
Camera type: fixed</description>
      <Point>
        <coordinates>-87.0738329,30.6022561,0</coordinates>
      </Point>
    </Placemark>
    <Placemark>
      <name>ALPR</name>
      <description>OSM node: https://www.openstreetmap.org/node/13649920901
Manufacturer: Flock Safety
Direction: 289
Zone: traffic
Camera type: fixed</description>
      <Point>
        <coordinates>-85.6332811,30.236103,0</coordinates>
      </Point>
    </Placemark>
    <Placemark>
      <name>Lowe's ALPR</name>
      <description>OSM node: https://www.openstreetmap.org/node/13649970701
Operator: Lowe's
Manufacturer: Flock Safety
Direction: 196
Zone: traffic
Camera type: fixed</description>
      <Point>
        <coordinates>-85.8185386,30.199056,0</coordinates>
      </Point>
    </Placemark>
    <Placemark>
      <name>ALPR</name>
      <description>OSM node: https://www.openstreetmap.org/node/13649975201
Manufacturer: Flock Safety
Direction: 27
Zone: traffic
Camera type: fixed</description>
      <Point>
        <coordinates>-85.8083263,30.1844661,0</coordinates>
      </Point>
    </Placemark>
    <Placemark>
      <name>ALPR</name>
      <description>OSM node: https://www.openstreetmap.org/node/13649976101
Manufacturer: Flock Safety
Direction: 92
Zone: traffic
Camera type: fixed</description>
      <Point>
        <coordinates>-85.8118956,30.1919798,0</coordinates>
      </Point>
    </Placemark>
    <Placemark>
      <name>ALPR</name>
      <description>OSM node: https://www.openstreetmap.org/node/13649992401
Manufacturer: Axis Communications
Direction: 197
Zone: traffic
Camera type: fixed</description>
      <Point>
        <coordinates>-85.7277154,30.1536697,0</coordinates>
      </Point>
    </Placemark>
    <Placemark>
      <name>ALPR</name>
      <description>OSM node: https://www.openstreetmap.org/node/13649992901
Manufacturer: Axis Communications
Direction: 237
Zone: traffic
Camera type: fixed</description>
      <Point>
        <coordinates>-85.7276347,30.1536266,0</coordinates>
      </Point>
    </Placemark>
    <Placemark>
      <name>ALPR</name>
      <description>OSM node: https://www.openstreetmap.org/node/13649992902
Manufacturer: Axis Communications
Direction: 113
Zone: traffic
Camera type: fixed</description>
      <Point>
        <coordinates>-85.7242431,30.1455161,0</coordinates>
      </Point>
    </Placemark>
    <Placemark>
      <name>ALPR</name>
      <description>OSM node: https://www.openstreetmap.org/node/13649997001
Manufacturer: Axis Communications
Direction: 58
Zone: traffic
Camera type: fixed</description>
      <Point>
        <coordinates>-85.7277246,30.1534305,0</coordinates>
      </Point>
    </Placemark>
    <Placemark>
      <name>ALPR</name>
      <description>OSM node: https://www.openstreetmap.org/node/13649999201
Manufacturer: Axis Communications
Direction: 299
Zone: traffic
Camera type: fixed</description>
      <Point>
        <coordinates>-85.7241111,30.1455479,0</coordinates>
      </Point>
    </Placemark>
    <Placemark>
      <name>ALPR</name>
      <description>OSM node: https://www.openstreetmap.org/node/13649999202
Manufacturer: Axis Communications
Direction: 121
Zone: traffic
Camera type: fixed</description>
      <Point>
        <coordinates>-85.7233079,30.1454314,0</coordinates>
      </Point>
    </Placemark>
    <Placemark>
      <name>ALPR</name>
      <description>OSM node: https://www.openstreetmap.org/node/13650002101
Manufacturer: Axis Communications
Direction: 293
Zone: traffic
Camera type: fixed</description>
      <Point>
        <coordinates>-85.7231259,30.1454482,0</coordinates>
      </Point>
    </Placemark>
    <Placemark>
      <name>ALPR</name>
      <description>OSM node: https://www.openstreetmap.org/node/13650002102
Manufacturer: Axis Communications
Direction: 87
Zone: traffic
Camera type: fixed</description>
      <Point>
        <coordinates>-85.714789,30.1430172,0</coordinates>
      </Point>
    </Placemark>
    <Placemark>
      <name>ALPR</name>
      <description>OSM node: https://www.openstreetmap.org/node/13650004301
Manufacturer: Axis Communications
Direction: 284
Zone: traffic
Camera type: fixed</description>
      <Point>
        <coordinates>-85.7255743,30.1407111,0</coordinates>
      </Point>
    </Placemark>
    <Placemark>
      <name>ALPR</name>
      <description>OSM node: https://www.openstreetmap.org/node/13650005401
Manufacturer: Axis Communications
Direction: 114
Zone: traffic
Camera type: fixed</description>
      <Point>
        <coordinates>-85.7257674,30.1407557,0</coordinates>
      </Point>
    </Placemark>
    <Placemark>
      <name>ALPR</name>
      <description>OSM node: https://www.openstreetmap.org/node/13650009501
Manufacturer: Axis Communications
Direction: 18
Zone: traffic
Camera type: fixed</description>
      <Point>
        <coordinates>-85.7480647,30.1521074,0</coordinates>
      </Point>
    </Placemark>
    <Placemark>
      <name>ALPR</name>
      <description>OSM node: https://www.openstreetmap.org/node/13650009602
Manufacturer: Axis Communications
Direction: 203
Zone: traffic
Camera type: fixed</description>
      <Point>
        <coordinates>-85.7480792,30.1521868,0</coordinates>
      </Point>
    </Placemark>
    <Placemark>
      <name>ALPR</name>
      <description>OSM node: https://www.openstreetmap.org/node/13650015601
Manufacturer: Axis Communications
Direction: 62
Zone: traffic
Camera type: fixed</description>
      <Point>
        <coordinates>-85.725403,30.1525686,0</coordinates>
      </Point>
    </Placemark>
    <Placemark>
      <name>ALPR</name>
      <description>OSM node: https://www.openstreetmap.org/node/13650015602
Manufacturer: Axis Communications
Direction: 211
Zone: traffic
Camera type: fixed</description>
      <Point>
        <coordinates>-85.7252908,30.1528717,0</coordinates>
      </Point>
    </Placemark>
    <Placemark>
      <name>ALPR</name>
      <description>OSM node: https://www.openstreetmap.org/node/13650022501
Manufacturer: Axis Communications
Direction: 68
Zone: traffic
Camera type: fixed</description>
      <Point>
        <coordinates>-85.7402928,30.1473433,0</coordinates>
      </Point>
    </Placemark>
    <Placemark>
      <name>ALPR</name>
      <description>OSM node: https://www.openstreetmap.org/node/13650030801
Manufacturer: Flock Safety
Direction: 190
Zone: traffic
Camera type: fixed</description>
      <Point>
        <coordinates>-85.8136891,30.1861355,0</coordinates>
      </Point>
    </Placemark>
    <Placemark>
      <name>ALPR</name>
      <description>OSM node: https://www.openstreetmap.org/node/13650075401
Manufacturer: Flock Safety
Direction: 11
Zone: traffic
Camera type: fixed</description>
      <Point>
        <coordinates>-85.8662901,30.2200287,0</coordinates>
      </Point>
    </Placemark>
    <Placemark>
      <name>ALPR</name>
      <description>OSM node: https://www.openstreetmap.org/node/13650076201
Manufacturer: Flock Safety
Direction: 173
Zone: traffic
Camera type: fixed</description>
      <Point>
        <coordinates>-81.1656412,28.8798299,0</coordinates>
      </Point>
    </Placemark>
    <Placemark>
      <name>ALPR</name>
      <description>OSM node: https://www.openstreetmap.org/node/13650076801
Manufacturer: Flock Safety
Direction: 197
Zone: traffic
Camera type: fixed</description>
      <Point>
        <coordinates>-85.8689612,30.2167307,0</coordinates>
      </Point>
    </Placemark>
    <Placemark>
      <name>ALPR</name>
      <description>OSM node: https://www.openstreetmap.org/node/13650076802
Manufacturer: Flock Safety
Direction: 243
Zone: traffic
Camera type: fixed</description>
      <Point>
        <coordinates>-86.012044,30.2788744,0</coordinates>
      </Point>
    </Placemark>
    <Placemark>
      <name>ALPR</name>
      <description>OSM node: https://www.openstreetmap.org/node/13650088402
Manufacturer: Flock Safety
Direction: 0
Zone: traffic
Camera type: fixed</description>
      <Point>
        <coordinates>-81.8223447,26.4498841,0</coordinates>
      </Point>
    </Placemark>
    <Placemark>
      <name>ALPR</name>
      <description>OSM node: https://www.openstreetmap.org/node/13650112701
Manufacturer: Flock Safety
Direction: 79
Zone: traffic
Camera type: fixed</description>
      <Point>
        <coordinates>-86.0372137,30.2869987,0</coordinates>
      </Point>
    </Placemark>
    <Placemark>
      <name>ALPR</name>
      <description>OSM node: https://www.openstreetmap.org/node/13650112702
Manufacturer: Flock Safety
Direction: 101
Zone: traffic
Camera type: fixed</description>
      <Point>
        <coordinates>-86.0337475,30.2864513,0</coordinates>
      </Point>
    </Placemark>
    <Placemark>
      <name>ALPR</name>
      <description>OSM node: https://www.openstreetmap.org/node/13650114001
Manufacturer: Flock Safety
Direction: 272
Zone: traffic
Camera type: fixed</description>
      <Point>
        <coordinates>-86.033107,30.2863829,0</coordinates>
      </Point>
    </Placemark>
    <Placemark>
      <name>ALPR</name>
      <description>OSM node: https://www.openstreetmap.org/node/13650294301
Manufacturer: Flock Safety
Direction: 50;232
Zone: traffic
Camera type: fixed</description>
      <Point>
        <coordinates>-81.230228,28.8970878,0</coordinates>
      </Point>
    </Placemark>
    <Placemark>
      <name>ALPR</name>
      <description>OSM node: https://www.openstreetmap.org/node/13650316601
Manufacturer: Axis Communications
Direction: 116;292
Zone: traffic
Camera type: fixed</description>
      <Point>
        <coordinates>-87.4781096,30.3148005,0</coordinates>
      </Point>
    </Placemark>
    <Placemark>
      <name>ALPR</name>
      <description>OSM node: https://www.openstreetmap.org/node/13650397201
Manufacturer: Motorola Solutions
Direction: 1
Zone: traffic
Camera type: fixed</description>
      <Point>
        <coordinates>-80.4015819,26.1315218,0</coordinates>
      </Point>
    </Placemark>
    <Placemark>
      <name>ALPR</name>
      <description>OSM node: https://www.openstreetmap.org/node/13650407701
Manufacturer: Axis Communications
Direction: 179
Zone: traffic
Camera type: fixed</description>
      <Point>
        <coordinates>-87.1646766,30.5134327,0</coordinates>
      </Point>
    </Placemark>
    <Placemark>
      <name>ALPR</name>
      <description>OSM node: https://www.openstreetmap.org/node/13650408801
Manufacturer: Axis Communications
Direction: 0
Zone: traffic
Camera type: fixed</description>
      <Point>
        <coordinates>-87.1646877,30.5132301,0</coordinates>
      </Point>
    </Placemark>
    <Placemark>
      <name>ALPR</name>
      <description>OSM node: https://www.openstreetmap.org/node/13650504601
Manufacturer: Flock Safety
Direction: 338
Zone: traffic
Camera type: fixed</description>
      <Point>
        <coordinates>-82.1090743,28.018041,0</coordinates>
      </Point>
    </Placemark>
    <Placemark>
      <name>ALPR</name>
      <description>OSM node: https://www.openstreetmap.org/node/13650509901
Manufacturer: Flock Safety
Direction: 346
Zone: traffic
Camera type: fixed</description>
      <Point>
        <coordinates>-82.1047781,28.0311826,0</coordinates>
      </Point>
    </Placemark>
    <Placemark>
      <name>ALPR</name>
      <description>OSM node: https://www.openstreetmap.org/node/13650539902
Manufacturer: Flock Safety
Direction: 257
Zone: traffic
Camera type: fixed</description>
      <Point>
        <coordinates>-80.3636678,26.0018831,0</coordinates>
      </Point>
    </Placemark>
    <Placemark>
      <name>ALPR</name>
      <description>OSM node: https://www.openstreetmap.org/node/13650541201
Manufacturer: Motorola Solutions
Direction: 0;301
Zone: traffic
Camera type: fixed</description>
      <Point>
        <coordinates>-87.3491145,30.7313502,0</coordinates>
      </Point>
    </Placemark>
    <Placemark>
      <name>ALPR</name>
      <description>OSM node: https://www.openstreetmap.org/node/13650541202
Manufacturer: Motorola Solutions
Direction: 174;117
Zone: traffic
Camera type: fixed</description>
      <Point>
        <coordinates>-87.3492926,30.7314283,0</coordinates>
      </Point>
    </Placemark>
    <Placemark>
      <name>ALPR</name>
      <description>OSM node: https://www.openstreetmap.org/node/13650544201
Manufacturer: Motorola Solutions
Direction: 0
Zone: traffic
Camera type: fixed</description>
      <Point>
        <coordinates>-87.2576694,30.9814578,0</coordinates>
      </Point>
    </Placemark>
    <Placemark>
      <name>ALPR</name>
      <description>OSM node: https://www.openstreetmap.org/node/13650554501
Manufacturer: Flock Safety
Direction: 230
Zone: traffic
Camera type: fixed</description>
      <Point>
        <coordinates>-86.631783,30.752964,0</coordinates>
      </Point>
    </Placemark>
    <Placemark>
      <name>ALPR</name>
      <description>OSM node: https://www.openstreetmap.org/node/13650555501
Manufacturer: Flock Safety
Direction: 257
Zone: traffic
Camera type: fixed</description>
      <Point>
        <coordinates>-86.570395,30.7115248,0</coordinates>
      </Point>
    </Placemark>
    <Placemark>
      <name>ALPR</name>
      <description>OSM node: https://www.openstreetmap.org/node/13650566101
Manufacturer: Flock Safety
Direction: 70
Zone: traffic
Camera type: fixed</description>
      <Point>
        <coordinates>-86.5649393,30.7369441,0</coordinates>
      </Point>
    </Placemark>
    <Placemark>
      <name>ALPR</name>
      <description>OSM node: https://www.openstreetmap.org/node/13650631001
Manufacturer: Flock Safety
Direction: 164
Zone: traffic
Camera type: fixed</description>
      <Point>
        <coordinates>-82.1457339,27.9813457,0</coordinates>
      </Point>
    </Placemark>
    <Placemark>
      <name>ALPR</name>
      <description>OSM node: https://www.openstreetmap.org/node/13650654502
Manufacturer: Flock Safety
Direction: 252
Zone: traffic
Camera type: fixed</description>
      <Point>
        <coordinates>-86.4927346,30.5351015,0</coordinates>
      </Point>
    </Placemark>
    <Placemark>
      <name>ALPR</name>
      <description>OSM node: https://www.openstreetmap.org/node/13650780401
Manufacturer: Flock Safety
Direction: 162
Zone: traffic
Camera type: fixed</description>
      <Point>
        <coordinates>-82.5589685,27.4650583,0</coordinates>
      </Point>
    </Placemark>
    <Placemark>
      <name>ALPR</name>
      <description>OSM node: https://www.openstreetmap.org/node/13650958601
Manufacturer: Motorola Solutions
Direction: 7
Zone: traffic
Camera type: fixed</description>
      <Point>
        <coordinates>-81.3388511,27.0554342,0</coordinates>
      </Point>
    </Placemark>
    <Placemark>
      <name>Florida Department of Transportation ALPR</name>
      <description>OSM node: https://www.openstreetmap.org/node/13651744001
Operator: Florida Department of Transportation
Manufacturer: Motorola Solutions
Direction: 126;303
Zone: traffic
Camera type: fixed</description>
      <Point>
        <coordinates>-84.2878855,30.5905706,0</coordinates>
      </Point>
    </Placemark>
    <Placemark>
      <name>ALPR</name>
      <description>OSM node: https://www.openstreetmap.org/node/13652004602
Manufacturer: Flock Safety
Direction: 79
Zone: traffic
Camera type: fixed</description>
      <Point>
        <coordinates>-82.5724216,27.3209919,0</coordinates>
      </Point>
    </Placemark>
    <Placemark>
      <name>ALPR</name>
      <description>OSM node: https://www.openstreetmap.org/node/13652044301
Manufacturer: Flock Safety
Direction: 338
Zone: traffic
Camera type: fixed</description>
      <Point>
        <coordinates>-80.2480403,25.800723,0</coordinates>
      </Point>
    </Placemark>
    <Placemark>
      <name>ALPR</name>
      <description>OSM node: https://www.openstreetmap.org/node/13652048701
Manufacturer: Flock Safety
Direction: 339
Zone: traffic
Camera type: fixed</description>
      <Point>
        <coordinates>-80.2491808,25.831324,0</coordinates>
      </Point>
    </Placemark>
    <Placemark>
      <name>ALPR</name>
      <description>OSM node: https://www.openstreetmap.org/node/13652060901
Manufacturer: Flock Safety
Direction: 71
Zone: traffic
Camera type: fixed</description>
      <Point>
        <coordinates>-80.224407,25.8446498,0</coordinates>
      </Point>
    </Placemark>
    <Placemark>
      <name>ALPR</name>
      <description>OSM node: https://www.openstreetmap.org/node/13652191501
Manufacturer: Flock Safety
Direction: 28
Zone: traffic
Camera type: fixed</description>
      <Point>
        <coordinates>-87.0279446,30.5719535,0</coordinates>
      </Point>
    </Placemark>
    <Placemark>
      <name>ALPR</name>
      <description>OSM node: https://www.openstreetmap.org/node/13652225001
Manufacturer: Flock Safety
Direction: 228
Zone: traffic
Camera type: fixed</description>
      <Point>
        <coordinates>-86.7927428,30.6852245,0</coordinates>
      </Point>
    </Placemark>
    <Placemark>
      <name>ALPR</name>
      <description>OSM node: https://www.openstreetmap.org/node/13652265601
Manufacturer: Flock Safety
Direction: 127
Zone: traffic
Camera type: fixed</description>
      <Point>
        <coordinates>-86.362411,30.7323354,0</coordinates>
      </Point>
    </Placemark>
    <Placemark>
      <name>ALPR</name>
      <description>OSM node: https://www.openstreetmap.org/node/13652432301
Manufacturer: Flock Safety
Direction: 191
Zone: traffic
Camera type: fixed</description>
      <Point>
        <coordinates>-81.4286265,28.4980349,0</coordinates>
      </Point>
    </Placemark>
    <Placemark>
      <name>ALPR</name>
      <description>OSM node: https://www.openstreetmap.org/node/13652434901
Manufacturer: Flock Safety
Direction: 244
Zone: traffic
Camera type: fixed</description>
      <Point>
        <coordinates>-81.4269548,28.497964,0</coordinates>
      </Point>
    </Placemark>
    <Placemark>
      <name>ALPR</name>
      <description>OSM node: https://www.openstreetmap.org/node/13653029101
Manufacturer: Flock Safety
Direction: 147
Zone: traffic
Camera type: fixed</description>
      <Point>
        <coordinates>-82.3187041,27.8930567,0</coordinates>
      </Point>
    </Placemark>
    <Placemark>
      <name>ALPR</name>
      <description>OSM node: https://www.openstreetmap.org/node/13653061501
Manufacturer: Leonardo
Direction: 170
Zone: traffic
Camera type: fixed</description>
      <Point>
        <coordinates>-82.3185612,27.891196,0</coordinates>
      </Point>
    </Placemark>
    <Placemark>
      <name>ALPR</name>
      <description>OSM node: https://www.openstreetmap.org/node/13653062301
Manufacturer: Leonardo
Direction: 337
Zone: traffic
Camera type: fixed</description>
      <Point>
        <coordinates>-82.3183781,27.8886171,0</coordinates>
      </Point>
    </Placemark>
    <Placemark>
      <name>ALPR</name>
      <description>OSM node: https://www.openstreetmap.org/node/13653063201
Manufacturer: Leonardo
Direction: 73
Zone: traffic
Camera type: fixed</description>
      <Point>
        <coordinates>-82.3139396,27.8533643,0</coordinates>
      </Point>
    </Placemark>
    <Placemark>
      <name>ALPR</name>
      <description>OSM node: https://www.openstreetmap.org/node/13653157602
Manufacturer: Flock Safety
Direction: 100
Zone: traffic
Camera type: fixed</description>
      <Point>
        <coordinates>-82.3470539,27.9495359,0</coordinates>
      </Point>
    </Placemark>
    <Placemark>
      <name>ALPR</name>
      <description>OSM node: https://www.openstreetmap.org/node/13653430601
Manufacturer: Flock Safety
Direction: 0
Zone: traffic
Camera type: fixed</description>
      <Point>
        <coordinates>-80.1466205,25.9972025,0</coordinates>
      </Point>
    </Placemark>
    <Placemark>
      <name>ALPR</name>
      <description>OSM node: https://www.openstreetmap.org/node/13653489101
Manufacturer: Flock Safety
Direction: 335
Zone: traffic
Camera type: fixed</description>
      <Point>
        <coordinates>-82.5926618,28.4999999,0</coordinates>
      </Point>
    </Placemark>
    <Placemark>
      <name>ALPR</name>
      <description>OSM node: https://www.openstreetmap.org/node/13653494201
Manufacturer: Flock Safety
Direction: 317
Zone: traffic
Camera type: fixed</description>
      <Point>
        <coordinates>-82.5932451,28.499106,0</coordinates>
      </Point>
    </Placemark>
    <Placemark>
      <name>ALPR</name>
      <description>OSM node: https://www.openstreetmap.org/node/13653715601
Manufacturer: Flock Safety
Direction: 342
Zone: traffic
Camera type: fixed</description>
      <Point>
        <coordinates>-82.4535997,29.0646911,0</coordinates>
      </Point>
    </Placemark>
    <Placemark>
      <name>ALPR</name>
      <description>OSM node: https://www.openstreetmap.org/node/13653740401
Manufacturer: Flock Safety
Direction: 210
Zone: traffic
Camera type: fixed</description>
      <Point>
        <coordinates>-87.0376012,30.5654467,0</coordinates>
      </Point>
    </Placemark>
    <Placemark>
      <name>ALPR</name>
      <description>OSM node: https://www.openstreetmap.org/node/13653752801
Manufacturer: Flock Safety
Direction: 34
Zone: traffic
Camera type: fixed</description>
      <Point>
        <coordinates>-86.9917176,30.60012,0</coordinates>
      </Point>
    </Placemark>
    <Placemark>
      <name>ALPR</name>
      <description>OSM node: https://www.openstreetmap.org/node/13653758701
Manufacturer: Flock Safety
Direction: 314
Zone: traffic
Camera type: fixed</description>
      <Point>
        <coordinates>-85.3097066,29.8261704,0</coordinates>
      </Point>
    </Placemark>
    <Placemark>
      <name>ALPR</name>
      <description>OSM node: https://www.openstreetmap.org/node/13653758901
Manufacturer: Flock Safety
Direction: 136
Zone: traffic
Camera type: fixed</description>
      <Point>
        <coordinates>-85.3099474,29.8261711,0</coordinates>
      </Point>
    </Placemark>
    <Placemark>
      <name>ALPR</name>
      <description>OSM node: https://www.openstreetmap.org/node/13653995301
Manufacturer: Motorola Solutions
Direction: 60-120
Zone: traffic
Camera type: fixed</description>
      <Point>
        <coordinates>-81.3585364,27.310907,0</coordinates>
      </Point>
    </Placemark>
    <Placemark>
      <name>ALPR</name>
      <description>OSM node: https://www.openstreetmap.org/node/13654003801
Manufacturer: Flock Safety
Direction: 13
Zone: traffic
Camera type: fixed</description>
      <Point>
        <coordinates>-80.1429889,26.1066602,0</coordinates>
      </Point>
    </Placemark>
    <Placemark>
      <name>ALPR</name>
      <description>OSM node: https://www.openstreetmap.org/node/13654004501
Manufacturer: Flock Safety
Direction: 189
Zone: traffic
Camera type: fixed</description>
      <Point>
        <coordinates>-80.1430167,26.1069924,0</coordinates>
      </Point>
    </Placemark>
    <Placemark>
      <name>ALPR</name>
      <description>OSM node: https://www.openstreetmap.org/node/13655065104
Manufacturer: Flock Safety
Direction: 0
Zone: traffic
Camera type: fixed</description>
      <Point>
        <coordinates>-80.0443666,26.8256788,0</coordinates>
      </Point>
    </Placemark>
    <Placemark>
      <name>ALPR</name>
      <description>OSM node: https://www.openstreetmap.org/node/13655065301
Manufacturer: Flock Safety
Direction: 319
Zone: traffic
Camera type: fixed</description>
      <Point>
        <coordinates>-80.2732788,27.2991769,0</coordinates>
      </Point>
    </Placemark>
    <Placemark>
      <name>ALPR</name>
      <description>OSM node: https://www.openstreetmap.org/node/13655075601
Manufacturer: Flock Safety
Direction: 242
Zone: traffic
Camera type: fixed</description>
      <Point>
        <coordinates>-80.2332333,25.8168391,0</coordinates>
      </Point>
    </Placemark>
    <Placemark>
      <name>ALPR</name>
      <description>OSM node: https://www.openstreetmap.org/node/13655075603
Manufacturer: Flock Safety
Direction: 241
Zone: traffic
Camera type: fixed</description>
      <Point>
        <coordinates>-80.2172751,25.8394779,0</coordinates>
      </Point>
    </Placemark>
    <Placemark>
      <name>ALPR</name>
      <description>OSM node: https://www.openstreetmap.org/node/13655075605
Manufacturer: Flock Safety
Direction: 240
Zone: traffic
Camera type: fixed</description>
      <Point>
        <coordinates>-80.2179859,25.8431187,0</coordinates>
      </Point>
    </Placemark>
    <Placemark>
      <name>ALPR</name>
      <description>OSM node: https://www.openstreetmap.org/node/13655075606
Manufacturer: Flock Safety
Direction: 166
Zone: traffic
Camera type: fixed</description>
      <Point>
        <coordinates>-80.225413,25.8416573,0</coordinates>
      </Point>
    </Placemark>
    <Placemark>
      <name>ALPR</name>
      <description>OSM node: https://www.openstreetmap.org/node/13655079801
Manufacturer: Flock Safety
Direction: 243
Zone: traffic
Camera type: fixed</description>
      <Point>
        <coordinates>-80.225181,25.8281259,0</coordinates>
      </Point>
    </Placemark>
    <Placemark>
      <name>ALPR</name>
      <description>OSM node: https://www.openstreetmap.org/node/13655079802
Manufacturer: Flock Safety
Direction: 237
Zone: traffic
Camera type: fixed</description>
      <Point>
        <coordinates>-80.210008,25.8619601,0</coordinates>
      </Point>
    </Placemark>
    <Placemark>
      <name>ALPR</name>
      <description>OSM node: https://www.openstreetmap.org/node/13655086003
Manufacturer: Flock Safety
Direction: 16
Zone: traffic
Camera type: fixed</description>
      <Point>
        <coordinates>-80.2259337,25.8623406,0</coordinates>
      </Point>
    </Placemark>
    <Placemark>
      <name>ALPR</name>
      <description>OSM node: https://www.openstreetmap.org/node/13655089301
Manufacturer: Flock Safety
Direction: 240
Zone: traffic
Camera type: fixed</description>
      <Point>
        <coordinates>-80.2185966,25.8616033,0</coordinates>
      </Point>
    </Placemark>
    <Placemark>
      <name>ALPR</name>
      <description>OSM node: https://www.openstreetmap.org/node/13655095601
Manufacturer: Flock Safety
Direction: 67
Zone: traffic
Camera type: fixed</description>
      <Point>
        <coordinates>-80.2250465,25.8611182,0</coordinates>
      </Point>
    </Placemark>
    <Placemark>
      <name>ALPR</name>
      <description>OSM node: https://www.openstreetmap.org/node/13655096202
Manufacturer: Flock Safety
Direction: 124
Zone: traffic
Camera type: fixed</description>
      <Point>
        <coordinates>-80.1336584,25.9243421,0</coordinates>
      </Point>
    </Placemark>
    <Placemark>
      <name>ALPR</name>
      <description>OSM node: https://www.openstreetmap.org/node/13655098801
Manufacturer: Flock Safety
Direction: 62
Zone: traffic
Camera type: fixed</description>
      <Point>
        <coordinates>-80.2412947,25.8606033,0</coordinates>
      </Point>
    </Placemark>
    <Placemark>
      <name>ALPR</name>
      <description>OSM node: https://www.openstreetmap.org/node/13655099201
Manufacturer: Flock Safety
Direction: 158
Zone: traffic
Camera type: fixed</description>
      <Point>
        <coordinates>-80.2348378,25.880091,0</coordinates>
      </Point>
    </Placemark>
    <Placemark>
      <name>ALPR</name>
      <description>OSM node: https://www.openstreetmap.org/node/13655107601
Manufacturer: Flock Safety
Direction: 193
Zone: traffic
Camera type: fixed</description>
      <Point>
        <coordinates>-81.677521,26.0488729,0</coordinates>
      </Point>
    </Placemark>
    <Placemark>
      <name>ALPR</name>
      <description>OSM node: https://www.openstreetmap.org/node/13655107602
Manufacturer: Flock Safety
Direction: 59
Zone: traffic
Camera type: fixed</description>
      <Point>
        <coordinates>-81.6994014,26.0475011,0</coordinates>
      </Point>
    </Placemark>
    <Placemark>
      <name>ALPR</name>
      <description>OSM node: https://www.openstreetmap.org/node/13655561801
Manufacturer: Flock Safety
Direction: 160
Zone: traffic
Camera type: fixed</description>
      <Point>
        <coordinates>-81.7203104,30.2938791,0</coordinates>
      </Point>
    </Placemark>
    <Placemark>
      <name>ALPR</name>
      <description>OSM node: https://www.openstreetmap.org/node/13656777501
Manufacturer: Flock Safety
Direction: 242
Zone: traffic
Camera type: fixed</description>
      <Point>
        <coordinates>-82.6514926,30.1995158,0</coordinates>
      </Point>
    </Placemark>
    <Placemark>
      <name>ALPR</name>
      <description>OSM node: https://www.openstreetmap.org/node/13656793969
Manufacturer: Flock Safety
Direction: 165
Zone: traffic
Camera type: fixed</description>
      <Point>
        <coordinates>-81.7762006,28.0404358,0</coordinates>
      </Point>
    </Placemark>
    <Placemark>
      <name>ALPR</name>
      <description>OSM node: https://www.openstreetmap.org/node/13656865102
Manufacturer: Flock Safety
Direction: 81
Zone: traffic
Camera type: fixed</description>
      <Point>
        <coordinates>-80.2203124,26.2280371,0</coordinates>
      </Point>
    </Placemark>
    <Placemark>
      <name>ALPR</name>
      <description>OSM node: https://www.openstreetmap.org/node/13656869002
Manufacturer: Motorola Solutions
Direction: 38
Zone: traffic
Camera type: fixed</description>
      <Point>
        <coordinates>-80.4173349,25.7935986,0</coordinates>
      </Point>
    </Placemark>
    <Placemark>
      <name>ALPR</name>
      <description>OSM node: https://www.openstreetmap.org/node/13656945401
Manufacturer: Flock Safety
Direction: 59
Zone: traffic
Camera type: fixed</description>
      <Point>
        <coordinates>-82.5286505,27.3814845,0</coordinates>
      </Point>
    </Placemark>
    <Placemark>
      <name>ALPR</name>
      <description>OSM node: https://www.openstreetmap.org/node/13657157401
Manufacturer: Flock Safety
Direction: 170
Zone: traffic
Camera type: fixed</description>
      <Point>
        <coordinates>-81.8660566,27.8967057,0</coordinates>
      </Point>
    </Placemark>
    <Placemark>
      <name>The Home Depot ALPR</name>
      <description>OSM node: https://www.openstreetmap.org/node/13657166401
Operator: The Home Depot
Manufacturer: Flock Safety
Direction: 164
Zone: traffic
Camera type: fixed</description>
      <Point>
        <coordinates>-81.8388445,27.9036293,0</coordinates>
      </Point>
    </Placemark>
    <Placemark>
      <name>ALPR</name>
      <description>OSM node: https://www.openstreetmap.org/node/13657178001
Manufacturer: Flock Safety
Direction: 77
Zone: traffic
Camera type: fixed</description>
      <Point>
        <coordinates>-81.7179383,27.9160909,0</coordinates>
      </Point>
    </Placemark>
    <Placemark>
      <name>ALPR</name>
      <description>OSM node: https://www.openstreetmap.org/node/13657235501
Manufacturer: Flock Safety
Direction: 144
Zone: traffic
Camera type: fixed</description>
      <Point>
        <coordinates>-81.6034199,27.9132869,0</coordinates>
      </Point>
    </Placemark>
    <Placemark>
      <name>ALPR</name>
      <description>OSM node: https://www.openstreetmap.org/node/13657302101
Manufacturer: Flock Safety
Direction: 330
Zone: traffic
Camera type: fixed</description>
      <Point>
        <coordinates>-80.1363539,26.0994387,0</coordinates>
      </Point>
    </Placemark>
    <Placemark>
      <name>ALPR</name>
      <description>OSM node: https://www.openstreetmap.org/node/13657302601
Manufacturer: Flock Safety
Direction: 324
Zone: traffic
Camera type: fixed</description>
      <Point>
        <coordinates>-80.1459527,26.1517219,0</coordinates>
      </Point>
    </Placemark>
    <Placemark>
      <name>ALPR</name>
      <description>OSM node: https://www.openstreetmap.org/node/13657585301
Manufacturer: Leonardo
Direction: 241
Zone: traffic
Camera type: fixed</description>
      <Point>
        <coordinates>-82.3102517,27.8538523,0</coordinates>
      </Point>
    </Placemark>
    <Placemark>
      <name>ALPR</name>
      <description>OSM node: https://www.openstreetmap.org/node/13658543101
Manufacturer: Flock Safety
Direction: 28
Zone: traffic
Camera type: fixed</description>
      <Point>
        <coordinates>-82.7139214,27.7124623,0</coordinates>
      </Point>
    </Placemark>
    <Placemark>
      <name>ALPR</name>
      <description>OSM node: https://www.openstreetmap.org/node/13658672201
Manufacturer: Flock Safety
Direction: 115
Zone: traffic
Camera type: fixed</description>
      <Point>
        <coordinates>-82.5832865,27.9953907,0</coordinates>
      </Point>
    </Placemark>
    <Placemark>
      <name>ALPR</name>
      <description>OSM node: https://www.openstreetmap.org/node/13658673501
Manufacturer: Flock Safety
Direction: 227
Zone: traffic
Camera type: fixed</description>
      <Point>
        <coordinates>-82.5811965,27.9956283,0</coordinates>
      </Point>
    </Placemark>
    <Placemark>
      <name>ALPR</name>
      <description>OSM node: https://www.openstreetmap.org/node/13658673502
Manufacturer: Flock Safety
Direction: 227
Zone: traffic
Camera type: fixed</description>
      <Point>
        <coordinates>-82.5804769,27.9949763,0</coordinates>
      </Point>
    </Placemark>
    <Placemark>
      <name>ALPR</name>
      <description>OSM node: https://www.openstreetmap.org/node/13658682301
Manufacturer: Flock Safety
Direction: 101
Zone: traffic
Camera type: fixed</description>
      <Point>
        <coordinates>-82.4837336,27.942039,0</coordinates>
      </Point>
    </Placemark>
    <Placemark>
      <name>ALPR</name>
      <description>OSM node: https://www.openstreetmap.org/node/13658691101
Manufacturer: Flock Safety
Direction: 276
Zone: traffic
Camera type: fixed</description>
      <Point>
        <coordinates>-82.5067107,27.8900964,0</coordinates>
      </Point>
    </Placemark>
    <Placemark>
      <name>ALPR</name>
      <description>OSM node: https://www.openstreetmap.org/node/13658691401
Manufacturer: Flock Safety
Direction: 276
Zone: traffic
Camera type: fixed</description>
      <Point>
        <coordinates>-82.5070528,27.8889295,0</coordinates>
      </Point>
    </Placemark>
    <Placemark>
      <name>ALPR</name>
      <description>OSM node: https://www.openstreetmap.org/node/13658693801
Manufacturer: Flock Safety
Direction: 84
Zone: traffic
Camera type: fixed</description>
      <Point>
        <coordinates>-82.5289496,27.9447695,0</coordinates>
      </Point>
    </Placemark>
    <Placemark>
      <name>ALPR</name>
      <description>OSM node: https://www.openstreetmap.org/node/13658732202
Manufacturer: Flock Safety
Direction: 0
Zone: traffic
Camera type: fixed</description>
      <Point>
        <coordinates>-82.5830355,28.0141432,0</coordinates>
      </Point>
    </Placemark>
    <Placemark>
      <name>ALPR</name>
      <description>OSM node: https://www.openstreetmap.org/node/13658828901
Manufacturer: Flock Safety
Direction: 157
Zone: traffic
Camera type: fixed</description>
      <Point>
        <coordinates>-82.583439,28.0130215,0</coordinates>
      </Point>
    </Placemark>
    <Placemark>
      <name>ALPR</name>
      <description>OSM node: https://www.openstreetmap.org/node/13658891701
Manufacturer: Flock Safety
Direction: 242
Zone: traffic
Camera type: fixed</description>
      <Point>
        <coordinates>-81.6877296,26.1912815,0</coordinates>
      </Point>
    </Placemark>
    <Placemark>
      <name>ALPR</name>
      <description>OSM node: https://www.openstreetmap.org/node/13658998401
Manufacturer: Flock Safety
Direction: 180
Zone: traffic
Camera type: fixed</description>
      <Point>
        <coordinates>-82.599159,28.4918855,0</coordinates>
      </Point>
    </Placemark>
    <Placemark>
      <name>ALPR</name>
      <description>OSM node: https://www.openstreetmap.org/node/13659158001
Manufacturer: Flock Safety
Direction: 32
Zone: traffic
Camera type: fixed</description>
      <Point>
        <coordinates>-87.0714917,30.5387634,0</coordinates>
      </Point>
    </Placemark>
    <Placemark>
      <name>ALPR</name>
      <description>OSM node: https://www.openstreetmap.org/node/13659612201
Manufacturer: Flock Safety
Direction: 315
Zone: traffic
Camera type: fixed</description>
      <Point>
        <coordinates>-82.5077331,27.9579343,0</coordinates>
      </Point>
    </Placemark>
    <Placemark>
      <name>ALPR</name>
      <description>OSM node: https://www.openstreetmap.org/node/13659686601
Manufacturer: Flock Safety
Direction: 337
Zone: traffic
Camera type: fixed</description>
      <Point>
        <coordinates>-81.2825707,29.0246851,0</coordinates>
      </Point>
    </Placemark>
    <Placemark>
      <name>ALPR</name>
      <description>OSM node: https://www.openstreetmap.org/node/13659686901
Manufacturer: Flock Safety
Direction: 152
Zone: traffic
Camera type: fixed</description>
      <Point>
        <coordinates>-81.2826771,29.0244972,0</coordinates>
      </Point>
    </Placemark>
    <Placemark>
      <name>ALPR</name>
      <description>OSM node: https://www.openstreetmap.org/node/13659753501
Manufacturer: Flock Safety
Direction: 157
Zone: traffic
Camera type: fixed</description>
      <Point>
        <coordinates>-80.1401283,26.1066373,0</coordinates>
      </Point>
    </Placemark>
    <Placemark>
      <name>ALPR</name>
      <description>OSM node: https://www.openstreetmap.org/node/13659754001
Manufacturer: Flock Safety
Direction: 342
Zone: traffic
Camera type: fixed</description>
      <Point>
        <coordinates>-80.1399476,26.1069453,0</coordinates>
      </Point>
    </Placemark>
    <Placemark>
      <name>ALPR</name>
      <description>OSM node: https://www.openstreetmap.org/node/13659858901
Manufacturer: Flock Safety
Direction: 247
Zone: traffic
Camera type: fixed</description>
      <Point>
        <coordinates>-80.8089924,28.6154267,0</coordinates>
      </Point>
    </Placemark>
    <Placemark>
      <name>ALPR</name>
      <description>OSM node: https://www.openstreetmap.org/node/13659984001
Manufacturer: Flock Safety
Direction: 328
Zone: traffic
Camera type: fixed</description>
      <Point>
        <coordinates>-80.2026543,26.1868562,0</coordinates>
      </Point>
    </Placemark>
    <Placemark>
      <name>ALPR</name>
      <description>OSM node: https://www.openstreetmap.org/node/13660003701
Manufacturer: Flock Safety
Direction: 178
Zone: traffic
Camera type: fixed</description>
      <Point>
        <coordinates>-81.369251,28.5630977,0</coordinates>
      </Point>
    </Placemark>
    <Placemark>
      <name>ALPR</name>
      <description>OSM node: https://www.openstreetmap.org/node/13660014001
Manufacturer: Flock Safety
Direction: 175
Zone: traffic
Camera type: fixed</description>
      <Point>
        <coordinates>-81.3720287,28.5622645,0</coordinates>
      </Point>
    </Placemark>
    <Placemark>
      <name>ALPR</name>
      <description>OSM node: https://www.openstreetmap.org/node/13660096101
Manufacturer: Flock Safety
Direction: 54
Zone: traffic
Camera type: fixed</description>
      <Point>
        <coordinates>-80.0950876,26.8511179,0</coordinates>
      </Point>
    </Placemark>
    <Placemark>
      <name>ALPR</name>
      <description>OSM node: https://www.openstreetmap.org/node/13660477502
Manufacturer: Flock Safety
Direction: 285
Zone: traffic
Camera type: fixed</description>
      <Point>
        <coordinates>-82.6800247,27.7767803,0</coordinates>
      </Point>
    </Placemark>
    <Placemark>
      <name>ALPR</name>
      <description>OSM node: https://www.openstreetmap.org/node/13660477503
Manufacturer: Flock Safety
Direction: 0
Zone: traffic
Camera type: fixed</description>
      <Point>
        <coordinates>-82.6785307,27.7729439,0</coordinates>
      </Point>
    </Placemark>
    <Placemark>
      <name>ALPR</name>
      <description>OSM node: https://www.openstreetmap.org/node/13660477504
Manufacturer: Flock Safety
Direction: 126
Zone: traffic
Camera type: fixed</description>
      <Point>
        <coordinates>-82.6785307,27.7729439,0</coordinates>
      </Point>
    </Placemark>
    <Placemark>
      <name>ALPR</name>
      <description>OSM node: https://www.openstreetmap.org/node/13660482801
Manufacturer: Flock Safety
Direction: 80
Zone: traffic
Camera type: fixed</description>
      <Point>
        <coordinates>-82.6800247,27.7767803,0</coordinates>
      </Point>
    </Placemark>
    <Placemark>
      <name>ALPR</name>
      <description>OSM node: https://www.openstreetmap.org/node/13660482802
Manufacturer: Flock Safety
Direction: 234
Zone: traffic
Camera type: fixed</description>
      <Point>
        <coordinates>-82.6785142,27.7729219,0</coordinates>
      </Point>
    </Placemark>
    <Placemark>
      <name>ALPR</name>
      <description>OSM node: https://www.openstreetmap.org/node/13660924801
Manufacturer: Flock Safety
Direction: 77
Zone: traffic
Camera type: fixed</description>
      <Point>
        <coordinates>-80.8382094,28.615179,0</coordinates>
      </Point>
    </Placemark>
    <Placemark>
      <name>ALPR</name>
      <description>OSM node: https://www.openstreetmap.org/node/13660926501
Manufacturer: Flock Safety
Direction: 69;298
Zone: traffic
Camera type: fixed</description>
      <Point>
        <coordinates>-80.8206071,28.6152931,0</coordinates>
      </Point>
    </Placemark>
    <Placemark>
      <name>ALPR</name>
      <description>OSM node: https://www.openstreetmap.org/node/13661951201
Manufacturer: Flock Safety
Direction: 87
Zone: traffic
Camera type: fixed</description>
      <Point>
        <coordinates>-82.516298,28.0657175,0</coordinates>
      </Point>
    </Placemark>
    <Placemark>
      <name>ALPR</name>
      <description>OSM node: https://www.openstreetmap.org/node/13661981801
Manufacturer: Flock Safety
Direction: 0
Zone: traffic
Camera type: fixed</description>
      <Point>
        <coordinates>-82.5011267,28.0974082,0</coordinates>
      </Point>
    </Placemark>
    <Placemark>
      <name>ALPR</name>
      <description>OSM node: https://www.openstreetmap.org/node/13662519801
Manufacturer: Flock Safety
Direction: 331
Zone: traffic
Camera type: fixed</description>
      <Point>
        <coordinates>-82.7835459,27.9683353,0</coordinates>
      </Point>
    </Placemark>
    <Placemark>
      <name>ALPR</name>
      <description>OSM node: https://www.openstreetmap.org/node/13662521101
Manufacturer: Flock Safety
Direction: 166
Zone: traffic
Camera type: fixed</description>
      <Point>
        <coordinates>-82.7837104,27.9686891,0</coordinates>
      </Point>
    </Placemark>
    <Placemark>
      <name>ALPR</name>
      <description>OSM node: https://www.openstreetmap.org/node/13662738202
Manufacturer: Flock Safety
Direction: 121
Zone: traffic
Camera type: fixed</description>
      <Point>
        <coordinates>-81.4385461,29.949516,0</coordinates>
      </Point>
    </Placemark>
    <Placemark>
      <name>ALPR</name>
      <description>OSM node: https://www.openstreetmap.org/node/13662793702
Manufacturer: Flock Safety
Direction: 49
Zone: traffic
Camera type: fixed</description>
      <Point>
        <coordinates>-82.7216609,27.7553935,0</coordinates>
      </Point>
    </Placemark>
    <Placemark>
      <name>ALPR</name>
      <description>OSM node: https://www.openstreetmap.org/node/13663620801
Manufacturer: Motorola Solutions
Direction: 175
Zone: traffic
Camera type: fixed</description>
      <Point>
        <coordinates>-80.3937609,26.0643971,0</coordinates>
      </Point>
    </Placemark>
    <Placemark>
      <name>ALPR</name>
      <description>OSM node: https://www.openstreetmap.org/node/13663809001
Manufacturer: Flock Safety
Direction: 237
Zone: traffic
Camera type: fixed</description>
      <Point>
        <coordinates>-81.8651604,30.1140905,0</coordinates>
      </Point>
    </Placemark>
    <Placemark>
      <name>ALPR</name>
      <description>OSM node: https://www.openstreetmap.org/node/13663809602
Manufacturer: Flock Safety
Direction: 74
Zone: traffic
Camera type: fixed</description>
      <Point>
        <coordinates>-81.8607796,30.1140484,0</coordinates>
      </Point>
    </Placemark>
    <Placemark>
      <name>ALPR</name>
      <description>OSM node: https://www.openstreetmap.org/node/13663852403
Manufacturer: Flock Safety
Direction: 250
Zone: traffic
Camera type: fixed</description>
      <Point>
        <coordinates>-81.5530256,28.0774492,0</coordinates>
      </Point>
    </Placemark>
    <Placemark>
      <name>ALPR</name>
      <description>OSM node: https://www.openstreetmap.org/node/13663879801
Manufacturer: Flock Safety
Direction: 130
Zone: traffic
Camera type: fixed</description>
      <Point>
        <coordinates>-81.0277985,26.4316056,0</coordinates>
      </Point>
    </Placemark>
    <Placemark>
      <name>ALPR</name>
      <description>OSM node: https://www.openstreetmap.org/node/13664066301
Manufacturer: Flock Safety
Direction: 347
Zone: traffic
Camera type: fixed</description>
      <Point>
        <coordinates>-81.2443998,28.5505011,0</coordinates>
      </Point>
    </Placemark>
    <Placemark>
      <name>ALPR</name>
      <description>OSM node: https://www.openstreetmap.org/node/13664080101
Manufacturer: Flock Safety
Direction: 8;167
Zone: traffic
Camera type: fixed</description>
      <Point>
        <coordinates>-81.2869339,28.5451598,0</coordinates>
      </Point>
    </Placemark>
    <Placemark>
      <name>ALPR</name>
      <description>OSM node: https://www.openstreetmap.org/node/13664920549
Manufacturer: Motorola Solutions
Direction: 080;200
Zone: traffic
Camera type: fixed</description>
      <Point>
        <coordinates>-80.203444,26.241064,0</coordinates>
      </Point>
    </Placemark>
    <Placemark>
      <name>ALPR</name>
      <description>OSM node: https://www.openstreetmap.org/node/13664998301
Manufacturer: Flock Safety
Direction: 38
Zone: traffic
Camera type: fixed</description>
      <Point>
        <coordinates>-85.6916571,30.1942915,0</coordinates>
      </Point>
    </Placemark>
    <Placemark>
      <name>ALPR</name>
      <description>OSM node: https://www.openstreetmap.org/node/13664998802
Manufacturer: Flock Safety
Direction: 265
Zone: traffic
Camera type: fixed</description>
      <Point>
        <coordinates>-81.0287606,29.0123122,0</coordinates>
      </Point>
    </Placemark>
    <Placemark>
      <name>ALPR</name>
      <description>OSM node: https://www.openstreetmap.org/node/13665061402
Manufacturer: Flock Safety
Direction: 68
Zone: traffic
Camera type: fixed</description>
      <Point>
        <coordinates>-80.8608178,28.5504551,0</coordinates>
      </Point>
    </Placemark>
    <Placemark>
      <name>ALPR</name>
      <description>OSM node: https://www.openstreetmap.org/node/13665589804
Direction: 45
Zone: traffic</description>
      <Point>
        <coordinates>-80.6966055,28.0988624,0</coordinates>
      </Point>
    </Placemark>
    <Placemark>
      <name>ALPR</name>
      <description>OSM node: https://www.openstreetmap.org/node/13665924201
Manufacturer: Flock Safety
Direction: 340
Zone: traffic
Camera type: fixed</description>
      <Point>
        <coordinates>-81.7008248,30.1452231,0</coordinates>
      </Point>
    </Placemark>
    <Placemark>
      <name>ALPR</name>
      <description>OSM node: https://www.openstreetmap.org/node/13667195102
Manufacturer: Flock Safety
Direction: 350
Zone: traffic
Camera type: fixed</description>
      <Point>
        <coordinates>-85.6875213,30.4341543,0</coordinates>
      </Point>
    </Placemark>
    <Placemark>
      <name>ALPR</name>
      <description>OSM node: https://www.openstreetmap.org/node/13667257202
Manufacturer: Axis Communications
Direction: 191;269
Zone: traffic
Camera type: fixed</description>
      <Point>
        <coordinates>-82.6755578,27.6488532,0</coordinates>
      </Point>
    </Placemark>
    <Placemark>
      <name>ALPR</name>
      <description>OSM node: https://www.openstreetmap.org/node/13667810801
Manufacturer: Flock Safety
Direction: 62
Zone: traffic
Camera type: fixed</description>
      <Point>
        <coordinates>-81.8343324,30.1591429,0</coordinates>
      </Point>
    </Placemark>
    <Placemark>
      <name>ALPR</name>
      <description>OSM node: https://www.openstreetmap.org/node/13667827402
Manufacturer: Flock Safety
Direction: 155
Zone: traffic
Camera type: fixed</description>
      <Point>
        <coordinates>-81.5814643,27.873121,0</coordinates>
      </Point>
    </Placemark>
    <Placemark>
      <name>ALPR</name>
      <description>OSM node: https://www.openstreetmap.org/node/13667976167
Manufacturer: Flock Safety
Direction: 155
Zone: traffic
Camera type: fixed</description>
      <Point>
        <coordinates>-82.2830163,29.7958316,0</coordinates>
      </Point>
    </Placemark>
    <Placemark>
      <name>ALPR</name>
      <description>OSM node: https://www.openstreetmap.org/node/13668097763
Manufacturer: Flock Safety
Direction: 110
Zone: traffic
Camera type: fixed</description>
      <Point>
        <coordinates>-80.1669633,26.1669199,0</coordinates>
      </Point>
    </Placemark>
    <Placemark>
      <name>ALPR</name>
      <description>OSM node: https://www.openstreetmap.org/node/13668097764
Manufacturer: Rekor
Direction: 220;330
Zone: traffic
Camera type: fixed</description>
      <Point>
        <coordinates>-80.1076912,26.3058055,0</coordinates>
      </Point>
    </Placemark>
    <Placemark>
      <name>ALPR</name>
      <description>OSM node: https://www.openstreetmap.org/node/13668097765
Manufacturer: Flock Safety
Direction: 050
Zone: traffic
Camera type: fixed</description>
      <Point>
        <coordinates>-80.1140708,26.318155,0</coordinates>
      </Point>
    </Placemark>
    <Placemark>
      <name>ALPR</name>
      <description>OSM node: https://www.openstreetmap.org/node/13668097766
Manufacturer: Flock Safety
Direction: 240
Zone: traffic
Camera type: fixed</description>
      <Point>
        <coordinates>-80.110287,26.3185806,0</coordinates>
      </Point>
    </Placemark>
    <Placemark>
      <name>ALPR</name>
      <description>OSM node: https://www.openstreetmap.org/node/13668097767
Manufacturer: Flock Safety
Direction: 330
Zone: traffic
Camera type: fixed</description>
      <Point>
        <coordinates>-80.1199885,26.3184878,0</coordinates>
      </Point>
    </Placemark>
    <Placemark>
      <name>ALPR</name>
      <description>OSM node: https://www.openstreetmap.org/node/13668097768
Manufacturer: Rekor
Direction: 120
Zone: traffic
Camera type: fixed</description>
      <Point>
        <coordinates>-80.1661751,27.1239747,0</coordinates>
      </Point>
    </Placemark>
    <Placemark>
      <name>ALPR</name>
      <description>OSM node: https://www.openstreetmap.org/node/13668097769
Manufacturer: Rekor
Direction: 010
Zone: traffic
Camera type: fixed</description>
      <Point>
        <coordinates>-80.1660399,27.123729,0</coordinates>
      </Point>
    </Placemark>
    <Placemark>
      <name>Sheriff's Office (martin county) ALPR</name>
      <description>OSM node: https://www.openstreetmap.org/node/13668097770
Operator: Sheriff's Office (martin county)
Manufacturer: Flock Safety
Direction: 290
Zone: traffic
Camera type: fixed</description>
      <Point>
        <coordinates>-80.2151426,27.1615196,0</coordinates>
      </Point>
    </Placemark>
    <Placemark>
      <name>ALPR</name>
      <description>OSM node: https://www.openstreetmap.org/node/13668138801
Manufacturer: Flock Safety
Direction: 287
Zone: traffic
Camera type: fixed</description>
      <Point>
        <coordinates>-82.4087209,28.5332938,0</coordinates>
      </Point>
    </Placemark>
    <Placemark>
      <name>ALPR</name>
      <description>OSM node: https://www.openstreetmap.org/node/13668152101
Manufacturer: Flock Safety
Direction: 265
Zone: traffic
Camera type: fixed</description>
      <Point>
        <coordinates>-80.3733531,25.7622,0</coordinates>
      </Point>
    </Placemark>
    <Placemark>
      <name>ALPR</name>
      <description>OSM node: https://www.openstreetmap.org/node/13668185701
Manufacturer: Flock Safety
Direction: 181
Zone: traffic
Camera type: fixed</description>
      <Point>
        <coordinates>-80.4833296,25.4531608,0</coordinates>
      </Point>
    </Placemark>
    <Placemark>
      <name>Pasco Sheriff’s Office ALPR</name>
      <description>OSM node: https://www.openstreetmap.org/node/13668212449
Operator: Pasco Sheriff’s Office
Manufacturer: Flock Safety
Direction: 350
Camera type: fixed</description>
      <Point>
        <coordinates>-82.6701935,28.4072161,0</coordinates>
      </Point>
    </Placemark>
    <Placemark>
      <name>ALPR</name>
      <description>OSM node: https://www.openstreetmap.org/node/13668325450
Direction: 170
Zone: traffic
Camera type: trailer</description>
      <Point>
        <coordinates>-86.4905986,30.3962367,0</coordinates>
      </Point>
    </Placemark>
    <Placemark>
      <name>ALPR</name>
      <description>OSM node: https://www.openstreetmap.org/node/13668898501
Manufacturer: Flock Safety
Direction: 0;0;0;309
Zone: traffic
Camera type: fixed</description>
      <Point>
        <coordinates>-82.4730079,27.5454552,0</coordinates>
      </Point>
    </Placemark>
    <Placemark>
      <name>ALPR</name>
      <description>OSM node: https://www.openstreetmap.org/node/13668902601
Manufacturer: Flock Safety
Direction: 66
Zone: traffic
Camera type: fixed</description>
      <Point>
        <coordinates>-82.4777124,27.5461963,0</coordinates>
      </Point>
    </Placemark>
    <Placemark>
      <name>ALPR</name>
      <description>OSM node: https://www.openstreetmap.org/node/13668905701
Manufacturer: Flock Safety
Direction: 0;0;308
Zone: traffic
Camera type: fixed</description>
      <Point>
        <coordinates>-82.4750282,27.5440885,0</coordinates>
      </Point>
    </Placemark>
    <Placemark>
      <name>ALPR</name>
      <description>OSM node: https://www.openstreetmap.org/node/13668906401
Manufacturer: Flock Safety
Direction: 55
Zone: traffic
Camera type: fixed</description>
      <Point>
        <coordinates>-82.4777897,27.5438571,0</coordinates>
      </Point>
    </Placemark>
    <Placemark>
      <name>ALPR</name>
      <description>OSM node: https://www.openstreetmap.org/node/13668906701
Manufacturer: Flock Safety
Direction: 59
Zone: traffic
Camera type: fixed</description>
      <Point>
        <coordinates>-82.4782321,27.544395,0</coordinates>
      </Point>
    </Placemark>
    <Placemark>
      <name>ALPR</name>
      <description>OSM node: https://www.openstreetmap.org/node/13669029301
Manufacturer: Flock Safety
Direction: 26;208
Zone: traffic
Camera type: fixed</description>
      <Point>
        <coordinates>-80.1816231,26.2441548,0</coordinates>
      </Point>
    </Placemark>
    <Placemark>
      <name>ALPR</name>
      <description>OSM node: https://www.openstreetmap.org/node/13669617101
Manufacturer: Flock Safety
Direction: 156
Zone: traffic
Camera type: fixed</description>
      <Point>
        <coordinates>-80.1052908,26.8428928,0</coordinates>
      </Point>
    </Placemark>
    <Placemark>
      <name>ALPR</name>
      <description>OSM node: https://www.openstreetmap.org/node/13669863001
Manufacturer: Flock Safety
Direction: 80
Zone: traffic
Camera type: fixed</description>
      <Point>
        <coordinates>-83.588771,30.1115209,0</coordinates>
      </Point>
    </Placemark>
    <Placemark>
      <name>ALPR</name>
      <description>OSM node: https://www.openstreetmap.org/node/13669863101
Manufacturer: Flock Safety
Direction: 350
Zone: traffic
Camera type: fixed</description>
      <Point>
        <coordinates>-83.5890531,30.1119385,0</coordinates>
      </Point>
    </Placemark>
    <Placemark>
      <name>ALPR</name>
      <description>OSM node: https://www.openstreetmap.org/node/13669935101
Manufacturer: Flock Safety
Direction: 287
Zone: traffic
Camera type: fixed</description>
      <Point>
        <coordinates>-84.0711057,30.4117806,0</coordinates>
      </Point>
    </Placemark>
    <Placemark>
      <name>ALPR</name>
      <description>OSM node: https://www.openstreetmap.org/node/13669954501
Manufacturer: Flock Safety
Direction: 298
Zone: traffic
Camera type: fixed</description>
      <Point>
        <coordinates>-82.1707851,28.0110873,0</coordinates>
      </Point>
    </Placemark>
    <Placemark>
      <name>ALPR</name>
      <description>OSM node: https://www.openstreetmap.org/node/13670086601
Manufacturer: Flock Safety
Direction: 340
Zone: traffic
Camera type: fixed</description>
      <Point>
        <coordinates>-80.2814854,26.2311399,0</coordinates>
      </Point>
    </Placemark>
    <Placemark>
      <name>ALPR</name>
      <description>OSM node: https://www.openstreetmap.org/node/13670088001
Manufacturer: Flock Safety
Direction: 49
Zone: traffic
Camera type: fixed</description>
      <Point>
        <coordinates>-80.281458,26.2310708,0</coordinates>
      </Point>
    </Placemark>
    <Placemark>
      <name>ALPR</name>
      <description>OSM node: https://www.openstreetmap.org/node/13670090501
Manufacturer: Flock Safety
Direction: 49
Zone: traffic
Camera type: fixed</description>
      <Point>
        <coordinates>-80.281458,26.2310708,0</coordinates>
      </Point>
    </Placemark>
    <Placemark>
      <name>ALPR</name>
      <description>OSM node: https://www.openstreetmap.org/node/13670250901
Manufacturer: Flock Safety
Direction: 243
Zone: traffic
Camera type: fixed</description>
      <Point>
        <coordinates>-81.5771863,27.7341762,0</coordinates>
      </Point>
    </Placemark>
    <Placemark>
      <name>ALPR</name>
      <description>OSM node: https://www.openstreetmap.org/node/13670254403
Manufacturer: Flock Safety
Direction: 344
Zone: traffic
Camera type: fixed</description>
      <Point>
        <coordinates>-80.1587336,25.9964599,0</coordinates>
      </Point>
    </Placemark>
    <Placemark>
      <name>ALPR</name>
      <description>OSM node: https://www.openstreetmap.org/node/13670269501
Manufacturer: Flock Safety
Direction: 145
Zone: traffic
Camera type: fixed</description>
      <Point>
        <coordinates>-80.1674763,26.013711,0</coordinates>
      </Point>
    </Placemark>
    <Placemark>
      <name>ALPR</name>
      <description>OSM node: https://www.openstreetmap.org/node/13670271501
Manufacturer: Flock Safety
Direction: 296;311;327
Zone: traffic
Camera type: fixed</description>
      <Point>
        <coordinates>-80.2529471,26.2327332,0</coordinates>
      </Point>
    </Placemark>
    <Placemark>
      <name>ALPR</name>
      <description>OSM node: https://www.openstreetmap.org/node/13670288301
Manufacturer: Motorola Solutions
Direction: 305
Zone: traffic
Camera type: fixed</description>
      <Point>
        <coordinates>-80.1285353,25.995362,0</coordinates>
      </Point>
    </Placemark>
    <Placemark>
      <name>ALPR</name>
      <description>OSM node: https://www.openstreetmap.org/node/13670288302
Manufacturer: Motorola Solutions
Direction: 52;131
Zone: traffic
Camera type: fixed</description>
      <Point>
        <coordinates>-80.1286479,25.9952917,0</coordinates>
      </Point>
    </Placemark>
    <Placemark>
      <name>ALPR</name>
      <description>OSM node: https://www.openstreetmap.org/node/13670291401
Manufacturer: Motorola Solutions
Direction: 64
Zone: traffic
Camera type: fixed</description>
      <Point>
        <coordinates>-80.142154,25.9967008,0</coordinates>
      </Point>
    </Placemark>
    <Placemark>
      <name>ALPR</name>
      <description>OSM node: https://www.openstreetmap.org/node/13670295401
Manufacturer: Motorola Solutions
Direction: 65
Zone: traffic
Camera type: fixed</description>
      <Point>
        <coordinates>-80.1627352,25.9960932,0</coordinates>
      </Point>
    </Placemark>
    <Placemark>
      <name>ALPR</name>
      <description>OSM node: https://www.openstreetmap.org/node/13670300101
Manufacturer: Motorola Solutions
Direction: 159
Zone: traffic
Camera type: fixed</description>
      <Point>
        <coordinates>-80.1498176,25.9961797,0</coordinates>
      </Point>
    </Placemark>
    <Placemark>
      <name>ALPR</name>
      <description>OSM node: https://www.openstreetmap.org/node/13670331801
Manufacturer: Axis Communications
Direction: 124
Zone: traffic
Camera type: fixed</description>
      <Point>
        <coordinates>-80.3526942,26.1023685,0</coordinates>
      </Point>
    </Placemark>
    <Placemark>
      <name>ALPR</name>
      <description>OSM node: https://www.openstreetmap.org/node/13670331802
Manufacturer: Axis Communications
Direction: 174
Zone: traffic
Camera type: fixed</description>
      <Point>
        <coordinates>-80.3544031,26.1023825,0</coordinates>
      </Point>
    </Placemark>
    <Placemark>
      <name>ALPR</name>
      <description>OSM node: https://www.openstreetmap.org/node/13670339001
Manufacturer: Axis Communications
Direction: 234
Zone: traffic
Camera type: fixed</description>
      <Point>
        <coordinates>-80.3548914,26.1024202,0</coordinates>
      </Point>
    </Placemark>
    <Placemark>
      <name>ALPR</name>
      <description>OSM node: https://www.openstreetmap.org/node/13670339801
Manufacturer: Axis Communications
Direction: 332
Zone: traffic
Camera type: fixed</description>
      <Point>
        <coordinates>-80.3541449,26.1027471,0</coordinates>
      </Point>
    </Placemark>
    <Placemark>
      <name>ALPR</name>
      <description>OSM node: https://www.openstreetmap.org/node/13670536501
Manufacturer: Flock Safety
Direction: 178
Zone: traffic
Camera type: fixed</description>
      <Point>
        <coordinates>-80.2990399,26.0706351,0</coordinates>
      </Point>
    </Placemark>
    <Placemark>
      <name>ALPR</name>
      <description>OSM node: https://www.openstreetmap.org/node/13670566801
Manufacturer: Motorola Solutions
Direction: 178
Zone: traffic
Camera type: fixed</description>
      <Point>
        <coordinates>-80.1260061,25.989627,0</coordinates>
      </Point>
    </Placemark>
    <Placemark>
      <name>ALPR</name>
      <description>OSM node: https://www.openstreetmap.org/node/13670612701
Manufacturer: Motorola Solutions
Direction: 303;346
Zone: traffic
Camera type: fixed</description>
      <Point>
        <coordinates>-80.1260155,25.9897833,0</coordinates>
      </Point>
    </Placemark>
    <Placemark>
      <name>ALPR</name>
      <description>OSM node: https://www.openstreetmap.org/node/13672067767
Manufacturer: Flock Safety
Direction: 90
Zone: traffic
Camera type: fixed</description>
      <Point>
        <coordinates>-82.6481099,29.6452749,0</coordinates>
      </Point>
    </Placemark>
    <Placemark>
      <name>ALPR</name>
      <description>OSM node: https://www.openstreetmap.org/node/13672067768
Manufacturer: Flock Safety
Direction: 225
Zone: traffic
Camera type: fixed</description>
      <Point>
        <coordinates>-82.6565226,29.6432679,0</coordinates>
      </Point>
    </Placemark>
    <Placemark>
      <name>ALPR</name>
      <description>OSM node: https://www.openstreetmap.org/node/13672392574
Manufacturer: Flock Safety
Direction: 20
Zone: traffic
Camera type: fixed</description>
      <Point>
        <coordinates>-81.6438853,28.0349619,0</coordinates>
      </Point>
    </Placemark>
    <Placemark>
      <name>ALPR</name>
      <description>OSM node: https://www.openstreetmap.org/node/13672460933
Manufacturer: Flock Safety
Direction: 70
Zone: traffic
Camera type: fixed</description>
      <Point>
        <coordinates>-81.6330506,28.0553531,0</coordinates>
      </Point>
    </Placemark>
    <Placemark>
      <name>ALPR</name>
      <description>OSM node: https://www.openstreetmap.org/node/13672845401
Manufacturer: Flock Safety
Direction: 278;297;293
Zone: traffic
Camera type: fixed</description>
      <Point>
        <coordinates>-82.1215995,28.5073927,0</coordinates>
      </Point>
    </Placemark>
    <Placemark>
      <name>ALPR</name>
      <description>OSM node: https://www.openstreetmap.org/node/13672863401
Manufacturer: Flock Safety
Direction: 0;0;354
Zone: traffic
Camera type: fixed</description>
      <Point>
        <coordinates>-82.2054216,28.5145563,0</coordinates>
      </Point>
    </Placemark>
    <Placemark>
      <name>ALPR</name>
      <description>OSM node: https://www.openstreetmap.org/node/13673087702
Manufacturer: Flock Safety
Direction: 229
Zone: traffic
Camera type: fixed</description>
      <Point>
        <coordinates>-80.2848796,25.6822331,0</coordinates>
      </Point>
    </Placemark>
    <Placemark>
      <name>ALPR</name>
      <description>OSM node: https://www.openstreetmap.org/node/13673132701
Manufacturer: Flock Safety
Direction: 250
Zone: traffic
Camera type: fixed</description>
      <Point>
        <coordinates>-80.2319735,26.074051,0</coordinates>
      </Point>
    </Placemark>
    <Placemark>
      <name>ALPR</name>
      <description>OSM node: https://www.openstreetmap.org/node/13673138101
Manufacturer: Flock Safety
Direction: 345
Zone: traffic
Camera type: fixed</description>
      <Point>
        <coordinates>-80.1446462,25.9968489,0</coordinates>
      </Point>
    </Placemark>
    <Placemark>
      <name>ALPR</name>
      <description>OSM node: https://www.openstreetmap.org/node/13673142001
Manufacturer: Axis Communications
Direction: 243
Zone: traffic
Camera type: fixed</description>
      <Point>
        <coordinates>-80.3467158,26.1132032,0</coordinates>
      </Point>
    </Placemark>
    <Placemark>
      <name>ALPR</name>
      <description>OSM node: https://www.openstreetmap.org/node/13673142901
Manufacturer: Axis Communications
Direction: 148
Zone: traffic
Camera type: fixed</description>
      <Point>
        <coordinates>-80.3464422,26.1127187,0</coordinates>
      </Point>
    </Placemark>
    <Placemark>
      <name>ALPR</name>
      <description>OSM node: https://www.openstreetmap.org/node/13673144301
Manufacturer: Flock Safety
Direction: 331
Zone: traffic
Camera type: fixed</description>
      <Point>
        <coordinates>-80.1345423,25.9974008,0</coordinates>
      </Point>
    </Placemark>
    <Placemark>
      <name>ALPR</name>
      <description>OSM node: https://www.openstreetmap.org/node/13673146601
Manufacturer: Axis Communications
Direction: 26
Zone: traffic
Camera type: fixed</description>
      <Point>
        <coordinates>-80.3464568,26.1141534,0</coordinates>
      </Point>
    </Placemark>
    <Placemark>
      <name>ALPR</name>
      <description>OSM node: https://www.openstreetmap.org/node/13673275601
Manufacturer: Flock Safety
Direction: 213
Zone: traffic
Camera type: fixed</description>
      <Point>
        <coordinates>-81.8604414,27.2144291,0</coordinates>
      </Point>
    </Placemark>
    <Placemark>
      <name>ALPR</name>
      <description>OSM node: https://www.openstreetmap.org/node/13673278701
Manufacturer: Flock Safety
Direction: 225-295
Zone: traffic
Camera type: fixed</description>
      <Point>
        <coordinates>-81.935316,27.2350733,0</coordinates>
      </Point>
    </Placemark>
    <Placemark>
      <name>Simon Property Group ALPR</name>
      <description>OSM node: https://www.openstreetmap.org/node/13674516001
Operator: Simon Property Group
Manufacturer: Flock Safety
Direction: 247
Zone: traffic
Camera type: fixed</description>
      <Point>
        <coordinates>-80.375591,25.7862857,0</coordinates>
      </Point>
    </Placemark>
    <Placemark>
      <name>ALPR</name>
      <description>OSM node: https://www.openstreetmap.org/node/13674576601
Manufacturer: Flock Safety
Direction: 156
Zone: traffic
Camera type: fixed</description>
      <Point>
        <coordinates>-82.533765,27.3041852,0</coordinates>
      </Point>
    </Placemark>
    <Placemark>
      <name>ALPR</name>
      <description>OSM node: https://www.openstreetmap.org/node/13674606801
Manufacturer: Flock Safety
Direction: 65
Zone: traffic
Camera type: fixed</description>
      <Point>
        <coordinates>-82.6946236,27.9614333,0</coordinates>
      </Point>
    </Placemark>
    <Placemark>
      <name>ALPR</name>
      <description>OSM node: https://www.openstreetmap.org/node/13674627401
Manufacturer: Flock Safety
Direction: 177
Zone: traffic
Camera type: fixed</description>
      <Point>
        <coordinates>-82.4622174,27.9538653,0</coordinates>
      </Point>
    </Placemark>
    <Placemark>
      <name>ALPR</name>
      <description>OSM node: https://www.openstreetmap.org/node/13674801201
Manufacturer: Flock Safety
Direction: 161
Zone: traffic
Camera type: fixed</description>
      <Point>
        <coordinates>-82.2045025,28.5130238,0</coordinates>
      </Point>
    </Placemark>
    <Placemark>
      <name>Volusia County Sheriff's Office ALPR</name>
      <description>OSM node: https://www.openstreetmap.org/node/13674807326
Operator: Volusia County Sheriff's Office
Manufacturer: Flock Safety
Direction: 160
Zone: traffic
Camera type: fixed</description>
      <Point>
        <coordinates>-81.2555355,28.9449819,0</coordinates>
      </Point>
    </Placemark>
    <Placemark>
      <name>ALPR</name>
      <description>OSM node: https://www.openstreetmap.org/node/13675111701
Manufacturer: Motorola Solutions
Direction: 76;141
Zone: traffic
Camera type: fixed</description>
      <Point>
        <coordinates>-81.8042069,26.6561897,0</coordinates>
      </Point>
    </Placemark>
    <Placemark>
      <name>ALPR</name>
      <description>OSM node: https://www.openstreetmap.org/node/13675111702
Manufacturer: Motorola Solutions
Direction: 330
Zone: traffic
Camera type: fixed</description>
      <Point>
        <coordinates>-81.8038287,26.6565265,0</coordinates>
      </Point>
    </Placemark>
    <Placemark>
      <name>ALPR</name>
      <description>OSM node: https://www.openstreetmap.org/node/13675111901
Manufacturer: Motorola Solutions
Direction: 251
Zone: traffic
Camera type: fixed</description>
      <Point>
        <coordinates>-81.8042853,26.6565097,0</coordinates>
      </Point>
    </Placemark>
    <Placemark>
      <name>ALPR</name>
      <description>OSM node: https://www.openstreetmap.org/node/13675119801
Manufacturer: Genetec
Direction: 242
Zone: traffic
Camera type: fixed</description>
      <Point>
        <coordinates>-81.7957363,26.685927,0</coordinates>
      </Point>
    </Placemark>
    <Placemark>
      <name>ALPR</name>
      <description>OSM node: https://www.openstreetmap.org/node/13675127601
Manufacturer: Genetec
Direction: 27;247
Zone: traffic
Camera type: fixed</description>
      <Point>
        <coordinates>-81.8251362,26.6416234,0</coordinates>
      </Point>
    </Placemark>
    <Placemark>
      <name>ALPR</name>
      <description>OSM node: https://www.openstreetmap.org/node/13675132502
Manufacturer: Genetec
Direction: 119;249
Zone: traffic
Camera type: fixed</description>
      <Point>
        <coordinates>-81.858422,26.64107,0</coordinates>
      </Point>
    </Placemark>
    <Placemark>
      <name>The Home Depot ALPR</name>
      <description>OSM node: https://www.openstreetmap.org/node/13675747701
Operator: The Home Depot
Manufacturer: Flock Safety
Direction: 130
Zone: traffic
Camera type: fixed</description>
      <Point>
        <coordinates>-80.1396334,26.2613372,0</coordinates>
      </Point>
    </Placemark>
    <Placemark>
      <name>The Home Depot ALPR</name>
      <description>OSM node: https://www.openstreetmap.org/node/13675749801
Operator: The Home Depot
Manufacturer: Flock Safety
Direction: 339
Zone: traffic
Camera type: fixed</description>
      <Point>
        <coordinates>-80.1384842,26.2606781,0</coordinates>
      </Point>
    </Placemark>
    <Placemark>
      <name>ALPR</name>
      <description>OSM node: https://www.openstreetmap.org/node/13675862319
Manufacturer: Flock Safety
Direction: 160
Zone: traffic
Camera type: fixed</description>
      <Point>
        <coordinates>-82.1676572,29.7919139,0</coordinates>
      </Point>
    </Placemark>
    <Placemark>
      <name>ALPR</name>
      <description>OSM node: https://www.openstreetmap.org/node/13675884178
Manufacturer: Flock Safety
Direction: 340
Zone: traffic
Camera type: fixed</description>
      <Point>
        <coordinates>-82.1673741,29.7887257,0</coordinates>
      </Point>
    </Placemark>
    <Placemark>
      <name>ALPR</name>
      <description>OSM node: https://www.openstreetmap.org/node/13675987502
Manufacturer: Flock Safety
Direction: 239
Zone: traffic
Camera type: fixed</description>
      <Point>
        <coordinates>-80.3678627,26.082557,0</coordinates>
      </Point>
    </Placemark>
    <Placemark>
      <name>ALPR</name>
      <description>OSM node: https://www.openstreetmap.org/node/13675993301
Manufacturer: Flock Safety
Direction: 0
Zone: traffic
Camera type: fixed</description>
      <Point>
        <coordinates>-80.3677311,26.0824979,0</coordinates>
      </Point>
    </Placemark>
    <Placemark>
      <name>ALPR</name>
      <description>OSM node: https://www.openstreetmap.org/node/13676046601
Manufacturer: Flock Safety
Direction: 63
Zone: traffic
Camera type: fixed</description>
      <Point>
        <coordinates>-80.162207,26.3055805,0</coordinates>
      </Point>
    </Placemark>
    <Placemark>
      <name>ALPR</name>
      <description>OSM node: https://www.openstreetmap.org/node/13676171201
Manufacturer: Flock Safety
Direction: 147
Zone: traffic
Camera type: fixed</description>
      <Point>
        <coordinates>-80.2507101,26.2991369,0</coordinates>
      </Point>
    </Placemark>
    <Placemark>
      <name>ALPR</name>
      <description>OSM node: https://www.openstreetmap.org/node/13676653201
Manufacturer: Flock Safety
Direction: 298
Zone: traffic
Camera type: fixed</description>
      <Point>
        <coordinates>-81.9560063,26.5089734,0</coordinates>
      </Point>
    </Placemark>
    <Placemark>
      <name>Lowe's ALPR</name>
      <description>OSM node: https://www.openstreetmap.org/node/13678617401
Operator: Lowe's
Manufacturer: Flock Safety
Direction: 72
Zone: traffic
Camera type: fixed</description>
      <Point>
        <coordinates>-82.6742603,28.2774934,0</coordinates>
      </Point>
    </Placemark>
    <Placemark>
      <name>ALPR</name>
      <description>OSM node: https://www.openstreetmap.org/node/13680524323
Manufacturer: Flock Safety
Direction: 155
Zone: traffic
Camera type: fixed</description>
      <Point>
        <coordinates>-81.3752545,28.2994505,0</coordinates>
      </Point>
    </Placemark>
    <Placemark>
      <name>ALPR</name>
      <description>OSM node: https://www.openstreetmap.org/node/13682280901
Manufacturer: Flock Safety
Direction: 147;168
Zone: traffic
Camera type: fixed</description>
      <Point>
        <coordinates>-81.6627496,29.8498221,0</coordinates>
      </Point>
    </Placemark>
    <Placemark>
      <name>ALPR</name>
      <description>OSM node: https://www.openstreetmap.org/node/13682303610
Manufacturer: Flock Safety
Direction: 286
Zone: traffic
Camera type: fixed</description>
      <Point>
        <coordinates>-80.1561809,25.7283694,0</coordinates>
      </Point>
    </Placemark>
    <Placemark>
      <name>ALPR</name>
      <description>OSM node: https://www.openstreetmap.org/node/13682319201
Manufacturer: Flock Safety
Direction: 290
Zone: traffic
Camera type: fixed</description>
      <Point>
        <coordinates>-80.1561754,25.7283511,0</coordinates>
      </Point>
    </Placemark>
    <Placemark>
      <name>ALPR</name>
      <description>OSM node: https://www.openstreetmap.org/node/13682492116
Manufacturer: Flock Safety
Direction: 157
Zone: traffic
Camera type: fixed</description>
      <Point>
        <coordinates>-81.4411136,28.1594591,0</coordinates>
      </Point>
    </Placemark>
    <Placemark>
      <name>ALPR</name>
      <description>OSM node: https://www.openstreetmap.org/node/13682504001
Manufacturer: Flock Safety
Direction: 43
Zone: traffic
Camera type: fixed</description>
      <Point>
        <coordinates>-81.4421172,28.1570179,0</coordinates>
      </Point>
    </Placemark>
    <Placemark>
      <name>ALPR</name>
      <description>OSM node: https://www.openstreetmap.org/node/13682504003
Manufacturer: Flock Safety
Direction: 139
Zone: traffic
Camera type: fixed</description>
      <Point>
        <coordinates>-81.4402549,28.2015791,0</coordinates>
      </Point>
    </Placemark>
    <Placemark>
      <name>ALPR</name>
      <description>OSM node: https://www.openstreetmap.org/node/13682522303
Manufacturer: Flock Safety
Direction: 165
Zone: traffic
Camera type: fixed</description>
      <Point>
        <coordinates>-81.4387434,28.1872507,0</coordinates>
      </Point>
    </Placemark>
    <Placemark>
      <name>ALPR</name>
      <description>OSM node: https://www.openstreetmap.org/node/13682534001
Manufacturer: Flock Safety
Direction: 340
Zone: traffic
Camera type: fixed</description>
      <Point>
        <coordinates>-81.4398776,28.1821818,0</coordinates>
      </Point>
    </Placemark>
    <Placemark>
      <name>ALPR</name>
      <description>OSM node: https://www.openstreetmap.org/node/13682536701
Manufacturer: Flock Safety
Direction: 314
Zone: traffic
Camera type: fixed</description>
      <Point>
        <coordinates>-81.4396425,28.1992984,0</coordinates>
      </Point>
    </Placemark>
    <Placemark>
      <name>ALPR</name>
      <description>OSM node: https://www.openstreetmap.org/node/13682601445
Manufacturer: Flock Safety
Direction: 320
Zone: traffic
Camera type: fixed</description>
      <Point>
        <coordinates>-87.1504851,30.3439716,0</coordinates>
      </Point>
    </Placemark>
    <Placemark>
      <name>ALPR</name>
      <description>OSM node: https://www.openstreetmap.org/node/13683448202
Manufacturer: Flock Safety
Direction: 154;337
Zone: traffic
Camera type: fixed</description>
      <Point>
        <coordinates>-82.8721915,30.3843803,0</coordinates>
      </Point>
    </Placemark>
    <Placemark>
      <name>ALPR</name>
      <description>OSM node: https://www.openstreetmap.org/node/13683453601
Manufacturer: Flock Safety
Direction: 340;157
Zone: traffic
Camera type: fixed</description>
      <Point>
        <coordinates>-82.8692319,30.3819789,0</coordinates>
      </Point>
    </Placemark>
    <Placemark>
      <name>ALPR</name>
      <description>OSM node: https://www.openstreetmap.org/node/13683578701
Manufacturer: Flock Safety
Direction: 221
Zone: traffic
Camera type: fixed</description>
      <Point>
        <coordinates>-82.7234939,29.9162589,0</coordinates>
      </Point>
    </Placemark>
    <Placemark>
      <name>ALPR</name>
      <description>OSM node: https://www.openstreetmap.org/node/13683612101
Manufacturer: Flock Safety
Direction: 0
Zone: traffic
Camera type: fixed</description>
      <Point>
        <coordinates>-82.3350774,27.7421532,0</coordinates>
      </Point>
    </Placemark>
    <Placemark>
      <name>ALPR</name>
      <description>OSM node: https://www.openstreetmap.org/node/13683749882
Manufacturer: Flock Safety
Direction: 70
Zone: traffic
Camera type: fixed</description>
      <Point>
        <coordinates>-81.927516,27.9961054,0</coordinates>
      </Point>
    </Placemark>
    <Placemark>
      <name>ALPR</name>
      <description>OSM node: https://www.openstreetmap.org/node/13685405101
Manufacturer: Flock Safety
Direction: 162
Zone: traffic
Camera type: fixed</description>
      <Point>
        <coordinates>-81.8206636,30.1819602,0</coordinates>
      </Point>
    </Placemark>
    <Placemark>
      <name>ALPR</name>
      <description>OSM node: https://www.openstreetmap.org/node/13685559001
Manufacturer: Flock Safety
Direction: 181
Zone: traffic
Camera type: fixed</description>
      <Point>
        <coordinates>-87.2602351,30.4848676,0</coordinates>
      </Point>
    </Placemark>
    <Placemark>
      <name>ALPR</name>
      <description>OSM node: https://www.openstreetmap.org/node/13685559701
Manufacturer: Flock Safety
Direction: 318
Zone: traffic
Camera type: fixed</description>
      <Point>
        <coordinates>-87.2584503,30.4870162,0</coordinates>
      </Point>
    </Placemark>
    <Placemark>
      <name>ALPR</name>
      <description>OSM node: https://www.openstreetmap.org/node/13685603501
Manufacturer: Flock Safety
Direction: 165
Zone: traffic
Camera type: fixed</description>
      <Point>
        <coordinates>-81.3230653,28.8272043,0</coordinates>
      </Point>
    </Placemark>
    <Placemark>
      <name>ALPR</name>
      <description>OSM node: https://www.openstreetmap.org/node/13685619402
Manufacturer: Axis Communications
Direction: 231
Zone: traffic
Camera type: fixed</description>
      <Point>
        <coordinates>-80.3465613,26.1024047,0</coordinates>
      </Point>
    </Placemark>
    <Placemark>
      <name>ALPR</name>
      <description>OSM node: https://www.openstreetmap.org/node/13685693601
Manufacturer: Flock Safety
Direction: 130
Zone: traffic
Camera type: fixed</description>
      <Point>
        <coordinates>-85.1474388,30.6090466,0</coordinates>
      </Point>
    </Placemark>
    <Placemark>
      <name>ALPR</name>
      <description>OSM node: https://www.openstreetmap.org/node/13685695601
Manufacturer: Flock Safety
Direction: 154
Zone: traffic
Camera type: fixed</description>
      <Point>
        <coordinates>-85.1856465,30.7248407,0</coordinates>
      </Point>
    </Placemark>
    <Placemark>
      <name>ALPR</name>
      <description>OSM node: https://www.openstreetmap.org/node/13685697550
Manufacturer: Flock Safety
Direction: 235
Zone: parking
Camera type: fixed</description>
      <Point>
        <coordinates>-80.6986077,28.3596842,0</coordinates>
      </Point>
    </Placemark>
    <Placemark>
      <name>ALPR</name>
      <description>OSM node: https://www.openstreetmap.org/node/13685702621
Manufacturer: Flock Safety
Direction: 245
Zone: parking
Camera type: fixed</description>
      <Point>
        <coordinates>-80.6989913,28.3608999,0</coordinates>
      </Point>
    </Placemark>
    <Placemark>
      <name>ALPR</name>
      <description>OSM node: https://www.openstreetmap.org/node/13685883301
Manufacturer: Platesmart PTZ LPR
Direction: 190;270;350
Zone: traffic
Camera type: fixed</description>
      <Point>
        <coordinates>-87.2313753,30.4203325,0</coordinates>
      </Point>
    </Placemark>
    <Placemark>
      <name>ALPR</name>
      <description>OSM node: https://www.openstreetmap.org/node/13686382966
Manufacturer: Flock Safety
Direction: 345
Zone: traffic
Camera type: fixed</description>
      <Point>
        <coordinates>-82.133206,30.2805484,0</coordinates>
      </Point>
    </Placemark>
    <Placemark>
      <name>ALPR</name>
      <description>OSM node: https://www.openstreetmap.org/node/13686518501
Manufacturer: Motorola Solutions
Direction: 289
Zone: traffic
Camera type: fixed</description>
      <Point>
        <coordinates>-81.944296,26.4984162,0</coordinates>
      </Point>
    </Placemark>
    <Placemark>
      <name>ALPR</name>
      <description>OSM node: https://www.openstreetmap.org/node/13686576301
Manufacturer: Flock Safety
Direction: 156
Zone: traffic
Camera type: fixed</description>
      <Point>
        <coordinates>-84.28911,30.4853915,0</coordinates>
      </Point>
    </Placemark>
    <Placemark>
      <name>ALPR</name>
      <description>OSM node: https://www.openstreetmap.org/node/13686722702
Manufacturer: Flock Safety
Direction: 243
Zone: traffic
Camera type: fixed</description>
      <Point>
        <coordinates>-80.4574781,25.6832127,0</coordinates>
      </Point>
    </Placemark>
    <Placemark>
      <name>ALPR</name>
      <description>OSM node: https://www.openstreetmap.org/node/13686723201
Manufacturer: Flock Safety
Direction: 158
Zone: traffic
Camera type: fixed</description>
      <Point>
        <coordinates>-80.4479363,25.6841349,0</coordinates>
      </Point>
    </Placemark>
    <Placemark>
      <name>ALPR</name>
      <description>OSM node: https://www.openstreetmap.org/node/13686726101
Manufacturer: Flock Safety
Direction: 91
Zone: traffic
Camera type: fixed</description>
      <Point>
        <coordinates>-80.4492141,25.6834512,0</coordinates>
      </Point>
    </Placemark>
    <Placemark>
      <name>ALPR</name>
      <description>OSM node: https://www.openstreetmap.org/node/13686729101
Manufacturer: Flock Safety
Direction: 102
Zone: traffic
Camera type: fixed</description>
      <Point>
        <coordinates>-80.4493873,25.6827644,0</coordinates>
      </Point>
    </Placemark>
    <Placemark>
      <name>ALPR</name>
      <description>OSM node: https://www.openstreetmap.org/node/13686744203
Manufacturer: Flock Safety
Direction: 252
Zone: traffic
Camera type: fixed</description>
      <Point>
        <coordinates>-80.3973683,27.6387242,0</coordinates>
      </Point>
    </Placemark>
    <Placemark>
      <name>ALPR</name>
      <description>OSM node: https://www.openstreetmap.org/node/13686937601
Manufacturer: Flock Safety
Direction: 243
Zone: traffic
Camera type: fixed</description>
      <Point>
        <coordinates>-81.6554588,28.546335,0</coordinates>
      </Point>
    </Placemark>
    <Placemark>
      <name>ALPR</name>
      <description>OSM node: https://www.openstreetmap.org/node/13686992601
Manufacturer: Axis Communications
Direction: 52
Zone: traffic
Camera type: fixed</description>
      <Point>
        <coordinates>-81.4133964,28.6795014,0</coordinates>
      </Point>
    </Placemark>
    <Placemark>
      <name>ALPR</name>
      <description>OSM node: https://www.openstreetmap.org/node/13687196101
Manufacturer: Flock Safety
Direction: 247
Zone: traffic
Camera type: fixed</description>
      <Point>
        <coordinates>-81.8315135,27.5454366,0</coordinates>
      </Point>
    </Placemark>
    <Placemark>
      <name>ALPR</name>
      <description>OSM node: https://www.openstreetmap.org/node/13687221201
Manufacturer: Flock Safety
Direction: 314
Zone: traffic
Camera type: fixed</description>
      <Point>
        <coordinates>-81.7473915,30.1646755,0</coordinates>
      </Point>
    </Placemark>
    <Placemark>
      <name>ALPR</name>
      <description>OSM node: https://www.openstreetmap.org/node/13687230501
Manufacturer: Flock Safety
Direction: 170
Zone: traffic
Camera type: fixed</description>
      <Point>
        <coordinates>-81.7008031,30.1532529,0</coordinates>
      </Point>
    </Placemark>
    <Placemark>
      <name>ALPR</name>
      <description>OSM node: https://www.openstreetmap.org/node/13687233301
Manufacturer: Flock Safety
Direction: 0
Zone: traffic
Camera type: fixed</description>
      <Point>
        <coordinates>-81.7054043,30.1033859,0</coordinates>
      </Point>
    </Placemark>
    <Placemark>
      <name>ALPR</name>
      <description>OSM node: https://www.openstreetmap.org/node/13687233401
Manufacturer: Flock Safety
Direction: 178
Zone: traffic
Camera type: fixed</description>
      <Point>
        <coordinates>-81.7058386,30.1002992,0</coordinates>
      </Point>
    </Placemark>
    <Placemark>
      <name>ALPR</name>
      <description>OSM node: https://www.openstreetmap.org/node/13687298001
Manufacturer: Motorola Solutions
Direction: 86
Zone: traffic
Camera type: fixed</description>
      <Point>
        <coordinates>-81.7116587,26.5804995,0</coordinates>
      </Point>
    </Placemark>
    <Placemark>
      <name>ALPR</name>
      <description>OSM node: https://www.openstreetmap.org/node/13687298002
Manufacturer: Motorola Solutions
Direction: 296
Zone: traffic
Camera type: fixed</description>
      <Point>
        <coordinates>-81.7120333,26.5807659,0</coordinates>
      </Point>
    </Placemark>
    <Placemark>
      <name>ALPR</name>
      <description>OSM node: https://www.openstreetmap.org/node/13687298101
Manufacturer: Motorola Solutions
Direction: 96
Zone: traffic
Camera type: fixed</description>
      <Point>
        <coordinates>-81.7120295,26.5807515,0</coordinates>
      </Point>
    </Placemark>
    <Placemark>
      <name>ALPR</name>
      <description>OSM node: https://www.openstreetmap.org/node/13687319201
Manufacturer: Motorola Solutions
Direction: 173
Zone: traffic
Camera type: fixed</description>
      <Point>
        <coordinates>-82.038326,26.7749966,0</coordinates>
      </Point>
    </Placemark>
    <Placemark>
      <name>ALPR</name>
      <description>OSM node: https://www.openstreetmap.org/node/13687319601
Manufacturer: Motorola Solutions
Direction: 337
Zone: traffic
Camera type: fixed</description>
      <Point>
        <coordinates>-82.0377012,26.775044,0</coordinates>
      </Point>
    </Placemark>
    <Placemark>
      <name>ALPR</name>
      <description>OSM node: https://www.openstreetmap.org/node/13687417001
Manufacturer: Axis Communications
Direction: 22;206
Zone: traffic
Camera type: fixed</description>
      <Point>
        <coordinates>-81.8840735,26.5626774,0</coordinates>
      </Point>
    </Placemark>
    <Placemark>
      <name>ALPR</name>
      <description>OSM node: https://www.openstreetmap.org/node/13687696201
Manufacturer: Flock Safety
Direction: 110;278;0
Zone: traffic
Camera type: fixed</description>
      <Point>
        <coordinates>-80.8066913,28.5843716,0</coordinates>
      </Point>
    </Placemark>
    <Placemark>
      <name>ALPR</name>
      <description>OSM node: https://www.openstreetmap.org/node/13688585501
Manufacturer: Flock Safety
Direction: 105
Zone: traffic
Camera type: fixed</description>
      <Point>
        <coordinates>-80.8434267,28.5537623,0</coordinates>
      </Point>
    </Placemark>
    <Placemark>
      <name>ALPR</name>
      <description>OSM node: https://www.openstreetmap.org/node/13688717003
Manufacturer: Flock Safety
Direction: 0
Zone: traffic
Camera type: fixed</description>
      <Point>
        <coordinates>-82.4089278,28.5305539,0</coordinates>
      </Point>
    </Placemark>
    <Placemark>
      <name>ALPR</name>
      <description>OSM node: https://www.openstreetmap.org/node/13688739001
Manufacturer: Flock Safety
Direction: 332
Zone: traffic
Camera type: fixed</description>
      <Point>
        <coordinates>-82.4593304,27.977364,0</coordinates>
      </Point>
    </Placemark>
    <Placemark>
      <name>ALPR</name>
      <description>OSM node: https://www.openstreetmap.org/node/13688740502
Manufacturer: Flock Safety
Direction: 154
Zone: traffic
Camera type: fixed</description>
      <Point>
        <coordinates>-81.8876833,28.8023521,0</coordinates>
      </Point>
    </Placemark>
    <Placemark>
      <name>ALPR</name>
      <description>OSM node: https://www.openstreetmap.org/node/13688749801
Manufacturer: Flock Safety
Direction: 59
Zone: traffic
Camera type: fixed</description>
      <Point>
        <coordinates>-81.8872332,28.8030151,0</coordinates>
      </Point>
    </Placemark>
    <Placemark>
      <name>ALPR</name>
      <description>OSM node: https://www.openstreetmap.org/node/13688753101
Manufacturer: Flock Safety
Direction: 254
Zone: traffic
Camera type: fixed</description>
      <Point>
        <coordinates>-81.8895976,28.8030965,0</coordinates>
      </Point>
    </Placemark>
    <Placemark>
      <name>ALPR</name>
      <description>OSM node: https://www.openstreetmap.org/node/13688756401
Manufacturer: Flock Safety
Direction: 342
Zone: traffic
Camera type: fixed</description>
      <Point>
        <coordinates>-81.8875311,28.8035848,0</coordinates>
      </Point>
    </Placemark>
    <Placemark>
      <name>ALPR</name>
      <description>OSM node: https://www.openstreetmap.org/node/13688757801
Manufacturer: Flock Safety
Direction: 139
Zone: traffic
Camera type: fixed</description>
      <Point>
        <coordinates>-81.9164154,28.8050229,0</coordinates>
      </Point>
    </Placemark>
    <Placemark>
      <name>ALPR</name>
      <description>OSM node: https://www.openstreetmap.org/node/13688759901
Manufacturer: Flock Safety
Direction: 76;291
Zone: traffic
Camera type: fixed</description>
      <Point>
        <coordinates>-82.4530602,27.9813106,0</coordinates>
      </Point>
    </Placemark>
    <Placemark>
      <name>Pasco Sheriff’s Office ALPR</name>
      <description>OSM node: https://www.openstreetmap.org/node/13688771301
Operator: Pasco Sheriff’s Office
Manufacturer: Flock Safety
Direction: 80
Zone: traffic
Camera type: fixed</description>
      <Point>
        <coordinates>-82.4338532,28.2902315,0</coordinates>
      </Point>
    </Placemark>
    <Placemark>
      <name>ALPR</name>
      <description>OSM node: https://www.openstreetmap.org/node/13689014301
Manufacturer: Flock Safety
Direction: 65
Zone: traffic
Camera type: fixed</description>
      <Point>
        <coordinates>-87.2746984,30.5330575,0</coordinates>
      </Point>
    </Placemark>
    <Placemark>
      <name>ALPR</name>
      <description>OSM node: https://www.openstreetmap.org/node/13689055901
Manufacturer: Axis Communications
Direction: 146;299
Zone: traffic
Camera type: fixed</description>
      <Point>
        <coordinates>-87.2661656,30.5014119,0</coordinates>
      </Point>
    </Placemark>
    <Placemark>
      <name>ALPR</name>
      <description>OSM node: https://www.openstreetmap.org/node/13689058002
Manufacturer: Axis Communications
Direction: 346
Zone: traffic
Camera type: fixed</description>
      <Point>
        <coordinates>-87.2393399,30.4590323,0</coordinates>
      </Point>
    </Placemark>
    <Placemark>
      <name>ALPR</name>
      <description>OSM node: https://www.openstreetmap.org/node/13689058101
Manufacturer: Axis Communications
Direction: 149
Zone: traffic
Camera type: fixed</description>
      <Point>
        <coordinates>-87.2392802,30.4587292,0</coordinates>
      </Point>
    </Placemark>
    <Placemark>
      <name>ALPR</name>
      <description>OSM node: https://www.openstreetmap.org/node/13689059802
Manufacturer: Flock Safety
Direction: 187
Zone: traffic
Camera type: fixed</description>
      <Point>
        <coordinates>-84.2773557,30.4569785,0</coordinates>
      </Point>
    </Placemark>
    <Placemark>
      <name>ALPR</name>
      <description>OSM node: https://www.openstreetmap.org/node/13689385002
Manufacturer: Axis Communications
Direction: 213
Zone: traffic
Camera type: fixed</description>
      <Point>
        <coordinates>-87.1977743,30.5394617,0</coordinates>
      </Point>
    </Placemark>
    <Placemark>
      <name>ALPR</name>
      <description>OSM node: https://www.openstreetmap.org/node/13689395201
Manufacturer: Axis Communications
Direction: 24
Zone: traffic
Camera type: fixed</description>
      <Point>
        <coordinates>-87.1975165,30.5396068,0</coordinates>
      </Point>
    </Placemark>
    <Placemark>
      <name>ALPR</name>
      <description>OSM node: https://www.openstreetmap.org/node/13689395602
Manufacturer: Axis Communications
Direction: 297;169
Zone: traffic
Camera type: fixed</description>
      <Point>
        <coordinates>-87.2193459,30.5050935,0</coordinates>
      </Point>
    </Placemark>
    <Placemark>
      <name>ALPR</name>
      <description>OSM node: https://www.openstreetmap.org/node/13689396801
Manufacturer: Axis Communications
Direction: 76;227
Zone: traffic
Camera type: fixed</description>
      <Point>
        <coordinates>-87.2199903,30.5021847,0</coordinates>
      </Point>
    </Placemark>
    <Placemark>
      <name>ALPR</name>
      <description>OSM node: https://www.openstreetmap.org/node/13689770868
Manufacturer: Flock Safety
Direction: 70
Camera type: fixed</description>
      <Point>
        <coordinates>-83.5824017,30.1030097,0</coordinates>
      </Point>
    </Placemark>
    <Placemark>
      <name>ALPR</name>
      <description>OSM node: https://www.openstreetmap.org/node/13689875001
Manufacturer: Flock Safety
Direction: 300
Zone: traffic
Camera type: fixed</description>
      <Point>
        <coordinates>-81.4641989,29.9907967,0</coordinates>
      </Point>
    </Placemark>
    <Placemark>
      <name>ALPR</name>
      <description>OSM node: https://www.openstreetmap.org/node/13689875501
Manufacturer: Flock Safety
Direction: 135
Zone: traffic
Camera type: fixed</description>
      <Point>
        <coordinates>-81.4601363,29.98252,0</coordinates>
      </Point>
    </Placemark>
    <Placemark>
      <name>ALPR</name>
      <description>OSM node: https://www.openstreetmap.org/node/13689906801
Manufacturer: Flock Safety
Direction: 130
Zone: traffic
Camera type: fixed</description>
      <Point>
        <coordinates>-81.499084,30.0644858,0</coordinates>
      </Point>
    </Placemark>
    <Placemark>
      <name>ALPR</name>
      <description>OSM node: https://www.openstreetmap.org/node/13689965001
Manufacturer: Flock Safety
Direction: 69
Zone: traffic
Camera type: fixed</description>
      <Point>
        <coordinates>-82.5949556,30.003756,0</coordinates>
      </Point>
    </Placemark>
    <Placemark>
      <name>ALPR</name>
      <description>OSM node: https://www.openstreetmap.org/node/13690117304
Manufacturer: Motorola Solutions
Direction: 0
Zone: traffic
Camera type: fixed</description>
      <Point>
        <coordinates>-80.2026787,26.1509441,0</coordinates>
      </Point>
    </Placemark>
    <Placemark>
      <name>ALPR</name>
      <description>OSM node: https://www.openstreetmap.org/node/13690118804
Manufacturer: Motorola Solutions
Direction: 180
Zone: traffic
Camera type: fixed</description>
      <Point>
        <coordinates>-80.2289584,26.2086446,0</coordinates>
      </Point>
    </Placemark>
    <Placemark>
      <name>ALPR</name>
      <description>OSM node: https://www.openstreetmap.org/node/13690135901
Manufacturer: Motorola Solutions
Direction: 20
Zone: traffic
Camera type: fixed</description>
      <Point>
        <coordinates>-80.228962,26.2086486,0</coordinates>
      </Point>
    </Placemark>
    <Placemark>
      <name>ALPR</name>
      <description>OSM node: https://www.openstreetmap.org/node/13690138301
Manufacturer: Motorola Solutions
Direction: 80
Zone: traffic
Camera type: fixed</description>
      <Point>
        <coordinates>-80.1463432,26.1739085,0</coordinates>
      </Point>
    </Placemark>
    <Placemark>
      <name>ALPR</name>
      <description>OSM node: https://www.openstreetmap.org/node/13690138302
Manufacturer: Motorola Solutions
Direction: 267
Zone: traffic
Camera type: fixed</description>
      <Point>
        <coordinates>-80.190015,26.1653915,0</coordinates>
      </Point>
    </Placemark>
    <Placemark>
      <name>ALPR</name>
      <description>OSM node: https://www.openstreetmap.org/node/13690139801
Manufacturer: Motorola Solutions
Direction: 134;66
Zone: traffic
Camera type: fixed</description>
      <Point>
        <coordinates>-80.1377997,26.0808486,0</coordinates>
      </Point>
    </Placemark>
    <Placemark>
      <name>ALPR</name>
      <description>OSM node: https://www.openstreetmap.org/node/13690144701
Manufacturer: Motorola Solutions
Direction: 83
Zone: traffic
Camera type: fixed</description>
      <Point>
        <coordinates>-80.1862195,26.1507937,0</coordinates>
      </Point>
    </Placemark>
    <Placemark>
      <name>ALPR</name>
      <description>OSM node: https://www.openstreetmap.org/node/13690346501
Manufacturer: Flock Safety
Direction: 163
Zone: traffic
Camera type: fixed</description>
      <Point>
        <coordinates>-82.3558024,28.0702543,0</coordinates>
      </Point>
    </Placemark>
    <Placemark>
      <name>ALPR</name>
      <description>OSM node: https://www.openstreetmap.org/node/13690859801
Manufacturer: Flock Safety
Direction: 8
Zone: traffic
Camera type: fixed</description>
      <Point>
        <coordinates>-80.164241,26.1824162,0</coordinates>
      </Point>
    </Placemark>
    <Placemark>
      <name>ALPR</name>
      <description>OSM node: https://www.openstreetmap.org/node/13690860501
Manufacturer: Flock Safety
Direction: 195
Zone: traffic
Camera type: fixed</description>
      <Point>
        <coordinates>-80.1643197,26.1824452,0</coordinates>
      </Point>
    </Placemark>
    <Placemark>
      <name>ALPR</name>
      <description>OSM node: https://www.openstreetmap.org/node/13690883501
Manufacturer: Genetec
Direction: 271
Zone: traffic
Camera type: fixed</description>
      <Point>
        <coordinates>-80.2459909,25.9643269,0</coordinates>
      </Point>
    </Placemark>
    <Placemark>
      <name>ALPR</name>
      <description>OSM node: https://www.openstreetmap.org/node/13691700601
Manufacturer: Flock Safety
Direction: 89
Zone: traffic
Camera type: fixed</description>
      <Point>
        <coordinates>-82.5513858,28.063977,0</coordinates>
      </Point>
    </Placemark>
    <Placemark>
      <name>ALPR</name>
      <description>OSM node: https://www.openstreetmap.org/node/13691830101
Manufacturer: Flock Safety
Direction: 0
Zone: traffic
Camera type: fixed</description>
      <Point>
        <coordinates>-84.7686798,30.4422058,0</coordinates>
      </Point>
    </Placemark>
    <Placemark>
      <name>ALPR</name>
      <description>OSM node: https://www.openstreetmap.org/node/13692047101
Manufacturer: Flock Safety
Direction: 41
Zone: traffic
Camera type: fixed</description>
      <Point>
        <coordinates>-80.980408,27.2396985,0</coordinates>
      </Point>
    </Placemark>
    <Placemark>
      <name>ALPR</name>
      <description>OSM node: https://www.openstreetmap.org/node/13692243701
Manufacturer: Flock Safety
Direction: 85
Zone: traffic
Camera type: fixed</description>
      <Point>
        <coordinates>-82.6626292,27.8209642,0</coordinates>
      </Point>
    </Placemark>
    <Placemark>
      <name>ALPR</name>
      <description>OSM node: https://www.openstreetmap.org/node/13692278238
Manufacturer: Flock Safety
Direction: 150
Zone: traffic
Camera type: fixed</description>
      <Point>
        <coordinates>-80.1149545,26.1388989,0</coordinates>
      </Point>
    </Placemark>
    <Placemark>
      <name>ALPR</name>
      <description>OSM node: https://www.openstreetmap.org/node/13692278239
Manufacturer: Flock Safety
Direction: 320
Zone: traffic
Camera type: fixed</description>
      <Point>
        <coordinates>-80.1147683,26.1391602,0</coordinates>
      </Point>
    </Placemark>
    <Placemark>
      <name>ALPR</name>
      <description>OSM node: https://www.openstreetmap.org/node/13692278901
Manufacturer: Flock Safety
Direction: 304
Zone: traffic
Camera type: fixed</description>
      <Point>
        <coordinates>-81.6260945,30.1283232,0</coordinates>
      </Point>
    </Placemark>
    <Placemark>
      <name>ALPR</name>
      <description>OSM node: https://www.openstreetmap.org/node/13692304001
Manufacturer: Flock Safety
Direction: 0
Zone: traffic
Camera type: fixed</description>
      <Point>
        <coordinates>-80.0871474,26.4376248,0</coordinates>
      </Point>
    </Placemark>
    <Placemark>
      <name>ALPR</name>
      <description>OSM node: https://www.openstreetmap.org/node/13692319101
Manufacturer: Flock Safety
Direction: 69;108
Zone: traffic
Camera type: fixed</description>
      <Point>
        <coordinates>-82.8599251,30.0584058,0</coordinates>
      </Point>
    </Placemark>
    <Placemark>
      <name>ALPR</name>
      <description>OSM node: https://www.openstreetmap.org/node/13692320301
Manufacturer: Flock Safety
Direction: 195
Zone: traffic
Camera type: fixed</description>
      <Point>
        <coordinates>-84.7660477,30.4454104,0</coordinates>
      </Point>
    </Placemark>
    <Placemark>
      <name>ALPR</name>
      <description>OSM node: https://www.openstreetmap.org/node/13692395601
Manufacturer: Flock Safety
Direction: 21
Zone: traffic
Camera type: fixed</description>
      <Point>
        <coordinates>-82.4942014,27.8656893,0</coordinates>
      </Point>
    </Placemark>
    <Placemark>
      <name>ALPR</name>
      <description>OSM node: https://www.openstreetmap.org/node/13692408901
Manufacturer: Flock Safety
Direction: 77
Zone: traffic
Camera type: fixed</description>
      <Point>
        <coordinates>-80.0770984,26.5138004,0</coordinates>
      </Point>
    </Placemark>
    <Placemark>
      <name>ALPR</name>
      <description>OSM node: https://www.openstreetmap.org/node/13692408903
Manufacturer: Flock Safety
Direction: 103
Zone: traffic
Camera type: fixed</description>
      <Point>
        <coordinates>-80.0771135,26.5131171,0</coordinates>
      </Point>
    </Placemark>
    <Placemark>
      <name>ALPR</name>
      <description>OSM node: https://www.openstreetmap.org/node/13692410401
Manufacturer: Flock Safety
Direction: 96
Zone: traffic
Camera type: fixed</description>
      <Point>
        <coordinates>-80.0774697,26.5120767,0</coordinates>
      </Point>
    </Placemark>
    <Placemark>
      <name>ALPR</name>
      <description>OSM node: https://www.openstreetmap.org/node/13694035701
Manufacturer: Flock Safety
Direction: 345
Zone: traffic
Camera type: fixed</description>
      <Point>
        <coordinates>-81.5473739,27.8823262,0</coordinates>
      </Point>
    </Placemark>
    <Placemark>
      <name>Lowe's ALPR</name>
      <description>OSM node: https://www.openstreetmap.org/node/13694124746
Operator: Lowe's
Manufacturer: Flock Safety
Direction: 60
Camera type: fixed</description>
      <Point>
        <coordinates>-81.637159,28.1394007,0</coordinates>
      </Point>
    </Placemark>
    <Placemark>
      <name>ALPR</name>
      <description>OSM node: https://www.openstreetmap.org/node/13694124747
Manufacturer: Flock Safety
Direction: 330
Camera type: fixed</description>
      <Point>
        <coordinates>-81.6356903,28.1380291,0</coordinates>
      </Point>
    </Placemark>
    <Placemark>
      <name>ALPR</name>
      <description>OSM node: https://www.openstreetmap.org/node/13694124748
Manufacturer: Flock Safety
Direction: 15
Camera type: fixed</description>
      <Point>
        <coordinates>-81.6347198,28.1375942,0</coordinates>
      </Point>
    </Placemark>
    <Placemark>
      <name>ALPR</name>
      <description>OSM node: https://www.openstreetmap.org/node/13694147765
Manufacturer: Flock Safety
Direction: 10
Camera type: fixed</description>
      <Point>
        <coordinates>-81.6748143,28.3559137,0</coordinates>
      </Point>
    </Placemark>
    <Placemark>
      <name>ALPR</name>
      <description>OSM node: https://www.openstreetmap.org/node/13694161473
Manufacturer: Flock Safety
Direction: 60
Camera type: fixed</description>
      <Point>
        <coordinates>-81.7346416,28.0450896,0</coordinates>
      </Point>
    </Placemark>
    <Placemark>
      <name>ALPR</name>
      <description>OSM node: https://www.openstreetmap.org/node/13694161474
Manufacturer: Flock Safety
Direction: 65
Camera type: fixed</description>
      <Point>
        <coordinates>-81.7346407,28.0461215,0</coordinates>
      </Point>
    </Placemark>
    <Placemark>
      <name>ALPR</name>
      <description>OSM node: https://www.openstreetmap.org/node/13694174201
Manufacturer: Flock Safety
Direction: 37
Zone: traffic
Camera type: fixed</description>
      <Point>
        <coordinates>-86.6097552,30.4686972,0</coordinates>
      </Point>
    </Placemark>
    <Placemark>
      <name>ALPR</name>
      <description>OSM node: https://www.openstreetmap.org/node/13694175101
Manufacturer: Flock Safety
Direction: 37
Zone: traffic
Camera type: fixed</description>
      <Point>
        <coordinates>-86.6097552,30.4686972,0</coordinates>
      </Point>
    </Placemark>
    <Placemark>
      <name>ALPR</name>
      <description>OSM node: https://www.openstreetmap.org/node/13694208401
Manufacturer: Flock Safety
Direction: 251
Zone: traffic
Camera type: fixed</description>
      <Point>
        <coordinates>-80.0394392,26.6759523,0</coordinates>
      </Point>
    </Placemark>
    <Placemark>
      <name>ALPR</name>
      <description>OSM node: https://www.openstreetmap.org/node/13694211501
Manufacturer: Flock Safety
Direction: 74
Zone: traffic
Camera type: fixed</description>
      <Point>
        <coordinates>-80.0396697,26.6757775,0</coordinates>
      </Point>
    </Placemark>
    <Placemark>
      <name>ALPR</name>
      <description>OSM node: https://www.openstreetmap.org/node/13694227701
Manufacturer: Flock Safety
Direction: 69
Zone: traffic
Camera type: fixed</description>
      <Point>
        <coordinates>-80.0443674,26.705727,0</coordinates>
      </Point>
    </Placemark>
    <Placemark>
      <name>ALPR</name>
      <description>OSM node: https://www.openstreetmap.org/node/13694230901
Manufacturer: Flock Safety
Direction: 244
Zone: traffic
Camera type: fixed</description>
      <Point>
        <coordinates>-80.0439829,26.7059568,0</coordinates>
      </Point>
    </Placemark>
    <Placemark>
      <name>ALPR</name>
      <description>OSM node: https://www.openstreetmap.org/node/13694535102
Manufacturer: Genetec
Direction: 81
Zone: traffic
Camera type: fixed</description>
      <Point>
        <coordinates>-80.2459971,25.9642095,0</coordinates>
      </Point>
    </Placemark>
    <Placemark>
      <name>ALPR</name>
      <description>OSM node: https://www.openstreetmap.org/node/13694881501
Manufacturer: Axis Communications
Direction: 340;359
Zone: traffic
Camera type: fixed</description>
      <Point>
        <coordinates>-80.3139996,26.1647062,0</coordinates>
      </Point>
    </Placemark>
    <Placemark>
      <name>Florida Department of Transportation ALPR</name>
      <description>OSM node: https://www.openstreetmap.org/node/13695350801
Operator: Florida Department of Transportation
Manufacturer: Motorola Solutions
Direction: 144;265
Zone: traffic
Camera type: fixed</description>
      <Point>
        <coordinates>-87.3989934,30.5693085,0</coordinates>
      </Point>
    </Placemark>
    <Placemark>
      <name>Florida Department of Transportation ALPR</name>
      <description>OSM node: https://www.openstreetmap.org/node/13695481103
Operator: Florida Department of Transportation
Manufacturer: Motorola Solutions
Direction: 126;94
Zone: traffic
Camera type: fixed</description>
      <Point>
        <coordinates>-87.3778872,30.5628254,0</coordinates>
      </Point>
    </Placemark>
    <Placemark>
      <name>Florida Department of Transportation ALPR</name>
      <description>OSM node: https://www.openstreetmap.org/node/13695499801
Operator: Florida Department of Transportation
Manufacturer: Motorola Solutions
Direction: 143
Zone: traffic
Camera type: fixed</description>
      <Point>
        <coordinates>-87.397338,30.5686416,0</coordinates>
      </Point>
    </Placemark>
    <Placemark>
      <name>Florida Department of Transportation ALPR</name>
      <description>OSM node: https://www.openstreetmap.org/node/13695500201
Operator: Florida Department of Transportation
Manufacturer: Motorola Solutions
Direction: 140
Zone: traffic
Camera type: fixed</description>
      <Point>
        <coordinates>-87.397595,30.5684908,0</coordinates>
      </Point>
    </Placemark>
    <Placemark>
      <name>Florida Department of Transportation ALPR</name>
      <description>OSM node: https://www.openstreetmap.org/node/13695504201
Operator: Florida Department of Transportation
Manufacturer: Motorola Solutions
Direction: 155;229;284
Zone: traffic
Camera type: fixed</description>
      <Point>
        <coordinates>-87.3552436,30.5491182,0</coordinates>
      </Point>
    </Placemark>
    <Placemark>
      <name>ALPR</name>
      <description>OSM node: https://www.openstreetmap.org/node/13695876001
Manufacturer: Flock Safety
Direction: 344
Zone: traffic
Camera type: fixed</description>
      <Point>
        <coordinates>-85.3877532,30.568282,0</coordinates>
      </Point>
    </Placemark>
    <Placemark>
      <name>ALPR</name>
      <description>OSM node: https://www.openstreetmap.org/node/13695897101
Manufacturer: Flock Safety
Direction: 215
Zone: traffic
Camera type: fixed</description>
      <Point>
        <coordinates>-81.4172602,30.2583261,0</coordinates>
      </Point>
    </Placemark>
    <Placemark>
      <name>ALPR</name>
      <description>OSM node: https://www.openstreetmap.org/node/13696155702
Manufacturer: Flock Safety
Direction: 49
Zone: traffic
Camera type: fixed</description>
      <Point>
        <coordinates>-81.3027205,28.4153749,0</coordinates>
      </Point>
    </Placemark>
    <Placemark>
      <name>ALPR</name>
      <description>OSM node: https://www.openstreetmap.org/node/13696174401
Manufacturer: Flock Safety
Direction: 243
Zone: traffic
Camera type: fixed</description>
      <Point>
        <coordinates>-81.3027544,28.4154122,0</coordinates>
      </Point>
    </Placemark>
    <Placemark>
      <name>ALPR</name>
      <description>OSM node: https://www.openstreetmap.org/node/13696192101
Manufacturer: Flock Safety
Direction: 351
Zone: traffic
Camera type: fixed</description>
      <Point>
        <coordinates>-80.0896229,26.4846516,0</coordinates>
      </Point>
    </Placemark>
    <Placemark>
      <name>Florida Department of Transportation ALPR</name>
      <description>OSM node: https://www.openstreetmap.org/node/13696352501
Operator: Florida Department of Transportation
Manufacturer: Motorola Solutions
Direction: 0;45
Zone: traffic
Camera type: fixed</description>
      <Point>
        <coordinates>-87.3700509,30.5582243,0</coordinates>
      </Point>
    </Placemark>
    <Placemark>
      <name>ALPR</name>
      <description>OSM node: https://www.openstreetmap.org/node/13696427000
Manufacturer: Flock Safety
Direction: 148;15
Camera type: fixed</description>
      <Point>
        <coordinates>-83.586607,30.1395399,0</coordinates>
      </Point>
    </Placemark>
    <Placemark>
      <name>ALPR</name>
      <description>OSM node: https://www.openstreetmap.org/node/13696800201
Manufacturer: Axis Communications
Direction: 189
Zone: traffic
Camera type: fixed</description>
      <Point>
        <coordinates>-80.3134059,26.1677572,0</coordinates>
      </Point>
    </Placemark>
    <Placemark>
      <name>ALPR</name>
      <description>OSM node: https://www.openstreetmap.org/node/13697064302
Manufacturer: Axis Communications
Direction: 228;213
Zone: traffic
Camera type: fixed</description>
      <Point>
        <coordinates>-80.3150119,26.1608706,0</coordinates>
      </Point>
    </Placemark>
    <Placemark>
      <name>ALPR</name>
      <description>OSM node: https://www.openstreetmap.org/node/13697072363
Direction: 215;225
Zone: traffic
Camera type: fixed</description>
      <Point>
        <coordinates>-82.3395591,29.6562935,0</coordinates>
      </Point>
    </Placemark>
    <Placemark>
      <name>ALPR</name>
      <description>OSM node: https://www.openstreetmap.org/node/13697084861
Direction: 310;320
Zone: traffic
Camera type: fixed</description>
      <Point>
        <coordinates>-82.3395743,29.6558417,0</coordinates>
      </Point>
    </Placemark>
    <Placemark>
      <name>ALPR</name>
      <description>OSM node: https://www.openstreetmap.org/node/13698677601
Manufacturer: Flock Safety
Direction: 70
Zone: traffic
Camera type: fixed</description>
      <Point>
        <coordinates>-82.4951327,27.919555,0</coordinates>
      </Point>
    </Placemark>
    <Placemark>
      <name>Pasco Sheriff’s Office ALPR</name>
      <description>OSM node: https://www.openstreetmap.org/node/13698986501
Operator: Pasco Sheriff’s Office
Manufacturer: Flock Safety
Direction: 153
Zone: traffic
Camera type: fixed</description>
      <Point>
        <coordinates>-82.6744781,28.2753805,0</coordinates>
      </Point>
    </Placemark>
    <Placemark>
      <name>Lowe's ALPR</name>
      <description>OSM node: https://www.openstreetmap.org/node/13698987401
Operator: Lowe's
Manufacturer: Flock Safety
Direction: 18
Zone: traffic
Camera type: fixed</description>
      <Point>
        <coordinates>-82.6732951,28.2774258,0</coordinates>
      </Point>
    </Placemark>
    <Placemark>
      <name>ALPR</name>
      <description>OSM node: https://www.openstreetmap.org/node/13699127601
Manufacturer: Flock Safety
Direction: 62
Zone: traffic
Camera type: fixed</description>
      <Point>
        <coordinates>-81.9816307,28.0257516,0</coordinates>
      </Point>
    </Placemark>
    <Placemark>
      <name>Navy Federal Credit Union ALPR</name>
      <description>OSM node: https://www.openstreetmap.org/node/13699560801
Operator: Navy Federal Credit Union
Manufacturer: Flock Safety
Direction: 328
Zone: traffic
Camera type: fixed</description>
      <Point>
        <coordinates>-87.3477045,30.5352885,0</coordinates>
      </Point>
    </Placemark>
    <Placemark>
      <name>Navy Federal Credit Union ALPR</name>
      <description>OSM node: https://www.openstreetmap.org/node/13699561301
Operator: Navy Federal Credit Union
Manufacturer: Flock Safety
Direction: 337
Zone: traffic
Camera type: fixed</description>
      <Point>
        <coordinates>-87.3500094,30.5352598,0</coordinates>
      </Point>
    </Placemark>
    <Placemark>
      <name>Navy Federal Credit Union ALPR</name>
      <description>OSM node: https://www.openstreetmap.org/node/13699561302
Operator: Navy Federal Credit Union
Manufacturer: Flock Safety
Direction: 332
Zone: traffic
Camera type: fixed</description>
      <Point>
        <coordinates>-87.3588175,30.5354284,0</coordinates>
      </Point>
    </Placemark>
    <Placemark>
      <name>Navy Federal Credit Union ALPR</name>
      <description>OSM node: https://www.openstreetmap.org/node/13699561501
Operator: Navy Federal Credit Union
Manufacturer: Flock Safety
Direction: 345
Zone: traffic
Camera type: fixed</description>
      <Point>
        <coordinates>-87.352028,30.5352732,0</coordinates>
      </Point>
    </Placemark>
    <Placemark>
      <name>Navy Federal Credit Union ALPR</name>
      <description>OSM node: https://www.openstreetmap.org/node/13699561502
Operator: Navy Federal Credit Union
Manufacturer: Flock Safety
Direction: 336
Zone: traffic
Camera type: fixed</description>
      <Point>
        <coordinates>-87.3617819,30.5354368,0</coordinates>
      </Point>
    </Placemark>
    <Placemark>
      <name>Navy Federal Credit Union ALPR</name>
      <description>OSM node: https://www.openstreetmap.org/node/13699562001
Operator: Navy Federal Credit Union
Manufacturer: Flock Safety
Direction: 339
Zone: traffic
Camera type: fixed</description>
      <Point>
        <coordinates>-87.3543606,30.5353424,0</coordinates>
      </Point>
    </Placemark>
    <Placemark>
      <name>ALPR</name>
      <description>OSM node: https://www.openstreetmap.org/node/13699562002
Manufacturer: Motorola Solutions
Direction: 37
Zone: traffic
Camera type: fixed</description>
      <Point>
        <coordinates>-87.4085872,30.5350054,0</coordinates>
      </Point>
    </Placemark>
    <Placemark>
      <name>ALPR</name>
      <description>OSM node: https://www.openstreetmap.org/node/13699565301
Manufacturer: Motorola Solutions
Direction: 240
Zone: traffic
Camera type: fixed</description>
      <Point>
        <coordinates>-87.4086477,30.5352927,0</coordinates>
      </Point>
    </Placemark>
    <Placemark>
      <name>ALPR</name>
      <description>OSM node: https://www.openstreetmap.org/node/13699666601
Manufacturer: Flock Safety
Direction: 0
Zone: traffic
Camera type: fixed</description>
      <Point>
        <coordinates>-81.6785915,27.7769559,0</coordinates>
      </Point>
    </Placemark>
    <Placemark>
      <name>ALPR</name>
      <description>OSM node: https://www.openstreetmap.org/node/13699872101
Manufacturer: Flock Safety
Direction: 65
Zone: traffic
Camera type: fixed</description>
      <Point>
        <coordinates>-87.2954687,30.4169441,0</coordinates>
      </Point>
    </Placemark>
    <Placemark>
      <name>ALPR</name>
      <description>OSM node: https://www.openstreetmap.org/node/13700050301
Manufacturer: Flock Safety
Direction: 249
Zone: traffic
Camera type: fixed</description>
      <Point>
        <coordinates>-87.2915051,30.416975,0</coordinates>
      </Point>
    </Placemark>
    <Placemark>
      <name>ALPR</name>
      <description>OSM node: https://www.openstreetmap.org/node/13700088101
Manufacturer: Flock Safety
Direction: 0
Zone: traffic
Camera type: fixed</description>
      <Point>
        <coordinates>-81.8226171,27.6642952,0</coordinates>
      </Point>
    </Placemark>
    <Placemark>
      <name>ALPR</name>
      <description>OSM node: https://www.openstreetmap.org/node/13700098507
Manufacturer: Flock Safety
Direction: 242
Zone: traffic
Camera type: fixed</description>
      <Point>
        <coordinates>-87.2799753,30.5335733,0</coordinates>
      </Point>
    </Placemark>
    <Placemark>
      <name>ALPR</name>
      <description>OSM node: https://www.openstreetmap.org/node/13700102001
Manufacturer: Flock Safety
Direction: 177;122
Zone: traffic
Camera type: fixed</description>
      <Point>
        <coordinates>-82.5942718,28.1926916,0</coordinates>
      </Point>
    </Placemark>
    <Placemark>
      <name>ALPR</name>
      <description>OSM node: https://www.openstreetmap.org/node/13700103701
Manufacturer: Flock Safety
Direction: 203
Zone: traffic
Camera type: fixed</description>
      <Point>
        <coordinates>-87.2063894,30.4677073,0</coordinates>
      </Point>
    </Placemark>
    <Placemark>
      <name>National Park Service ALPR</name>
      <description>OSM node: https://www.openstreetmap.org/node/13700109701
Operator: National Park Service
Manufacturer: Axis Communications
Direction: 279
Zone: traffic
Camera type: fixed</description>
      <Point>
        <coordinates>-87.1951862,30.3259225,0</coordinates>
      </Point>
    </Placemark>
    <Placemark>
      <name>National Park Service ALPR</name>
      <description>OSM node: https://www.openstreetmap.org/node/13700111201
Operator: National Park Service
Manufacturer: Axis Communications
Direction: 106
Zone: traffic
Camera type: fixed</description>
      <Point>
        <coordinates>-87.1952431,30.3258549,0</coordinates>
      </Point>
    </Placemark>
    <Placemark>
      <name>Atlantic Beach Police Department ALPR</name>
      <description>OSM node: https://www.openstreetmap.org/node/13701123901
Operator: Atlantic Beach Police Department
Manufacturer: Flock Safety
Direction: 229
Zone: traffic
Camera type: fixed</description>
      <Point>
        <coordinates>-81.4249822,30.3245333,0</coordinates>
      </Point>
    </Placemark>
    <Placemark>
      <name>ALPR</name>
      <description>OSM node: https://www.openstreetmap.org/node/13701556201
Manufacturer: Flock Safety
Direction: 152
Zone: traffic
Camera type: fixed</description>
      <Point>
        <coordinates>-82.4140876,28.0720294,0</coordinates>
      </Point>
    </Placemark>
    <Placemark>
      <name>ALPR</name>
      <description>OSM node: https://www.openstreetmap.org/node/13701709212
Manufacturer: Flock Safety
Direction: 285
Zone: traffic
Camera type: fixed</description>
      <Point>
        <coordinates>-84.229349,30.4763988,0</coordinates>
      </Point>
    </Placemark>
    <Placemark>
      <name>Clay County Sheriff's Office ALPR</name>
      <description>OSM node: https://www.openstreetmap.org/node/13702299001
Operator: Clay County Sheriff's Office
Manufacturer: Flock Safety
Direction: 320
Zone: traffic
Camera type: fixed</description>
      <Point>
        <coordinates>-81.6759054,29.9835614,0</coordinates>
      </Point>
    </Placemark>
    <Placemark>
      <name>ALPR</name>
      <description>OSM node: https://www.openstreetmap.org/node/13702358401
Manufacturer: Flock Safety
Direction: 285
Zone: traffic
Camera type: fixed</description>
      <Point>
        <coordinates>-82.8229741,30.2223454,0</coordinates>
      </Point>
    </Placemark>
    <Placemark>
      <name>ALPR</name>
      <description>OSM node: https://www.openstreetmap.org/node/13702374801
Manufacturer: Flock Safety
Direction: 252
Zone: traffic
Camera type: fixed</description>
      <Point>
        <coordinates>-82.7927905,30.2742793,0</coordinates>
      </Point>
    </Placemark>
    <Placemark>
      <name>ALPR</name>
      <description>OSM node: https://www.openstreetmap.org/node/13702412301
Manufacturer: Flock Safety
Direction: 0;312
Zone: traffic
Camera type: fixed</description>
      <Point>
        <coordinates>-82.3771917,27.7348975,0</coordinates>
      </Point>
    </Placemark>
    <Placemark>
      <name>ALPR</name>
      <description>OSM node: https://www.openstreetmap.org/node/13702498101
Manufacturer: Flock Safety
Direction: 73
Zone: traffic
Camera type: fixed</description>
      <Point>
        <coordinates>-87.016449,30.5748146,0</coordinates>
      </Point>
    </Placemark>
    <Placemark>
      <name>Santa Rosa County Sheriff's Office ALPR</name>
      <description>OSM node: https://www.openstreetmap.org/node/13702499601
Operator: Santa Rosa County Sheriff's Office
Manufacturer: Motorola Solutions
Direction: 341;205
Zone: traffic
Camera type: fixed</description>
      <Point>
        <coordinates>-87.0313271,30.5719651,0</coordinates>
      </Point>
    </Placemark>
    <Placemark>
      <name>ALPR</name>
      <description>OSM node: https://www.openstreetmap.org/node/13702596501
Manufacturer: Flock Safety
Direction: 211
Zone: traffic
Camera type: fixed</description>
      <Point>
        <coordinates>-80.3068012,27.0589947,0</coordinates>
      </Point>
    </Placemark>
    <Placemark>
      <name>ALPR</name>
      <description>OSM node: https://www.openstreetmap.org/node/13702686801
Manufacturer: Axis Communications
Direction: 332;346
Zone: traffic
Camera type: fixed</description>
      <Point>
        <coordinates>-80.3141611,26.124153,0</coordinates>
      </Point>
    </Placemark>
    <Placemark>
      <name>ALPR</name>
      <description>OSM node: https://www.openstreetmap.org/node/13702691101
Manufacturer: Axis Communications
Direction: 250
Zone: traffic
Camera type: fixed</description>
      <Point>
        <coordinates>-80.3146553,26.1313354,0</coordinates>
      </Point>
    </Placemark>
    <Placemark>
      <name>ALPR</name>
      <description>OSM node: https://www.openstreetmap.org/node/13702696201
Manufacturer: Axis Communications
Direction: 162
Zone: traffic
Camera type: fixed</description>
      <Point>
        <coordinates>-80.3144457,26.1455343,0</coordinates>
      </Point>
    </Placemark>
    <Placemark>
      <name>The Home Depot ALPR</name>
      <description>OSM node: https://www.openstreetmap.org/node/13702699901
Operator: The Home Depot
Manufacturer: Flock Safety
Direction: 21
Zone: traffic
Camera type: fixed</description>
      <Point>
        <coordinates>-80.3165447,26.1481726,0</coordinates>
      </Point>
    </Placemark>
    <Placemark>
      <name>ALPR</name>
      <description>OSM node: https://www.openstreetmap.org/node/13702702201
Manufacturer: Flock Safety
Direction: 0
Zone: traffic
Camera type: fixed</description>
      <Point>
        <coordinates>-82.5482963,28.0266051,0</coordinates>
      </Point>
    </Placemark>
    <Placemark>
      <name>ALPR</name>
      <description>OSM node: https://www.openstreetmap.org/node/13702703001
Manufacturer: Flock Safety
Direction: 145
Zone: traffic
Camera type: fixed</description>
      <Point>
        <coordinates>-82.5482943,28.0266077,0</coordinates>
      </Point>
    </Placemark>
    <Placemark>
      <name>ALPR</name>
      <description>OSM node: https://www.openstreetmap.org/node/13702720101
Manufacturer: Axis Communications
Direction: 145;160
Zone: traffic
Camera type: fixed</description>
      <Point>
        <coordinates>-80.3145852,26.1249772,0</coordinates>
      </Point>
    </Placemark>
    <Placemark>
      <name>ALPR</name>
      <description>OSM node: https://www.openstreetmap.org/node/13702720701
Manufacturer: Axis Communications
Direction: 336
Zone: traffic
Camera type: fixed</description>
      <Point>
        <coordinates>-80.3140785,26.1477188,0</coordinates>
      </Point>
    </Placemark>
    <Placemark>
      <name>ALPR</name>
      <description>OSM node: https://www.openstreetmap.org/node/13702753201
Manufacturer: Flock Safety
Direction: 209
Zone: traffic
Camera type: fixed</description>
      <Point>
        <coordinates>-87.1195526,30.3734118,0</coordinates>
      </Point>
    </Placemark>
    <Placemark>
      <name>ALPR</name>
      <description>OSM node: https://www.openstreetmap.org/node/13703452001
Manufacturer: Flock Safety
Direction: 44
Zone: traffic
Camera type: fixed</description>
      <Point>
        <coordinates>-80.2052492,25.9570094,0</coordinates>
      </Point>
    </Placemark>
    <Placemark>
      <name>ALPR</name>
      <description>OSM node: https://www.openstreetmap.org/node/13703459202
Manufacturer: Flock Safety
Direction: 260
Zone: traffic
Camera type: fixed</description>
      <Point>
        <coordinates>-82.7601388,27.7564125,0</coordinates>
      </Point>
    </Placemark>
    <Placemark>
      <name>ALPR</name>
      <description>OSM node: https://www.openstreetmap.org/node/13703459701
Manufacturer: Flock Safety
Direction: 85
Zone: traffic
Camera type: fixed</description>
      <Point>
        <coordinates>-82.7600905,27.7561926,0</coordinates>
      </Point>
    </Placemark>
    <Placemark>
      <name>ALPR</name>
      <description>OSM node: https://www.openstreetmap.org/node/13703643001
Manufacturer: Flock Safety
Direction: 248
Zone: traffic
Camera type: fixed</description>
      <Point>
        <coordinates>-80.1544398,26.3045027,0</coordinates>
      </Point>
    </Placemark>
    <Placemark>
      <name>ALPR</name>
      <description>OSM node: https://www.openstreetmap.org/node/13703720801
Manufacturer: Flock Safety
Direction: 169
Zone: traffic
Camera type: fixed</description>
      <Point>
        <coordinates>-81.1947675,28.2682749,0</coordinates>
      </Point>
    </Placemark>
    <Placemark>
      <name>ALPR</name>
      <description>OSM node: https://www.openstreetmap.org/node/13703721601
Manufacturer: Flock Safety
Direction: 227
Zone: traffic
Camera type: fixed</description>
      <Point>
        <coordinates>-81.1949302,28.2686508,0</coordinates>
      </Point>
    </Placemark>
    <Placemark>
      <name>ALPR</name>
      <description>OSM node: https://www.openstreetmap.org/node/13703780201
Manufacturer: Flock Safety
Direction: 70
Zone: traffic
Camera type: fixed</description>
      <Point>
        <coordinates>-80.7720642,28.3556499,0</coordinates>
      </Point>
    </Placemark>
    <Placemark>
      <name>Lowe's Home Improvement ALPR</name>
      <description>OSM node: https://www.openstreetmap.org/node/13703956134
Operator: Lowe's Home Improvement
Manufacturer: Flock Safety
Direction: 110
Zone: traffic
Camera type: fixed</description>
      <Point>
        <coordinates>-82.5941978,28.1926174,0</coordinates>
      </Point>
    </Placemark>
    <Placemark>
      <name>Lowe's Home Improvement ALPR</name>
      <description>OSM node: https://www.openstreetmap.org/node/13703956135
Operator: Lowe's Home Improvement
Manufacturer: Flock Safety
Direction: 160
Zone: traffic
Camera type: fixed</description>
      <Point>
        <coordinates>-82.5942061,28.1926089,0</coordinates>
      </Point>
    </Placemark>
    <Placemark>
      <name>Lowe's ALPR</name>
      <description>OSM node: https://www.openstreetmap.org/node/13703956136
Operator: Lowe's
Manufacturer: Flock Safety
Direction: 110;190
Zone: traffic
Camera type: fixed</description>
      <Point>
        <coordinates>-82.5926043,28.1926114,0</coordinates>
      </Point>
    </Placemark>
    <Placemark>
      <name>Lowe's Home Improvement ALPR</name>
      <description>OSM node: https://www.openstreetmap.org/node/13703956137
Operator: Lowe's Home Improvement
Manufacturer: Flock Safety
Direction: 250
Zone: traffic
Camera type: fixed</description>
      <Point>
        <coordinates>-82.5926067,28.1926132,0</coordinates>
      </Point>
    </Placemark>
    <Placemark>
      <name>Lowe's Home Improvement ALPR</name>
      <description>OSM node: https://www.openstreetmap.org/node/13703956139
Operator: Lowe's Home Improvement
Manufacturer: Flock Safety
Direction: 250
Zone: traffic
Camera type: fixed</description>
      <Point>
        <coordinates>-82.5925968,28.1919157,0</coordinates>
      </Point>
    </Placemark>
    <Placemark>
      <name>ALPR</name>
      <description>OSM node: https://www.openstreetmap.org/node/13704024802
Manufacturer: Motorola Solutions
Direction: 278
Zone: traffic
Camera type: fixed</description>
      <Point>
        <coordinates>-81.2244586,28.2441367,0</coordinates>
      </Point>
    </Placemark>
    <Placemark>
      <name>ALPR</name>
      <description>OSM node: https://www.openstreetmap.org/node/13704371901
Manufacturer: Motorola Solutions
Direction: 336
Zone: traffic
Camera type: fixed</description>
      <Point>
        <coordinates>-80.1302919,25.9959928,0</coordinates>
      </Point>
    </Placemark>
    <Placemark>
      <name>ALPR</name>
      <description>OSM node: https://www.openstreetmap.org/node/13704371902
Manufacturer: Motorola Solutions
Direction: 146
Zone: traffic
Camera type: fixed</description>
      <Point>
        <coordinates>-80.1559381,25.9962017,0</coordinates>
      </Point>
    </Placemark>
    <Placemark>
      <name>ALPR</name>
      <description>OSM node: https://www.openstreetmap.org/node/13704372901
Manufacturer: Motorola Solutions
Direction: 206
Zone: traffic
Camera type: fixed</description>
      <Point>
        <coordinates>-80.1568772,25.9962009,0</coordinates>
      </Point>
    </Placemark>
    <Placemark>
      <name>ALPR</name>
      <description>OSM node: https://www.openstreetmap.org/node/13704373301
Manufacturer: Motorola Solutions
Direction: 159
Zone: traffic
Camera type: fixed</description>
      <Point>
        <coordinates>-80.1610696,25.9958316,0</coordinates>
      </Point>
    </Placemark>
    <Placemark>
      <name>ALPR</name>
      <description>OSM node: https://www.openstreetmap.org/node/13704373401
Manufacturer: Motorola Solutions
Direction: 336
Zone: traffic
Camera type: fixed</description>
      <Point>
        <coordinates>-80.1609229,25.9957789,0</coordinates>
      </Point>
    </Placemark>
    <Placemark>
      <name>ALPR</name>
      <description>OSM node: https://www.openstreetmap.org/node/13704548402
Manufacturer: Flock Safety
Direction: 246
Zone: traffic
Camera type: fixed</description>
      <Point>
        <coordinates>-81.8155568,26.2724245,0</coordinates>
      </Point>
    </Placemark>
    <Placemark>
      <name>ALPR</name>
      <description>OSM node: https://www.openstreetmap.org/node/13704600601
Manufacturer: Motorola Solutions
Direction: 210;176
Zone: traffic
Camera type: fixed</description>
      <Point>
        <coordinates>-80.3634361,26.1070871,0</coordinates>
      </Point>
    </Placemark>
    <Placemark>
      <name>ALPR</name>
      <description>OSM node: https://www.openstreetmap.org/node/13705725201
Manufacturer: Flock Safety
Direction: 250
Zone: traffic
Camera type: fixed</description>
      <Point>
        <coordinates>-81.97741,28.097805,0</coordinates>
      </Point>
    </Placemark>
    <Placemark>
      <name>ALPR</name>
      <description>OSM node: https://www.openstreetmap.org/node/13706002001
Manufacturer: Flock Safety
Direction: 4
Zone: traffic
Camera type: fixed</description>
      <Point>
        <coordinates>-80.2475417,26.6788873,0</coordinates>
      </Point>
    </Placemark>
    <Placemark>
      <name>ALPR</name>
      <description>OSM node: https://www.openstreetmap.org/node/13706003501
Manufacturer: Flock Safety
Direction: 176
Zone: traffic
Camera type: fixed</description>
      <Point>
        <coordinates>-80.2479593,26.6788633,0</coordinates>
      </Point>
    </Placemark>
    <Placemark>
      <name>ALPR</name>
      <description>OSM node: https://www.openstreetmap.org/node/13706003601
Manufacturer: Flock Safety
Direction: 66
Zone: traffic
Camera type: fixed</description>
      <Point>
        <coordinates>-80.2200866,26.6513847,0</coordinates>
      </Point>
    </Placemark>
    <Placemark>
      <name>ALPR</name>
      <description>OSM node: https://www.openstreetmap.org/node/13706009301
Manufacturer: Flock Safety
Direction: 60;301
Zone: traffic
Camera type: fixed</description>
      <Point>
        <coordinates>-80.2088807,26.6360028,0</coordinates>
      </Point>
    </Placemark>
    <Placemark>
      <name>ALPR</name>
      <description>OSM node: https://www.openstreetmap.org/node/13706009302
Manufacturer: Flock Safety
Direction: 349
Zone: traffic
Camera type: fixed</description>
      <Point>
        <coordinates>-80.2911481,26.6820046,0</coordinates>
      </Point>
    </Placemark>
    <Placemark>
      <name>ALPR</name>
      <description>OSM node: https://www.openstreetmap.org/node/13706009701
Manufacturer: Flock Safety
Direction: 346
Zone: traffic
Camera type: fixed</description>
      <Point>
        <coordinates>-80.2588333,26.6801485,0</coordinates>
      </Point>
    </Placemark>
    <Placemark>
      <name>ALPR</name>
      <description>OSM node: https://www.openstreetmap.org/node/13706010601
Manufacturer: Flock Safety
Direction: 168
Zone: traffic
Camera type: fixed</description>
      <Point>
        <coordinates>-80.258921,26.6810925,0</coordinates>
      </Point>
    </Placemark>
    <Placemark>
      <name>ALPR</name>
      <description>OSM node: https://www.openstreetmap.org/node/13706010602
Manufacturer: Flock Safety
Direction: 167
Zone: traffic
Camera type: fixed</description>
      <Point>
        <coordinates>-80.29125,26.6821963,0</coordinates>
      </Point>
    </Placemark>
    <Placemark>
      <name>ALPR</name>
      <description>OSM node: https://www.openstreetmap.org/node/13706031602
Manufacturer: Genetec
Direction: 347
Zone: traffic
Camera type: fixed</description>
      <Point>
        <coordinates>-80.2300269,26.6815975,0</coordinates>
      </Point>
    </Placemark>
    <Placemark>
      <name>ALPR</name>
      <description>OSM node: https://www.openstreetmap.org/node/13706033401
Manufacturer: Genetec
Direction: 252;263;236
Zone: traffic
Camera type: fixed</description>
      <Point>
        <coordinates>-80.2300296,26.6814266,0</coordinates>
      </Point>
    </Placemark>
    <Placemark>
      <name>ALPR</name>
      <description>OSM node: https://www.openstreetmap.org/node/13706033402
Manufacturer: Genetec
Direction: 348
Zone: traffic
Camera type: fixed</description>
      <Point>
        <coordinates>-80.2194615,26.6812246,0</coordinates>
      </Point>
    </Placemark>
    <Placemark>
      <name>ALPR</name>
      <description>OSM node: https://www.openstreetmap.org/node/13706047201
Manufacturer: Flock Safety
Direction: 66
Zone: traffic
Camera type: fixed</description>
      <Point>
        <coordinates>-80.202045,26.6765104,0</coordinates>
      </Point>
    </Placemark>
    <Placemark>
      <name>ALPR</name>
      <description>OSM node: https://www.openstreetmap.org/node/13706047203
Manufacturer: Flock Safety
Direction: 77
Zone: traffic
Camera type: fixed</description>
      <Point>
        <coordinates>-80.2021502,26.6751615,0</coordinates>
      </Point>
    </Placemark>
    <Placemark>
      <name>ALPR</name>
      <description>OSM node: https://www.openstreetmap.org/node/13706412801
Manufacturer: unknown
Direction: 3;293
Zone: traffic
Camera type: fixed</description>
      <Point>
        <coordinates>-82.3358754,29.6429288,0</coordinates>
      </Point>
    </Placemark>
    <Placemark>
      <name>ALPR</name>
      <description>OSM node: https://www.openstreetmap.org/node/13706613102
Manufacturer: Flock Safety
Direction: 32
Zone: traffic
Camera type: fixed</description>
      <Point>
        <coordinates>-81.0657094,29.2356401,0</coordinates>
      </Point>
    </Placemark>
    <Placemark>
      <name>ALPR</name>
      <description>OSM node: https://www.openstreetmap.org/node/13706720301
Manufacturer: Flock Safety
Direction: 181
Zone: traffic
Camera type: fixed</description>
      <Point>
        <coordinates>-82.6712621,27.7927303,0</coordinates>
      </Point>
    </Placemark>
    <Placemark>
      <name>ALPR</name>
      <description>OSM node: https://www.openstreetmap.org/node/13706744801
Manufacturer: Flock Safety
Direction: 163
Zone: traffic
Camera type: fixed</description>
      <Point>
        <coordinates>-85.6789297,30.8026027,0</coordinates>
      </Point>
    </Placemark>
    <Placemark>
      <name>ALPR</name>
      <description>OSM node: https://www.openstreetmap.org/node/13706747501
Manufacturer: Flock Safety
Direction: 324
Zone: traffic
Camera type: fixed</description>
      <Point>
        <coordinates>-85.6845696,30.7643404,0</coordinates>
      </Point>
    </Placemark>
    <Placemark>
      <name>ALPR</name>
      <description>OSM node: https://www.openstreetmap.org/node/13706749301
Manufacturer: Flock Safety
Direction: 158
Zone: traffic
Camera type: fixed</description>
      <Point>
        <coordinates>-85.6851383,30.7445076,0</coordinates>
      </Point>
    </Placemark>
    <Placemark>
      <name>ALPR</name>
      <description>OSM node: https://www.openstreetmap.org/node/13706759001
Manufacturer: Flock Safety
Direction: 153
Zone: traffic
Camera type: fixed</description>
      <Point>
        <coordinates>-85.7125951,30.6242381,0</coordinates>
      </Point>
    </Placemark>
    <Placemark>
      <name>ALPR</name>
      <description>OSM node: https://www.openstreetmap.org/node/13706874001
Manufacturer: Flock Safety
Direction: 333;221
Zone: traffic
Camera type: fixed</description>
      <Point>
        <coordinates>-80.2989392,26.6455667,0</coordinates>
      </Point>
    </Placemark>
    <Placemark>
      <name>ALPR</name>
      <description>OSM node: https://www.openstreetmap.org/node/13706874002
Manufacturer: Flock Safety
Direction: 127
Zone: traffic
Camera type: fixed</description>
      <Point>
        <coordinates>-80.2988316,26.6455314,0</coordinates>
      </Point>
    </Placemark>
    <Placemark>
      <name>ALPR</name>
      <description>OSM node: https://www.openstreetmap.org/node/13706938501
Manufacturer: Flock Safety
Direction: 205
Zone: traffic
Camera type: fixed</description>
      <Point>
        <coordinates>-86.9706491,30.6166462,0</coordinates>
      </Point>
    </Placemark>
    <Placemark>
      <name>ALPR</name>
      <description>OSM node: https://www.openstreetmap.org/node/13707088230
Direction: 280
Zone: traffic</description>
      <Point>
        <coordinates>-80.4742046,27.8284379,0</coordinates>
      </Point>
    </Placemark>
    <Placemark>
      <name>ALPR</name>
      <description>OSM node: https://www.openstreetmap.org/node/13707317101
Manufacturer: Motorola Solutions
Direction: 106;193
Zone: traffic
Camera type: fixed</description>
      <Point>
        <coordinates>-80.1269503,26.2479144,0</coordinates>
      </Point>
    </Placemark>
    <Placemark>
      <name>ALPR</name>
      <description>OSM node: https://www.openstreetmap.org/node/13707380101
Manufacturer: Motorola Solutions
Direction: 256
Zone: traffic
Camera type: fixed</description>
      <Point>
        <coordinates>-80.105217,26.2319519,0</coordinates>
      </Point>
    </Placemark>
    <Placemark>
      <name>ALPR</name>
      <description>OSM node: https://www.openstreetmap.org/node/13708158506
Manufacturer: Flock Safety
Direction: 342
Zone: traffic
Camera type: fixed</description>
      <Point>
        <coordinates>-86.1238389,30.3166026,0</coordinates>
      </Point>
    </Placemark>
    <Placemark>
      <name>ALPR</name>
      <description>OSM node: https://www.openstreetmap.org/node/13708302201
Manufacturer: Flock Safety
Direction: 79
Zone: traffic
Camera type: fixed</description>
      <Point>
        <coordinates>-80.4203508,27.294112,0</coordinates>
      </Point>
    </Placemark>
    <Placemark>
      <name>ALPR</name>
      <description>OSM node: https://www.openstreetmap.org/node/13708328601
Manufacturer: Flock Safety
Direction: 303
Zone: facial 
Camera type: fixed</description>
      <Point>
        <coordinates>-80.101679,26.715184,0</coordinates>
      </Point>
    </Placemark>
    <Placemark>
      <name>ALPR</name>
      <description>OSM node: https://www.openstreetmap.org/node/13708682401
Manufacturer: Genetec
Direction: 167;150;182
Zone: traffic
Camera type: fixed</description>
      <Point>
        <coordinates>-80.2470954,26.6844337,0</coordinates>
      </Point>
    </Placemark>
    <Placemark>
      <name>ALPR</name>
      <description>OSM node: https://www.openstreetmap.org/node/13708930101
Manufacturer: Flock Safety
Direction: 15
Zone: traffic
Camera type: fixed</description>
      <Point>
        <coordinates>-82.7356506,27.9571705,0</coordinates>
      </Point>
    </Placemark>
    <Placemark>
      <name>ALPR</name>
      <description>OSM node: https://www.openstreetmap.org/node/13709304701
Manufacturer: Flock Safety
Direction: 0
Zone: traffic
Camera type: fixed</description>
      <Point>
        <coordinates>-81.3449104,28.6549366,0</coordinates>
      </Point>
    </Placemark>
    <Placemark>
      <name>ALPR</name>
      <description>OSM node: https://www.openstreetmap.org/node/13709619001
Manufacturer: Flock Safety
Direction: 340
Zone: traffic
Camera type: fixed</description>
      <Point>
        <coordinates>-80.1779069,26.1183621,0</coordinates>
      </Point>
    </Placemark>
    <Placemark>
      <name>ALPR</name>
      <description>OSM node: https://www.openstreetmap.org/node/13709641701
Manufacturer: Motorola Solutions
Direction: 343
Zone: traffic
Camera type: fixed</description>
      <Point>
        <coordinates>-80.1548105,25.9959325,0</coordinates>
      </Point>
    </Placemark>
    <Placemark>
      <name>ALPR</name>
      <description>OSM node: https://www.openstreetmap.org/node/13709643201
Manufacturer: Motorola Solutions
Direction: 192
Zone: traffic
Camera type: fixed</description>
      <Point>
        <coordinates>-80.152775,25.9962424,0</coordinates>
      </Point>
    </Placemark>
    <Placemark>
      <name>ALPR</name>
      <description>OSM node: https://www.openstreetmap.org/node/13709645701
Manufacturer: Motorola Solutions
Direction: 314
Zone: traffic
Camera type: fixed</description>
      <Point>
        <coordinates>-80.1416606,25.9967086,0</coordinates>
      </Point>
    </Placemark>
    <Placemark>
      <name>ALPR</name>
      <description>OSM node: https://www.openstreetmap.org/node/13709647601
Manufacturer: Motorola Solutions
Direction: 307
Zone: traffic
Camera type: fixed</description>
      <Point>
        <coordinates>-80.136118,25.9968999,0</coordinates>
      </Point>
    </Placemark>
    <Placemark>
      <name>ALPR</name>
      <description>OSM node: https://www.openstreetmap.org/node/13709880363
Manufacturer: Flock Safety
Direction: 260
Zone: traffic
Camera type: fixed</description>
      <Point>
        <coordinates>-82.7341741,27.9900623,0</coordinates>
      </Point>
    </Placemark>
    <Placemark>
      <name>ALPR</name>
      <description>OSM node: https://www.openstreetmap.org/node/13710078501
Manufacturer: Axis Communications
Direction: 328
Zone: traffic
Camera type: fixed</description>
      <Point>
        <coordinates>-80.3299342,26.1227075,0</coordinates>
      </Point>
    </Placemark>
    <Placemark>
      <name>ALPR</name>
      <description>OSM node: https://www.openstreetmap.org/node/13710078502
Manufacturer: Axis Communications
Direction: 154
Zone: traffic
Camera type: fixed</description>
      <Point>
        <coordinates>-80.3302735,26.1236184,0</coordinates>
      </Point>
    </Placemark>
    <Placemark>
      <name>ALPR</name>
      <description>OSM node: https://www.openstreetmap.org/node/13710078601
Manufacturer: Axis Communications
Direction: 241
Zone: traffic
Camera type: fixed</description>
      <Point>
        <coordinates>-80.3303773,26.1240643,0</coordinates>
      </Point>
    </Placemark>
    <Placemark>
      <name>ALPR</name>
      <description>OSM node: https://www.openstreetmap.org/node/13711047701
Manufacturer: Flock Safety
Direction: 72
Zone: traffic
Camera type: fixed</description>
      <Point>
        <coordinates>-81.2898699,28.7598992,0</coordinates>
      </Point>
    </Placemark>
    <Placemark>
      <name>ALPR</name>
      <description>OSM node: https://www.openstreetmap.org/node/13711341501
Manufacturer: Flock Safety
Direction: 321
Zone: traffic
Camera type: fixed</description>
      <Point>
        <coordinates>-82.4888238,27.8654559,0</coordinates>
      </Point>
    </Placemark>
    <Placemark>
      <name>ALPR</name>
      <description>OSM node: https://www.openstreetmap.org/node/13711602503
Manufacturer: Flock Safety
Direction: 326
Zone: traffic
Camera type: fixed</description>
      <Point>
        <coordinates>-85.1854698,30.7399878,0</coordinates>
      </Point>
    </Placemark>
    <Placemark>
      <name>Sheriffs Office (martin county) ALPR</name>
      <description>OSM node: https://www.openstreetmap.org/node/13712670117
Operator: Sheriffs Office (martin county)
Direction: 550
Zone: building</description>
      <Point>
        <coordinates>-80.225499,27.1608421,0</coordinates>
      </Point>
    </Placemark>
    <Placemark>
      <name>ALPR</name>
      <description>OSM node: https://www.openstreetmap.org/node/13712674301
Manufacturer: Flock Safety
Direction: 161
Zone: traffic
Camera type: fixed</description>
      <Point>
        <coordinates>-82.2725177,29.6516181,0</coordinates>
      </Point>
    </Placemark>
    <Placemark>
      <name>Sheriff's Office (martin county) ALPR</name>
      <description>OSM node: https://www.openstreetmap.org/node/13712681316
Operator: Sheriff's Office (martin county)
Manufacturer: Flock Safety
Direction: 500
Zone: traffic
Camera type: fixed</description>
      <Point>
        <coordinates>-80.2266596,27.1604962,0</coordinates>
      </Point>
    </Placemark>
    <Placemark>
      <name>Sherrif's Office (martin county) ALPR</name>
      <description>OSM node: https://www.openstreetmap.org/node/13714157793
Operator: Sherrif's Office (martin county)
Manufacturer: Flock Safety
Direction: 950
Zone: entrance</description>
      <Point>
        <coordinates>-80.2297838,27.1668466,0</coordinates>
      </Point>
    </Placemark>
    <Placemark>
      <name>ALPR</name>
      <description>OSM node: https://www.openstreetmap.org/node/13714816201
Manufacturer: Flock Safety
Direction: 0;187
Zone: traffic
Camera type: fixed</description>
      <Point>
        <coordinates>-81.6424897,30.517794,0</coordinates>
      </Point>
    </Placemark>
    <Placemark>
      <name>ALPR</name>
      <description>OSM node: https://www.openstreetmap.org/node/13714877005
Manufacturer: Motorola Solutions
Direction: 23
Zone: traffic
Camera type: fixed</description>
      <Point>
        <coordinates>-80.1447531,25.9970698,0</coordinates>
      </Point>
    </Placemark>
    <Placemark>
      <name>ALPR</name>
      <description>OSM node: https://www.openstreetmap.org/node/13714888102
Manufacturer: Flock Safety
Direction: 81;315
Zone: traffic
Camera type: trailer</description>
      <Point>
        <coordinates>-82.6398525,28.1407513,0</coordinates>
      </Point>
    </Placemark>
    <Placemark>
      <name>sheriff's office (of martin county) ALPR</name>
      <description>OSM node: https://www.openstreetmap.org/node/13715239922
Operator: sheriff's office (of martin county)
Manufacturer: Flock Safety
Direction: 950
Zone: traffic
Camera type: fixed</description>
      <Point>
        <coordinates>-80.2237739,27.1599562,0</coordinates>
      </Point>
    </Placemark>
    <Placemark>
      <name>ALPR</name>
      <description>OSM node: https://www.openstreetmap.org/node/13715365401
Manufacturer: Flock Safety
Direction: 341
Zone: traffic
Camera type: fixed</description>
      <Point>
        <coordinates>-80.9021645,26.728638,0</coordinates>
      </Point>
    </Placemark>
    <Placemark>
      <name>ALPR</name>
      <description>OSM node: https://www.openstreetmap.org/node/13715368601
Manufacturer: Flock Safety
Direction: 112
Zone: traffic
Camera type: fixed</description>
      <Point>
        <coordinates>-80.902103,26.6529368,0</coordinates>
      </Point>
    </Placemark>
    <Placemark>
      <name>ALPR</name>
      <description>OSM node: https://www.openstreetmap.org/node/13716820001
Manufacturer: Flock Safety
Direction: 0
Zone: traffic
Camera type: fixed</description>
      <Point>
        <coordinates>-82.6704216,27.7921602,0</coordinates>
      </Point>
    </Placemark>
    <Placemark>
      <name>ALPR</name>
      <description>OSM node: https://www.openstreetmap.org/node/13716821101
Manufacturer: Flock Safety
Direction: 265
Zone: traffic
Camera type: fixed</description>
      <Point>
        <coordinates>-82.6704287,27.7924234,0</coordinates>
      </Point>
    </Placemark>
    <Placemark>
      <name>ALPR</name>
      <description>OSM node: https://www.openstreetmap.org/node/13716821501
Manufacturer: Flock Safety
Direction: 325
Zone: traffic
Camera type: fixed</description>
      <Point>
        <coordinates>-80.0920332,26.8451902,0</coordinates>
      </Point>
    </Placemark>
    <Placemark>
      <name>ALPR</name>
      <description>OSM node: https://www.openstreetmap.org/node/13716835501
Manufacturer: Flock Safety
Direction: 97
Zone: traffic
Camera type: fixed</description>
      <Point>
        <coordinates>-82.6664116,27.7914495,0</coordinates>
      </Point>
    </Placemark>
    <Placemark>
      <name>ALPR</name>
      <description>OSM node: https://www.openstreetmap.org/node/13716867101
Manufacturer: Flock Safety
Direction: 253
Zone: traffic
Camera type: fixed</description>
      <Point>
        <coordinates>-82.7184937,27.7919934,0</coordinates>
      </Point>
    </Placemark>
    <Placemark>
      <name>ALPR</name>
      <description>OSM node: https://www.openstreetmap.org/node/13717002701
Manufacturer: Flock Safety
Direction: 153
Zone: traffic
Camera type: fixed</description>
      <Point>
        <coordinates>-80.0922612,26.8440711,0</coordinates>
      </Point>
    </Placemark>
    <Placemark>
      <name>ALPR</name>
      <description>OSM node: https://www.openstreetmap.org/node/13717142001
Manufacturer: Flock Safety
Direction: 330
Zone: traffic
Camera type: fixed</description>
      <Point>
        <coordinates>-82.3361022,29.8790489,0</coordinates>
      </Point>
    </Placemark>
    <Placemark>
      <name>ALPR</name>
      <description>OSM node: https://www.openstreetmap.org/node/13717507900
Direction: 300
Zone: traffic</description>
      <Point>
        <coordinates>-80.4620578,27.7604979,0</coordinates>
      </Point>
    </Placemark>
    <Placemark>
      <name>ALPR</name>
      <description>OSM node: https://www.openstreetmap.org/node/13717511301
Manufacturer: Flock Safety
Direction: 351
Zone: traffic
Camera type: fixed</description>
      <Point>
        <coordinates>-80.4812954,27.2066765,0</coordinates>
      </Point>
    </Placemark>
    <Placemark>
      <name>ALPR</name>
      <description>OSM node: https://www.openstreetmap.org/node/13717511501
Manufacturer: Flock Safety
Direction: 171
Zone: traffic
Camera type: fixed</description>
      <Point>
        <coordinates>-80.4815257,27.2059795,0</coordinates>
      </Point>
    </Placemark>
    <Placemark>
      <name>ALPR</name>
      <description>OSM node: https://www.openstreetmap.org/node/13718447101
Manufacturer: Motorola Solutions
Direction: 303
Zone: traffic
Camera type: fixed</description>
      <Point>
        <coordinates>-80.1254884,25.993905,0</coordinates>
      </Point>
    </Placemark>
    <Placemark>
      <name>ALPR</name>
      <description>OSM node: https://www.openstreetmap.org/node/13718745432
Manufacturer: Motorola Solutions L6Q
Direction: 50
Zone: traffic
Camera type: fixed</description>
      <Point>
        <coordinates>-82.3841249,29.6194273,0</coordinates>
      </Point>
    </Placemark>
    <Placemark>
      <name>ALPR</name>
      <description>OSM node: https://www.openstreetmap.org/node/13718795001
Manufacturer: Flock Safety
Direction: 129
Zone: traffic
Camera type: fixed</description>
      <Point>
        <coordinates>-87.2580252,30.4849564,0</coordinates>
      </Point>
    </Placemark>
    <Placemark>
      <name>ALPR</name>
      <description>OSM node: https://www.openstreetmap.org/node/13719195403
Manufacturer: Flock Safety
Direction: 250
Zone: traffic
Camera type: fixed</description>
      <Point>
        <coordinates>-82.1121227,29.9440629,0</coordinates>
      </Point>
    </Placemark>
    <Placemark>
      <name>ALPR</name>
      <description>OSM node: https://www.openstreetmap.org/node/13719405801
Manufacturer: Flock Safety
Direction: 246
Zone: traffic
Camera type: fixed</description>
      <Point>
        <coordinates>-81.2641627,29.0251065,0</coordinates>
      </Point>
    </Placemark>
    <Placemark>
      <name>ALPR</name>
      <description>OSM node: https://www.openstreetmap.org/node/13719552701
Manufacturer: Rekor
Direction: 165
Zone: traffic
Camera type: fixed</description>
      <Point>
        <coordinates>-81.4962652,28.3926411,0</coordinates>
      </Point>
    </Placemark>
    <Placemark>
      <name>ALPR</name>
      <description>OSM node: https://www.openstreetmap.org/node/13719552702
Manufacturer: Rekor
Direction: 325
Zone: traffic
Camera type: fixed</description>
      <Point>
        <coordinates>-81.4960689,28.3925611,0</coordinates>
      </Point>
    </Placemark>
    <Placemark>
      <name>ALPR</name>
      <description>OSM node: https://www.openstreetmap.org/node/13719606901
Manufacturer: Flock Safety
Direction: 24
Zone: traffic
Camera type: fixed</description>
      <Point>
        <coordinates>-82.482082,28.0255395,0</coordinates>
      </Point>
    </Placemark>
    <Placemark>
      <name>ALPR</name>
      <description>OSM node: https://www.openstreetmap.org/node/13719628002
Manufacturer: Motorola Solutions
Direction: 203
Zone: traffic
Camera type: fixed</description>
      <Point>
        <coordinates>-80.1527676,25.9959885,0</coordinates>
      </Point>
    </Placemark>
    <Placemark>
      <name>ALPR</name>
      <description>OSM node: https://www.openstreetmap.org/node/13719640601
Manufacturer: Motorola Solutions
Direction: 24
Zone: traffic
Camera type: fixed</description>
      <Point>
        <coordinates>-80.1498137,25.9960597,0</coordinates>
      </Point>
    </Placemark>
    <Placemark>
      <name>ALPR</name>
      <description>OSM node: https://www.openstreetmap.org/node/13719727457
Manufacturer: Flock Safety
Direction: 260
Zone: traffic
Camera type: fixed</description>
      <Point>
        <coordinates>-80.2855295,26.2874818,0</coordinates>
      </Point>
    </Placemark>
    <Placemark>
      <name>ALPR</name>
      <description>OSM node: https://www.openstreetmap.org/node/13719912201
Manufacturer: Flock Safety
Direction: 122
Zone: traffic
Camera type: fixed</description>
      <Point>
        <coordinates>-81.7561477,27.9781963,0</coordinates>
      </Point>
    </Placemark>
    <Placemark>
      <name>ALPR</name>
      <description>OSM node: https://www.openstreetmap.org/node/13721025601
Manufacturer: Flock Safety
Direction: 194
Zone: traffic
Camera type: fixed</description>
      <Point>
        <coordinates>-83.2504052,30.2448085,0</coordinates>
      </Point>
    </Placemark>
    <Placemark>
      <name>ALPR</name>
      <description>OSM node: https://www.openstreetmap.org/node/13721025602
Manufacturer: Flock Safety
Direction: 30
Zone: traffic
Camera type: fixed</description>
      <Point>
        <coordinates>-83.2525685,30.2450706,0</coordinates>
      </Point>
    </Placemark>
    <Placemark>
      <name>ALPR</name>
      <description>OSM node: https://www.openstreetmap.org/node/13721036501
Manufacturer: Motorola Solutions
Direction: 260
Zone: traffic
Camera type: fixed</description>
      <Point>
        <coordinates>-80.1989789,26.1361104,0</coordinates>
      </Point>
    </Placemark>
    <Placemark>
      <name>ALPR</name>
      <description>OSM node: https://www.openstreetmap.org/node/13721096401
Manufacturer: Axis Communications
Direction: 237
Zone: traffic
Camera type: fixed</description>
      <Point>
        <coordinates>-81.4752135,28.440567,0</coordinates>
      </Point>
    </Placemark>
    <Placemark>
      <name>ALPR</name>
      <description>OSM node: https://www.openstreetmap.org/node/13721101901
Manufacturer: Flock Safety
Direction: 148
Zone: traffic
Camera type: fixed</description>
      <Point>
        <coordinates>-80.0900563,26.5666572,0</coordinates>
      </Point>
    </Placemark>
    <Placemark>
      <name>ALPR</name>
      <description>OSM node: https://www.openstreetmap.org/node/13721122501
Manufacturer: Flock Safety
Direction: 240
Zone: traffic
Camera type: fixed</description>
      <Point>
        <coordinates>-85.5216053,30.7810874,0</coordinates>
      </Point>
    </Placemark>
    <Placemark>
      <name>ALPR</name>
      <description>OSM node: https://www.openstreetmap.org/node/13721146602
Manufacturer: Flock Safety
Direction: 245
Zone: traffic
Camera type: fixed</description>
      <Point>
        <coordinates>-85.6746284,30.7880288,0</coordinates>
      </Point>
    </Placemark>
    <Placemark>
      <name>ALPR</name>
      <description>OSM node: https://www.openstreetmap.org/node/13721152401
Manufacturer: Motorola Solutions
Direction: 307
Zone: traffic
Camera type: fixed</description>
      <Point>
        <coordinates>-80.4113341,25.7967053,0</coordinates>
      </Point>
    </Placemark>
    <Placemark>
      <name>ALPR</name>
      <description>OSM node: https://www.openstreetmap.org/node/13721157102
Manufacturer: Flock Safety
Direction: 190
Zone: traffic
Camera type: fixed</description>
      <Point>
        <coordinates>-85.8495368,30.7730255,0</coordinates>
      </Point>
    </Placemark>
    <Placemark>
      <name>ALPR</name>
      <description>OSM node: https://www.openstreetmap.org/node/13721388602
Manufacturer: Motorola Solutions
Direction: 24
Zone: traffic
Camera type: fixed</description>
      <Point>
        <coordinates>-80.1926151,26.1357982,0</coordinates>
      </Point>
    </Placemark>
    <Placemark>
      <name>ALPR</name>
      <description>OSM node: https://www.openstreetmap.org/node/13721390501
Manufacturer: Motorola Solutions
Direction: 161
Zone: traffic
Camera type: fixed</description>
      <Point>
        <coordinates>-80.1926148,26.1357948,0</coordinates>
      </Point>
    </Placemark>
    <Placemark>
      <name>ALPR</name>
      <description>OSM node: https://www.openstreetmap.org/node/13721401401
Manufacturer: Flock Safety
Direction: 79
Zone: traffic
Camera type: fixed</description>
      <Point>
        <coordinates>-80.1863936,26.1234603,0</coordinates>
      </Point>
    </Placemark>
    <Placemark>
      <name>ALPR</name>
      <description>OSM node: https://www.openstreetmap.org/node/13721409001
Manufacturer: Flock Safety
Direction: 88
Zone: traffic
Camera type: fixed</description>
      <Point>
        <coordinates>-80.1866427,26.1270418,0</coordinates>
      </Point>
    </Placemark>
    <Placemark>
      <name>ALPR</name>
      <description>OSM node: https://www.openstreetmap.org/node/13721411301
Manufacturer: Flock Safety
Direction: 268
Zone: traffic
Camera type: fixed</description>
      <Point>
        <coordinates>-80.1866427,26.1270418,0</coordinates>
      </Point>
    </Placemark>
    <Placemark>
      <name>ALPR</name>
      <description>OSM node: https://www.openstreetmap.org/node/13721411302
Manufacturer: Flock Safety
Direction: 181
Zone: traffic
Camera type: fixed</description>
      <Point>
        <coordinates>-80.1914888,26.1216636,0</coordinates>
      </Point>
    </Placemark>
    <Placemark>
      <name>ALPR</name>
      <description>OSM node: https://www.openstreetmap.org/node/13721412301
Manufacturer: Flock Safety
Direction: 94
Zone: traffic
Camera type: fixed</description>
      <Point>
        <coordinates>-80.1866735,26.1263624,0</coordinates>
      </Point>
    </Placemark>
    <Placemark>
      <name>ALPR</name>
      <description>OSM node: https://www.openstreetmap.org/node/13721413501
Manufacturer: Flock Safety
Direction: 260
Zone: traffic
Camera type: fixed</description>
      <Point>
        <coordinates>-80.1866735,26.1263624,0</coordinates>
      </Point>
    </Placemark>
    <Placemark>
      <name>ALPR</name>
      <description>OSM node: https://www.openstreetmap.org/node/13721413502
Manufacturer: Flock Safety
Direction: 0
Zone: traffic
Camera type: fixed</description>
      <Point>
        <coordinates>-80.1914888,26.1216636,0</coordinates>
      </Point>
    </Placemark>
    <Placemark>
      <name>ALPR</name>
      <description>OSM node: https://www.openstreetmap.org/node/13721423801
Manufacturer: Flock Safety
Direction: 0
Zone: traffic
Camera type: fixed</description>
      <Point>
        <coordinates>-80.1940445,26.1213146,0</coordinates>
      </Point>
    </Placemark>
    <Placemark>
      <name>ALPR</name>
      <description>OSM node: https://www.openstreetmap.org/node/13721424201
Manufacturer: Flock Safety
Direction: 180
Zone: traffic
Camera type: fixed</description>
      <Point>
        <coordinates>-80.1940445,26.1213146,0</coordinates>
      </Point>
    </Placemark>
    <Placemark>
      <name>ALPR</name>
      <description>OSM node: https://www.openstreetmap.org/node/13721424202
Manufacturer: Flock Safety
Direction: 270
Zone: traffic
Camera type: fixed</description>
      <Point>
        <coordinates>-80.2025349,26.1338956,0</coordinates>
      </Point>
    </Placemark>
    <Placemark>
      <name>ALPR</name>
      <description>OSM node: https://www.openstreetmap.org/node/13721427301
Manufacturer: Flock Safety
Direction: 183
Zone: traffic
Camera type: fixed</description>
      <Point>
        <coordinates>-80.2025349,26.1338956,0</coordinates>
      </Point>
    </Placemark>
    <Placemark>
      <name>ALPR</name>
      <description>OSM node: https://www.openstreetmap.org/node/13721433801
Manufacturer: Flock Safety
Direction: 267
Zone: traffic
Camera type: fixed</description>
      <Point>
        <coordinates>-80.2035378,26.1506798,0</coordinates>
      </Point>
    </Placemark>
    <Placemark>
      <name>ALPR</name>
      <description>OSM node: https://www.openstreetmap.org/node/13721454001
Manufacturer: Flock Safety
Direction: 0
Zone: traffic
Camera type: fixed</description>
      <Point>
        <coordinates>-80.2023251,26.1338426,0</coordinates>
      </Point>
    </Placemark>
    <Placemark>
      <name>ALPR</name>
      <description>OSM node: https://www.openstreetmap.org/node/13721457701
Manufacturer: Flock Safety
Direction: 0
Zone: traffic
Camera type: fixed</description>
      <Point>
        <coordinates>-80.2023251,26.1338426,0</coordinates>
      </Point>
    </Placemark>
    <Placemark>
      <name>ALPR</name>
      <description>OSM node: https://www.openstreetmap.org/node/13721821901
Manufacturer: Motorola Solutions
Direction: 236;164
Zone: traffic
Camera type: fixed</description>
      <Point>
        <coordinates>-80.0873283,26.5468515,0</coordinates>
      </Point>
    </Placemark>
    <Placemark>
      <name>ALPR</name>
      <description>OSM node: https://www.openstreetmap.org/node/13721825601
Manufacturer: Flock Safety
Direction: 47
Zone: traffic
Camera type: fixed</description>
      <Point>
        <coordinates>-80.0821854,26.5470395,0</coordinates>
      </Point>
    </Placemark>
    <Placemark>
      <name>ALPR</name>
      <description>OSM node: https://www.openstreetmap.org/node/13721876801
Manufacturer: Flock Safety
Direction: 349
Zone: traffic
Camera type: fixed</description>
      <Point>
        <coordinates>-80.0666867,26.5584625,0</coordinates>
      </Point>
    </Placemark>
    <Placemark>
      <name>ALPR</name>
      <description>OSM node: https://www.openstreetmap.org/node/13721878101
Manufacturer: Flock Safety
Direction: 170
Zone: traffic
Camera type: fixed</description>
      <Point>
        <coordinates>-80.0667306,26.563466,0</coordinates>
      </Point>
    </Placemark>
    <Placemark>
      <name>ALPR</name>
      <description>OSM node: https://www.openstreetmap.org/node/13721879701
Manufacturer: Flock Safety
Direction: 239
Zone: traffic
Camera type: fixed</description>
      <Point>
        <coordinates>-80.0664876,26.5690474,0</coordinates>
      </Point>
    </Placemark>
    <Placemark>
      <name>ALPR</name>
      <description>OSM node: https://www.openstreetmap.org/node/13721881201
Manufacturer: Flock Safety
Direction: 254
Zone: traffic
Camera type: fixed</description>
      <Point>
        <coordinates>-80.0665039,26.5703053,0</coordinates>
      </Point>
    </Placemark>
    <Placemark>
      <name>ALPR</name>
      <description>OSM node: https://www.openstreetmap.org/node/13721883101
Manufacturer: Flock Safety
Direction: 167
Zone: traffic
Camera type: fixed</description>
      <Point>
        <coordinates>-80.0669142,26.5714164,0</coordinates>
      </Point>
    </Placemark>
    <Placemark>
      <name>ALPR</name>
      <description>OSM node: https://www.openstreetmap.org/node/13721919901
Manufacturer: Flock Safety
Direction: 69
Zone: traffic
Camera type: fixed</description>
      <Point>
        <coordinates>-85.6931172,30.7886157,0</coordinates>
      </Point>
    </Placemark>
    <Placemark>
      <name>ALPR</name>
      <description>OSM node: https://www.openstreetmap.org/node/13721945601
Manufacturer: Flock Safety
Direction: 244
Zone: traffic
Camera type: fixed</description>
      <Point>
        <coordinates>-80.1641797,26.107161,0</coordinates>
      </Point>
    </Placemark>
    <Placemark>
      <name>ALPR</name>
      <description>OSM node: https://www.openstreetmap.org/node/13722003101
Manufacturer: Flock Safety
Direction: 270
Zone: traffic
Camera type: fixed</description>
      <Point>
        <coordinates>-85.2169034,30.773504,0</coordinates>
      </Point>
    </Placemark>
    <Placemark>
      <name>ALPR</name>
      <description>OSM node: https://www.openstreetmap.org/node/13722027701
Manufacturer: Flock Safety
Direction: 19
Zone: traffic
Camera type: fixed</description>
      <Point>
        <coordinates>-81.6587763,30.3195512,0</coordinates>
      </Point>
    </Placemark>
    <Placemark>
      <name>ALPR</name>
      <description>OSM node: https://www.openstreetmap.org/node/13722063701
Manufacturer: Flock Safety
Direction: 158
Zone: traffic
Camera type: fixed</description>
      <Point>
        <coordinates>-80.0795579,26.5294756,0</coordinates>
      </Point>
    </Placemark>
    <Placemark>
      <name>ALPR</name>
      <description>OSM node: https://www.openstreetmap.org/node/13722318901
Manufacturer: Flock Safety
Direction: 247
Zone: traffic
Camera type: fixed</description>
      <Point>
        <coordinates>-81.464702,28.4543106,0</coordinates>
      </Point>
    </Placemark>
    <Placemark>
      <name>ALPR</name>
      <description>OSM node: https://www.openstreetmap.org/node/13722331538
Manufacturer: Flock Safety
Direction: 205
Zone: traffic
Camera type: fixed</description>
      <Point>
        <coordinates>-82.6261246,27.8501357,0</coordinates>
      </Point>
    </Placemark>
    <Placemark>
      <name>ALPR</name>
      <description>OSM node: https://www.openstreetmap.org/node/13722372501
Manufacturer: Flock Safety
Direction: 340
Zone: traffic
Camera type: fixed</description>
      <Point>
        <coordinates>-81.7679098,28.0298813,0</coordinates>
      </Point>
    </Placemark>
    <Placemark>
      <name>ALPR</name>
      <description>OSM node: https://www.openstreetmap.org/node/13722373801
Manufacturer: Flock Safety
Direction: 270
Zone: traffic
Camera type: fixed</description>
      <Point>
        <coordinates>-81.7605997,28.0467656,0</coordinates>
      </Point>
    </Placemark>
    <Placemark>
      <name>ALPR</name>
      <description>OSM node: https://www.openstreetmap.org/node/13722541202
Manufacturer: Flock Safety
Direction: 339
Zone: traffic
Camera type: fixed</description>
      <Point>
        <coordinates>-81.5103292,26.7438864,0</coordinates>
      </Point>
    </Placemark>
    <Placemark>
      <name>ALPR</name>
      <description>OSM node: https://www.openstreetmap.org/node/13722541203
Manufacturer: Flock Safety
Direction: 153
Zone: traffic
Camera type: fixed</description>
      <Point>
        <coordinates>-81.5105333,26.7455204,0</coordinates>
      </Point>
    </Placemark>
    <Placemark>
      <name>ALPR</name>
      <description>OSM node: https://www.openstreetmap.org/node/13722545801
Manufacturer: Flock Safety
Direction: 71
Zone: traffic
Camera type: fixed</description>
      <Point>
        <coordinates>-81.4363326,26.7124751,0</coordinates>
      </Point>
    </Placemark>
    <Placemark>
      <name>ALPR</name>
      <description>OSM node: https://www.openstreetmap.org/node/13722545901
Manufacturer: Flock Safety
Direction: 244
Zone: traffic
Camera type: fixed</description>
      <Point>
        <coordinates>-81.4361959,26.7125461,0</coordinates>
      </Point>
    </Placemark>
    <Placemark>
      <name>ALPR</name>
      <description>OSM node: https://www.openstreetmap.org/node/13722546501
Manufacturer: Flock Safety
Direction: 239
Zone: traffic
Camera type: fixed</description>
      <Point>
        <coordinates>-81.4366432,26.7160976,0</coordinates>
      </Point>
    </Placemark>
    <Placemark>
      <name>ALPR</name>
      <description>OSM node: https://www.openstreetmap.org/node/13723061906
Manufacturer: Flock Safety
Direction: 135
Zone: traffic
Camera type: fixed</description>
      <Point>
        <coordinates>-80.3702542,27.3110957,0</coordinates>
      </Point>
    </Placemark>
    <Placemark>
      <name>ALPR</name>
      <description>OSM node: https://www.openstreetmap.org/node/13723240701
Manufacturer: Flock Safety
Direction: 247
Zone: traffic
Camera type: fixed</description>
      <Point>
        <coordinates>-80.3179457,27.2682376,0</coordinates>
      </Point>
    </Placemark>
    <Placemark>
      <name>ALPR</name>
      <description>OSM node: https://www.openstreetmap.org/node/13723241601
Manufacturer: Flock Safety
Direction: 79
Zone: traffic
Camera type: fixed</description>
      <Point>
        <coordinates>-80.3179547,27.2681978,0</coordinates>
      </Point>
    </Placemark>
    <Placemark>
      <name>ALPR</name>
      <description>OSM node: https://www.openstreetmap.org/node/13723974812
Manufacturer: Flock Safety
Zone: traffic
Camera type: fixed</description>
      <Point>
        <coordinates>-81.5053022,28.5556475,0</coordinates>
      </Point>
    </Placemark>
    <Placemark>
      <name>ALPR</name>
      <description>OSM node: https://www.openstreetmap.org/node/13724151001
Manufacturer: Flock Safety
Direction: 56
Zone: traffic
Camera type: fixed</description>
      <Point>
        <coordinates>-80.1648567,26.0298392,0</coordinates>
      </Point>
    </Placemark>
    <Placemark>
      <name>ALPR</name>
      <description>OSM node: https://www.openstreetmap.org/node/13724351801
Manufacturer: Motorola Solutions
Direction: 348
Zone: traffic
Camera type: fixed</description>
      <Point>
        <coordinates>-80.1568807,25.9959071,0</coordinates>
      </Point>
    </Placemark>
    <Placemark>
      <name>ALPR</name>
      <description>OSM node: https://www.openstreetmap.org/node/13724352301
Manufacturer: Motorola Solutions
Direction: 292
Zone: traffic
Camera type: fixed</description>
      <Point>
        <coordinates>-80.1376087,25.9968465,0</coordinates>
      </Point>
    </Placemark>
    <Placemark>
      <name>ALPR</name>
      <description>OSM node: https://www.openstreetmap.org/node/13725917280
Manufacturer: Flock Safety
Direction: 165
Zone: traffic
Camera type: fixed</description>
      <Point>
        <coordinates>-82.1663456,30.2226755,0</coordinates>
      </Point>
    </Placemark>
    <Placemark>
      <name>ALPR</name>
      <description>OSM node: https://www.openstreetmap.org/node/13725917281
Manufacturer: Flock Safety
Direction: 345
Zone: traffic
Camera type: fixed</description>
      <Point>
        <coordinates>-82.1662304,30.2221057,0</coordinates>
      </Point>
    </Placemark>
    <Placemark>
      <name>ALPR</name>
      <description>OSM node: https://www.openstreetmap.org/node/13725917282
Manufacturer: Flock Safety
Direction: 215
Zone: traffic
Camera type: fixed</description>
      <Point>
        <coordinates>-82.2347745,30.3770376,0</coordinates>
      </Point>
    </Placemark>
    <Placemark>
      <name>ALPR</name>
      <description>OSM node: https://www.openstreetmap.org/node/13725925898
Manufacturer: Flock Safety
Direction: 305;225
Zone: traffic
Camera type: fixed</description>
      <Point>
        <coordinates>-82.2714641,30.2509413,0</coordinates>
      </Point>
    </Placemark>
    <Placemark>
      <name>ALPR</name>
      <description>OSM node: https://www.openstreetmap.org/node/13726188101
Manufacturer: Motorola Solutions
Direction: 127;38
Zone: traffic
Camera type: fixed</description>
      <Point>
        <coordinates>-80.1467404,25.9969466,0</coordinates>
      </Point>
    </Placemark>
    <Placemark>
      <name>ALPR</name>
      <description>OSM node: https://www.openstreetmap.org/node/13726188601
Manufacturer: Motorola Solutions
Direction: 324
Zone: traffic
Camera type: fixed</description>
      <Point>
        <coordinates>-80.1482883,25.9975699,0</coordinates>
      </Point>
    </Placemark>
    <Placemark>
      <name>ALPR</name>
      <description>OSM node: https://www.openstreetmap.org/node/13726205001
Manufacturer: Motorola Solutions
Direction: 339
Zone: traffic
Camera type: fixed</description>
      <Point>
        <coordinates>-80.1513432,26.0336855,0</coordinates>
      </Point>
    </Placemark>
    <Placemark>
      <name>ALPR</name>
      <description>OSM node: https://www.openstreetmap.org/node/13726268601
Manufacturer: Motorola Solutions
Direction: 269
Zone: traffic
Camera type: fixed</description>
      <Point>
        <coordinates>-80.1240318,25.8731152,0</coordinates>
      </Point>
    </Placemark>
    <Placemark>
      <name>ALPR</name>
      <description>OSM node: https://www.openstreetmap.org/node/13726501502
Manufacturer: Flock Safety
Direction: 249
Zone: traffic
Camera type: fixed</description>
      <Point>
        <coordinates>-80.0757302,26.6282245,0</coordinates>
      </Point>
    </Placemark>
    <Placemark>
      <name>ALPR</name>
      <description>OSM node: https://www.openstreetmap.org/node/13726501503
Manufacturer: Flock Safety
Direction: 61
Zone: traffic
Camera type: fixed</description>
      <Point>
        <coordinates>-80.0771492,26.6280597,0</coordinates>
      </Point>
    </Placemark>
    <Placemark>
      <name>ALPR</name>
      <description>OSM node: https://www.openstreetmap.org/node/13727429501
Manufacturer: Flock Safety
Direction: 246
Zone: traffic
Camera type: fixed</description>
      <Point>
        <coordinates>-80.1433205,26.0041917,0</coordinates>
      </Point>
    </Placemark>
    <Placemark>
      <name>ALPR</name>
      <description>OSM node: https://www.openstreetmap.org/node/13728153470
Manufacturer: Flock Safety
Direction: 141
Zone: traffic
Camera type: fixed</description>
      <Point>
        <coordinates>-80.1071987,26.2110145,0</coordinates>
      </Point>
    </Placemark>
    <Placemark>
      <name>ALPR</name>
      <description>OSM node: https://www.openstreetmap.org/node/13728161701
Manufacturer: Flock Safety
Direction: 117
Zone: traffic
Camera type: fixed</description>
      <Point>
        <coordinates>-81.6851244,26.1685684,0</coordinates>
      </Point>
    </Placemark>
    <Placemark>
      <name>ALPR</name>
      <description>OSM node: https://www.openstreetmap.org/node/13728244729
Manufacturer: Motorola Solutions L6Q
Direction: 350
Zone: traffic
Camera type: fixed</description>
      <Point>
        <coordinates>-82.3902731,29.6221478,0</coordinates>
      </Point>
    </Placemark>
    <Placemark>
      <name>ALPR</name>
      <description>OSM node: https://www.openstreetmap.org/node/13728275830
Manufacturer: Motorola Solutions L6Q
Direction: 130
Zone: traffic
Camera type: fixed</description>
      <Point>
        <coordinates>-82.3903854,29.6223124,0</coordinates>
      </Point>
    </Placemark>
    <Placemark>
      <name>ALPR</name>
      <description>OSM node: https://www.openstreetmap.org/node/13728281901
Manufacturer: Flock Safety
Direction: 124
Zone: traffic
Camera type: fixed</description>
      <Point>
        <coordinates>-80.2046081,26.2750315,0</coordinates>
      </Point>
    </Placemark>
    <Placemark>
      <name>ALPR</name>
      <description>OSM node: https://www.openstreetmap.org/node/13728382501
Manufacturer: Flock Safety
Direction: 118
Zone: traffic
Camera type: fixed</description>
      <Point>
        <coordinates>-80.2059092,26.2757356,0</coordinates>
      </Point>
    </Placemark>
    <Placemark>
      <name>ALPR</name>
      <description>OSM node: https://www.openstreetmap.org/node/13728488601
Manufacturer: Flock Safety
Direction: 170
Zone: traffic
Camera type: fixed</description>
      <Point>
        <coordinates>-80.2945514,25.6737105,0</coordinates>
      </Point>
    </Placemark>
    <Placemark>
      <name>ALPR</name>
      <description>OSM node: https://www.openstreetmap.org/node/13728521801
Manufacturer: Flock Safety
Direction: 239
Zone: traffic
Camera type: fixed</description>
      <Point>
        <coordinates>-80.2910595,25.6747081,0</coordinates>
      </Point>
    </Placemark>
    <Placemark>
      <name>ALPR</name>
      <description>OSM node: https://www.openstreetmap.org/node/13728625801
Manufacturer: Flock Safety
Direction: 198
Zone: traffic
Camera type: fixed</description>
      <Point>
        <coordinates>-81.5595617,30.3163405,0</coordinates>
      </Point>
    </Placemark>
    <Placemark>
      <name>ALPR</name>
      <description>OSM node: https://www.openstreetmap.org/node/13728625802
Manufacturer: Flock Safety
Direction: 327
Zone: traffic
Camera type: fixed</description>
      <Point>
        <coordinates>-81.5585434,30.3171474,0</coordinates>
      </Point>
    </Placemark>
    <Placemark>
      <name>ALPR</name>
      <description>OSM node: https://www.openstreetmap.org/node/13728748801
Manufacturer: Flock Safety
Direction: 331
Zone: traffic
Camera type: fixed</description>
      <Point>
        <coordinates>-80.20081,26.2842619,0</coordinates>
      </Point>
    </Placemark>
    <Placemark>
      <name>ALPR</name>
      <description>OSM node: https://www.openstreetmap.org/node/13728748901
Manufacturer: Flock Safety
Direction: 210
Zone: traffic
Camera type: fixed</description>
      <Point>
        <coordinates>-80.2006396,26.2859881,0</coordinates>
      </Point>
    </Placemark>
    <Placemark>
      <name>ALPR</name>
      <description>OSM node: https://www.openstreetmap.org/node/13728748903
Manufacturer: Flock Safety
Direction: 150
Zone: traffic
Camera type: fixed</description>
      <Point>
        <coordinates>-80.1996354,26.2858682,0</coordinates>
      </Point>
    </Placemark>
    <Placemark>
      <name>ALPR</name>
      <description>OSM node: https://www.openstreetmap.org/node/13729237603
Manufacturer: Flock Safety
Direction: 246
Zone: traffic
Camera type: fixed</description>
      <Point>
        <coordinates>-81.6450249,27.8137914,0</coordinates>
      </Point>
    </Placemark>
    <Placemark>
      <name>ALPR</name>
      <description>OSM node: https://www.openstreetmap.org/node/13729244801
Manufacturer: Flock Safety
Direction: 43
Zone: traffic
Camera type: fixed</description>
      <Point>
        <coordinates>-81.6945513,27.8132646,0</coordinates>
      </Point>
    </Placemark>
    <Placemark>
      <name>ALPR</name>
      <description>OSM node: https://www.openstreetmap.org/node/13729925322
Manufacturer: LVT Mobile Tower
Zone: traffic
Camera type: mobile</description>
      <Point>
        <coordinates>-82.3830536,29.6245484,0</coordinates>
      </Point>
    </Placemark>
    <Placemark>
      <name>ALPR</name>
      <description>OSM node: https://www.openstreetmap.org/node/13729958301
Manufacturer: Motorola Solutions
Direction: 158
Zone: traffic
Camera type: fixed</description>
      <Point>
        <coordinates>-80.1440275,26.0598874,0</coordinates>
      </Point>
    </Placemark>
    <Placemark>
      <name>ALPR</name>
      <description>OSM node: https://www.openstreetmap.org/node/13729964401
Manufacturer: Flock Safety
Direction: 108
Zone: traffic
Camera type: fixed</description>
      <Point>
        <coordinates>-80.2296536,27.1679187,0</coordinates>
      </Point>
    </Placemark>
    <Placemark>
      <name>ALPR</name>
      <description>OSM node: https://www.openstreetmap.org/node/13729966701
Manufacturer: Flock Safety
Direction: 0
Zone: traffic
Camera type: fixed</description>
      <Point>
        <coordinates>-80.2287517,27.1667603,0</coordinates>
      </Point>
    </Placemark>
    <Placemark>
      <name>ALPR</name>
      <description>OSM node: https://www.openstreetmap.org/node/13731075090
Manufacturer: Flock Safety
Direction: 65
Zone: traffic
Camera type: fixed</description>
      <Point>
        <coordinates>-81.4754755,28.5320595,0</coordinates>
      </Point>
    </Placemark>
    <Placemark>
      <name>ALPR</name>
      <description>OSM node: https://www.openstreetmap.org/node/13731191901
Manufacturer: Flock Safety
Direction: 224
Zone: traffic
Camera type: fixed</description>
      <Point>
        <coordinates>-80.3187127,27.2749363,0</coordinates>
      </Point>
    </Placemark>
    <Placemark>
      <name>ALPR</name>
      <description>OSM node: https://www.openstreetmap.org/node/13731252401
Manufacturer: Flock Safety
Direction: 349
Zone: traffic
Camera type: fixed</description>
      <Point>
        <coordinates>-81.6768172,26.1684077,0</coordinates>
      </Point>
    </Placemark>
    <Placemark>
      <name>ALPR</name>
      <description>OSM node: https://www.openstreetmap.org/node/13731407203
Manufacturer: Motorola Solutions
Direction: 351
Zone: traffic
Camera type: fixed</description>
      <Point>
        <coordinates>-80.3749781,26.1154285,0</coordinates>
      </Point>
    </Placemark>
    <Placemark>
      <name>ALPR</name>
      <description>OSM node: https://www.openstreetmap.org/node/13731409406
Manufacturer: Motorola Solutions
Direction: 288
Zone: traffic
Camera type: fixed</description>
      <Point>
        <coordinates>-80.3711072,26.1211986,0</coordinates>
      </Point>
    </Placemark>
    <Placemark>
      <name>Ocala Police Department ALPR</name>
      <description>OSM node: https://www.openstreetmap.org/node/13732106302
Operator: Ocala Police Department
Manufacturer: Motorola Solutions
Direction: 0
Zone: traffic
Camera type: fixed</description>
      <Point>
        <coordinates>-82.1347204,29.1854465,0</coordinates>
      </Point>
    </Placemark>
    <Placemark>
      <name>ALPR</name>
      <description>OSM node: https://www.openstreetmap.org/node/13732184401
Manufacturer: Motorola Solutions
Direction: 108
Zone: traffic
Camera type: fixed</description>
      <Point>
        <coordinates>-80.1261611,25.9938765,0</coordinates>
      </Point>
    </Placemark>
    <Placemark>
      <name>ALPR</name>
      <description>OSM node: https://www.openstreetmap.org/node/13732209001
Manufacturer: Flock Safety
Direction: 252
Zone: traffic
Camera type: fixed</description>
      <Point>
        <coordinates>-81.1060381,29.2466506,0</coordinates>
      </Point>
    </Placemark>
    <Placemark>
      <name>ALPR</name>
      <description>OSM node: https://www.openstreetmap.org/node/13732293002
Manufacturer: Flock Safety
Direction: 342
Zone: traffic
Camera type: fixed</description>
      <Point>
        <coordinates>-81.5331562,28.4862321,0</coordinates>
      </Point>
    </Placemark>
    <Placemark>
      <name>ALPR</name>
      <description>OSM node: https://www.openstreetmap.org/node/13732302301
Manufacturer: Flock Safety
Direction: 247
Zone: traffic
Camera type: fixed</description>
      <Point>
        <coordinates>-81.5117842,28.4937843,0</coordinates>
      </Point>
    </Placemark>
    <Placemark>
      <name>ALPR</name>
      <description>OSM node: https://www.openstreetmap.org/node/13732567301
Manufacturer: Flock Safety
Direction: 71
Zone: traffic
Camera type: fixed</description>
      <Point>
        <coordinates>-81.5645094,30.3122597,0</coordinates>
      </Point>
    </Placemark>
    <Placemark>
      <name>ALPR</name>
      <description>OSM node: https://www.openstreetmap.org/node/13732690001
Manufacturer: Flock Safety
Direction: 97-142
Zone: traffic
Camera type: fixed</description>
      <Point>
        <coordinates>-84.2803986,30.4344933,0</coordinates>
      </Point>
    </Placemark>
    <Placemark>
      <name>ALPR</name>
      <description>OSM node: https://www.openstreetmap.org/node/13732701301
Manufacturer: Flock Safety
Direction: 161
Zone: traffic
Camera type: fixed</description>
      <Point>
        <coordinates>-81.9068875,28.890473,0</coordinates>
      </Point>
    </Placemark>
    <Placemark>
      <name>ALPR</name>
      <description>OSM node: https://www.openstreetmap.org/node/13732838701
Manufacturer: Flock Safety
Direction: 94;284
Zone: traffic
Camera type: fixed</description>
      <Point>
        <coordinates>-80.7039973,28.4055754,0</coordinates>
      </Point>
    </Placemark>
    <Placemark>
      <name>ALPR</name>
      <description>OSM node: https://www.openstreetmap.org/node/13733354617
Manufacturer: Flock Safety
Direction: 120
Zone: traffic
Camera type: fixed</description>
      <Point>
        <coordinates>-80.2826098,26.0648014,0</coordinates>
      </Point>
    </Placemark>
    <Placemark>
      <name>ALPR</name>
      <description>OSM node: https://www.openstreetmap.org/node/13733384901
Manufacturer: Flock Safety
Direction: 256
Zone: traffic
Camera type: fixed</description>
      <Point>
        <coordinates>-80.0900062,26.6008014,0</coordinates>
      </Point>
    </Placemark>
    <Placemark>
      <name>ALPR</name>
      <description>OSM node: https://www.openstreetmap.org/node/13733484802
Manufacturer: Motorola Solutions
Direction: 298
Zone: traffic
Camera type: fixed</description>
      <Point>
        <coordinates>-80.3716358,26.125652,0</coordinates>
      </Point>
    </Placemark>
    <Placemark>
      <name>ALPR</name>
      <description>OSM node: https://www.openstreetmap.org/node/13733486401
Manufacturer: Motorola Solutions
Direction: 5
Zone: traffic
Camera type: fixed</description>
      <Point>
        <coordinates>-80.3844014,26.1170444,0</coordinates>
      </Point>
    </Placemark>
    <Placemark>
      <name>ALPR</name>
      <description>OSM node: https://www.openstreetmap.org/node/13733580112
Direction: 120
Zone: traffic</description>
      <Point>
        <coordinates>-81.5612127,27.4132884,0</coordinates>
      </Point>
    </Placemark>
    <Placemark>
      <name>ALPR</name>
      <description>OSM node: https://www.openstreetmap.org/node/13733630001
Manufacturer: Motorola Solutions
Direction: 204;95
Zone: traffic
Camera type: fixed</description>
      <Point>
        <coordinates>-80.3697224,26.1264536,0</coordinates>
      </Point>
    </Placemark>
    <Placemark>
      <name>ALPR</name>
      <description>OSM node: https://www.openstreetmap.org/node/13733653501
Manufacturer: Motorola Solutions
Direction: 246
Zone: traffic
Camera type: fixed</description>
      <Point>
        <coordinates>-80.3627786,26.1141563,0</coordinates>
      </Point>
    </Placemark>
    <Placemark>
      <name>ALPR</name>
      <description>OSM node: https://www.openstreetmap.org/node/13733655101
Manufacturer: Motorola Solutions
Direction: 118
Zone: traffic
Camera type: fixed</description>
      <Point>
        <coordinates>-80.363346,26.114035,0</coordinates>
      </Point>
    </Placemark>
    <Placemark>
      <name>ALPR</name>
      <description>OSM node: https://www.openstreetmap.org/node/13733673001
Manufacturer: Axis Communications
Direction: 0
Zone: traffic
Camera type: fixed</description>
      <Point>
        <coordinates>-80.3609021,26.1232837,0</coordinates>
      </Point>
    </Placemark>
    <Placemark>
      <name>ALPR</name>
      <description>OSM node: https://www.openstreetmap.org/node/13733696818
Manufacturer: Flock Safety
Direction: 335
Zone: traffic
Camera type: fixed</description>
      <Point>
        <coordinates>-82.430222,29.6861124,0</coordinates>
      </Point>
    </Placemark>
    <Placemark>
      <name>ALPR</name>
      <description>OSM node: https://www.openstreetmap.org/node/13733719701
Manufacturer: Flock Safety
Direction: 260
Zone: traffic
Camera type: fixed</description>
      <Point>
        <coordinates>-82.3148662,27.9379917,0</coordinates>
      </Point>
    </Placemark>
    <Placemark>
      <name>ALPR</name>
      <description>OSM node: https://www.openstreetmap.org/node/13733813701
Manufacturer: Flock Safety
Direction: 0;68;301
Zone: traffic
Camera type: fixed</description>
      <Point>
        <coordinates>-81.5035827,28.4297704,0</coordinates>
      </Point>
    </Placemark>
    <Placemark>
      <name>ALPR</name>
      <description>OSM node: https://www.openstreetmap.org/node/13733813702
Manufacturer: Flock Safety
Direction: 0;76;301
Zone: traffic
Camera type: fixed</description>
      <Point>
        <coordinates>-81.5034294,28.4240823,0</coordinates>
      </Point>
    </Placemark>
    <Placemark>
      <name>ALPR</name>
      <description>OSM node: https://www.openstreetmap.org/node/13733816601
Manufacturer: Flock Safety
Direction: 82
Zone: traffic
Camera type: fixed</description>
      <Point>
        <coordinates>-81.5498281,28.5114616,0</coordinates>
      </Point>
    </Placemark>
    <Placemark>
      <name>ALPR</name>
      <description>OSM node: https://www.openstreetmap.org/node/13733876401
Manufacturer: Flock Safety
Direction: 67
Zone: traffic
Camera type: fixed</description>
      <Point>
        <coordinates>-80.1193025,27.0653708,0</coordinates>
      </Point>
    </Placemark>
    <Placemark>
      <name>ALPR</name>
      <description>OSM node: https://www.openstreetmap.org/node/13733934901
Manufacturer: Motorola Solutions
Direction: 145;167
Zone: traffic
Camera type: fixed</description>
      <Point>
        <coordinates>-80.0565233,26.6431316,0</coordinates>
      </Point>
    </Placemark>
    <Placemark>
      <name>ALPR</name>
      <description>OSM node: https://www.openstreetmap.org/node/13734487401
Manufacturer: Flock Safety
Direction: 83
Zone: traffic
Camera type: fixed</description>
      <Point>
        <coordinates>-82.0740916,29.204338,0</coordinates>
      </Point>
    </Placemark>
    <Placemark>
      <name>ALPR</name>
      <description>OSM node: https://www.openstreetmap.org/node/13734928301
Manufacturer: Motorola Solutions
Direction: 318
Zone: traffic
Camera type: fixed</description>
      <Point>
        <coordinates>-81.1961613,28.6052454,0</coordinates>
      </Point>
    </Placemark>
    <Placemark>
      <name>ALPR</name>
      <description>OSM node: https://www.openstreetmap.org/node/13734928901
Manufacturer: Motorola Solutions
Direction: 136
Zone: traffic
Camera type: fixed</description>
      <Point>
        <coordinates>-81.1963569,28.6048882,0</coordinates>
      </Point>
    </Placemark>
    <Placemark>
      <name>ALPR</name>
      <description>OSM node: https://www.openstreetmap.org/node/13735163255
Manufacturer: Flock Safety
Direction: 195
Zone: traffic
Camera type: fixed</description>
      <Point>
        <coordinates>-82.4131474,28.032352,0</coordinates>
      </Point>
    </Placemark>
    <Placemark>
      <name>ALPR</name>
      <description>OSM node: https://www.openstreetmap.org/node/13735184501
Manufacturer: Flock Safety
Direction: 224
Zone: traffic
Camera type: fixed</description>
      <Point>
        <coordinates>-80.0665033,26.5466087,0</coordinates>
      </Point>
    </Placemark>
    <Placemark>
      <name>ALPR</name>
      <description>OSM node: https://www.openstreetmap.org/node/13735325043
Manufacturer: Flock Safety
Direction: 150
Zone: traffic
Camera type: fixed</description>
      <Point>
        <coordinates>-80.1714651,26.1385121,0</coordinates>
      </Point>
    </Placemark>
    <Placemark>
      <name>ALPR</name>
      <description>OSM node: https://www.openstreetmap.org/node/13735782401
Manufacturer: Flock Safety
Direction: 345
Zone: parking
Camera type: fixed</description>
      <Point>
        <coordinates>-85.2583301,30.7775915,0</coordinates>
      </Point>
    </Placemark>
    <Placemark>
      <name>ALPR</name>
      <description>OSM node: https://www.openstreetmap.org/node/13735892602
Manufacturer: Flock Safety
Direction: 0
Zone: traffic
Camera type: fixed</description>
      <Point>
        <coordinates>-81.7207814,28.8771627,0</coordinates>
      </Point>
    </Placemark>
    <Placemark>
      <name>ALPR</name>
      <description>OSM node: https://www.openstreetmap.org/node/13735892603
Manufacturer: Flock Safety
Direction: 185
Zone: traffic
Camera type: fixed</description>
      <Point>
        <coordinates>-81.7207885,28.8774555,0</coordinates>
      </Point>
    </Placemark>
    <Placemark>
      <name>ALPR</name>
      <description>OSM node: https://www.openstreetmap.org/node/13735933701
Manufacturer: Flock Safety
Direction: 179
Zone: traffic
Camera type: fixed</description>
      <Point>
        <coordinates>-81.6712019,28.8730321,0</coordinates>
      </Point>
    </Placemark>
    <Placemark>
      <name>ALPR</name>
      <description>OSM node: https://www.openstreetmap.org/node/13737082901
Manufacturer: Flock Safety
Direction: 239
Zone: traffic
Camera type: fixed</description>
      <Point>
        <coordinates>-80.4324252,27.2945445,0</coordinates>
      </Point>
    </Placemark>
    <Placemark>
      <name>ALPR</name>
      <description>OSM node: https://www.openstreetmap.org/node/13737344101
Manufacturer: Flock Safety
Direction: 327
Zone: traffic
Camera type: fixed</description>
      <Point>
        <coordinates>-80.2601777,26.0666433,0</coordinates>
      </Point>
    </Placemark>
    <Placemark>
      <name>ALPR</name>
      <description>OSM node: https://www.openstreetmap.org/node/13738267001
Manufacturer: Flock Safety
Direction: 321;0
Zone: traffic
Camera type: fixed</description>
      <Point>
        <coordinates>-80.289063,25.8077894,0</coordinates>
      </Point>
    </Placemark>
    <Placemark>
      <name>ALPR</name>
      <description>OSM node: https://www.openstreetmap.org/node/13738267501
Manufacturer: Flock Safety
Direction: 321;0
Zone: traffic
Camera type: fixed</description>
      <Point>
        <coordinates>-80.289063,25.8077894,0</coordinates>
      </Point>
    </Placemark>
    <Placemark>
      <name>ALPR</name>
      <description>OSM node: https://www.openstreetmap.org/node/13738278602
Manufacturer: Flock Safety
Direction: 0
Zone: traffic
Camera type: fixed</description>
      <Point>
        <coordinates>-80.062924,26.5443047,0</coordinates>
      </Point>
    </Placemark>
    <Placemark>
      <name>ALPR</name>
      <description>OSM node: https://www.openstreetmap.org/node/13738278603
Manufacturer: Flock Safety
Direction: 153
Zone: traffic
Camera type: fixed</description>
      <Point>
        <coordinates>-80.0640994,26.5420388,0</coordinates>
      </Point>
    </Placemark>
    <Placemark>
      <name>ALPR</name>
      <description>OSM node: https://www.openstreetmap.org/node/13738280401
Manufacturer: Flock Safety
Direction: 284
Zone: traffic
Camera type: fixed</description>
      <Point>
        <coordinates>-80.0641911,26.5464707,0</coordinates>
      </Point>
    </Placemark>
    <Placemark>
      <name>ALPR</name>
      <description>OSM node: https://www.openstreetmap.org/node/13738286301
Manufacturer: Flock Safety
Direction: 205
Zone: traffic
Camera type: fixed</description>
      <Point>
        <coordinates>-80.0590588,26.5415403,0</coordinates>
      </Point>
    </Placemark>
    <Placemark>
      <name>ALPR</name>
      <description>OSM node: https://www.openstreetmap.org/node/13738288401
Manufacturer: Flock Safety
Direction: 206
Zone: traffic
Camera type: fixed</description>
      <Point>
        <coordinates>-80.061543,26.5424732,0</coordinates>
      </Point>
    </Placemark>
    <Placemark>
      <name>ALPR</name>
      <description>OSM node: https://www.openstreetmap.org/node/13738289901
Manufacturer: Flock Safety
Direction: 155
Zone: traffic
Camera type: fixed</description>
      <Point>
        <coordinates>-80.0585067,26.5427448,0</coordinates>
      </Point>
    </Placemark>
    <Placemark>
      <name>ALPR</name>
      <description>OSM node: https://www.openstreetmap.org/node/13738289902
Manufacturer: Flock Safety
Direction: 169
Zone: traffic
Camera type: fixed</description>
      <Point>
        <coordinates>-80.0585542,26.5459337,0</coordinates>
      </Point>
    </Placemark>
    <Placemark>
      <name>ALPR</name>
      <description>OSM node: https://www.openstreetmap.org/node/13738378403
Manufacturer: Flock Safety
Direction: 306
Zone: traffic
Camera type: fixed</description>
      <Point>
        <coordinates>-81.8237267,30.1854586,0</coordinates>
      </Point>
    </Placemark>
    <Placemark>
      <name>ALPR</name>
      <description>OSM node: https://www.openstreetmap.org/node/13738401402
Manufacturer: Flock Safety
Direction: 306
Zone: traffic
Camera type: fixed</description>
      <Point>
        <coordinates>-81.8237267,30.1854586,0</coordinates>
      </Point>
    </Placemark>
    <Placemark>
      <name>ALPR</name>
      <description>OSM node: https://www.openstreetmap.org/node/13738473601
Manufacturer: Axis Communications
Direction: 183
Zone: traffic
Camera type: fixed</description>
      <Point>
        <coordinates>-80.362002,26.1210206,0</coordinates>
      </Point>
    </Placemark>
    <Placemark>
      <name>ALPR</name>
      <description>OSM node: https://www.openstreetmap.org/node/13738476201
Manufacturer: Motorola Solutions
Direction: 249
Zone: traffic
Camera type: fixed</description>
      <Point>
        <coordinates>-80.3625054,26.1195914,0</coordinates>
      </Point>
    </Placemark>
    <Placemark>
      <name>ALPR</name>
      <description>OSM node: https://www.openstreetmap.org/node/13738573001
Manufacturer: Motorola Solutions
Direction: 24
Zone: traffic
Camera type: fixed</description>
      <Point>
        <coordinates>-80.1559378,25.9959483,0</coordinates>
      </Point>
    </Placemark>
    <Placemark>
      <name>ALPR</name>
      <description>OSM node: https://www.openstreetmap.org/node/13738636201
Manufacturer: Flock Safety
Direction: 162
Zone: traffic
Camera type: fixed</description>
      <Point>
        <coordinates>-82.4622603,27.9538598,0</coordinates>
      </Point>
    </Placemark>
    <Placemark>
      <name>ALPR</name>
      <description>OSM node: https://www.openstreetmap.org/node/13738717101
Manufacturer: Flock Safety
Direction: 135
Zone: traffic
Camera type: fixed</description>
      <Point>
        <coordinates>-80.3007857,27.4946411,0</coordinates>
      </Point>
    </Placemark>
    <Placemark>
      <name>ALPR</name>
      <description>OSM node: https://www.openstreetmap.org/node/13738739701
Manufacturer: Flock Safety
Direction: 240
Zone: traffic
Camera type: fixed</description>
      <Point>
        <coordinates>-81.9740895,28.0986749,0</coordinates>
      </Point>
    </Placemark>
    <Placemark>
      <name>ALPR</name>
      <description>OSM node: https://www.openstreetmap.org/node/13738739702
Manufacturer: Flock Safety
Direction: 81
Zone: traffic
Camera type: fixed</description>
      <Point>
        <coordinates>-81.9776293,28.0992688,0</coordinates>
      </Point>
    </Placemark>
    <Placemark>
      <name>ALPR</name>
      <description>OSM node: https://www.openstreetmap.org/node/13738741101
Manufacturer: Flock Safety
Direction: 236
Zone: traffic
Camera type: fixed</description>
      <Point>
        <coordinates>-81.97739,28.0993602,0</coordinates>
      </Point>
    </Placemark>
    <Placemark>
      <name>ALPR</name>
      <description>OSM node: https://www.openstreetmap.org/node/13738748901
Manufacturer: Flock Safety
Direction: 286
Zone: traffic
Camera type: fixed</description>
      <Point>
        <coordinates>-81.5314323,30.1325697,0</coordinates>
      </Point>
    </Placemark>
    <Placemark>
      <name>ALPR</name>
      <description>OSM node: https://www.openstreetmap.org/node/13738748902
Manufacturer: Flock Safety
Direction: 145
Zone: traffic
Camera type: fixed</description>
      <Point>
        <coordinates>-81.5596724,30.2025548,0</coordinates>
      </Point>
    </Placemark>
    <Placemark>
      <name>ALPR</name>
      <description>OSM node: https://www.openstreetmap.org/node/13739237601
Manufacturer: Flock Safety
Direction: 71
Zone: traffic
Camera type: fixed</description>
      <Point>
        <coordinates>-80.220073,27.1548979,0</coordinates>
      </Point>
    </Placemark>
    <Placemark>
      <name>ALPR</name>
      <description>OSM node: https://www.openstreetmap.org/node/13739237602
Manufacturer: Flock Safety
Direction: 73
Zone: traffic
Camera type: fixed</description>
      <Point>
        <coordinates>-80.2210395,27.1568971,0</coordinates>
      </Point>
    </Placemark>
    <Placemark>
      <name>ALPR</name>
      <description>OSM node: https://www.openstreetmap.org/node/13739238101
Manufacturer: Flock Safety
Direction: 233
Zone: traffic
Camera type: fixed</description>
      <Point>
        <coordinates>-80.2199928,27.1548492,0</coordinates>
      </Point>
    </Placemark>
    <Placemark>
      <name>ALPR</name>
      <description>OSM node: https://www.openstreetmap.org/node/13739238102
Manufacturer: Flock Safety
Direction: 219
Zone: traffic
Camera type: fixed</description>
      <Point>
        <coordinates>-80.2142992,27.1571786,0</coordinates>
      </Point>
    </Placemark>
    <Placemark>
      <name>ALPR</name>
      <description>OSM node: https://www.openstreetmap.org/node/13739238103
Manufacturer: Flock Safety
Direction: 85
Zone: traffic
Camera type: fixed</description>
      <Point>
        <coordinates>-80.2169156,27.1586991,0</coordinates>
      </Point>
    </Placemark>
    <Placemark>
      <name>ALPR</name>
      <description>OSM node: https://www.openstreetmap.org/node/13739238104
Manufacturer: Flock Safety
Direction: 236
Zone: traffic
Camera type: fixed</description>
      <Point>
        <coordinates>-80.2205223,27.1571479,0</coordinates>
      </Point>
    </Placemark>
    <Placemark>
      <name>ALPR</name>
      <description>OSM node: https://www.openstreetmap.org/node/13739242801
Manufacturer: Flock Safety
Direction: 227
Zone: traffic
Camera type: fixed</description>
      <Point>
        <coordinates>-80.2166096,27.1588352,0</coordinates>
      </Point>
    </Placemark>
    <Placemark>
      <name>ALPR</name>
      <description>OSM node: https://www.openstreetmap.org/node/13739243401
Manufacturer: Flock Safety
Direction: 81
Zone: traffic
Camera type: fixed</description>
      <Point>
        <coordinates>-80.2146876,27.1569384,0</coordinates>
      </Point>
    </Placemark>
    <Placemark>
      <name>ALPR</name>
      <description>OSM node: https://www.openstreetmap.org/node/13739952901
Manufacturer: Motorola Solutions
Direction: 181
Zone: traffic
Camera type: fixed</description>
      <Point>
        <coordinates>-80.2804804,27.1266495,0</coordinates>
      </Point>
    </Placemark>
    <Placemark>
      <name>ALPR</name>
      <description>OSM node: https://www.openstreetmap.org/node/13739967401
Manufacturer: Flock Safety
Direction: 66
Zone: traffic
Camera type: fixed</description>
      <Point>
        <coordinates>-82.5626253,27.9963001,0</coordinates>
      </Point>
    </Placemark>
    <Placemark>
      <name>ALPR</name>
      <description>OSM node: https://www.openstreetmap.org/node/13740015001
Manufacturer: Flock Safety
Direction: 317
Zone: traffic
Camera type: fixed</description>
      <Point>
        <coordinates>-82.1928494,28.2008804,0</coordinates>
      </Point>
    </Placemark>
    <Placemark>
      <name>ALPR</name>
      <description>OSM node: https://www.openstreetmap.org/node/13740152902
Manufacturer: Leonardo
Direction: 31;149
Zone: traffic
Camera type: fixed</description>
      <Point>
        <coordinates>-80.2100918,26.0462963,0</coordinates>
      </Point>
    </Placemark>
    <Placemark>
      <name>ALPR</name>
      <description>OSM node: https://www.openstreetmap.org/node/13740173701
Manufacturer: Leonardo
Direction: 210;336
Zone: traffic
Camera type: fixed</description>
      <Point>
        <coordinates>-80.2103911,26.0479404,0</coordinates>
      </Point>
    </Placemark>
    <Placemark>
      <name>ALPR</name>
      <description>OSM node: https://www.openstreetmap.org/node/13740180801
Manufacturer: Leonardo
Direction: 66;320
Zone: traffic
Camera type: fixed</description>
      <Point>
        <coordinates>-80.2095026,26.0462494,0</coordinates>
      </Point>
    </Placemark>
    <Placemark>
      <name>ALPR</name>
      <description>OSM node: https://www.openstreetmap.org/node/13740186901
Manufacturer: Leonardo
Direction: 55;303;4
Zone: traffic
Camera type: fixed</description>
      <Point>
        <coordinates>-80.2092242,26.0453669,0</coordinates>
      </Point>
    </Placemark>
    <Placemark>
      <name>ALPR</name>
      <description>OSM node: https://www.openstreetmap.org/node/13740190002
Manufacturer: Leonardo
Direction: 76;27;311
Zone: traffic
Camera type: fixed</description>
      <Point>
        <coordinates>-80.2092157,26.044426,0</coordinates>
      </Point>
    </Placemark>
    <Placemark>
      <name>ALPR</name>
      <description>OSM node: https://www.openstreetmap.org/node/13740190003
Manufacturer: Leonardo
Direction: 217
Zone: traffic
Camera type: fixed</description>
      <Point>
        <coordinates>-80.2090173,26.0430678,0</coordinates>
      </Point>
    </Placemark>
    <Placemark>
      <name>ALPR</name>
      <description>OSM node: https://www.openstreetmap.org/node/13740195701
Manufacturer: Leonardo
Direction: 72
Zone: traffic
Camera type: fixed</description>
      <Point>
        <coordinates>-80.2091874,26.0429221,0</coordinates>
      </Point>
    </Placemark>
    <Placemark>
      <name>ALPR</name>
      <description>OSM node: https://www.openstreetmap.org/node/13740198101
Manufacturer: Leonardo
Direction: 135
Zone: traffic
Camera type: fixed</description>
      <Point>
        <coordinates>-80.2091504,26.0418406,0</coordinates>
      </Point>
    </Placemark>
    <Placemark>
      <name>ALPR</name>
      <description>OSM node: https://www.openstreetmap.org/node/13740210501
Manufacturer: Leonardo
Direction: 217;333
Zone: traffic
Camera type: fixed</description>
      <Point>
        <coordinates>-80.208977,26.0417245,0</coordinates>
      </Point>
    </Placemark>
    <Placemark>
      <name>ALPR</name>
      <description>OSM node: https://www.openstreetmap.org/node/13740211501
Manufacturer: Leonardo
Direction: 142;303
Zone: traffic
Camera type: fixed</description>
      <Point>
        <coordinates>-80.2094859,26.0396503,0</coordinates>
      </Point>
    </Placemark>
    <Placemark>
      <name>ALPR</name>
      <description>OSM node: https://www.openstreetmap.org/node/13740212701
Manufacturer: Flock Safety
Direction: 347
Zone: traffic
Camera type: fixed</description>
      <Point>
        <coordinates>-80.1385324,26.2606355,0</coordinates>
      </Point>
    </Placemark>
    <Placemark>
      <name>ALPR</name>
      <description>OSM node: https://www.openstreetmap.org/node/13740219601
Manufacturer: Leonardo
Direction: 311;343
Zone: traffic
Camera type: fixed</description>
      <Point>
        <coordinates>-80.208796,26.0506827,0</coordinates>
      </Point>
    </Placemark>
    <Placemark>
      <name>ALPR</name>
      <description>OSM node: https://www.openstreetmap.org/node/13740221901
Manufacturer: Leonardo
Direction: 293;322;355
Zone: traffic
Camera type: fixed</description>
      <Point>
        <coordinates>-80.209664,26.0508923,0</coordinates>
      </Point>
    </Placemark>
    <Placemark>
      <name>ALPR</name>
      <description>OSM node: https://www.openstreetmap.org/node/13740221902
Manufacturer: Leonardo
Direction: 70;117
Zone: traffic
Camera type: fixed</description>
      <Point>
        <coordinates>-80.2103466,26.0503807,0</coordinates>
      </Point>
    </Placemark>
    <Placemark>
      <name>ALPR</name>
      <description>OSM node: https://www.openstreetmap.org/node/13740230401
Manufacturer: Leonardo
Direction: 120;304
Zone: traffic
Camera type: fixed</description>
      <Point>
        <coordinates>-80.2079493,26.0534131,0</coordinates>
      </Point>
    </Placemark>
    <Placemark>
      <name>ALPR</name>
      <description>OSM node: https://www.openstreetmap.org/node/13740230403
Manufacturer: Leonardo
Direction: 36
Zone: traffic
Camera type: fixed</description>
      <Point>
        <coordinates>-80.2167502,26.0447293,0</coordinates>
      </Point>
    </Placemark>
    <Placemark>
      <name>ALPR</name>
      <description>OSM node: https://www.openstreetmap.org/node/13740231401
Manufacturer: Leonardo
Direction: 62;138
Zone: traffic
Camera type: fixed</description>
      <Point>
        <coordinates>-80.207911,26.0396402,0</coordinates>
      </Point>
    </Placemark>
    <Placemark>
      <name>ALPR</name>
      <description>OSM node: https://www.openstreetmap.org/node/13740232301
Manufacturer: Leonardo
Direction: 287
Zone: traffic
Camera type: fixed</description>
      <Point>
        <coordinates>-80.2077946,26.0397255,0</coordinates>
      </Point>
    </Placemark>
    <Placemark>
      <name>ALPR</name>
      <description>OSM node: https://www.openstreetmap.org/node/13740233702
Manufacturer: Leonardo
Direction: 161;231
Zone: traffic
Camera type: fixed</description>
      <Point>
        <coordinates>-80.2168328,26.0448023,0</coordinates>
      </Point>
    </Placemark>
    <Placemark>
      <name>ALPR</name>
      <description>OSM node: https://www.openstreetmap.org/node/13740236101
Manufacturer: Leonardo
Direction: 47;321
Zone: traffic
Camera type: fixed</description>
      <Point>
        <coordinates>-80.2165658,26.0357891,0</coordinates>
      </Point>
    </Placemark>
    <Placemark>
      <name>ALPR</name>
      <description>OSM node: https://www.openstreetmap.org/node/13740236102
Manufacturer: Leonardo
Direction: 325;70;285
Zone: traffic
Camera type: fixed</description>
      <Point>
        <coordinates>-80.19834,26.2770024,0</coordinates>
      </Point>
    </Placemark>
    <Placemark>
      <name>ALPR</name>
      <description>OSM node: https://www.openstreetmap.org/node/13740236103
Manufacturer: Leonardo
Direction: 259;210;128
Zone: traffic
Camera type: fixed</description>
      <Point>
        <coordinates>-80.2012217,26.2784882,0</coordinates>
      </Point>
    </Placemark>
    <Placemark>
      <name>ALPR</name>
      <description>OSM node: https://www.openstreetmap.org/node/13740236301
Manufacturer: Leonardo
Direction: 203
Zone: traffic
Camera type: fixed</description>
      <Point>
        <coordinates>-80.2166718,26.035873,0</coordinates>
      </Point>
    </Placemark>
    <Placemark>
      <name>ALPR</name>
      <description>OSM node: https://www.openstreetmap.org/node/13740244401
Manufacturer: Leonardo
Direction: 214;328
Zone: traffic
Camera type: fixed</description>
      <Point>
        <coordinates>-80.2010321,26.2759148,0</coordinates>
      </Point>
    </Placemark>
    <Placemark>
      <name>ALPR</name>
      <description>OSM node: https://www.openstreetmap.org/node/13740248101
Manufacturer: Leonardo
Direction: 137;311
Zone: traffic
Camera type: fixed</description>
      <Point>
        <coordinates>-80.1972969,26.2784557,0</coordinates>
      </Point>
    </Placemark>
    <Placemark>
      <name>ALPR</name>
      <description>OSM node: https://www.openstreetmap.org/node/13740248102
Manufacturer: Leonardo
Direction: 136;237;326
Zone: traffic
Camera type: fixed</description>
      <Point>
        <coordinates>-80.2012809,26.2797868,0</coordinates>
      </Point>
    </Placemark>
    <Placemark>
      <name>ALPR</name>
      <description>OSM node: https://www.openstreetmap.org/node/13740257101
Manufacturer: Leonardo
Direction: 70;269
Zone: traffic
Camera type: fixed</description>
      <Point>
        <coordinates>-80.1973395,26.279551,0</coordinates>
      </Point>
    </Placemark>
    <Placemark>
      <name>ALPR</name>
      <description>OSM node: https://www.openstreetmap.org/node/13740269801
Manufacturer: Leonardo
Direction: 111;224
Zone: traffic
Camera type: fixed</description>
      <Point>
        <coordinates>-80.9670081,26.283986,0</coordinates>
      </Point>
    </Placemark>
    <Placemark>
      <name>ALPR</name>
      <description>OSM node: https://www.openstreetmap.org/node/13740271901
Manufacturer: Leonardo
Direction: 2;133
Zone: traffic
Camera type: fixed</description>
      <Point>
        <coordinates>-80.9668481,26.2843705,0</coordinates>
      </Point>
    </Placemark>
    <Placemark>
      <name>ALPR</name>
      <description>OSM node: https://www.openstreetmap.org/node/13740279301
Manufacturer: Leonardo
Direction: 59;300
Zone: traffic
Camera type: fixed</description>
      <Point>
        <coordinates>-80.9623929,26.3058474,0</coordinates>
      </Point>
    </Placemark>
    <Placemark>
      <name>ALPR</name>
      <description>OSM node: https://www.openstreetmap.org/node/13740279302
Manufacturer: Leonardo
Direction: 0;122
Zone: traffic
Camera type: fixed</description>
      <Point>
        <coordinates>-81.0078303,26.3444909,0</coordinates>
      </Point>
    </Placemark>
    <Placemark>
      <name>ALPR</name>
      <description>OSM node: https://www.openstreetmap.org/node/13740293201
Manufacturer: Leonardo
Direction: 119;238
Zone: traffic
Camera type: fixed</description>
      <Point>
        <coordinates>-81.4158751,26.3968725,0</coordinates>
      </Point>
    </Placemark>
    <Placemark>
      <name>ALPR</name>
      <description>OSM node: https://www.openstreetmap.org/node/13740294101
Manufacturer: Leonardo
Direction: 325;35
Zone: traffic
Camera type: fixed</description>
      <Point>
        <coordinates>-81.416982,26.3994294,0</coordinates>
      </Point>
    </Placemark>
    <Placemark>
      <name>ALPR</name>
      <description>OSM node: https://www.openstreetmap.org/node/13740295301
Manufacturer: Leonardo
Direction: 239;124
Zone: traffic
Camera type: fixed</description>
      <Point>
        <coordinates>-81.4169262,26.4077138,0</coordinates>
      </Point>
    </Placemark>
    <Placemark>
      <name>ALPR</name>
      <description>OSM node: https://www.openstreetmap.org/node/13740302401
Manufacturer: Leonardo
Direction: 95;156;227
Zone: traffic
Camera type: fixed</description>
      <Point>
        <coordinates>-81.4013836,26.4112025,0</coordinates>
      </Point>
    </Placemark>
    <Placemark>
      <name>ALPR</name>
      <description>OSM node: https://www.openstreetmap.org/node/13740305801
Manufacturer: Leonardo
Direction: 127;217;328
Zone: traffic
Camera type: fixed</description>
      <Point>
        <coordinates>-81.4131636,26.4112107,0</coordinates>
      </Point>
    </Placemark>
    <Placemark>
      <name>ALPR</name>
      <description>OSM node: https://www.openstreetmap.org/node/13740305905
Manufacturer: Leonardo
Direction: 227;308
Zone: traffic
Camera type: fixed</description>
      <Point>
        <coordinates>-81.4164822,26.4111891,0</coordinates>
      </Point>
    </Placemark>
  </Document>
</kml>
