<?xml version="1.0" encoding="UTF-8"?>
<kml xmlns="http://www.opengis.net/kml/2.2">
  <Document>
    <name>DeFlock ALPR Cameras -- Georgia (2026-08-22) -- part 3 of 5</name>
    <description>Source: OpenStreetMap (surveillance:type=ALPR), same data DeFlock.me displays. ODbL licensed -- see https://www.openstreetmap.org/copyright</description>
    <Placemark>
      <name>ALPR</name>
      <description>OSM node: https://www.openstreetmap.org/node/13429275501
Manufacturer: Flock Safety
Direction: 333
Zone: traffic
Camera type: fixed</description>
      <Point>
        <coordinates>-83.5906867,31.343429,0</coordinates>
      </Point>
    </Placemark>
    <Placemark>
      <name>ALPR</name>
      <description>OSM node: https://www.openstreetmap.org/node/13429275502
Manufacturer: Flock Safety
Direction: 235
Zone: traffic
Camera type: fixed</description>
      <Point>
        <coordinates>-83.223222,31.5927327,0</coordinates>
      </Point>
    </Placemark>
    <Placemark>
      <name>ALPR</name>
      <description>OSM node: https://www.openstreetmap.org/node/13429289002
Manufacturer: Flock Safety
Direction: 265
Zone: traffic
Camera type: fixed</description>
      <Point>
        <coordinates>-83.0753233,31.5848697,0</coordinates>
      </Point>
    </Placemark>
    <Placemark>
      <name>ALPR</name>
      <description>OSM node: https://www.openstreetmap.org/node/13429295001
Manufacturer: Flock Safety
Direction: 175
Zone: traffic
Camera type: fixed</description>
      <Point>
        <coordinates>-84.3929322,34.3760701,0</coordinates>
      </Point>
    </Placemark>
    <Placemark>
      <name>ALPR</name>
      <description>OSM node: https://www.openstreetmap.org/node/13429315302
Manufacturer: Flock Safety
Direction: 171
Zone: traffic
Camera type: fixed</description>
      <Point>
        <coordinates>-84.0831796,34.1232396,0</coordinates>
      </Point>
    </Placemark>
    <Placemark>
      <name>ALPR</name>
      <description>OSM node: https://www.openstreetmap.org/node/13429389101
Manufacturer: Flock Safety
Direction: 90
Zone: traffic
Camera type: fixed</description>
      <Point>
        <coordinates>-84.4850338,33.9772998,0</coordinates>
      </Point>
    </Placemark>
    <Placemark>
      <name>ALPR</name>
      <description>OSM node: https://www.openstreetmap.org/node/13429413001
Manufacturer: Flock Safety
Direction: 81
Zone: traffic
Camera type: fixed</description>
      <Point>
        <coordinates>-84.1749237,33.7240086,0</coordinates>
      </Point>
    </Placemark>
    <Placemark>
      <name>ALPR</name>
      <description>OSM node: https://www.openstreetmap.org/node/13429420801
Manufacturer: Flock Safety
Direction: 40
Zone: traffic
Camera type: fixed</description>
      <Point>
        <coordinates>-84.3296632,33.8803132,0</coordinates>
      </Point>
    </Placemark>
    <Placemark>
      <name>ALPR</name>
      <description>OSM node: https://www.openstreetmap.org/node/13429424001
Manufacturer: Flock Safety
Direction: 46-91
Zone: traffic
Camera type: fixed</description>
      <Point>
        <coordinates>-83.6767966,34.0249154,0</coordinates>
      </Point>
    </Placemark>
    <Placemark>
      <name>ALPR</name>
      <description>OSM node: https://www.openstreetmap.org/node/13429424002
Manufacturer: Flock Safety
Direction: 26-71
Zone: traffic
Camera type: fixed</description>
      <Point>
        <coordinates>-83.6767971,34.0249183,0</coordinates>
      </Point>
    </Placemark>
    <Placemark>
      <name>ALPR</name>
      <description>OSM node: https://www.openstreetmap.org/node/13429431801
Manufacturer: Flock Safety
Direction: 116-161
Zone: traffic
Camera type: fixed</description>
      <Point>
        <coordinates>-83.6630913,34.0517258,0</coordinates>
      </Point>
    </Placemark>
    <Placemark>
      <name>ALPR</name>
      <description>OSM node: https://www.openstreetmap.org/node/13429774101
Manufacturer: Flock Safety
Direction: 120
Zone: traffic
Camera type: fixed</description>
      <Point>
        <coordinates>-85.403303,34.1647332,0</coordinates>
      </Point>
    </Placemark>
    <Placemark>
      <name>ALPR</name>
      <description>OSM node: https://www.openstreetmap.org/node/13429848201
Manufacturer: Flock Safety
Direction: 224-269
Zone: traffic
Camera type: fixed</description>
      <Point>
        <coordinates>-83.4007297,34.2949007,0</coordinates>
      </Point>
    </Placemark>
    <Placemark>
      <name>ALPR</name>
      <description>OSM node: https://www.openstreetmap.org/node/13429858701
Manufacturer: Flock Safety
Direction: 103
Zone: traffic
Camera type: fixed</description>
      <Point>
        <coordinates>-83.3161218,34.3451902,0</coordinates>
      </Point>
    </Placemark>
    <Placemark>
      <name>ALPR</name>
      <description>OSM node: https://www.openstreetmap.org/node/13430436401
Manufacturer: Flock Safety
Direction: 120
Zone: traffic
Camera type: fixed</description>
      <Point>
        <coordinates>-85.0336826,34.8660185,0</coordinates>
      </Point>
    </Placemark>
    <Placemark>
      <name>ALPR</name>
      <description>OSM node: https://www.openstreetmap.org/node/13430688702
Manufacturer: Flock Safety
Direction: 316
Zone: traffic
Camera type: fixed</description>
      <Point>
        <coordinates>-84.2152404,33.4622764,0</coordinates>
      </Point>
    </Placemark>
    <Placemark>
      <name>ALPR</name>
      <description>OSM node: https://www.openstreetmap.org/node/13430689803
Manufacturer: Flock Safety
Direction: 211
Zone: traffic
Camera type: fixed</description>
      <Point>
        <coordinates>-83.9315534,33.0388787,0</coordinates>
      </Point>
    </Placemark>
    <Placemark>
      <name>ALPR</name>
      <description>OSM node: https://www.openstreetmap.org/node/13431001101
Manufacturer: Flock Safety
Direction: 132
Zone: traffic
Camera type: fixed</description>
      <Point>
        <coordinates>-83.7045137,31.8045887,0</coordinates>
      </Point>
    </Placemark>
    <Placemark>
      <name>ALPR</name>
      <description>OSM node: https://www.openstreetmap.org/node/13431002301
Manufacturer: Genetec
Direction: 317
Zone: traffic
Camera type: fixed</description>
      <Point>
        <coordinates>-82.3159394,33.5462179,0</coordinates>
      </Point>
    </Placemark>
    <Placemark>
      <name>ALPR</name>
      <description>OSM node: https://www.openstreetmap.org/node/13431015801
Manufacturer: Genetec
Direction: 212
Zone: traffic
Camera type: fixed</description>
      <Point>
        <coordinates>-82.3161296,33.5462328,0</coordinates>
      </Point>
    </Placemark>
    <Placemark>
      <name>ALPR</name>
      <description>OSM node: https://www.openstreetmap.org/node/13431016801
Manufacturer: Genetec
Direction: 138
Zone: traffic
Camera type: fixed</description>
      <Point>
        <coordinates>-82.3161397,33.5462312,0</coordinates>
      </Point>
    </Placemark>
    <Placemark>
      <name>ALPR</name>
      <description>OSM node: https://www.openstreetmap.org/node/13431171501
Manufacturer: Flock Safety
Direction: 95
Zone: traffic
Camera type: fixed</description>
      <Point>
        <coordinates>-82.2194309,33.1443171,0</coordinates>
      </Point>
    </Placemark>
    <Placemark>
      <name>ALPR</name>
      <description>OSM node: https://www.openstreetmap.org/node/13431173004
Manufacturer: Flock Safety
Direction: 112
Zone: traffic
Camera type: fixed</description>
      <Point>
        <coordinates>-84.584941,33.9499456,0</coordinates>
      </Point>
    </Placemark>
    <Placemark>
      <name>ALPR</name>
      <description>OSM node: https://www.openstreetmap.org/node/13431257801
Manufacturer: Flock Safety
Direction: 257
Zone: traffic
Camera type: fixed</description>
      <Point>
        <coordinates>-84.5914246,33.9471402,0</coordinates>
      </Point>
    </Placemark>
    <Placemark>
      <name>ALPR</name>
      <description>OSM node: https://www.openstreetmap.org/node/13431664401
Manufacturer: Flock Safety
Direction: 29
Zone: traffic
Camera type: fixed</description>
      <Point>
        <coordinates>-83.4852043,34.1794337,0</coordinates>
      </Point>
    </Placemark>
    <Placemark>
      <name>ALPR</name>
      <description>OSM node: https://www.openstreetmap.org/node/13431675101
Manufacturer: Flock Safety
Direction: 12
Zone: traffic
Camera type: fixed</description>
      <Point>
        <coordinates>-83.4504144,34.23837,0</coordinates>
      </Point>
    </Placemark>
    <Placemark>
      <name>ALPR</name>
      <description>OSM node: https://www.openstreetmap.org/node/13431699501
Manufacturer: Flock Safety
Direction: 235-280
Zone: traffic
Camera type: fixed</description>
      <Point>
        <coordinates>-83.123486,34.4351269,0</coordinates>
      </Point>
    </Placemark>
    <Placemark>
      <name>ALPR</name>
      <description>OSM node: https://www.openstreetmap.org/node/13431699601
Manufacturer: Flock Safety
Direction: 47-92
Zone: traffic
Camera type: fixed</description>
      <Point>
        <coordinates>-83.1234892,34.4350159,0</coordinates>
      </Point>
    </Placemark>
    <Placemark>
      <name>ALPR</name>
      <description>OSM node: https://www.openstreetmap.org/node/13431775301
Manufacturer: Flock Safety
Direction: 199
Zone: traffic
Camera type: fixed</description>
      <Point>
        <coordinates>-84.3510604,33.7640986,0</coordinates>
      </Point>
    </Placemark>
    <Placemark>
      <name>ALPR</name>
      <description>OSM node: https://www.openstreetmap.org/node/13432572901
Manufacturer: Genetec
Direction: 200
Zone: traffic
Camera type: fixed</description>
      <Point>
        <coordinates>-82.4371799,33.5520722,0</coordinates>
      </Point>
    </Placemark>
    <Placemark>
      <name>ALPR</name>
      <description>OSM node: https://www.openstreetmap.org/node/13432573101
Manufacturer: Genetec
Direction: 324
Zone: traffic
Camera type: fixed</description>
      <Point>
        <coordinates>-82.4371738,33.5521028,0</coordinates>
      </Point>
    </Placemark>
    <Placemark>
      <name>ALPR</name>
      <description>OSM node: https://www.openstreetmap.org/node/13432584602
Manufacturer: Flock Safety
Direction: 20
Zone: traffic
Camera type: fixed</description>
      <Point>
        <coordinates>-82.4490039,33.509571,0</coordinates>
      </Point>
    </Placemark>
    <Placemark>
      <name>ALPR</name>
      <description>OSM node: https://www.openstreetmap.org/node/13432585601
Manufacturer: Flock Safety
Direction: 200
Zone: traffic
Camera type: fixed</description>
      <Point>
        <coordinates>-82.4484351,33.5101413,0</coordinates>
      </Point>
    </Placemark>
    <Placemark>
      <name>ALPR</name>
      <description>OSM node: https://www.openstreetmap.org/node/13432590501
Manufacturer: Flock Safety
Direction: 282
Zone: traffic
Camera type: fixed</description>
      <Point>
        <coordinates>-82.4903524,33.4860186,0</coordinates>
      </Point>
    </Placemark>
    <Placemark>
      <name>ALPR</name>
      <description>OSM node: https://www.openstreetmap.org/node/13432619201
Manufacturer: Flock Safety
Direction: 200
Zone: traffic
Camera type: fixed</description>
      <Point>
        <coordinates>-82.4902092,33.4849857,0</coordinates>
      </Point>
    </Placemark>
    <Placemark>
      <name>ALPR</name>
      <description>OSM node: https://www.openstreetmap.org/node/13432624801
Manufacturer: Flock Safety
Direction: 11
Zone: traffic
Camera type: fixed</description>
      <Point>
        <coordinates>-82.444972,33.5124131,0</coordinates>
      </Point>
    </Placemark>
    <Placemark>
      <name>ALPR</name>
      <description>OSM node: https://www.openstreetmap.org/node/13432625201
Manufacturer: Flock Safety
Direction: 175
Zone: traffic
Camera type: fixed</description>
      <Point>
        <coordinates>-82.4453032,33.5124904,0</coordinates>
      </Point>
    </Placemark>
    <Placemark>
      <name>ALPR</name>
      <description>OSM node: https://www.openstreetmap.org/node/13432670301
Manufacturer: Flock Safety
Direction: 81
Zone: traffic
Camera type: fixed</description>
      <Point>
        <coordinates>-84.3237535,33.644841,0</coordinates>
      </Point>
    </Placemark>
    <Placemark>
      <name>ALPR</name>
      <description>OSM node: https://www.openstreetmap.org/node/13432938101
Manufacturer: Flock Safety
Direction: 303-348
Zone: traffic
Camera type: fixed</description>
      <Point>
        <coordinates>-83.3253043,33.9365938,0</coordinates>
      </Point>
    </Placemark>
    <Placemark>
      <name>ALPR</name>
      <description>OSM node: https://www.openstreetmap.org/node/13432938102
Manufacturer: Flock Safety
Direction: 187-232
Zone: traffic
Camera type: fixed</description>
      <Point>
        <coordinates>-83.3255863,33.9363756,0</coordinates>
      </Point>
    </Placemark>
    <Placemark>
      <name>ALPR</name>
      <description>OSM node: https://www.openstreetmap.org/node/13432938901
Manufacturer: Flock Safety
Direction: 51-96
Zone: traffic
Camera type: fixed</description>
      <Point>
        <coordinates>-83.3253043,33.9365938,0</coordinates>
      </Point>
    </Placemark>
    <Placemark>
      <name>ALPR</name>
      <description>OSM node: https://www.openstreetmap.org/node/13432939301
Manufacturer: Flock Safety
Direction: 338-23
Zone: traffic
Camera type: fixed</description>
      <Point>
        <coordinates>-83.3250081,33.9369582,0</coordinates>
      </Point>
    </Placemark>
    <Placemark>
      <name>ALPR</name>
      <description>OSM node: https://www.openstreetmap.org/node/13432963901
Manufacturer: Flock Safety
Direction: 247
Zone: traffic
Camera type: fixed</description>
      <Point>
        <coordinates>-83.6635007,32.8260886,0</coordinates>
      </Point>
    </Placemark>
    <Placemark>
      <name>ALPR</name>
      <description>OSM node: https://www.openstreetmap.org/node/13432964001
Manufacturer: Flock Safety
Direction: 132-177
Zone: traffic
Camera type: fixed</description>
      <Point>
        <coordinates>-84.5518128,33.9913265,0</coordinates>
      </Point>
    </Placemark>
    <Placemark>
      <name>ALPR</name>
      <description>OSM node: https://www.openstreetmap.org/node/13433170901
Manufacturer: Flock Safety
Direction: 240-285;338-23;338-23;338-23
Zone: traffic
Camera type: fixed</description>
      <Point>
        <coordinates>-81.7739932,32.4548533,0</coordinates>
      </Point>
    </Placemark>
    <Placemark>
      <name>ALPR</name>
      <description>OSM node: https://www.openstreetmap.org/node/13433302701
Manufacturer: Flock Safety
Direction: 123
Zone: traffic
Camera type: fixed</description>
      <Point>
        <coordinates>-84.1391381,33.6088978,0</coordinates>
      </Point>
    </Placemark>
    <Placemark>
      <name>ALPR</name>
      <description>OSM node: https://www.openstreetmap.org/node/13433304402
Manufacturer: Flock Safety
Direction: 275
Zone: traffic
Camera type: fixed</description>
      <Point>
        <coordinates>-84.2640028,33.6249753,0</coordinates>
      </Point>
    </Placemark>
    <Placemark>
      <name>ALPR</name>
      <description>OSM node: https://www.openstreetmap.org/node/13433379001
Manufacturer: Flock Safety
Direction: 25
Zone: traffic
Camera type: fixed</description>
      <Point>
        <coordinates>-83.97053,33.5760191,0</coordinates>
      </Point>
    </Placemark>
    <Placemark>
      <name>ALPR</name>
      <description>OSM node: https://www.openstreetmap.org/node/13433392225
Manufacturer: Flock Safety
Direction: 330
Camera type: fixed</description>
      <Point>
        <coordinates>-84.2152211,33.7188888,0</coordinates>
      </Point>
    </Placemark>
    <Placemark>
      <name>ALPR</name>
      <description>OSM node: https://www.openstreetmap.org/node/13433451901
Manufacturer: Flock Safety
Direction: 116
Zone: traffic
Camera type: fixed</description>
      <Point>
        <coordinates>-81.2304993,32.277888,0</coordinates>
      </Point>
    </Placemark>
    <Placemark>
      <name>ALPR</name>
      <description>OSM node: https://www.openstreetmap.org/node/13433695301
Manufacturer: Flock Safety
Direction: 163
Zone: traffic
Camera type: fixed</description>
      <Point>
        <coordinates>-83.7306388,34.0061058,0</coordinates>
      </Point>
    </Placemark>
    <Placemark>
      <name>ALPR</name>
      <description>OSM node: https://www.openstreetmap.org/node/13433974701
Manufacturer: Flock Safety
Direction: 219
Zone: traffic
Camera type: fixed</description>
      <Point>
        <coordinates>-84.2516978,33.8029673,0</coordinates>
      </Point>
    </Placemark>
    <Placemark>
      <name>ALPR</name>
      <description>OSM node: https://www.openstreetmap.org/node/13434557701
Manufacturer: Flock Safety
Direction: 103
Zone: traffic
Camera type: fixed</description>
      <Point>
        <coordinates>-82.1984474,33.4828487,0</coordinates>
      </Point>
    </Placemark>
    <Placemark>
      <name>ALPR</name>
      <description>OSM node: https://www.openstreetmap.org/node/13434771701
Manufacturer: Flock Safety
Direction: 0
Zone: traffic
Camera type: fixed</description>
      <Point>
        <coordinates>-85.1739067,34.2213904,0</coordinates>
      </Point>
    </Placemark>
    <Placemark>
      <name>ALPR</name>
      <description>OSM node: https://www.openstreetmap.org/node/13435051301
Manufacturer: Genetec
Direction: 232
Zone: traffic
Camera type: fixed</description>
      <Point>
        <coordinates>-82.2004174,33.4846844,0</coordinates>
      </Point>
    </Placemark>
    <Placemark>
      <name>ALPR</name>
      <description>OSM node: https://www.openstreetmap.org/node/13435221001
Manufacturer: Genetec
Direction: 233
Zone: traffic
Camera type: fixed</description>
      <Point>
        <coordinates>-82.3158058,33.4977248,0</coordinates>
      </Point>
    </Placemark>
    <Placemark>
      <name>ALPR</name>
      <description>OSM node: https://www.openstreetmap.org/node/13435221401
Manufacturer: Genetec
Direction: 325
Zone: traffic
Camera type: fixed</description>
      <Point>
        <coordinates>-82.3152706,33.4986868,0</coordinates>
      </Point>
    </Placemark>
    <Placemark>
      <name>ALPR</name>
      <description>OSM node: https://www.openstreetmap.org/node/13435229201
Manufacturer: Genetec
Direction: 148
Zone: traffic
Camera type: fixed</description>
      <Point>
        <coordinates>-82.3154908,33.495665,0</coordinates>
      </Point>
    </Placemark>
    <Placemark>
      <name>ALPR</name>
      <description>OSM node: https://www.openstreetmap.org/node/13435236801
Manufacturer: Genetec
Direction: 113
Zone: traffic
Camera type: fixed</description>
      <Point>
        <coordinates>-82.315014,33.4960071,0</coordinates>
      </Point>
    </Placemark>
    <Placemark>
      <name>ALPR</name>
      <description>OSM node: https://www.openstreetmap.org/node/13435261401
Manufacturer: Flock Safety
Direction: 56
Zone: traffic
Camera type: fixed</description>
      <Point>
        <coordinates>-84.8613184,33.0377614,0</coordinates>
      </Point>
    </Placemark>
    <Placemark>
      <name>ALPR</name>
      <description>OSM node: https://www.openstreetmap.org/node/13435856801
Manufacturer: Flock Safety
Direction: 109
Zone: traffic
Camera type: fixed</description>
      <Point>
        <coordinates>-84.00117,34.0385272,0</coordinates>
      </Point>
    </Placemark>
    <Placemark>
      <name>ALPR</name>
      <description>OSM node: https://www.openstreetmap.org/node/13436099501
Manufacturer: Flock Safety
Direction: 0
Zone: traffic
Camera type: fixed</description>
      <Point>
        <coordinates>-84.9241661,34.1478336,0</coordinates>
      </Point>
    </Placemark>
    <Placemark>
      <name>ALPR</name>
      <description>OSM node: https://www.openstreetmap.org/node/13436497201
Manufacturer: Flock Safety
Direction: 82
Zone: traffic
Camera type: fixed</description>
      <Point>
        <coordinates>-84.7176035,33.3756177,0</coordinates>
      </Point>
    </Placemark>
    <Placemark>
      <name>ALPR</name>
      <description>OSM node: https://www.openstreetmap.org/node/13436722301
Manufacturer: Genetec
Direction: 0
Zone: traffic
Camera type: fixed</description>
      <Point>
        <coordinates>-82.2352833,33.5180089,0</coordinates>
      </Point>
    </Placemark>
    <Placemark>
      <name>ALPR</name>
      <description>OSM node: https://www.openstreetmap.org/node/13436758801
Manufacturer: Flock Safety
Direction: 226
Zone: traffic
Camera type: fixed</description>
      <Point>
        <coordinates>-84.5565793,33.9522749,0</coordinates>
      </Point>
    </Placemark>
    <Placemark>
      <name>ALPR</name>
      <description>OSM node: https://www.openstreetmap.org/node/13437113601
Manufacturer: Flock Safety
Direction: 352
Zone: traffic
Camera type: fixed</description>
      <Point>
        <coordinates>-84.2995132,33.9196423,0</coordinates>
      </Point>
    </Placemark>
    <Placemark>
      <name>ALPR</name>
      <description>OSM node: https://www.openstreetmap.org/node/13437122601
Manufacturer: Flock Safety
Direction: 144
Zone: traffic
Camera type: fixed</description>
      <Point>
        <coordinates>-84.3055952,33.9212552,0</coordinates>
      </Point>
    </Placemark>
    <Placemark>
      <name>ALPR</name>
      <description>OSM node: https://www.openstreetmap.org/node/13437837401
Manufacturer: Flock Safety
Direction: 6
Zone: traffic
Camera type: fixed</description>
      <Point>
        <coordinates>-84.0235567,33.9260496,0</coordinates>
      </Point>
    </Placemark>
    <Placemark>
      <name>ALPR</name>
      <description>OSM node: https://www.openstreetmap.org/node/13437932301
Manufacturer: Flock Safety
Direction: 184
Zone: traffic
Camera type: fixed</description>
      <Point>
        <coordinates>-84.0231762,33.9673304,0</coordinates>
      </Point>
    </Placemark>
    <Placemark>
      <name>ALPR</name>
      <description>OSM node: https://www.openstreetmap.org/node/13438236503
Manufacturer: Flock Safety
Direction: 69
Zone: traffic
Camera type: fixed</description>
      <Point>
        <coordinates>-84.4703548,33.8896651,0</coordinates>
      </Point>
    </Placemark>
    <Placemark>
      <name>ALPR</name>
      <description>OSM node: https://www.openstreetmap.org/node/13438254201
Manufacturer: Flock Safety
Direction: 115
Zone: traffic
Camera type: fixed</description>
      <Point>
        <coordinates>-84.4710122,33.8887804,0</coordinates>
      </Point>
    </Placemark>
    <Placemark>
      <name>ALPR</name>
      <description>OSM node: https://www.openstreetmap.org/node/13438258801
Manufacturer: Flock Safety
Direction: 84
Zone: traffic
Camera type: fixed</description>
      <Point>
        <coordinates>-84.4713838,33.88755,0</coordinates>
      </Point>
    </Placemark>
    <Placemark>
      <name>ALPR</name>
      <description>OSM node: https://www.openstreetmap.org/node/13438272101
Manufacturer: Flock Safety
Direction: 350
Zone: traffic
Camera type: fixed</description>
      <Point>
        <coordinates>-84.4710819,33.8867045,0</coordinates>
      </Point>
    </Placemark>
    <Placemark>
      <name>ALPR</name>
      <description>OSM node: https://www.openstreetmap.org/node/13438273901
Manufacturer: Flock Safety
Direction: 50
Zone: traffic
Camera type: fixed</description>
      <Point>
        <coordinates>-84.4975602,34.1059611,0</coordinates>
      </Point>
    </Placemark>
    <Placemark>
      <name>ALPR</name>
      <description>OSM node: https://www.openstreetmap.org/node/13438304701
Manufacturer: Flock Safety
Direction: 71
Zone: traffic
Camera type: fixed</description>
      <Point>
        <coordinates>-84.4692391,33.8916569,0</coordinates>
      </Point>
    </Placemark>
    <Placemark>
      <name>ALPR</name>
      <description>OSM node: https://www.openstreetmap.org/node/13438453701
Manufacturer: Genetec
Direction: 124-174;134-184;149-199
Zone: traffic
Camera type: fixed</description>
      <Point>
        <coordinates>-84.4315692,33.905869,0</coordinates>
      </Point>
    </Placemark>
    <Placemark>
      <name>ALPR</name>
      <description>OSM node: https://www.openstreetmap.org/node/13438569301
Manufacturer: Flock Safety
Direction: 115
Zone: traffic
Camera type: fixed</description>
      <Point>
        <coordinates>-84.5398348,33.7202319,0</coordinates>
      </Point>
    </Placemark>
    <Placemark>
      <name>ALPR</name>
      <description>OSM node: https://www.openstreetmap.org/node/13438595460
Manufacturer: Flock Safety
Zone: traffic
Camera type: fixed</description>
      <Point>
        <coordinates>-82.152578,31.4659728,0</coordinates>
      </Point>
    </Placemark>
    <Placemark>
      <name>ALPR</name>
      <description>OSM node: https://www.openstreetmap.org/node/13438601511
Manufacturer: Flock Safety
Direction: 170
Zone: traffic</description>
      <Point>
        <coordinates>-82.2016762,31.4978814,0</coordinates>
      </Point>
    </Placemark>
    <Placemark>
      <name>ALPR</name>
      <description>OSM node: https://www.openstreetmap.org/node/13438634901
Manufacturer: Flock Safety
Direction: 340
Zone: traffic
Camera type: fixed</description>
      <Point>
        <coordinates>-84.2799587,33.9158191,0</coordinates>
      </Point>
    </Placemark>
    <Placemark>
      <name>ALPR</name>
      <description>OSM node: https://www.openstreetmap.org/node/13438928701
Manufacturer: Flock Safety
Direction: 55-100
Zone: traffic
Camera type: fixed</description>
      <Point>
        <coordinates>-84.9369248,32.5395077,0</coordinates>
      </Point>
    </Placemark>
    <Placemark>
      <name>ALPR</name>
      <description>OSM node: https://www.openstreetmap.org/node/13439005501
Manufacturer: Flock Safety
Direction: 0
Zone: traffic
Camera type: fixed</description>
      <Point>
        <coordinates>-84.7718124,34.1748484,0</coordinates>
      </Point>
    </Placemark>
    <Placemark>
      <name>ALPR</name>
      <description>OSM node: https://www.openstreetmap.org/node/13439113077
Manufacturer: Flock Safety
Direction: 110
Camera type: fixed</description>
      <Point>
        <coordinates>-84.1381721,34.1824378,0</coordinates>
      </Point>
    </Placemark>
    <Placemark>
      <name>ALPR</name>
      <description>OSM node: https://www.openstreetmap.org/node/13439113078
Manufacturer: Flock Safety
Direction: 350
Camera type: fixed</description>
      <Point>
        <coordinates>-84.1103874,34.1803115,0</coordinates>
      </Point>
    </Placemark>
    <Placemark>
      <name>ALPR</name>
      <description>OSM node: https://www.openstreetmap.org/node/13439848801
Manufacturer: Flock Safety
Direction: 169
Zone: traffic
Camera type: fixed</description>
      <Point>
        <coordinates>-84.4278607,33.785681,0</coordinates>
      </Point>
    </Placemark>
    <Placemark>
      <name>ALPR</name>
      <description>OSM node: https://www.openstreetmap.org/node/13439849401
Manufacturer: Flock Safety
Direction: 169
Zone: traffic
Camera type: fixed</description>
      <Point>
        <coordinates>-84.4278607,33.785681,0</coordinates>
      </Point>
    </Placemark>
    <Placemark>
      <name>ALPR</name>
      <description>OSM node: https://www.openstreetmap.org/node/13439854901
Manufacturer: Flock Safety
Direction: 250
Zone: traffic
Camera type: fixed</description>
      <Point>
        <coordinates>-84.4366977,33.8025179,0</coordinates>
      </Point>
    </Placemark>
    <Placemark>
      <name>ALPR</name>
      <description>OSM node: https://www.openstreetmap.org/node/13439959401
Manufacturer: Flock Safety
Direction: 264
Zone: traffic
Camera type: fixed</description>
      <Point>
        <coordinates>-83.8642629,32.8647894,0</coordinates>
      </Point>
    </Placemark>
    <Placemark>
      <name>ALPR</name>
      <description>OSM node: https://www.openstreetmap.org/node/13440075701
Manufacturer: Flock Safety
Direction: 338-23;142-187;338-23;338-23;338-23
Zone: traffic
Camera type: fixed</description>
      <Point>
        <coordinates>-84.4921517,34.2418006,0</coordinates>
      </Point>
    </Placemark>
    <Placemark>
      <name>ALPR</name>
      <description>OSM node: https://www.openstreetmap.org/node/13440309801
Manufacturer: Flock Safety
Direction: 54
Zone: traffic
Camera type: fixed</description>
      <Point>
        <coordinates>-84.8149196,33.8999443,0</coordinates>
      </Point>
    </Placemark>
    <Placemark>
      <name>ALPR</name>
      <description>OSM node: https://www.openstreetmap.org/node/13440536701
Manufacturer: Flock Safety
Direction: 82
Zone: traffic
Camera type: fixed</description>
      <Point>
        <coordinates>-83.8285689,32.8656139,0</coordinates>
      </Point>
    </Placemark>
    <Placemark>
      <name>ALPR</name>
      <description>OSM node: https://www.openstreetmap.org/node/13440761695
Manufacturer: Flock Safety
Direction: 35
Zone: traffic</description>
      <Point>
        <coordinates>-82.0285376,31.4775749,0</coordinates>
      </Point>
    </Placemark>
    <Placemark>
      <name>ALPR</name>
      <description>OSM node: https://www.openstreetmap.org/node/13440809610
Manufacturer: Flock Safety
Direction: 200
Zone: traffic
Camera type: fixed</description>
      <Point>
        <coordinates>-82.0588508,31.4553039,0</coordinates>
      </Point>
    </Placemark>
    <Placemark>
      <name>ALPR</name>
      <description>OSM node: https://www.openstreetmap.org/node/13441167802
Manufacturer: Flock Safety
Direction: 200
Zone: traffic
Camera type: fixed</description>
      <Point>
        <coordinates>-84.4033423,33.4240334,0</coordinates>
      </Point>
    </Placemark>
    <Placemark>
      <name>ALPR</name>
      <description>OSM node: https://www.openstreetmap.org/node/13441948401
Manufacturer: Flock Safety
Direction: 225
Zone: traffic
Camera type: fixed</description>
      <Point>
        <coordinates>-84.7344232,33.399264,0</coordinates>
      </Point>
    </Placemark>
    <Placemark>
      <name>ALPR</name>
      <description>OSM node: https://www.openstreetmap.org/node/13441948501
Manufacturer: Flock Safety
Direction: 168
Zone: traffic
Camera type: fixed</description>
      <Point>
        <coordinates>-81.4834307,31.2035945,0</coordinates>
      </Point>
    </Placemark>
    <Placemark>
      <name>ALPR</name>
      <description>OSM node: https://www.openstreetmap.org/node/13442566101
Manufacturer: Flock Safety
Direction: 20
Zone: traffic
Camera type: fixed</description>
      <Point>
        <coordinates>-85.1714124,34.256226,0</coordinates>
      </Point>
    </Placemark>
    <Placemark>
      <name>ALPR</name>
      <description>OSM node: https://www.openstreetmap.org/node/13442723901
Manufacturer: Flock Safety
Direction: 227-272
Zone: traffic
Camera type: fixed</description>
      <Point>
        <coordinates>-83.647377,34.1526888,0</coordinates>
      </Point>
    </Placemark>
    <Placemark>
      <name>ALPR</name>
      <description>OSM node: https://www.openstreetmap.org/node/13443095201
Manufacturer: Flock Safety
Direction: 74
Zone: traffic
Camera type: fixed</description>
      <Point>
        <coordinates>-84.353856,33.6829019,0</coordinates>
      </Point>
    </Placemark>
    <Placemark>
      <name>ALPR</name>
      <description>OSM node: https://www.openstreetmap.org/node/13443125801
Manufacturer: Flock Safety
Direction: 24-69
Zone: traffic
Camera type: fixed</description>
      <Point>
        <coordinates>-83.374673,34.3068663,0</coordinates>
      </Point>
    </Placemark>
    <Placemark>
      <name>ALPR</name>
      <description>OSM node: https://www.openstreetmap.org/node/13443144901
Manufacturer: Flock Safety
Direction: 104
Zone: traffic
Camera type: fixed</description>
      <Point>
        <coordinates>-82.0552109,33.3464764,0</coordinates>
      </Point>
    </Placemark>
    <Placemark>
      <name>ALPR</name>
      <description>OSM node: https://www.openstreetmap.org/node/13443463801
Manufacturer: Flock Safety
Direction: 259
Zone: traffic
Camera type: fixed</description>
      <Point>
        <coordinates>-84.3259663,34.0223859,0</coordinates>
      </Point>
    </Placemark>
    <Placemark>
      <name>ALPR</name>
      <description>OSM node: https://www.openstreetmap.org/node/13444640201
Manufacturer: Flock Safety
Direction: 213-258
Zone: traffic
Camera type: fixed</description>
      <Point>
        <coordinates>-83.7650982,34.1228718,0</coordinates>
      </Point>
    </Placemark>
    <Placemark>
      <name>ALPR</name>
      <description>OSM node: https://www.openstreetmap.org/node/13446344201
Manufacturer: Flock Safety
Direction: 170;242
Zone: traffic
Camera type: fixed</description>
      <Point>
        <coordinates>-84.3629028,33.8428779,0</coordinates>
      </Point>
    </Placemark>
    <Placemark>
      <name>ALPR</name>
      <description>OSM node: https://www.openstreetmap.org/node/13446493301
Manufacturer: Flock Safety
Direction: 170
Zone: traffic
Camera type: fixed</description>
      <Point>
        <coordinates>-84.4552506,33.4475403,0</coordinates>
      </Point>
    </Placemark>
    <Placemark>
      <name>ALPR</name>
      <description>OSM node: https://www.openstreetmap.org/node/13446493701
Manufacturer: Flock Safety
Direction: 338
Zone: traffic
Camera type: fixed</description>
      <Point>
        <coordinates>-84.454861,33.4489531,0</coordinates>
      </Point>
    </Placemark>
    <Placemark>
      <name>ALPR</name>
      <description>OSM node: https://www.openstreetmap.org/node/13446498202
Manufacturer: Flock Safety
Direction: 338
Zone: traffic
Camera type: fixed</description>
      <Point>
        <coordinates>-84.4492247,33.4819966,0</coordinates>
      </Point>
    </Placemark>
    <Placemark>
      <name>ALPR</name>
      <description>OSM node: https://www.openstreetmap.org/node/13446517201
Manufacturer: Flock Safety
Direction: 0
Zone: traffic
Camera type: fixed</description>
      <Point>
        <coordinates>-84.4483775,33.5447967,0</coordinates>
      </Point>
    </Placemark>
    <Placemark>
      <name>ALPR</name>
      <description>OSM node: https://www.openstreetmap.org/node/13446525001
Manufacturer: Flock Safety
Direction: 150
Zone: traffic
Camera type: fixed</description>
      <Point>
        <coordinates>-84.4295239,33.6012437,0</coordinates>
      </Point>
    </Placemark>
    <Placemark>
      <name>ALPR</name>
      <description>OSM node: https://www.openstreetmap.org/node/13446577201
Manufacturer: Flock Safety
Direction: 70
Zone: traffic
Camera type: fixed</description>
      <Point>
        <coordinates>-84.1828844,31.7207169,0</coordinates>
      </Point>
    </Placemark>
    <Placemark>
      <name>ALPR</name>
      <description>OSM node: https://www.openstreetmap.org/node/13446581401
Manufacturer: Flock Safety
Direction: 269
Zone: traffic
Camera type: fixed</description>
      <Point>
        <coordinates>-84.1456189,31.7197892,0</coordinates>
      </Point>
    </Placemark>
    <Placemark>
      <name>ALPR</name>
      <description>OSM node: https://www.openstreetmap.org/node/13446627301
Manufacturer: Flock Safety
Direction: 151
Zone: traffic
Camera type: fixed</description>
      <Point>
        <coordinates>-84.2447247,33.8463271,0</coordinates>
      </Point>
    </Placemark>
    <Placemark>
      <name>ALPR</name>
      <description>OSM node: https://www.openstreetmap.org/node/13446632301
Manufacturer: Flock Safety
Direction: 90
Zone: traffic
Camera type: fixed</description>
      <Point>
        <coordinates>-84.2404391,33.8388144,0</coordinates>
      </Point>
    </Placemark>
    <Placemark>
      <name>ALPR</name>
      <description>OSM node: https://www.openstreetmap.org/node/13446690201
Manufacturer: Flock Safety
Direction: 263
Zone: traffic
Camera type: fixed</description>
      <Point>
        <coordinates>-84.2452643,33.8510983,0</coordinates>
      </Point>
    </Placemark>
    <Placemark>
      <name>ALPR</name>
      <description>OSM node: https://www.openstreetmap.org/node/13446853601
Manufacturer: Flock Safety
Direction: 280-325
Zone: traffic
Camera type: fixed</description>
      <Point>
        <coordinates>-84.4253113,33.2830399,0</coordinates>
      </Point>
    </Placemark>
    <Placemark>
      <name>ALPR</name>
      <description>OSM node: https://www.openstreetmap.org/node/13446897554
Manufacturer: Flock Safety
Direction: 320
Zone: parking</description>
      <Point>
        <coordinates>-83.7285521,34.0031845,0</coordinates>
      </Point>
    </Placemark>
    <Placemark>
      <name>Lowe's ALPR</name>
      <description>OSM node: https://www.openstreetmap.org/node/13447146001
Operator: Lowe's
Manufacturer: Flock Safety
Direction: 120
Zone: traffic
Camera type: fixed</description>
      <Point>
        <coordinates>-83.4464258,33.9163946,0</coordinates>
      </Point>
    </Placemark>
    <Placemark>
      <name>ALPR</name>
      <description>OSM node: https://www.openstreetmap.org/node/13447169801
Manufacturer: Flock Safety
Direction: 138
Zone: traffic
Camera type: fixed</description>
      <Point>
        <coordinates>-84.3516398,33.7644299,0</coordinates>
      </Point>
    </Placemark>
    <Placemark>
      <name>ALPR</name>
      <description>OSM node: https://www.openstreetmap.org/node/13447219601
Manufacturer: Flock Safety
Direction: 219-264
Zone: traffic
Camera type: fixed</description>
      <Point>
        <coordinates>-84.0904079,32.2542315,0</coordinates>
      </Point>
    </Placemark>
    <Placemark>
      <name>ALPR</name>
      <description>OSM node: https://www.openstreetmap.org/node/13447228601
Manufacturer: Flock Safety
Direction: 306;157
Zone: traffic
Camera type: fixed</description>
      <Point>
        <coordinates>-84.3921699,33.7707887,0</coordinates>
      </Point>
    </Placemark>
    <Placemark>
      <name>ALPR</name>
      <description>OSM node: https://www.openstreetmap.org/node/13447230801
Manufacturer: Genetec
Direction: 244
Zone: traffic
Camera type: fixed</description>
      <Point>
        <coordinates>-84.3906367,33.7815692,0</coordinates>
      </Point>
    </Placemark>
    <Placemark>
      <name>Atlanta Police Department ALPR</name>
      <description>OSM node: https://www.openstreetmap.org/node/13447247601
Operator: Atlanta Police Department
Manufacturer: Flock Safety
Direction: 87
Zone: traffic
Camera type: fixed</description>
      <Point>
        <coordinates>-84.4127085,33.8093878,0</coordinates>
      </Point>
    </Placemark>
    <Placemark>
      <name>ALPR</name>
      <description>OSM node: https://www.openstreetmap.org/node/13447388502
Manufacturer: Axis Communications
Direction: 318
Zone: traffic
Camera type: fixed</description>
      <Point>
        <coordinates>-84.0891623,33.5528098,0</coordinates>
      </Point>
    </Placemark>
    <Placemark>
      <name>ALPR</name>
      <description>OSM node: https://www.openstreetmap.org/node/13447389901
Manufacturer: Axis Communications
Direction: 25
Zone: traffic
Camera type: fixed</description>
      <Point>
        <coordinates>-84.0945404,33.5405861,0</coordinates>
      </Point>
    </Placemark>
    <Placemark>
      <name>ALPR</name>
      <description>OSM node: https://www.openstreetmap.org/node/13447391101
Manufacturer: Axis Communications
Direction: 122
Zone: traffic
Camera type: fixed</description>
      <Point>
        <coordinates>-84.063737,33.680887,0</coordinates>
      </Point>
    </Placemark>
    <Placemark>
      <name>ALPR</name>
      <description>OSM node: https://www.openstreetmap.org/node/13447391601
Manufacturer: Axis Communications
Direction: 288
Zone: traffic
Camera type: fixed</description>
      <Point>
        <coordinates>-84.0635159,33.6809624,0</coordinates>
      </Point>
    </Placemark>
    <Placemark>
      <name>ALPR</name>
      <description>OSM node: https://www.openstreetmap.org/node/13447479501
Manufacturer: Flock Safety
Direction: 220
Zone: traffic
Camera type: fixed</description>
      <Point>
        <coordinates>-84.1266083,33.7131977,0</coordinates>
      </Point>
    </Placemark>
    <Placemark>
      <name>ALPR</name>
      <description>OSM node: https://www.openstreetmap.org/node/13447756301
Manufacturer: Flock Safety
Direction: 151
Zone: traffic
Camera type: fixed</description>
      <Point>
        <coordinates>-81.9808506,33.4420094,0</coordinates>
      </Point>
    </Placemark>
    <Placemark>
      <name>ALPR</name>
      <description>OSM node: https://www.openstreetmap.org/node/13447756401
Manufacturer: Flock Safety
Direction: 0
Zone: traffic
Camera type: fixed</description>
      <Point>
        <coordinates>-81.9803536,33.4425394,0</coordinates>
      </Point>
    </Placemark>
    <Placemark>
      <name>ALPR</name>
      <description>OSM node: https://www.openstreetmap.org/node/13447757801
Manufacturer: Flock Safety
Direction: 202
Zone: traffic
Camera type: fixed</description>
      <Point>
        <coordinates>-81.9799268,33.4434417,0</coordinates>
      </Point>
    </Placemark>
    <Placemark>
      <name>ALPR</name>
      <description>OSM node: https://www.openstreetmap.org/node/13448164078
Manufacturer: Flock Safety
Direction: 50
Zone: entrance
Camera type: fixed</description>
      <Point>
        <coordinates>-84.3511879,33.9224416,0</coordinates>
      </Point>
    </Placemark>
    <Placemark>
      <name>ALPR</name>
      <description>OSM node: https://www.openstreetmap.org/node/13448176401
Manufacturer: Flock Safety
Direction: 262
Zone: traffic
Camera type: fixed</description>
      <Point>
        <coordinates>-84.3602199,34.9862708,0</coordinates>
      </Point>
    </Placemark>
    <Placemark>
      <name>ALPR</name>
      <description>OSM node: https://www.openstreetmap.org/node/13448420501
Manufacturer: Flock Safety
Direction: 89
Zone: traffic
Camera type: fixed</description>
      <Point>
        <coordinates>-83.7588902,34.1017063,0</coordinates>
      </Point>
    </Placemark>
    <Placemark>
      <name>ALPR</name>
      <description>OSM node: https://www.openstreetmap.org/node/13448426401
Manufacturer: Flock Safety
Direction: 269
Zone: traffic
Camera type: fixed</description>
      <Point>
        <coordinates>-83.7583292,34.1022147,0</coordinates>
      </Point>
    </Placemark>
    <Placemark>
      <name>ALPR</name>
      <description>OSM node: https://www.openstreetmap.org/node/13448431102
Manufacturer: Flock Safety
Direction: 103
Zone: traffic
Camera type: fixed</description>
      <Point>
        <coordinates>-83.7583811,34.1028537,0</coordinates>
      </Point>
    </Placemark>
    <Placemark>
      <name>ALPR</name>
      <description>OSM node: https://www.openstreetmap.org/node/13448480901
Manufacturer: Flock Safety
Direction: 60-105
Zone: traffic
Camera type: fixed</description>
      <Point>
        <coordinates>-84.9900551,32.4709164,0</coordinates>
      </Point>
    </Placemark>
    <Placemark>
      <name>ALPR</name>
      <description>OSM node: https://www.openstreetmap.org/node/13448481101
Manufacturer: Flock Safety
Direction: 235
Zone: traffic
Camera type: fixed</description>
      <Point>
        <coordinates>-84.9898024,32.4711601,0</coordinates>
      </Point>
    </Placemark>
    <Placemark>
      <name>ALPR</name>
      <description>OSM node: https://www.openstreetmap.org/node/13448481102
Manufacturer: Flock Safety
Direction: 0
Zone: traffic
Camera type: fixed</description>
      <Point>
        <coordinates>-83.692003,34.112502,0</coordinates>
      </Point>
    </Placemark>
    <Placemark>
      <name>ALPR</name>
      <description>OSM node: https://www.openstreetmap.org/node/13448481301
Manufacturer: Flock Safety
Direction: 349
Zone: traffic
Camera type: fixed</description>
      <Point>
        <coordinates>-83.6828776,34.1121351,0</coordinates>
      </Point>
    </Placemark>
    <Placemark>
      <name>ALPR</name>
      <description>OSM node: https://www.openstreetmap.org/node/13448486601
Manufacturer: Flock Safety
Direction: 345
Zone: traffic
Camera type: fixed</description>
      <Point>
        <coordinates>-83.6851303,34.1123919,0</coordinates>
      </Point>
    </Placemark>
    <Placemark>
      <name>ALPR</name>
      <description>OSM node: https://www.openstreetmap.org/node/13448488901
Manufacturer: Flock Safety
Direction: 156
Zone: traffic
Camera type: fixed</description>
      <Point>
        <coordinates>-83.6852241,34.1125591,0</coordinates>
      </Point>
    </Placemark>
    <Placemark>
      <name>ALPR</name>
      <description>OSM node: https://www.openstreetmap.org/node/13448491601
Manufacturer: Flock Safety
Direction: 320
Zone: traffic
Camera type: fixed</description>
      <Point>
        <coordinates>-83.6889459,34.1124014,0</coordinates>
      </Point>
    </Placemark>
    <Placemark>
      <name>ALPR</name>
      <description>OSM node: https://www.openstreetmap.org/node/13448495001
Manufacturer: Flock Safety
Direction: 143
Zone: traffic
Camera type: fixed</description>
      <Point>
        <coordinates>-83.6891076,34.1126552,0</coordinates>
      </Point>
    </Placemark>
    <Placemark>
      <name>ALPR</name>
      <description>OSM node: https://www.openstreetmap.org/node/13448500701
Manufacturer: Flock Safety
Direction: 313
Zone: traffic
Camera type: fixed</description>
      <Point>
        <coordinates>-83.6940144,34.1131182,0</coordinates>
      </Point>
    </Placemark>
    <Placemark>
      <name>ALPR</name>
      <description>OSM node: https://www.openstreetmap.org/node/13448500702
Manufacturer: Flock Safety
Direction: 0
Zone: traffic
Camera type: fixed</description>
      <Point>
        <coordinates>-83.6940741,34.1134872,0</coordinates>
      </Point>
    </Placemark>
    <Placemark>
      <name>ALPR</name>
      <description>OSM node: https://www.openstreetmap.org/node/13448504901
Manufacturer: Flock Safety
Direction: 268
Zone: traffic
Camera type: fixed</description>
      <Point>
        <coordinates>-83.6954242,34.1159864,0</coordinates>
      </Point>
    </Placemark>
    <Placemark>
      <name>ALPR</name>
      <description>OSM node: https://www.openstreetmap.org/node/13448506201
Manufacturer: Flock Safety
Direction: 81
Zone: traffic
Camera type: fixed</description>
      <Point>
        <coordinates>-83.6957788,34.1158799,0</coordinates>
      </Point>
    </Placemark>
    <Placemark>
      <name>ALPR</name>
      <description>OSM node: https://www.openstreetmap.org/node/13448766001
Manufacturer: Flock Safety
Direction: 169-214
Zone: traffic
Camera type: fixed</description>
      <Point>
        <coordinates>-83.9300455,34.0493355,0</coordinates>
      </Point>
    </Placemark>
    <Placemark>
      <name>ALPR</name>
      <description>OSM node: https://www.openstreetmap.org/node/13448770701
Manufacturer: Flock Safety
Direction: 278-323
Zone: traffic
Camera type: fixed</description>
      <Point>
        <coordinates>-83.9546949,34.0358467,0</coordinates>
      </Point>
    </Placemark>
    <Placemark>
      <name>ALPR</name>
      <description>OSM node: https://www.openstreetmap.org/node/13448992639
Direction: 350
Camera type: fixed</description>
      <Point>
        <coordinates>-81.2810746,32.003531,0</coordinates>
      </Point>
    </Placemark>
    <Placemark>
      <name>ALPR</name>
      <description>OSM node: https://www.openstreetmap.org/node/13448993201
Manufacturer: Flock Safety
Direction: 271-316
Zone: traffic
Camera type: fixed</description>
      <Point>
        <coordinates>-83.9575184,33.8831016,0</coordinates>
      </Point>
    </Placemark>
    <Placemark>
      <name>ALPR</name>
      <description>OSM node: https://www.openstreetmap.org/node/13449029708
Direction: 175
Camera type: fixed</description>
      <Point>
        <coordinates>-81.2812223,32.0036621,0</coordinates>
      </Point>
    </Placemark>
    <Placemark>
      <name>ALPR</name>
      <description>OSM node: https://www.openstreetmap.org/node/13449143402
Manufacturer: Flock Safety
Direction: 91
Zone: traffic
Camera type: fixed</description>
      <Point>
        <coordinates>-84.40759,33.7973648,0</coordinates>
      </Point>
    </Placemark>
    <Placemark>
      <name>ALPR</name>
      <description>OSM node: https://www.openstreetmap.org/node/13449146801
Manufacturer: Flock Safety
Direction: 75;204
Zone: traffic
Camera type: fixed</description>
      <Point>
        <coordinates>-84.4056806,33.7915769,0</coordinates>
      </Point>
    </Placemark>
    <Placemark>
      <name>ALPR</name>
      <description>OSM node: https://www.openstreetmap.org/node/13449353901
Manufacturer: Flock Safety
Direction: 351
Zone: traffic
Camera type: fixed</description>
      <Point>
        <coordinates>-83.9542892,33.5619016,0</coordinates>
      </Point>
    </Placemark>
    <Placemark>
      <name>ALPR</name>
      <description>OSM node: https://www.openstreetmap.org/node/13449358001
Manufacturer: Flock Safety
Direction: 181
Zone: traffic
Camera type: fixed</description>
      <Point>
        <coordinates>-82.0095426,33.4777558,0</coordinates>
      </Point>
    </Placemark>
    <Placemark>
      <name>ALPR</name>
      <description>OSM node: https://www.openstreetmap.org/node/13450247101
Manufacturer: Flock Safety
Direction: 242
Zone: traffic
Camera type: fixed</description>
      <Point>
        <coordinates>-84.7613099,34.1738115,0</coordinates>
      </Point>
    </Placemark>
    <Placemark>
      <name>ALPR</name>
      <description>OSM node: https://www.openstreetmap.org/node/13450600101
Manufacturer: Flock Safety
Direction: 323
Zone: traffic
Camera type: fixed</description>
      <Point>
        <coordinates>-84.5388046,34.1927114,0</coordinates>
      </Point>
    </Placemark>
    <Placemark>
      <name>ALPR</name>
      <description>OSM node: https://www.openstreetmap.org/node/13450603501
Manufacturer: Flock Safety
Direction: 314
Zone: traffic
Camera type: fixed</description>
      <Point>
        <coordinates>-84.5513108,34.1797565,0</coordinates>
      </Point>
    </Placemark>
    <Placemark>
      <name>ALPR</name>
      <description>OSM node: https://www.openstreetmap.org/node/13451208501
Manufacturer: Flock Safety
Direction: 322
Zone: traffic
Camera type: fixed</description>
      <Point>
        <coordinates>-84.9176893,34.4396324,0</coordinates>
      </Point>
    </Placemark>
    <Placemark>
      <name>ALPR</name>
      <description>OSM node: https://www.openstreetmap.org/node/13451233701
Manufacturer: Flock Safety
Direction: 77
Zone: traffic
Camera type: fixed</description>
      <Point>
        <coordinates>-84.245639,33.8510589,0</coordinates>
      </Point>
    </Placemark>
    <Placemark>
      <name>ALPR</name>
      <description>OSM node: https://www.openstreetmap.org/node/13451309602
Manufacturer: Flock Safety
Direction: 294
Zone: traffic
Camera type: fixed</description>
      <Point>
        <coordinates>-84.3968406,33.7726081,0</coordinates>
      </Point>
    </Placemark>
    <Placemark>
      <name>ALPR</name>
      <description>OSM node: https://www.openstreetmap.org/node/13451313501
Manufacturer: Flock Safety
Direction: 160
Zone: traffic
Camera type: fixed</description>
      <Point>
        <coordinates>-84.3956211,33.7718493,0</coordinates>
      </Point>
    </Placemark>
    <Placemark>
      <name>ALPR</name>
      <description>OSM node: https://www.openstreetmap.org/node/13451329301
Manufacturer: Flock Safety
Direction: 72
Zone: traffic
Camera type: fixed</description>
      <Point>
        <coordinates>-84.4241365,33.8800171,0</coordinates>
      </Point>
    </Placemark>
    <Placemark>
      <name>ALPR</name>
      <description>OSM node: https://www.openstreetmap.org/node/13451330301
Manufacturer: Flock Safety
Direction: 264
Zone: traffic
Camera type: fixed</description>
      <Point>
        <coordinates>-84.4179459,33.8823163,0</coordinates>
      </Point>
    </Placemark>
    <Placemark>
      <name>ALPR</name>
      <description>OSM node: https://www.openstreetmap.org/node/13451382702
Manufacturer: Flock Safety
Direction: 331
Zone: traffic
Camera type: fixed</description>
      <Point>
        <coordinates>-84.4229821,33.6574808,0</coordinates>
      </Point>
    </Placemark>
    <Placemark>
      <name>ALPR</name>
      <description>OSM node: https://www.openstreetmap.org/node/13451384201
Manufacturer: Flock Safety
Direction: 148
Zone: traffic
Camera type: fixed</description>
      <Point>
        <coordinates>-84.4232058,33.6538219,0</coordinates>
      </Point>
    </Placemark>
    <Placemark>
      <name>ALPR</name>
      <description>OSM node: https://www.openstreetmap.org/node/13451385401
Manufacturer: Flock Safety
Direction: 337
Zone: traffic
Camera type: fixed</description>
      <Point>
        <coordinates>-84.422981,33.6536293,0</coordinates>
      </Point>
    </Placemark>
    <Placemark>
      <name>ALPR</name>
      <description>OSM node: https://www.openstreetmap.org/node/13451385701
Manufacturer: Flock Safety
Direction: 157
Zone: traffic
Camera type: fixed</description>
      <Point>
        <coordinates>-84.4232191,33.6575411,0</coordinates>
      </Point>
    </Placemark>
    <Placemark>
      <name>ALPR</name>
      <description>OSM node: https://www.openstreetmap.org/node/13451392101
Manufacturer: Flock Safety
Direction: 67
Zone: traffic
Camera type: fixed</description>
      <Point>
        <coordinates>-84.4281621,33.6584563,0</coordinates>
      </Point>
    </Placemark>
    <Placemark>
      <name>ALPR</name>
      <description>OSM node: https://www.openstreetmap.org/node/13451493701
Manufacturer: Flock Safety
Direction: 328
Zone: traffic
Camera type: fixed</description>
      <Point>
        <coordinates>-82.0094751,33.475629,0</coordinates>
      </Point>
    </Placemark>
    <Placemark>
      <name>ALPR</name>
      <description>OSM node: https://www.openstreetmap.org/node/13451494801
Manufacturer: Flock Safety
Direction: 46
Zone: traffic
Camera type: fixed</description>
      <Point>
        <coordinates>-82.0870302,33.4469807,0</coordinates>
      </Point>
    </Placemark>
    <Placemark>
      <name>ALPR</name>
      <description>OSM node: https://www.openstreetmap.org/node/13451499801
Manufacturer: Flock Safety
Direction: 0
Zone: traffic
Camera type: fixed</description>
      <Point>
        <coordinates>-82.0460561,33.452199,0</coordinates>
      </Point>
    </Placemark>
    <Placemark>
      <name>ALPR</name>
      <description>OSM node: https://www.openstreetmap.org/node/13451504001
Manufacturer: Flock Safety
Direction: 191
Zone: traffic
Camera type: fixed</description>
      <Point>
        <coordinates>-82.0320381,33.4687938,0</coordinates>
      </Point>
    </Placemark>
    <Placemark>
      <name>ALPR</name>
      <description>OSM node: https://www.openstreetmap.org/node/13452534501
Manufacturer: Flock Safety
Direction: 99
Zone: traffic
Camera type: fixed</description>
      <Point>
        <coordinates>-82.0390897,33.4863166,0</coordinates>
      </Point>
    </Placemark>
    <Placemark>
      <name>ALPR</name>
      <description>OSM node: https://www.openstreetmap.org/node/13452538401
Manufacturer: Flock Safety
Direction: 235
Zone: traffic
Camera type: fixed</description>
      <Point>
        <coordinates>-82.0691107,33.4891333,0</coordinates>
      </Point>
    </Placemark>
    <Placemark>
      <name>ALPR</name>
      <description>OSM node: https://www.openstreetmap.org/node/13452551101
Manufacturer: Flock Safety
Direction: 205
Zone: traffic
Camera type: fixed</description>
      <Point>
        <coordinates>-82.0922235,33.464482,0</coordinates>
      </Point>
    </Placemark>
    <Placemark>
      <name>ALPR</name>
      <description>OSM node: https://www.openstreetmap.org/node/13452788801
Manufacturer: Flock Safety
Direction: 309
Zone: traffic
Camera type: fixed</description>
      <Point>
        <coordinates>-82.3951284,33.2132223,0</coordinates>
      </Point>
    </Placemark>
    <Placemark>
      <name>ALPR</name>
      <description>OSM node: https://www.openstreetmap.org/node/13452805001
Manufacturer: Flock Safety
Direction: 134
Zone: traffic
Camera type: fixed</description>
      <Point>
        <coordinates>-82.3964073,33.2146944,0</coordinates>
      </Point>
    </Placemark>
    <Placemark>
      <name>ALPR</name>
      <description>OSM node: https://www.openstreetmap.org/node/13452874001
Manufacturer: Flock Safety
Direction: 203
Zone: traffic
Camera type: fixed</description>
      <Point>
        <coordinates>-81.4670021,31.2748368,0</coordinates>
      </Point>
    </Placemark>
    <Placemark>
      <name>ALPR</name>
      <description>OSM node: https://www.openstreetmap.org/node/13453062401
Manufacturer: Flock Safety
Direction: 173
Zone: traffic
Camera type: fixed</description>
      <Point>
        <coordinates>-84.4653854,33.8923191,0</coordinates>
      </Point>
    </Placemark>
    <Placemark>
      <name>ALPR</name>
      <description>OSM node: https://www.openstreetmap.org/node/13453063301
Manufacturer: Flock Safety
Direction: 96
Zone: traffic
Camera type: fixed</description>
      <Point>
        <coordinates>-84.4656668,33.8926709,0</coordinates>
      </Point>
    </Placemark>
    <Placemark>
      <name>ALPR</name>
      <description>OSM node: https://www.openstreetmap.org/node/13453072701
Manufacturer: Flock Safety
Direction: 315
Zone: traffic
Camera type: fixed</description>
      <Point>
        <coordinates>-84.0889462,33.9851584,0</coordinates>
      </Point>
    </Placemark>
    <Placemark>
      <name>ALPR</name>
      <description>OSM node: https://www.openstreetmap.org/node/13453079202
Manufacturer: Flock Safety
Direction: 107
Zone: traffic
Camera type: fixed</description>
      <Point>
        <coordinates>-84.4667305,33.889701,0</coordinates>
      </Point>
    </Placemark>
    <Placemark>
      <name>ALPR</name>
      <description>OSM node: https://www.openstreetmap.org/node/13453089201
Manufacturer: Flock Safety
Direction: 288
Zone: traffic
Camera type: fixed</description>
      <Point>
        <coordinates>-84.4665827,33.8897902,0</coordinates>
      </Point>
    </Placemark>
    <Placemark>
      <name>ALPR</name>
      <description>OSM node: https://www.openstreetmap.org/node/13453091401
Manufacturer: Flock Safety
Direction: 281
Zone: traffic
Camera type: fixed</description>
      <Point>
        <coordinates>-84.4681586,33.888326,0</coordinates>
      </Point>
    </Placemark>
    <Placemark>
      <name>ALPR</name>
      <description>OSM node: https://www.openstreetmap.org/node/13453155801
Manufacturer: Flock Safety
Direction: 66
Zone: traffic
Camera type: fixed</description>
      <Point>
        <coordinates>-83.5467757,31.4438037,0</coordinates>
      </Point>
    </Placemark>
    <Placemark>
      <name>ALPR</name>
      <description>OSM node: https://www.openstreetmap.org/node/13453171901
Manufacturer: Flock Safety
Direction: 24
Zone: traffic
Camera type: fixed</description>
      <Point>
        <coordinates>-83.4868249,31.2642999,0</coordinates>
      </Point>
    </Placemark>
    <Placemark>
      <name>ALPR</name>
      <description>OSM node: https://www.openstreetmap.org/node/13453382702
Manufacturer: Flock Safety
Direction: 16-61
Zone: traffic
Camera type: fixed</description>
      <Point>
        <coordinates>-84.3859793,33.9938319,0</coordinates>
      </Point>
    </Placemark>
    <Placemark>
      <name>ALPR</name>
      <description>OSM node: https://www.openstreetmap.org/node/13453447801
Manufacturer: Flock Safety
Direction: 238
Zone: traffic
Camera type: fixed</description>
      <Point>
        <coordinates>-81.3301575,32.0946128,0</coordinates>
      </Point>
    </Placemark>
    <Placemark>
      <name>ALPR</name>
      <description>OSM node: https://www.openstreetmap.org/node/13453448901
Manufacturer: Flock Safety
Direction: 78
Zone: traffic
Camera type: fixed</description>
      <Point>
        <coordinates>-81.3301002,32.0944457,0</coordinates>
      </Point>
    </Placemark>
    <Placemark>
      <name>ALPR</name>
      <description>OSM node: https://www.openstreetmap.org/node/13453605101
Manufacturer: Flock Safety
Direction: 41
Zone: traffic
Camera type: fixed</description>
      <Point>
        <coordinates>-82.0560997,33.4245289,0</coordinates>
      </Point>
    </Placemark>
    <Placemark>
      <name>ALPR</name>
      <description>OSM node: https://www.openstreetmap.org/node/13453690401
Manufacturer: Flock Safety
Direction: 138
Zone: traffic
Camera type: fixed</description>
      <Point>
        <coordinates>-82.0261526,33.4374978,0</coordinates>
      </Point>
    </Placemark>
    <Placemark>
      <name>ALPR</name>
      <description>OSM node: https://www.openstreetmap.org/node/13453730201
Manufacturer: Flock Safety
Direction: 214
Zone: traffic
Camera type: fixed</description>
      <Point>
        <coordinates>-82.024791,33.4388095,0</coordinates>
      </Point>
    </Placemark>
    <Placemark>
      <name>ALPR</name>
      <description>OSM node: https://www.openstreetmap.org/node/13453733501
Manufacturer: Flock Safety
Direction: 34
Zone: traffic
Camera type: fixed</description>
      <Point>
        <coordinates>-82.0225261,33.4399641,0</coordinates>
      </Point>
    </Placemark>
    <Placemark>
      <name>ALPR</name>
      <description>OSM node: https://www.openstreetmap.org/node/13453903301
Manufacturer: Flock Safety
Direction: 320
Zone: traffic
Camera type: fixed</description>
      <Point>
        <coordinates>-84.301416,33.9010241,0</coordinates>
      </Point>
    </Placemark>
    <Placemark>
      <name>ALPR</name>
      <description>OSM node: https://www.openstreetmap.org/node/13454360402
Manufacturer: Flock Safety
Direction: 118
Zone: traffic
Camera type: fixed</description>
      <Point>
        <coordinates>-84.8051985,34.0606117,0</coordinates>
      </Point>
    </Placemark>
    <Placemark>
      <name>ALPR</name>
      <description>OSM node: https://www.openstreetmap.org/node/13454396501
Manufacturer: Flock Safety
Direction: 257
Zone: traffic
Camera type: fixed</description>
      <Point>
        <coordinates>-83.7565724,34.0937123,0</coordinates>
      </Point>
    </Placemark>
    <Placemark>
      <name>ALPR</name>
      <description>OSM node: https://www.openstreetmap.org/node/13454444901
Manufacturer: Flock Safety
Direction: 309
Zone: traffic
Camera type: fixed</description>
      <Point>
        <coordinates>-83.6785659,34.0306051,0</coordinates>
      </Point>
    </Placemark>
    <Placemark>
      <name>ALPR</name>
      <description>OSM node: https://www.openstreetmap.org/node/13454788966
Manufacturer: Flock Safety
Direction: 20
Camera type: fixed</description>
      <Point>
        <coordinates>-84.2557966,33.6267944,0</coordinates>
      </Point>
    </Placemark>
    <Placemark>
      <name>ALPR</name>
      <description>OSM node: https://www.openstreetmap.org/node/13454788967
Manufacturer: Flock Safety
Direction: 290
Camera type: fixed</description>
      <Point>
        <coordinates>-84.2653137,33.6455302,0</coordinates>
      </Point>
    </Placemark>
    <Placemark>
      <name>ALPR</name>
      <description>OSM node: https://www.openstreetmap.org/node/13454951540
Manufacturer: Flock Safety
Direction: 225
Camera type: fixed</description>
      <Point>
        <coordinates>-84.179833,33.4174067,0</coordinates>
      </Point>
    </Placemark>
    <Placemark>
      <name>ALPR</name>
      <description>OSM node: https://www.openstreetmap.org/node/13454951541
Manufacturer: Flock Safety
Direction: 325
Camera type: fixed</description>
      <Point>
        <coordinates>-84.2484453,33.4528845,0</coordinates>
      </Point>
    </Placemark>
    <Placemark>
      <name>ALPR</name>
      <description>OSM node: https://www.openstreetmap.org/node/13454951542
Manufacturer: Flock Safety
Direction: 25
Camera type: fixed</description>
      <Point>
        <coordinates>-84.1206223,33.4402898,0</coordinates>
      </Point>
    </Placemark>
    <Placemark>
      <name>ALPR</name>
      <description>OSM node: https://www.openstreetmap.org/node/13454951543
Manufacturer: Flock Safety
Direction: 30
Camera type: fixed</description>
      <Point>
        <coordinates>-84.2151089,33.6058726,0</coordinates>
      </Point>
    </Placemark>
    <Placemark>
      <name>ALPR</name>
      <description>OSM node: https://www.openstreetmap.org/node/13454951544
Manufacturer: Flock Safety
Direction: 205
Camera type: fixed</description>
      <Point>
        <coordinates>-84.0036778,33.4173482,0</coordinates>
      </Point>
    </Placemark>
    <Placemark>
      <name>ALPR</name>
      <description>OSM node: https://www.openstreetmap.org/node/13456245601
Manufacturer: Flock Safety
Direction: 150
Zone: traffic
Camera type: fixed</description>
      <Point>
        <coordinates>-84.5039293,34.1825591,0</coordinates>
      </Point>
    </Placemark>
    <Placemark>
      <name>ALPR</name>
      <description>OSM node: https://www.openstreetmap.org/node/13456386389
Manufacturer: Flock Safety
Direction: 65
Camera type: fixed</description>
      <Point>
        <coordinates>-84.5206297,33.9360261,0</coordinates>
      </Point>
    </Placemark>
    <Placemark>
      <name>ALPR</name>
      <description>OSM node: https://www.openstreetmap.org/node/13456570004
Manufacturer: Flock Safety
Direction: 118
Zone: traffic
Camera type: fixed</description>
      <Point>
        <coordinates>-84.4256826,33.655589,0</coordinates>
      </Point>
    </Placemark>
    <Placemark>
      <name>ALPR</name>
      <description>OSM node: https://www.openstreetmap.org/node/13456570005
Manufacturer: Flock Safety
Direction: 258
Zone: traffic
Camera type: fixed</description>
      <Point>
        <coordinates>-84.4255002,33.6556578,0</coordinates>
      </Point>
    </Placemark>
    <Placemark>
      <name>ALPR</name>
      <description>OSM node: https://www.openstreetmap.org/node/13456604605
Zone: traffic
Camera type: dome</description>
      <Point>
        <coordinates>-84.9888578,32.5215777,0</coordinates>
      </Point>
    </Placemark>
    <Placemark>
      <name>Flock Safety ALPR</name>
      <description>OSM node: https://www.openstreetmap.org/node/13456617966
Operator: Flock Safety
Zone: traffic
Camera type: dome</description>
      <Point>
        <coordinates>-84.9853666,32.5229219,0</coordinates>
      </Point>
    </Placemark>
    <Placemark>
      <name>ALPR</name>
      <description>OSM node: https://www.openstreetmap.org/node/13456770201
Manufacturer: Flock Safety
Direction: 238
Zone: traffic
Camera type: fixed</description>
      <Point>
        <coordinates>-83.4057223,33.9627345,0</coordinates>
      </Point>
    </Placemark>
    <Placemark>
      <name>ALPR</name>
      <description>OSM node: https://www.openstreetmap.org/node/13456853624
Manufacturer: Flock Safety
Zone: entrance
Camera type: fixed</description>
      <Point>
        <coordinates>-84.4709725,33.409394,0</coordinates>
      </Point>
    </Placemark>
    <Placemark>
      <name>ALPR</name>
      <description>OSM node: https://www.openstreetmap.org/node/13456896901
Manufacturer: Flock Safety
Direction: 41
Zone: traffic
Camera type: fixed</description>
      <Point>
        <coordinates>-82.0267525,33.4086208,0</coordinates>
      </Point>
    </Placemark>
    <Placemark>
      <name>ALPR</name>
      <description>OSM node: https://www.openstreetmap.org/node/13456933101
Manufacturer: Flock Safety
Direction: 214
Zone: traffic
Camera type: fixed</description>
      <Point>
        <coordinates>-81.3771214,31.5078342,0</coordinates>
      </Point>
    </Placemark>
    <Placemark>
      <name>ALPR</name>
      <description>OSM node: https://www.openstreetmap.org/node/13457130401
Manufacturer: Flock Safety
Direction: 0
Zone: traffic
Camera type: fixed</description>
      <Point>
        <coordinates>-84.2687621,33.7586832,0</coordinates>
      </Point>
    </Placemark>
    <Placemark>
      <name>ALPR</name>
      <description>OSM node: https://www.openstreetmap.org/node/13457222901
Manufacturer: Flock Safety
Direction: 258
Zone: traffic
Camera type: fixed</description>
      <Point>
        <coordinates>-83.2426364,34.4792454,0</coordinates>
      </Point>
    </Placemark>
    <Placemark>
      <name>ALPR</name>
      <description>OSM node: https://www.openstreetmap.org/node/13457243001
Manufacturer: Flock Safety
Direction: 114-159
Zone: traffic
Camera type: fixed</description>
      <Point>
        <coordinates>-81.7544324,32.3944237,0</coordinates>
      </Point>
    </Placemark>
    <Placemark>
      <name>ALPR</name>
      <description>OSM node: https://www.openstreetmap.org/node/13457243101
Manufacturer: Flock Safety
Direction: 288-333
Zone: traffic
Camera type: fixed</description>
      <Point>
        <coordinates>-81.753836,32.3942945,0</coordinates>
      </Point>
    </Placemark>
    <Placemark>
      <name>ALPR</name>
      <description>OSM node: https://www.openstreetmap.org/node/13457937901
Manufacturer: Flock Safety
Direction: 86
Zone: traffic
Camera type: fixed</description>
      <Point>
        <coordinates>-84.6081095,33.8572832,0</coordinates>
      </Point>
    </Placemark>
    <Placemark>
      <name>ALPR</name>
      <description>OSM node: https://www.openstreetmap.org/node/13458331701
Manufacturer: Flock Safety
Direction: 208
Zone: traffic
Camera type: fixed</description>
      <Point>
        <coordinates>-84.5436965,34.3246381,0</coordinates>
      </Point>
    </Placemark>
    <Placemark>
      <name>ALPR</name>
      <description>OSM node: https://www.openstreetmap.org/node/13458340901
Manufacturer: Flock Safety
Direction: 89
Zone: traffic
Camera type: fixed</description>
      <Point>
        <coordinates>-84.155855,34.0391721,0</coordinates>
      </Point>
    </Placemark>
    <Placemark>
      <name>ALPR</name>
      <description>OSM node: https://www.openstreetmap.org/node/13458343701
Manufacturer: Flock Safety
Direction: 311
Zone: traffic
Camera type: fixed</description>
      <Point>
        <coordinates>-84.1471363,34.0382138,0</coordinates>
      </Point>
    </Placemark>
    <Placemark>
      <name>ALPR</name>
      <description>OSM node: https://www.openstreetmap.org/node/13458404901
Manufacturer: Flock Safety
Direction: 137
Zone: traffic
Camera type: fixed</description>
      <Point>
        <coordinates>-85.0454344,33.5524072,0</coordinates>
      </Point>
    </Placemark>
    <Placemark>
      <name>ALPR</name>
      <description>OSM node: https://www.openstreetmap.org/node/13458407001
Manufacturer: Flock Safety
Direction: 113
Zone: traffic
Camera type: fixed</description>
      <Point>
        <coordinates>-85.047868,33.5505143,0</coordinates>
      </Point>
    </Placemark>
    <Placemark>
      <name>ALPR</name>
      <description>OSM node: https://www.openstreetmap.org/node/13458516702
Manufacturer: Flock Safety
Direction: 73
Zone: traffic
Camera type: fixed</description>
      <Point>
        <coordinates>-84.121038,33.9409441,0</coordinates>
      </Point>
    </Placemark>
    <Placemark>
      <name>ALPR</name>
      <description>OSM node: https://www.openstreetmap.org/node/13458523801
Manufacturer: Flock Safety
Direction: 61
Zone: traffic
Camera type: fixed</description>
      <Point>
        <coordinates>-84.0906908,33.9489945,0</coordinates>
      </Point>
    </Placemark>
    <Placemark>
      <name>ALPR</name>
      <description>OSM node: https://www.openstreetmap.org/node/13458779402
Manufacturer: Flock Safety
Direction: 229
Zone: traffic
Camera type: fixed</description>
      <Point>
        <coordinates>-84.2725955,34.0219345,0</coordinates>
      </Point>
    </Placemark>
    <Placemark>
      <name>ALPR</name>
      <description>OSM node: https://www.openstreetmap.org/node/13458780701
Manufacturer: Flock Safety
Direction: 304
Zone: traffic
Camera type: fixed</description>
      <Point>
        <coordinates>-84.2295049,34.0536726,0</coordinates>
      </Point>
    </Placemark>
    <Placemark>
      <name>ALPR</name>
      <description>OSM node: https://www.openstreetmap.org/node/13458782401
Manufacturer: Flock Safety
Direction: 0
Zone: traffic
Camera type: fixed</description>
      <Point>
        <coordinates>-84.1964669,34.0227167,0</coordinates>
      </Point>
    </Placemark>
    <Placemark>
      <name>ALPR</name>
      <description>OSM node: https://www.openstreetmap.org/node/13458783401
Manufacturer: Flock Safety
Direction: 254
Zone: traffic
Camera type: fixed</description>
      <Point>
        <coordinates>-84.1970412,34.0224841,0</coordinates>
      </Point>
    </Placemark>
    <Placemark>
      <name>ALPR</name>
      <description>OSM node: https://www.openstreetmap.org/node/13458793801
Manufacturer: Flock Safety
Direction: 178
Zone: traffic
Camera type: fixed</description>
      <Point>
        <coordinates>-84.280737,34.0152746,0</coordinates>
      </Point>
    </Placemark>
    <Placemark>
      <name>ALPR</name>
      <description>OSM node: https://www.openstreetmap.org/node/13458794701
Manufacturer: Flock Safety
Direction: 190
Zone: traffic
Camera type: fixed</description>
      <Point>
        <coordinates>-84.2820865,34.0118711,0</coordinates>
      </Point>
    </Placemark>
    <Placemark>
      <name>ALPR</name>
      <description>OSM node: https://www.openstreetmap.org/node/13458811901
Manufacturer: Flock Safety
Direction: 137
Zone: traffic
Camera type: fixed</description>
      <Point>
        <coordinates>-83.7254063,32.4627711,0</coordinates>
      </Point>
    </Placemark>
    <Placemark>
      <name>ALPR</name>
      <description>OSM node: https://www.openstreetmap.org/node/13458851701
Manufacturer: Axis Communications
Direction: 209;50
Zone: traffic
Camera type: fixed</description>
      <Point>
        <coordinates>-84.3051582,33.8952871,0</coordinates>
      </Point>
    </Placemark>
    <Placemark>
      <name>ALPR</name>
      <description>OSM node: https://www.openstreetmap.org/node/13458880301
Manufacturer: Axis Communications
Direction: 0;69;287;218
Zone: traffic
Camera type: fixed</description>
      <Point>
        <coordinates>-84.310463,33.9108479,0</coordinates>
      </Point>
    </Placemark>
    <Placemark>
      <name>ALPR</name>
      <description>OSM node: https://www.openstreetmap.org/node/13458918501
Manufacturer: Flock Safety
Direction: 193
Zone: traffic
Camera type: fixed</description>
      <Point>
        <coordinates>-83.5941336,33.8790305,0</coordinates>
      </Point>
    </Placemark>
    <Placemark>
      <name>ALPR</name>
      <description>OSM node: https://www.openstreetmap.org/node/13459806201
Manufacturer: Flock Safety
Direction: 320
Zone: traffic
Camera type: fixed</description>
      <Point>
        <coordinates>-84.2980906,33.9112955,0</coordinates>
      </Point>
    </Placemark>
    <Placemark>
      <name>ALPR</name>
      <description>OSM node: https://www.openstreetmap.org/node/13459823401
Manufacturer: Flock Safety
Direction: 257
Zone: traffic
Camera type: fixed</description>
      <Point>
        <coordinates>-84.2919024,33.9100751,0</coordinates>
      </Point>
    </Placemark>
    <Placemark>
      <name>ALPR</name>
      <description>OSM node: https://www.openstreetmap.org/node/13460813901
Manufacturer: Flock Safety
Direction: 220
Zone: traffic
Camera type: fixed</description>
      <Point>
        <coordinates>-84.2981578,33.7778314,0</coordinates>
      </Point>
    </Placemark>
    <Placemark>
      <name>ALPR</name>
      <description>OSM node: https://www.openstreetmap.org/node/13461036001
Manufacturer: Flock Safety
Direction: 41
Zone: traffic
Camera type: fixed</description>
      <Point>
        <coordinates>-83.2926852,33.0846943,0</coordinates>
      </Point>
    </Placemark>
    <Placemark>
      <name>ALPR</name>
      <description>OSM node: https://www.openstreetmap.org/node/13461040501
Manufacturer: Flock Safety
Direction: 247
Zone: traffic
Camera type: fixed</description>
      <Point>
        <coordinates>-83.2683143,33.0954395,0</coordinates>
      </Point>
    </Placemark>
    <Placemark>
      <name>ALPR</name>
      <description>OSM node: https://www.openstreetmap.org/node/13461163501
Manufacturer: Flock Safety
Direction: 195
Zone: traffic
Camera type: fixed</description>
      <Point>
        <coordinates>-83.5315291,33.0195583,0</coordinates>
      </Point>
    </Placemark>
    <Placemark>
      <name>ALPR</name>
      <description>OSM node: https://www.openstreetmap.org/node/13461193901
Manufacturer: Flock Safety
Direction: 164
Zone: traffic
Camera type: fixed</description>
      <Point>
        <coordinates>-83.5745457,32.9965521,0</coordinates>
      </Point>
    </Placemark>
    <Placemark>
      <name>ALPR</name>
      <description>OSM node: https://www.openstreetmap.org/node/13461219801
Manufacturer: Flock Safety
Direction: 237
Zone: traffic
Camera type: fixed</description>
      <Point>
        <coordinates>-83.6482329,32.9464511,0</coordinates>
      </Point>
    </Placemark>
    <Placemark>
      <name>ALPR</name>
      <description>OSM node: https://www.openstreetmap.org/node/13461220001
Manufacturer: Flock Safety
Direction: 78
Zone: traffic
Camera type: fixed</description>
      <Point>
        <coordinates>-83.648333,32.9463623,0</coordinates>
      </Point>
    </Placemark>
    <Placemark>
      <name>ALPR</name>
      <description>OSM node: https://www.openstreetmap.org/node/13461374302
Manufacturer: Flock Safety
Direction: 281
Zone: traffic
Camera type: fixed</description>
      <Point>
        <coordinates>-83.2998694,33.2709393,0</coordinates>
      </Point>
    </Placemark>
    <Placemark>
      <name>ALPR</name>
      <description>OSM node: https://www.openstreetmap.org/node/13461449001
Manufacturer: Flock Safety
Direction: 33
Zone: traffic
Camera type: fixed</description>
      <Point>
        <coordinates>-84.7473437,33.7083297,0</coordinates>
      </Point>
    </Placemark>
    <Placemark>
      <name>ALPR</name>
      <description>OSM node: https://www.openstreetmap.org/node/13461489601
Manufacturer: Flock Safety
Direction: 328
Zone: traffic
Camera type: fixed</description>
      <Point>
        <coordinates>-81.7905464,31.1631458,0</coordinates>
      </Point>
    </Placemark>
    <Placemark>
      <name>ALPR</name>
      <description>OSM node: https://www.openstreetmap.org/node/13461635401
Manufacturer: Flock Safety
Direction: 331-16
Zone: traffic
Camera type: fixed</description>
      <Point>
        <coordinates>-84.2712848,33.2191894,0</coordinates>
      </Point>
    </Placemark>
    <Placemark>
      <name>ALPR</name>
      <description>OSM node: https://www.openstreetmap.org/node/13461773202
Manufacturer: Flock Safety
Direction: 139
Zone: traffic
Camera type: fixed</description>
      <Point>
        <coordinates>-84.2388477,34.2548492,0</coordinates>
      </Point>
    </Placemark>
    <Placemark>
      <name>ALPR</name>
      <description>OSM node: https://www.openstreetmap.org/node/13461773802
Manufacturer: Flock Safety
Direction: 338
Zone: traffic
Camera type: fixed</description>
      <Point>
        <coordinates>-84.2385299,34.2538372,0</coordinates>
      </Point>
    </Placemark>
    <Placemark>
      <name>ALPR</name>
      <description>OSM node: https://www.openstreetmap.org/node/13462554402
Manufacturer: Flock Safety
Direction: 290
Zone: traffic
Camera type: fixed</description>
      <Point>
        <coordinates>-84.3985988,33.7930988,0</coordinates>
      </Point>
    </Placemark>
    <Placemark>
      <name>ALPR</name>
      <description>OSM node: https://www.openstreetmap.org/node/13462576201
Manufacturer: Flock Safety
Direction: 217
Zone: traffic
Camera type: fixed</description>
      <Point>
        <coordinates>-84.8114045,33.2400616,0</coordinates>
      </Point>
    </Placemark>
    <Placemark>
      <name>ALPR</name>
      <description>OSM node: https://www.openstreetmap.org/node/13462577301
Manufacturer: Flock Safety
Direction: 227;86
Zone: traffic
Camera type: fixed</description>
      <Point>
        <coordinates>-84.8269371,33.233258,0</coordinates>
      </Point>
    </Placemark>
    <Placemark>
      <name>ALPR</name>
      <description>OSM node: https://www.openstreetmap.org/node/13462577801
Manufacturer: Flock Safety
Direction: 129;62
Zone: traffic
Camera type: fixed</description>
      <Point>
        <coordinates>-84.8309223,33.2316988,0</coordinates>
      </Point>
    </Placemark>
    <Placemark>
      <name>ALPR</name>
      <description>OSM node: https://www.openstreetmap.org/node/13462595501
Manufacturer: Genetec
Direction: 180
Zone: traffic
Camera type: fixed</description>
      <Point>
        <coordinates>-84.4000719,33.7929603,0</coordinates>
      </Point>
    </Placemark>
    <Placemark>
      <name>ALPR</name>
      <description>OSM node: https://www.openstreetmap.org/node/13462630001
Manufacturer: Flock Safety
Direction: 275
Zone: traffic
Camera type: fixed</description>
      <Point>
        <coordinates>-84.393168,33.7900474,0</coordinates>
      </Point>
    </Placemark>
    <Placemark>
      <name>ALPR</name>
      <description>OSM node: https://www.openstreetmap.org/node/13462697002
Manufacturer: Flock Safety
Direction: 99
Zone: traffic
Camera type: fixed</description>
      <Point>
        <coordinates>-84.028798,33.5487489,0</coordinates>
      </Point>
    </Placemark>
    <Placemark>
      <name>ALPR</name>
      <description>OSM node: https://www.openstreetmap.org/node/13462714301
Manufacturer: Flock Safety
Direction: 303
Zone: traffic
Camera type: fixed</description>
      <Point>
        <coordinates>-83.9821744,33.502283,0</coordinates>
      </Point>
    </Placemark>
    <Placemark>
      <name>ALPR</name>
      <description>OSM node: https://www.openstreetmap.org/node/13462727101
Manufacturer: Flock Safety
Direction: 224
Zone: traffic
Camera type: fixed</description>
      <Point>
        <coordinates>-84.37052,33.7988552,0</coordinates>
      </Point>
    </Placemark>
    <Placemark>
      <name>ALPR</name>
      <description>OSM node: https://www.openstreetmap.org/node/13462734101
Manufacturer: Flock Safety
Direction: 284
Zone: traffic
Camera type: fixed</description>
      <Point>
        <coordinates>-84.3696832,33.7965807,0</coordinates>
      </Point>
    </Placemark>
    <Placemark>
      <name>ALPR</name>
      <description>OSM node: https://www.openstreetmap.org/node/13462734201
Manufacturer: Flock Safety
Direction: 0
Zone: traffic
Camera type: fixed</description>
      <Point>
        <coordinates>-84.3696832,33.7965807,0</coordinates>
      </Point>
    </Placemark>
    <Placemark>
      <name>ALPR</name>
      <description>OSM node: https://www.openstreetmap.org/node/13462735501
Manufacturer: Flock Safety
Direction: 115
Zone: traffic
Camera type: fixed</description>
      <Point>
        <coordinates>-83.8385678,33.3981196,0</coordinates>
      </Point>
    </Placemark>
    <Placemark>
      <name>ALPR</name>
      <description>OSM node: https://www.openstreetmap.org/node/13462817201
Manufacturer: Flock Safety
Direction: 156
Zone: traffic
Camera type: fixed</description>
      <Point>
        <coordinates>-84.7736016,34.9610996,0</coordinates>
      </Point>
    </Placemark>
    <Placemark>
      <name>ALPR</name>
      <description>OSM node: https://www.openstreetmap.org/node/13462883501
Manufacturer: Flock Safety
Direction: 170
Zone: traffic
Camera type: fixed</description>
      <Point>
        <coordinates>-84.3581656,33.9023772,0</coordinates>
      </Point>
    </Placemark>
    <Placemark>
      <name>ALPR</name>
      <description>OSM node: https://www.openstreetmap.org/node/13462884701
Manufacturer: Flock Safety
Direction: 337
Zone: traffic
Camera type: fixed</description>
      <Point>
        <coordinates>-84.3549315,33.9080372,0</coordinates>
      </Point>
    </Placemark>
    <Placemark>
      <name>ALPR</name>
      <description>OSM node: https://www.openstreetmap.org/node/13462896401
Manufacturer: Flock Safety
Direction: 0
Zone: traffic
Camera type: fixed</description>
      <Point>
        <coordinates>-84.3556702,33.9078701,0</coordinates>
      </Point>
    </Placemark>
    <Placemark>
      <name>ALPR</name>
      <description>OSM node: https://www.openstreetmap.org/node/13462897201
Manufacturer: Flock Safety
Direction: 181
Zone: traffic
Camera type: fixed</description>
      <Point>
        <coordinates>-84.356431,33.907783,0</coordinates>
      </Point>
    </Placemark>
    <Placemark>
      <name>ALPR</name>
      <description>OSM node: https://www.openstreetmap.org/node/13462898401
Manufacturer: Flock Safety
Direction: 30
Zone: traffic
Camera type: fixed</description>
      <Point>
        <coordinates>-84.3601298,33.9006916,0</coordinates>
      </Point>
    </Placemark>
    <Placemark>
      <name>ALPR</name>
      <description>OSM node: https://www.openstreetmap.org/node/13462905701
Manufacturer: Flock Safety
Direction: 161
Zone: traffic
Camera type: fixed</description>
      <Point>
        <coordinates>-84.3313594,33.9030075,0</coordinates>
      </Point>
    </Placemark>
    <Placemark>
      <name>ALPR</name>
      <description>OSM node: https://www.openstreetmap.org/node/13462909601
Manufacturer: Flock Safety
Direction: 325
Zone: traffic
Camera type: fixed</description>
      <Point>
        <coordinates>-84.3239202,33.9023861,0</coordinates>
      </Point>
    </Placemark>
    <Placemark>
      <name>ALPR</name>
      <description>OSM node: https://www.openstreetmap.org/node/13462962502
Manufacturer: Flock Safety
Direction: 177
Zone: traffic
Camera type: fixed</description>
      <Point>
        <coordinates>-84.3042544,33.895105,0</coordinates>
      </Point>
    </Placemark>
    <Placemark>
      <name>ALPR</name>
      <description>OSM node: https://www.openstreetmap.org/node/13462963101
Manufacturer: Flock Safety
Direction: 312
Zone: traffic
Camera type: fixed</description>
      <Point>
        <coordinates>-84.3042544,33.895105,0</coordinates>
      </Point>
    </Placemark>
    <Placemark>
      <name>ALPR</name>
      <description>OSM node: https://www.openstreetmap.org/node/13462994801
Manufacturer: Flock Safety
Direction: 178
Zone: traffic
Camera type: fixed</description>
      <Point>
        <coordinates>-84.3164713,33.8221738,0</coordinates>
      </Point>
    </Placemark>
    <Placemark>
      <name>ALPR</name>
      <description>OSM node: https://www.openstreetmap.org/node/13463006101
Manufacturer: Flock Safety
Direction: 72
Zone: traffic
Camera type: fixed</description>
      <Point>
        <coordinates>-84.2898635,33.7933541,0</coordinates>
      </Point>
    </Placemark>
    <Placemark>
      <name>ALPR</name>
      <description>OSM node: https://www.openstreetmap.org/node/13463027001
Manufacturer: Flock Safety
Direction: 144
Zone: traffic
Camera type: fixed</description>
      <Point>
        <coordinates>-84.2946795,33.7823249,0</coordinates>
      </Point>
    </Placemark>
    <Placemark>
      <name>ALPR</name>
      <description>OSM node: https://www.openstreetmap.org/node/13463046901
Manufacturer: Flock Safety
Direction: 148
Zone: traffic
Camera type: fixed</description>
      <Point>
        <coordinates>-84.285688,33.7917398,0</coordinates>
      </Point>
    </Placemark>
    <Placemark>
      <name>ALPR</name>
      <description>OSM node: https://www.openstreetmap.org/node/13463070102
Manufacturer: Flock Safety
Direction: 23
Zone: traffic
Camera type: fixed</description>
      <Point>
        <coordinates>-84.2654335,33.9287688,0</coordinates>
      </Point>
    </Placemark>
    <Placemark>
      <name>ALPR</name>
      <description>OSM node: https://www.openstreetmap.org/node/13463070401
Manufacturer: Flock Safety
Direction: 306
Zone: traffic
Camera type: fixed</description>
      <Point>
        <coordinates>-84.2688958,33.9194917,0</coordinates>
      </Point>
    </Placemark>
    <Placemark>
      <name>ALPR</name>
      <description>OSM node: https://www.openstreetmap.org/node/13463074901
Manufacturer: Flock Safety
Direction: 0
Zone: traffic
Camera type: fixed</description>
      <Point>
        <coordinates>-84.2346891,33.9505746,0</coordinates>
      </Point>
    </Placemark>
    <Placemark>
      <name>ALPR</name>
      <description>OSM node: https://www.openstreetmap.org/node/13463242401
Manufacturer: Flock Safety
Direction: 215
Zone: traffic
Camera type: fixed</description>
      <Point>
        <coordinates>-84.1989655,33.9488527,0</coordinates>
      </Point>
    </Placemark>
    <Placemark>
      <name>ALPR</name>
      <description>OSM node: https://www.openstreetmap.org/node/13463260001
Manufacturer: Flock Safety
Direction: 210
Zone: traffic
Camera type: fixed</description>
      <Point>
        <coordinates>-84.2593341,33.9169301,0</coordinates>
      </Point>
    </Placemark>
    <Placemark>
      <name>ALPR</name>
      <description>OSM node: https://www.openstreetmap.org/node/13463301802
Manufacturer: Flock Safety
Direction: 271
Zone: traffic
Camera type: fixed</description>
      <Point>
        <coordinates>-85.119215,33.7217809,0</coordinates>
      </Point>
    </Placemark>
    <Placemark>
      <name>ALPR</name>
      <description>OSM node: https://www.openstreetmap.org/node/13463311327
Manufacturer: Flock Safety
Direction: 225;85
Camera type: fixed</description>
      <Point>
        <coordinates>-83.8261162,34.0387737,0</coordinates>
      </Point>
    </Placemark>
    <Placemark>
      <name>ALPR</name>
      <description>OSM node: https://www.openstreetmap.org/node/13463376101
Manufacturer: Flock Safety
Direction: 177
Zone: traffic
Camera type: fixed</description>
      <Point>
        <coordinates>-83.6568432,32.8138274,0</coordinates>
      </Point>
    </Placemark>
    <Placemark>
      <name>ALPR</name>
      <description>OSM node: https://www.openstreetmap.org/node/13464539501
Manufacturer: Flock Safety
Direction: 193
Zone: traffic
Camera type: fixed</description>
      <Point>
        <coordinates>-83.7415427,32.9415125,0</coordinates>
      </Point>
    </Placemark>
    <Placemark>
      <name>ALPR</name>
      <description>OSM node: https://www.openstreetmap.org/node/13464539502
Manufacturer: Flock Safety
Direction: 61
Zone: traffic
Camera type: fixed</description>
      <Point>
        <coordinates>-83.7415427,32.9415125,0</coordinates>
      </Point>
    </Placemark>
    <Placemark>
      <name>ALPR</name>
      <description>OSM node: https://www.openstreetmap.org/node/13464548201
Manufacturer: Flock Safety
Direction: 342-27
Zone: traffic
Camera type: fixed</description>
      <Point>
        <coordinates>-84.0030419,34.1059588,0</coordinates>
      </Point>
    </Placemark>
    <Placemark>
      <name>ALPR</name>
      <description>OSM node: https://www.openstreetmap.org/node/13464592401
Manufacturer: Flock Safety
Direction: 143
Zone: traffic
Camera type: fixed</description>
      <Point>
        <coordinates>-83.6672631,32.7858763,0</coordinates>
      </Point>
    </Placemark>
    <Placemark>
      <name>ALPR</name>
      <description>OSM node: https://www.openstreetmap.org/node/13464592701
Manufacturer: Flock Safety
Direction: 320
Zone: traffic
Camera type: fixed</description>
      <Point>
        <coordinates>-83.6668498,32.7855617,0</coordinates>
      </Point>
    </Placemark>
    <Placemark>
      <name>ALPR</name>
      <description>OSM node: https://www.openstreetmap.org/node/13464594001
Manufacturer: Flock Safety
Direction: 177
Zone: traffic
Camera type: fixed</description>
      <Point>
        <coordinates>-83.6596843,32.7708892,0</coordinates>
      </Point>
    </Placemark>
    <Placemark>
      <name>ALPR</name>
      <description>OSM node: https://www.openstreetmap.org/node/13464597301
Manufacturer: Flock Safety
Direction: 279
Zone: traffic
Camera type: fixed</description>
      <Point>
        <coordinates>-82.8469917,34.3403286,0</coordinates>
      </Point>
    </Placemark>
    <Placemark>
      <name>ALPR</name>
      <description>OSM node: https://www.openstreetmap.org/node/13464600803
Manufacturer: Flock Safety
Direction: 230
Zone: traffic
Camera type: fixed</description>
      <Point>
        <coordinates>-84.3086904,33.9012173,0</coordinates>
      </Point>
    </Placemark>
    <Placemark>
      <name>ALPR</name>
      <description>OSM node: https://www.openstreetmap.org/node/13464601102
Manufacturer: Flock Safety
Direction: 298
Zone: traffic
Camera type: fixed</description>
      <Point>
        <coordinates>-84.1338742,33.9582925,0</coordinates>
      </Point>
    </Placemark>
    <Placemark>
      <name>ALPR</name>
      <description>OSM node: https://www.openstreetmap.org/node/13464601205
Manufacturer: Flock Safety
Direction: 156
Zone: traffic
Camera type: fixed</description>
      <Point>
        <coordinates>-83.7114958,32.9238479,0</coordinates>
      </Point>
    </Placemark>
    <Placemark>
      <name>ALPR</name>
      <description>OSM node: https://www.openstreetmap.org/node/13464602702
Manufacturer: Flock Safety
Direction: 115
Zone: traffic
Camera type: fixed</description>
      <Point>
        <coordinates>-84.3296785,33.9021439,0</coordinates>
      </Point>
    </Placemark>
    <Placemark>
      <name>ALPR</name>
      <description>OSM node: https://www.openstreetmap.org/node/13464602703
Manufacturer: Flock Safety
Direction: 14
Zone: traffic
Camera type: fixed</description>
      <Point>
        <coordinates>-84.2345424,33.951021,0</coordinates>
      </Point>
    </Placemark>
    <Placemark>
      <name>ALPR</name>
      <description>OSM node: https://www.openstreetmap.org/node/13464602704
Manufacturer: Flock Safety
Direction: 132
Zone: traffic
Camera type: fixed</description>
      <Point>
        <coordinates>-83.6771549,32.8906843,0</coordinates>
      </Point>
    </Placemark>
    <Placemark>
      <name>ALPR</name>
      <description>OSM node: https://www.openstreetmap.org/node/13464603302
Manufacturer: Flock Safety
Direction: 86
Zone: traffic
Camera type: fixed</description>
      <Point>
        <coordinates>-84.1976871,33.948751,0</coordinates>
      </Point>
    </Placemark>
    <Placemark>
      <name>ALPR</name>
      <description>OSM node: https://www.openstreetmap.org/node/13464603303
Manufacturer: Flock Safety
Direction: 142
Zone: traffic
Camera type: fixed</description>
      <Point>
        <coordinates>-84.2470485,33.9258178,0</coordinates>
      </Point>
    </Placemark>
    <Placemark>
      <name>ALPR</name>
      <description>OSM node: https://www.openstreetmap.org/node/13464603502
Manufacturer: Flock Safety
Direction: 155
Zone: traffic
Camera type: fixed</description>
      <Point>
        <coordinates>-84.212109,33.9587241,0</coordinates>
      </Point>
    </Placemark>
    <Placemark>
      <name>ALPR</name>
      <description>OSM node: https://www.openstreetmap.org/node/13464603503
Manufacturer: Flock Safety
Direction: 52
Zone: traffic
Camera type: fixed</description>
      <Point>
        <coordinates>-84.358508,33.9295087,0</coordinates>
      </Point>
    </Placemark>
    <Placemark>
      <name>ALPR</name>
      <description>OSM node: https://www.openstreetmap.org/node/13464604601
Manufacturer: Flock Safety
Direction: 320
Zone: traffic
Camera type: fixed</description>
      <Point>
        <coordinates>-84.2004494,33.9525505,0</coordinates>
      </Point>
    </Placemark>
    <Placemark>
      <name>ALPR</name>
      <description>OSM node: https://www.openstreetmap.org/node/13464605401
Manufacturer: Flock Safety
Direction: 165
Zone: traffic
Camera type: fixed</description>
      <Point>
        <coordinates>-84.1389902,33.4410612,0</coordinates>
      </Point>
    </Placemark>
    <Placemark>
      <name>ALPR</name>
      <description>OSM node: https://www.openstreetmap.org/node/13464605501
Manufacturer: Flock Safety
Direction: 341
Zone: traffic
Camera type: fixed</description>
      <Point>
        <coordinates>-84.1384388,33.4311558,0</coordinates>
      </Point>
    </Placemark>
    <Placemark>
      <name>ALPR</name>
      <description>OSM node: https://www.openstreetmap.org/node/13464640701
Manufacturer: Flock Safety
Direction: 112
Zone: traffic
Camera type: fixed</description>
      <Point>
        <coordinates>-81.8652987,31.6195706,0</coordinates>
      </Point>
    </Placemark>
    <Placemark>
      <name>ALPR</name>
      <description>OSM node: https://www.openstreetmap.org/node/13464733202
Manufacturer: Flock Safety
Direction: 276
Zone: traffic
Camera type: fixed</description>
      <Point>
        <coordinates>-81.8602087,31.5865216,0</coordinates>
      </Point>
    </Placemark>
    <Placemark>
      <name>ALPR</name>
      <description>OSM node: https://www.openstreetmap.org/node/13464790303
Manufacturer: Flock Safety
Direction: 285-355
Zone: traffic
Camera type: fixed</description>
      <Point>
        <coordinates>-84.2324902,33.8238175,0</coordinates>
      </Point>
    </Placemark>
    <Placemark>
      <name>ALPR</name>
      <description>OSM node: https://www.openstreetmap.org/node/13464795801
Manufacturer: Flock Safety
Direction: 93
Zone: traffic
Camera type: fixed</description>
      <Point>
        <coordinates>-84.2272496,33.818663,0</coordinates>
      </Point>
    </Placemark>
    <Placemark>
      <name>ALPR</name>
      <description>OSM node: https://www.openstreetmap.org/node/13464814801
Manufacturer: Flock Safety
Direction: 93
Zone: traffic
Camera type: fixed</description>
      <Point>
        <coordinates>-84.2272496,33.818663,0</coordinates>
      </Point>
    </Placemark>
    <Placemark>
      <name>ALPR</name>
      <description>OSM node: https://www.openstreetmap.org/node/13464829601
Manufacturer: Flock Safety
Direction: 142-187
Zone: traffic
Camera type: fixed</description>
      <Point>
        <coordinates>-84.2959725,33.347812,0</coordinates>
      </Point>
    </Placemark>
    <Placemark>
      <name>ALPR</name>
      <description>OSM node: https://www.openstreetmap.org/node/13464859201
Manufacturer: Flock Safety
Direction: 340
Zone: traffic
Camera type: fixed</description>
      <Point>
        <coordinates>-81.2438755,32.3869812,0</coordinates>
      </Point>
    </Placemark>
    <Placemark>
      <name>ALPR</name>
      <description>OSM node: https://www.openstreetmap.org/node/13464882901
Manufacturer: Flock Safety
Direction: 0
Zone: traffic
Camera type: fixed</description>
      <Point>
        <coordinates>-81.2674967,32.3464353,0</coordinates>
      </Point>
    </Placemark>
    <Placemark>
      <name>ALPR</name>
      <description>OSM node: https://www.openstreetmap.org/node/13464894701
Manufacturer: Flock Safety
Direction: 197
Zone: traffic
Camera type: fixed</description>
      <Point>
        <coordinates>-83.3227855,30.8408994,0</coordinates>
      </Point>
    </Placemark>
    <Placemark>
      <name>ALPR</name>
      <description>OSM node: https://www.openstreetmap.org/node/13465036001
Manufacturer: Flock Safety
Direction: 110
Zone: traffic
Camera type: fixed</description>
      <Point>
        <coordinates>-84.229194,34.2998417,0</coordinates>
      </Point>
    </Placemark>
    <Placemark>
      <name>ALPR</name>
      <description>OSM node: https://www.openstreetmap.org/node/13465036301
Manufacturer: Flock Safety
Direction: 311
Zone: traffic
Camera type: fixed</description>
      <Point>
        <coordinates>-84.2288742,34.2999297,0</coordinates>
      </Point>
    </Placemark>
    <Placemark>
      <name>ALPR</name>
      <description>OSM node: https://www.openstreetmap.org/node/13465036601
Manufacturer: Flock Safety
Direction: 49
Zone: traffic
Camera type: fixed</description>
      <Point>
        <coordinates>-84.2302232,34.3001213,0</coordinates>
      </Point>
    </Placemark>
    <Placemark>
      <name>ALPR</name>
      <description>OSM node: https://www.openstreetmap.org/node/13465114101
Manufacturer: Flock Safety
Direction: 3
Zone: traffic
Camera type: fixed</description>
      <Point>
        <coordinates>-84.2848545,33.7926463,0</coordinates>
      </Point>
    </Placemark>
    <Placemark>
      <name>ALPR</name>
      <description>OSM node: https://www.openstreetmap.org/node/13467962001
Manufacturer: Flock Safety
Direction: 120
Zone: traffic
Camera type: fixed</description>
      <Point>
        <coordinates>-84.1777284,33.8691889,0</coordinates>
      </Point>
    </Placemark>
    <Placemark>
      <name>ALPR</name>
      <description>OSM node: https://www.openstreetmap.org/node/13468125601
Manufacturer: Flock Safety
Direction: 345
Zone: traffic
Camera type: fixed</description>
      <Point>
        <coordinates>-84.1880756,33.8675271,0</coordinates>
      </Point>
    </Placemark>
    <Placemark>
      <name>ALPR</name>
      <description>OSM node: https://www.openstreetmap.org/node/13468401301
Manufacturer: Flock Safety
Direction: 349
Zone: traffic
Camera type: fixed</description>
      <Point>
        <coordinates>-83.7457603,32.8877975,0</coordinates>
      </Point>
    </Placemark>
    <Placemark>
      <name>ALPR</name>
      <description>OSM node: https://www.openstreetmap.org/node/13468409302
Manufacturer: Flock Safety
Direction: 280
Zone: traffic
Camera type: fixed</description>
      <Point>
        <coordinates>-83.7615091,32.8820837,0</coordinates>
      </Point>
    </Placemark>
    <Placemark>
      <name>ALPR</name>
      <description>OSM node: https://www.openstreetmap.org/node/13468413901
Manufacturer: Flock Safety
Direction: 89
Zone: traffic
Camera type: fixed</description>
      <Point>
        <coordinates>-83.7629491,32.8808691,0</coordinates>
      </Point>
    </Placemark>
    <Placemark>
      <name>ALPR</name>
      <description>OSM node: https://www.openstreetmap.org/node/13468422202
Manufacturer: Flock Safety
Direction: 183-228
Zone: traffic
Camera type: fixed</description>
      <Point>
        <coordinates>-84.9158147,33.4982986,0</coordinates>
      </Point>
    </Placemark>
    <Placemark>
      <name>ALPR</name>
      <description>OSM node: https://www.openstreetmap.org/node/13468516001
Manufacturer: Flock Safety
Direction: 47
Zone: traffic
Camera type: fixed</description>
      <Point>
        <coordinates>-84.3280126,33.8612283,0</coordinates>
      </Point>
    </Placemark>
    <Placemark>
      <name>ALPR</name>
      <description>OSM node: https://www.openstreetmap.org/node/13468520901
Manufacturer: Flock Safety
Direction: 238
Zone: traffic
Camera type: fixed</description>
      <Point>
        <coordinates>-84.3274523,33.8615654,0</coordinates>
      </Point>
    </Placemark>
    <Placemark>
      <name>ALPR</name>
      <description>OSM node: https://www.openstreetmap.org/node/13468521601
Manufacturer: Flock Safety
Direction: 68
Zone: traffic
Camera type: fixed</description>
      <Point>
        <coordinates>-84.3347349,33.8602559,0</coordinates>
      </Point>
    </Placemark>
    <Placemark>
      <name>ALPR</name>
      <description>OSM node: https://www.openstreetmap.org/node/13468522001
Manufacturer: Flock Safety
Direction: 55
Zone: traffic
Camera type: fixed</description>
      <Point>
        <coordinates>-84.3377407,33.8604987,0</coordinates>
      </Point>
    </Placemark>
    <Placemark>
      <name>ALPR</name>
      <description>OSM node: https://www.openstreetmap.org/node/13468523601
Manufacturer: Flock Safety
Direction: 0
Zone: traffic
Camera type: fixed</description>
      <Point>
        <coordinates>-84.3374712,33.8649146,0</coordinates>
      </Point>
    </Placemark>
    <Placemark>
      <name>ALPR</name>
      <description>OSM node: https://www.openstreetmap.org/node/13468524101
Manufacturer: Flock Safety
Direction: 283
Zone: traffic
Camera type: fixed</description>
      <Point>
        <coordinates>-84.3371601,33.8654405,0</coordinates>
      </Point>
    </Placemark>
    <Placemark>
      <name>ALPR</name>
      <description>OSM node: https://www.openstreetmap.org/node/13468525401
Manufacturer: Flock Safety
Direction: 181
Zone: traffic
Camera type: fixed</description>
      <Point>
        <coordinates>-84.3346012,33.8691316,0</coordinates>
      </Point>
    </Placemark>
    <Placemark>
      <name>Lowe's ALPR</name>
      <description>OSM node: https://www.openstreetmap.org/node/13468530501
Operator: Lowe's
Manufacturer: Flock Safety
Direction: 26
Zone: traffic
Camera type: fixed</description>
      <Point>
        <coordinates>-84.3181487,33.883751,0</coordinates>
      </Point>
    </Placemark>
    <Placemark>
      <name>Lowe's ALPR</name>
      <description>OSM node: https://www.openstreetmap.org/node/13468532401
Operator: Lowe's
Manufacturer: Flock Safety
Direction: 241
Zone: traffic
Camera type: fixed</description>
      <Point>
        <coordinates>-84.3163281,33.8861512,0</coordinates>
      </Point>
    </Placemark>
    <Placemark>
      <name>ALPR</name>
      <description>OSM node: https://www.openstreetmap.org/node/13468557201
Manufacturer: Flock Safety
Direction: 167
Zone: traffic
Camera type: fixed</description>
      <Point>
        <coordinates>-83.7456339,32.9078841,0</coordinates>
      </Point>
    </Placemark>
    <Placemark>
      <name>ALPR</name>
      <description>OSM node: https://www.openstreetmap.org/node/13468590502
Manufacturer: Flock Safety
Direction: 49
Zone: traffic
Camera type: fixed</description>
      <Point>
        <coordinates>-83.6057144,32.2384375,0</coordinates>
      </Point>
    </Placemark>
    <Placemark>
      <name>ALPR</name>
      <description>OSM node: https://www.openstreetmap.org/node/13468592067
Manufacturer: Flock Safety
Direction: 155
Camera type: fixed</description>
      <Point>
        <coordinates>-83.9772575,33.9581294,0</coordinates>
      </Point>
    </Placemark>
    <Placemark>
      <name>ALPR</name>
      <description>OSM node: https://www.openstreetmap.org/node/13468592068
Manufacturer: Flock Safety
Direction: 340
Camera type: fixed</description>
      <Point>
        <coordinates>-83.9771274,33.958156,0</coordinates>
      </Point>
    </Placemark>
    <Placemark>
      <name>ALPR</name>
      <description>OSM node: https://www.openstreetmap.org/node/13468592069
Manufacturer: Flock Safety
Direction: 155
Camera type: fixed</description>
      <Point>
        <coordinates>-83.9774661,33.9597424,0</coordinates>
      </Point>
    </Placemark>
    <Placemark>
      <name>ALPR</name>
      <description>OSM node: https://www.openstreetmap.org/node/13468592070
Manufacturer: Flock Safety
Direction: 340
Camera type: fixed</description>
      <Point>
        <coordinates>-83.9772999,33.9596625,0</coordinates>
      </Point>
    </Placemark>
    <Placemark>
      <name>ALPR</name>
      <description>OSM node: https://www.openstreetmap.org/node/13468602501
Manufacturer: Flock Safety
Direction: 246
Zone: traffic
Camera type: fixed</description>
      <Point>
        <coordinates>-81.987794,33.4753865,0</coordinates>
      </Point>
    </Placemark>
    <Placemark>
      <name>ALPR</name>
      <description>OSM node: https://www.openstreetmap.org/node/13468760601
Manufacturer: Flock Safety
Direction: 165-210
Zone: traffic
Camera type: fixed</description>
      <Point>
        <coordinates>-84.7038977,33.7579747,0</coordinates>
      </Point>
    </Placemark>
    <Placemark>
      <name>ALPR</name>
      <description>OSM node: https://www.openstreetmap.org/node/13468764401
Manufacturer: Flock Safety
Direction: 148-193
Zone: traffic
Camera type: fixed</description>
      <Point>
        <coordinates>-84.7051228,33.7784903,0</coordinates>
      </Point>
    </Placemark>
    <Placemark>
      <name>ALPR</name>
      <description>OSM node: https://www.openstreetmap.org/node/13468928301
Manufacturer: Flock Safety
Direction: 334
Zone: traffic
Camera type: fixed</description>
      <Point>
        <coordinates>-84.2912099,33.7574457,0</coordinates>
      </Point>
    </Placemark>
    <Placemark>
      <name>ALPR</name>
      <description>OSM node: https://www.openstreetmap.org/node/13468928994
Manufacturer: Flock Safety
Direction: 170
Zone: traffic
Camera type: fixed</description>
      <Point>
        <coordinates>-83.7836121,34.2143862,0</coordinates>
      </Point>
    </Placemark>
    <Placemark>
      <name>ALPR</name>
      <description>OSM node: https://www.openstreetmap.org/node/13469070802
Manufacturer: Flock Safety
Direction: 67
Zone: traffic
Camera type: fixed</description>
      <Point>
        <coordinates>-80.8449037,32.0134834,0</coordinates>
      </Point>
    </Placemark>
    <Placemark>
      <name>ALPR</name>
      <description>OSM node: https://www.openstreetmap.org/node/13469075201
Manufacturer: Flock Safety
Direction: 123
Zone: traffic
Camera type: fixed</description>
      <Point>
        <coordinates>-84.3608894,33.8482644,0</coordinates>
      </Point>
    </Placemark>
    <Placemark>
      <name>ALPR</name>
      <description>OSM node: https://www.openstreetmap.org/node/13469082001
Manufacturer: Flock Safety
Direction: 181
Zone: traffic
Camera type: fixed</description>
      <Point>
        <coordinates>-80.8419801,32.0126158,0</coordinates>
      </Point>
    </Placemark>
    <Placemark>
      <name>ALPR</name>
      <description>OSM node: https://www.openstreetmap.org/node/13469171301
Manufacturer: Flock Safety
Direction: 199
Zone: traffic
Camera type: fixed</description>
      <Point>
        <coordinates>-80.842656,32.0128003,0</coordinates>
      </Point>
    </Placemark>
    <Placemark>
      <name>ALPR</name>
      <description>OSM node: https://www.openstreetmap.org/node/13469172301
Manufacturer: Flock Safety
Direction: 260
Zone: traffic
Camera type: fixed</description>
      <Point>
        <coordinates>-80.846356,32.0141451,0</coordinates>
      </Point>
    </Placemark>
    <Placemark>
      <name>ALPR</name>
      <description>OSM node: https://www.openstreetmap.org/node/13469174501
Manufacturer: Flock Safety
Direction: 74
Zone: traffic
Camera type: fixed</description>
      <Point>
        <coordinates>-80.848295,32.0163689,0</coordinates>
      </Point>
    </Placemark>
    <Placemark>
      <name>ALPR</name>
      <description>OSM node: https://www.openstreetmap.org/node/13469682501
Manufacturer: Flock Safety
Direction: 54
Zone: traffic
Camera type: fixed</description>
      <Point>
        <coordinates>-84.7242834,34.0672708,0</coordinates>
      </Point>
    </Placemark>
    <Placemark>
      <name>ALPR</name>
      <description>OSM node: https://www.openstreetmap.org/node/13470776701
Manufacturer: Flock Safety
Direction: 297
Zone: traffic
Camera type: fixed</description>
      <Point>
        <coordinates>-84.3085345,33.8134242,0</coordinates>
      </Point>
    </Placemark>
    <Placemark>
      <name>Flock Safety ALPR</name>
      <description>OSM node: https://www.openstreetmap.org/node/13471744414
Operator: Flock Safety
Zone: traffic
Camera type: dome</description>
      <Point>
        <coordinates>-84.9431121,32.489948,0</coordinates>
      </Point>
    </Placemark>
    <Placemark>
      <name>ALPR</name>
      <description>OSM node: https://www.openstreetmap.org/node/13471769401
Manufacturer: Flock Safety
Direction: 112
Zone: traffic
Camera type: fixed</description>
      <Point>
        <coordinates>-83.64642,32.8393061,0</coordinates>
      </Point>
    </Placemark>
    <Placemark>
      <name>ALPR</name>
      <description>OSM node: https://www.openstreetmap.org/node/13472257501
Manufacturer: Genetec
Direction: 98
Zone: traffic
Camera type: fixed</description>
      <Point>
        <coordinates>-82.2350466,33.5175291,0</coordinates>
      </Point>
    </Placemark>
    <Placemark>
      <name>ALPR</name>
      <description>OSM node: https://www.openstreetmap.org/node/13473752002
Manufacturer: Flock Safety
Direction: 230
Zone: traffic
Camera type: fixed</description>
      <Point>
        <coordinates>-83.6249742,32.5751314,0</coordinates>
      </Point>
    </Placemark>
    <Placemark>
      <name>ALPR</name>
      <description>OSM node: https://www.openstreetmap.org/node/13473760201
Manufacturer: Flock Safety
Direction: 57
Zone: traffic
Camera type: fixed</description>
      <Point>
        <coordinates>-83.625822,32.5749298,0</coordinates>
      </Point>
    </Placemark>
    <Placemark>
      <name>Lowe's ALPR</name>
      <description>OSM node: https://www.openstreetmap.org/node/13473923001
Operator: Lowe's
Manufacturer: Flock Safety
Direction: 296
Zone: traffic
Camera type: fixed</description>
      <Point>
        <coordinates>-82.1269653,33.5360247,0</coordinates>
      </Point>
    </Placemark>
    <Placemark>
      <name>ALPR</name>
      <description>OSM node: https://www.openstreetmap.org/node/13473951301
Manufacturer: Flock Safety
Direction: 309
Zone: traffic
Camera type: fixed</description>
      <Point>
        <coordinates>-84.1560053,33.9062104,0</coordinates>
      </Point>
    </Placemark>
    <Placemark>
      <name>ALPR</name>
      <description>OSM node: https://www.openstreetmap.org/node/13473952002
Manufacturer: Flock Safety
Direction: 127
Zone: traffic
Camera type: fixed</description>
      <Point>
        <coordinates>-84.156047,33.9060543,0</coordinates>
      </Point>
    </Placemark>
    <Placemark>
      <name>ALPR</name>
      <description>OSM node: https://www.openstreetmap.org/node/13473957501
Manufacturer: Flock Safety
Direction: 206
Zone: traffic
Camera type: fixed</description>
      <Point>
        <coordinates>-84.1561163,33.9061415,0</coordinates>
      </Point>
    </Placemark>
    <Placemark>
      <name>ALPR</name>
      <description>OSM node: https://www.openstreetmap.org/node/13474004001
Manufacturer: Flock Safety
Direction: 93
Zone: traffic
Camera type: fixed</description>
      <Point>
        <coordinates>-84.2475861,34.0999639,0</coordinates>
      </Point>
    </Placemark>
    <Placemark>
      <name>ALPR</name>
      <description>OSM node: https://www.openstreetmap.org/node/13474005801
Manufacturer: Flock Safety
Direction: 19
Zone: traffic
Camera type: fixed</description>
      <Point>
        <coordinates>-84.2853881,34.05262,0</coordinates>
      </Point>
    </Placemark>
    <Placemark>
      <name>ALPR</name>
      <description>OSM node: https://www.openstreetmap.org/node/13474008801
Manufacturer: Flock Safety
Direction: 323
Zone: traffic
Camera type: fixed</description>
      <Point>
        <coordinates>-84.2898806,34.0310778,0</coordinates>
      </Point>
    </Placemark>
    <Placemark>
      <name>ALPR</name>
      <description>OSM node: https://www.openstreetmap.org/node/13474009901
Manufacturer: Flock Safety
Direction: 154
Zone: traffic
Camera type: fixed</description>
      <Point>
        <coordinates>-84.2899095,34.02667,0</coordinates>
      </Point>
    </Placemark>
    <Placemark>
      <name>ALPR</name>
      <description>OSM node: https://www.openstreetmap.org/node/13474011501
Manufacturer: Flock Safety
Direction: 160
Zone: traffic
Camera type: fixed</description>
      <Point>
        <coordinates>-84.2938187,34.0447833,0</coordinates>
      </Point>
    </Placemark>
    <Placemark>
      <name>ALPR</name>
      <description>OSM node: https://www.openstreetmap.org/node/13474013701
Manufacturer: Flock Safety
Direction: 159
Zone: traffic
Camera type: fixed</description>
      <Point>
        <coordinates>-84.3094268,34.0193929,0</coordinates>
      </Point>
    </Placemark>
    <Placemark>
      <name>ALPR</name>
      <description>OSM node: https://www.openstreetmap.org/node/13474014101
Manufacturer: Flock Safety
Direction: 135
Zone: traffic
Camera type: fixed</description>
      <Point>
        <coordinates>-84.3103566,34.0188566,0</coordinates>
      </Point>
    </Placemark>
    <Placemark>
      <name>ALPR</name>
      <description>OSM node: https://www.openstreetmap.org/node/13474015001
Manufacturer: Flock Safety
Direction: 110
Zone: traffic
Camera type: fixed</description>
      <Point>
        <coordinates>-84.310832,34.0182811,0</coordinates>
      </Point>
    </Placemark>
    <Placemark>
      <name>ALPR</name>
      <description>OSM node: https://www.openstreetmap.org/node/13474015201
Manufacturer: Flock Safety
Direction: 136
Zone: traffic
Camera type: fixed</description>
      <Point>
        <coordinates>-84.3094612,34.0182134,0</coordinates>
      </Point>
    </Placemark>
    <Placemark>
      <name>ALPR</name>
      <description>OSM node: https://www.openstreetmap.org/node/13474378902
Manufacturer: Flock Safety
Direction: 190
Zone: traffic
Camera type: fixed</description>
      <Point>
        <coordinates>-84.2285724,34.1125287,0</coordinates>
      </Point>
    </Placemark>
    <Placemark>
      <name>ALPR</name>
      <description>OSM node: https://www.openstreetmap.org/node/13474381501
Manufacturer: Flock Safety
Direction: 81
Zone: traffic
Camera type: fixed</description>
      <Point>
        <coordinates>-84.2875336,34.0556721,0</coordinates>
      </Point>
    </Placemark>
    <Placemark>
      <name>ALPR</name>
      <description>OSM node: https://www.openstreetmap.org/node/13474385201
Manufacturer: Flock Safety
Direction: 225
Zone: traffic
Camera type: fixed</description>
      <Point>
        <coordinates>-84.287316,34.0405472,0</coordinates>
      </Point>
    </Placemark>
    <Placemark>
      <name>ALPR</name>
      <description>OSM node: https://www.openstreetmap.org/node/13474439101
Manufacturer: Flock Safety
Direction: 17-62
Zone: traffic
Camera type: fixed</description>
      <Point>
        <coordinates>-83.3649866,34.1762589,0</coordinates>
      </Point>
    </Placemark>
    <Placemark>
      <name>ALPR</name>
      <description>OSM node: https://www.openstreetmap.org/node/13474445401
Manufacturer: Flock Safety
Direction: 208-253
Zone: traffic
Camera type: fixed</description>
      <Point>
        <coordinates>-83.4320827,34.1935807,0</coordinates>
      </Point>
    </Placemark>
    <Placemark>
      <name>ALPR</name>
      <description>OSM node: https://www.openstreetmap.org/node/13474462501
Manufacturer: Genetec
Direction: 90
Zone: traffic
Camera type: fixed</description>
      <Point>
        <coordinates>-84.3535164,33.9331245,0</coordinates>
      </Point>
    </Placemark>
    <Placemark>
      <name>ALPR</name>
      <description>OSM node: https://www.openstreetmap.org/node/13474464401
Manufacturer: Genetec
Direction: 113
Zone: traffic
Camera type: fixed</description>
      <Point>
        <coordinates>-84.3544401,33.9332199,0</coordinates>
      </Point>
    </Placemark>
    <Placemark>
      <name>ALPR</name>
      <description>OSM node: https://www.openstreetmap.org/node/13474465101
Manufacturer: Genetec
Direction: 297
Zone: traffic
Camera type: fixed</description>
      <Point>
        <coordinates>-84.3534111,33.9335862,0</coordinates>
      </Point>
    </Placemark>
    <Placemark>
      <name>ALPR</name>
      <description>OSM node: https://www.openstreetmap.org/node/13474474801
Manufacturer: Genetec
Direction: 247
Zone: traffic
Camera type: fixed</description>
      <Point>
        <coordinates>-84.3591568,33.9335615,0</coordinates>
      </Point>
    </Placemark>
    <Placemark>
      <name>ALPR</name>
      <description>OSM node: https://www.openstreetmap.org/node/13474477601
Manufacturer: Flock Safety
Direction: 161
Zone: traffic
Camera type: fixed</description>
      <Point>
        <coordinates>-84.3648612,33.9362577,0</coordinates>
      </Point>
    </Placemark>
    <Placemark>
      <name>ALPR</name>
      <description>OSM node: https://www.openstreetmap.org/node/13474571901
Manufacturer: Flock Safety
Direction: 247
Zone: traffic
Camera type: fixed</description>
      <Point>
        <coordinates>-84.463164,33.9843434,0</coordinates>
      </Point>
    </Placemark>
    <Placemark>
      <name>ALPR</name>
      <description>OSM node: https://www.openstreetmap.org/node/13474606801
Manufacturer: Flock Safety
Direction: 192
Zone: traffic
Camera type: fixed</description>
      <Point>
        <coordinates>-84.2821497,34.0118004,0</coordinates>
      </Point>
    </Placemark>
    <Placemark>
      <name>ALPR</name>
      <description>OSM node: https://www.openstreetmap.org/node/13474611502
Manufacturer: Flock Safety
Direction: 168
Zone: traffic
Camera type: fixed</description>
      <Point>
        <coordinates>-83.9515557,33.8982097,0</coordinates>
      </Point>
    </Placemark>
    <Placemark>
      <name>ALPR</name>
      <description>OSM node: https://www.openstreetmap.org/node/13474618601
Manufacturer: Flock Safety
Direction: 280
Zone: traffic
Camera type: fixed</description>
      <Point>
        <coordinates>-83.8992571,33.8577692,0</coordinates>
      </Point>
    </Placemark>
    <Placemark>
      <name>ALPR</name>
      <description>OSM node: https://www.openstreetmap.org/node/13474799601
Manufacturer: Flock Safety
Direction: 131-176
Zone: traffic
Camera type: fixed</description>
      <Point>
        <coordinates>-84.9609877,33.7348793,0</coordinates>
      </Point>
    </Placemark>
    <Placemark>
      <name>ALPR</name>
      <description>OSM node: https://www.openstreetmap.org/node/13474990901
Manufacturer: Flock Safety
Direction: 258
Zone: traffic
Camera type: fixed</description>
      <Point>
        <coordinates>-84.2630665,33.7880398,0</coordinates>
      </Point>
    </Placemark>
    <Placemark>
      <name>ALPR</name>
      <description>OSM node: https://www.openstreetmap.org/node/13474991101
Manufacturer: Flock Safety
Direction: 97
Zone: traffic
Camera type: fixed</description>
      <Point>
        <coordinates>-84.2633603,33.7879443,0</coordinates>
      </Point>
    </Placemark>
    <Placemark>
      <name>ALPR</name>
      <description>OSM node: https://www.openstreetmap.org/node/13474991102
Manufacturer: Flock Safety
Direction: 184
Zone: traffic
Camera type: fixed</description>
      <Point>
        <coordinates>-84.2636674,33.7903062,0</coordinates>
      </Point>
    </Placemark>
    <Placemark>
      <name>ALPR</name>
      <description>OSM node: https://www.openstreetmap.org/node/13474991201
Manufacturer: Flock Safety
Direction: 0
Zone: traffic
Camera type: fixed</description>
      <Point>
        <coordinates>-84.2635321,33.7902176,0</coordinates>
      </Point>
    </Placemark>
    <Placemark>
      <name>ALPR</name>
      <description>OSM node: https://www.openstreetmap.org/node/13475007601
Manufacturer: Flock Safety
Direction: 72
Zone: traffic
Camera type: fixed</description>
      <Point>
        <coordinates>-84.2492239,33.8028461,0</coordinates>
      </Point>
    </Placemark>
    <Placemark>
      <name>ALPR</name>
      <description>OSM node: https://www.openstreetmap.org/node/13475008801
Manufacturer: Flock Safety
Direction: 232
Zone: traffic
Camera type: fixed</description>
      <Point>
        <coordinates>-84.2481869,33.8031324,0</coordinates>
      </Point>
    </Placemark>
    <Placemark>
      <name>ALPR</name>
      <description>OSM node: https://www.openstreetmap.org/node/13475009101
Manufacturer: Flock Safety
Direction: 194
Zone: traffic
Camera type: fixed</description>
      <Point>
        <coordinates>-83.6521425,32.57273,0</coordinates>
      </Point>
    </Placemark>
    <Placemark>
      <name>ALPR</name>
      <description>OSM node: https://www.openstreetmap.org/node/13475399501
Manufacturer: Flock Safety
Direction: 252
Zone: traffic
Camera type: fixed</description>
      <Point>
        <coordinates>-84.1750445,33.9241427,0</coordinates>
      </Point>
    </Placemark>
    <Placemark>
      <name>ALPR</name>
      <description>OSM node: https://www.openstreetmap.org/node/13475400801
Manufacturer: Flock Safety
Direction: 330
Zone: traffic
Camera type: fixed</description>
      <Point>
        <coordinates>-84.2108891,33.9094982,0</coordinates>
      </Point>
    </Placemark>
    <Placemark>
      <name>ALPR</name>
      <description>OSM node: https://www.openstreetmap.org/node/13475410801
Manufacturer: Flock Safety
Direction: 0
Zone: traffic
Camera type: fixed</description>
      <Point>
        <coordinates>-84.9981049,34.7891465,0</coordinates>
      </Point>
    </Placemark>
    <Placemark>
      <name>ALPR</name>
      <description>OSM node: https://www.openstreetmap.org/node/13475412301
Manufacturer: Flock Safety
Direction: 336
Zone: traffic
Camera type: fixed</description>
      <Point>
        <coordinates>-84.9647849,34.6175633,0</coordinates>
      </Point>
    </Placemark>
    <Placemark>
      <name>ALPR</name>
      <description>OSM node: https://www.openstreetmap.org/node/13476466801
Manufacturer: Flock Safety
Direction: 19
Zone: traffic
Camera type: fixed</description>
      <Point>
        <coordinates>-83.6524073,32.5723774,0</coordinates>
      </Point>
    </Placemark>
    <Placemark>
      <name>ALPR</name>
      <description>OSM node: https://www.openstreetmap.org/node/13476498001
Manufacturer: Flock Safety
Direction: 185
Zone: traffic
Camera type: fixed</description>
      <Point>
        <coordinates>-84.7083586,33.9927372,0</coordinates>
      </Point>
    </Placemark>
    <Placemark>
      <name>ALPR</name>
      <description>OSM node: https://www.openstreetmap.org/node/13476574501
Manufacturer: Flock Safety
Direction: 172
Zone: traffic
Camera type: fixed</description>
      <Point>
        <coordinates>-84.343541,33.9811766,0</coordinates>
      </Point>
    </Placemark>
    <Placemark>
      <name>ALPR</name>
      <description>OSM node: https://www.openstreetmap.org/node/13477151001
Manufacturer: Flock Safety
Direction: 231
Zone: traffic
Camera type: fixed</description>
      <Point>
        <coordinates>-84.3782432,33.9178843,0</coordinates>
      </Point>
    </Placemark>
    <Placemark>
      <name>ALPR</name>
      <description>OSM node: https://www.openstreetmap.org/node/13477351612
Manufacturer: Flock Safety
Direction: 191
Zone: traffic
Camera type: fixed</description>
      <Point>
        <coordinates>-84.0100412,33.8866427,0</coordinates>
      </Point>
    </Placemark>
    <Placemark>
      <name>ALPR</name>
      <description>OSM node: https://www.openstreetmap.org/node/13477351901
Manufacturer: Flock Safety
Direction: 151
Zone: traffic
Camera type: fixed</description>
      <Point>
        <coordinates>-84.3793653,33.913832,0</coordinates>
      </Point>
    </Placemark>
    <Placemark>
      <name>ALPR</name>
      <description>OSM node: https://www.openstreetmap.org/node/13477378906
Manufacturer: Flock Safety
Direction: 0
Zone: traffic
Camera type: fixed</description>
      <Point>
        <coordinates>-84.0096964,33.8863167,0</coordinates>
      </Point>
    </Placemark>
    <Placemark>
      <name>ALPR</name>
      <description>OSM node: https://www.openstreetmap.org/node/13477492001
Manufacturer: Flock Safety
Direction: 185
Zone: traffic
Camera type: fixed</description>
      <Point>
        <coordinates>-84.0097125,33.8819312,0</coordinates>
      </Point>
    </Placemark>
    <Placemark>
      <name>ALPR</name>
      <description>OSM node: https://www.openstreetmap.org/node/13477496101
Manufacturer: Flock Safety
Direction: 198
Zone: traffic
Camera type: fixed</description>
      <Point>
        <coordinates>-84.0098891,33.881338,0</coordinates>
      </Point>
    </Placemark>
    <Placemark>
      <name>ALPR</name>
      <description>OSM node: https://www.openstreetmap.org/node/13477499801
Manufacturer: Flock Safety
Direction: 7
Zone: traffic
Camera type: fixed</description>
      <Point>
        <coordinates>-84.0097935,33.8815776,0</coordinates>
      </Point>
    </Placemark>
    <Placemark>
      <name>ALPR</name>
      <description>OSM node: https://www.openstreetmap.org/node/13477724601
Manufacturer: Flock Safety
Direction: 105
Zone: traffic
Camera type: fixed</description>
      <Point>
        <coordinates>-83.4011607,33.9629319,0</coordinates>
      </Point>
    </Placemark>
    <Placemark>
      <name>ALPR</name>
      <description>OSM node: https://www.openstreetmap.org/node/13477726401
Manufacturer: Flock Safety
Direction: 288
Zone: traffic
Camera type: fixed</description>
      <Point>
        <coordinates>-83.4008754,33.9628123,0</coordinates>
      </Point>
    </Placemark>
    <Placemark>
      <name>ALPR</name>
      <description>OSM node: https://www.openstreetmap.org/node/13477728401
Manufacturer: Flock Safety
Direction: 5
Zone: traffic
Camera type: fixed</description>
      <Point>
        <coordinates>-83.4015012,33.9625517,0</coordinates>
      </Point>
    </Placemark>
    <Placemark>
      <name>ALPR</name>
      <description>OSM node: https://www.openstreetmap.org/node/13477735101
Manufacturer: Flock Safety
Direction: 171
Zone: traffic
Camera type: fixed</description>
      <Point>
        <coordinates>-83.4015565,33.9627853,0</coordinates>
      </Point>
    </Placemark>
    <Placemark>
      <name>ALPR</name>
      <description>OSM node: https://www.openstreetmap.org/node/13477740202
Manufacturer: Flock Safety
Direction: 306
Zone: traffic
Camera type: fixed</description>
      <Point>
        <coordinates>-84.3351504,33.9472711,0</coordinates>
      </Point>
    </Placemark>
    <Placemark>
      <name>ALPR</name>
      <description>OSM node: https://www.openstreetmap.org/node/13477785201
Manufacturer: Flock Safety
Direction: 186
Zone: traffic
Camera type: fixed</description>
      <Point>
        <coordinates>-84.3834819,33.8431046,0</coordinates>
      </Point>
    </Placemark>
    <Placemark>
      <name>ALPR</name>
      <description>OSM node: https://www.openstreetmap.org/node/13478189101
Manufacturer: Flock Safety
Direction: 130
Zone: traffic
Camera type: fixed</description>
      <Point>
        <coordinates>-84.4797463,33.9539573,0</coordinates>
      </Point>
    </Placemark>
    <Placemark>
      <name>ALPR</name>
      <description>OSM node: https://www.openstreetmap.org/node/13478216801
Manufacturer: Flock Safety
Direction: 192
Zone: traffic
Camera type: fixed</description>
      <Point>
        <coordinates>-84.8262889,34.1507883,0</coordinates>
      </Point>
    </Placemark>
    <Placemark>
      <name>ALPR</name>
      <description>OSM node: https://www.openstreetmap.org/node/13478391931
Manufacturer: Flock Safety
Direction: 150
Camera type: fixed</description>
      <Point>
        <coordinates>-84.2629298,33.5535545,0</coordinates>
      </Point>
    </Placemark>
    <Placemark>
      <name>ALPR</name>
      <description>OSM node: https://www.openstreetmap.org/node/13478391932
Manufacturer: Flock Safety
Direction: 235
Camera type: fixed</description>
      <Point>
        <coordinates>-84.2623585,33.5534684,0</coordinates>
      </Point>
    </Placemark>
    <Placemark>
      <name>ALPR</name>
      <description>OSM node: https://www.openstreetmap.org/node/13478391933
Manufacturer: Flock Safety
Direction: 85
Camera type: fixed</description>
      <Point>
        <coordinates>-84.2938551,33.5915033,0</coordinates>
      </Point>
    </Placemark>
    <Placemark>
      <name>ALPR</name>
      <description>OSM node: https://www.openstreetmap.org/node/13478391934
Manufacturer: Flock Safety
Direction: 245
Camera type: fixed</description>
      <Point>
        <coordinates>-84.2917805,33.5814179,0</coordinates>
      </Point>
    </Placemark>
    <Placemark>
      <name>ALPR</name>
      <description>OSM node: https://www.openstreetmap.org/node/13478966201
Manufacturer: Flock Safety
Direction: 59-104
Zone: traffic
Camera type: fixed</description>
      <Point>
        <coordinates>-83.6793052,32.8147575,0</coordinates>
      </Point>
    </Placemark>
    <Placemark>
      <name>ALPR</name>
      <description>OSM node: https://www.openstreetmap.org/node/13479017401
Manufacturer: Flock Safety
Direction: 229-274
Zone: traffic
Camera type: fixed</description>
      <Point>
        <coordinates>-83.6110118,32.8483069,0</coordinates>
      </Point>
    </Placemark>
    <Placemark>
      <name>ALPR</name>
      <description>OSM node: https://www.openstreetmap.org/node/13479017801
Manufacturer: Flock Safety
Direction: 28-73
Zone: traffic
Camera type: fixed</description>
      <Point>
        <coordinates>-83.5315354,32.8490465,0</coordinates>
      </Point>
    </Placemark>
    <Placemark>
      <name>ALPR</name>
      <description>OSM node: https://www.openstreetmap.org/node/13479599801
Manufacturer: Flock Safety
Direction: 168
Zone: traffic
Camera type: fixed</description>
      <Point>
        <coordinates>-83.9845127,33.9891614,0</coordinates>
      </Point>
    </Placemark>
    <Placemark>
      <name>ALPR</name>
      <description>OSM node: https://www.openstreetmap.org/node/13479713301
Manufacturer: Flock Safety
Direction: 150
Zone: traffic
Camera type: fixed</description>
      <Point>
        <coordinates>-84.2530225,34.0230656,0</coordinates>
      </Point>
    </Placemark>
    <Placemark>
      <name>ALPR</name>
      <description>OSM node: https://www.openstreetmap.org/node/13479789302
Manufacturer: Flock Safety
Direction: 0
Zone: traffic
Camera type: fixed</description>
      <Point>
        <coordinates>-81.9743711,33.4808454,0</coordinates>
      </Point>
    </Placemark>
    <Placemark>
      <name>ALPR</name>
      <description>OSM node: https://www.openstreetmap.org/node/13479808101
Manufacturer: Flock Safety
Direction: 0
Zone: traffic
Camera type: fixed</description>
      <Point>
        <coordinates>-82.0241515,33.4477944,0</coordinates>
      </Point>
    </Placemark>
    <Placemark>
      <name>ALPR</name>
      <description>OSM node: https://www.openstreetmap.org/node/13480088101
Manufacturer: Flock Safety
Direction: 0
Zone: traffic
Camera type: fixed</description>
      <Point>
        <coordinates>-84.2412967,33.8829891,0</coordinates>
      </Point>
    </Placemark>
    <Placemark>
      <name>ALPR</name>
      <description>OSM node: https://www.openstreetmap.org/node/13480090301
Manufacturer: Flock Safety
Direction: 45
Zone: traffic
Camera type: fixed</description>
      <Point>
        <coordinates>-84.2413963,33.8838548,0</coordinates>
      </Point>
    </Placemark>
    <Placemark>
      <name>ALPR</name>
      <description>OSM node: https://www.openstreetmap.org/node/13480275621
Manufacturer: Flock Safety
Direction: 95
Camera type: fixed</description>
      <Point>
        <coordinates>-84.4056391,33.8204824,0</coordinates>
      </Point>
    </Placemark>
    <Placemark>
      <name>ALPR</name>
      <description>OSM node: https://www.openstreetmap.org/node/13480293501
Manufacturer: Flock Safety
Direction: 221
Zone: traffic
Camera type: fixed</description>
      <Point>
        <coordinates>-84.2923038,34.0447359,0</coordinates>
      </Point>
    </Placemark>
    <Placemark>
      <name>ALPR</name>
      <description>OSM node: https://www.openstreetmap.org/node/13480338401
Manufacturer: Flock Safety
Direction: 243
Zone: traffic
Camera type: fixed</description>
      <Point>
        <coordinates>-84.2925924,34.0455426,0</coordinates>
      </Point>
    </Placemark>
    <Placemark>
      <name>ALPR</name>
      <description>OSM node: https://www.openstreetmap.org/node/13480343101
Manufacturer: Flock Safety
Direction: 199
Zone: traffic
Camera type: fixed</description>
      <Point>
        <coordinates>-84.2888947,34.0479666,0</coordinates>
      </Point>
    </Placemark>
    <Placemark>
      <name>ALPR</name>
      <description>OSM node: https://www.openstreetmap.org/node/13481162401
Manufacturer: Flock Safety
Direction: 126
Zone: traffic
Camera type: fixed</description>
      <Point>
        <coordinates>-84.1215904,33.879491,0</coordinates>
      </Point>
    </Placemark>
    <Placemark>
      <name>ALPR</name>
      <description>OSM node: https://www.openstreetmap.org/node/13482037102
Manufacturer: Flock Safety
Direction: 218-263
Zone: traffic
Camera type: fixed</description>
      <Point>
        <coordinates>-84.2809005,33.7917192,0</coordinates>
      </Point>
    </Placemark>
    <Placemark>
      <name>ALPR</name>
      <description>OSM node: https://www.openstreetmap.org/node/13482040301
Manufacturer: Flock Safety
Direction: 105-150
Zone: traffic
Camera type: fixed</description>
      <Point>
        <coordinates>-84.2808451,33.7916271,0</coordinates>
      </Point>
    </Placemark>
    <Placemark>
      <name>ALPR</name>
      <description>OSM node: https://www.openstreetmap.org/node/13482117702
Manufacturer: Flock Safety
Direction: 221
Zone: traffic
Camera type: fixed</description>
      <Point>
        <coordinates>-85.0740649,33.5461237,0</coordinates>
      </Point>
    </Placemark>
    <Placemark>
      <name>ALPR</name>
      <description>OSM node: https://www.openstreetmap.org/node/13482133684
Manufacturer: Flock Safety
Direction: 325
Zone: street
Camera type: fixed</description>
      <Point>
        <coordinates>-82.0323295,33.420258,0</coordinates>
      </Point>
    </Placemark>
    <Placemark>
      <name>The Home Depot ALPR</name>
      <description>OSM node: https://www.openstreetmap.org/node/13482396101
Operator: The Home Depot
Manufacturer: Flock Safety
Direction: 8
Zone: traffic
Camera type: fixed</description>
      <Point>
        <coordinates>-84.1898835,33.8675496,0</coordinates>
      </Point>
    </Placemark>
    <Placemark>
      <name>ALPR</name>
      <description>OSM node: https://www.openstreetmap.org/node/13482416201
Manufacturer: Flock Safety
Direction: 130
Zone: traffic
Camera type: fixed</description>
      <Point>
        <coordinates>-81.1612477,31.9818972,0</coordinates>
      </Point>
    </Placemark>
    <Placemark>
      <name>ALPR</name>
      <description>OSM node: https://www.openstreetmap.org/node/13482507601
Manufacturer: Flock Safety
Direction: 86;219
Zone: traffic
Camera type: fixed</description>
      <Point>
        <coordinates>-83.401286,33.9615292,0</coordinates>
      </Point>
    </Placemark>
    <Placemark>
      <name>ALPR</name>
      <description>OSM node: https://www.openstreetmap.org/node/13482512901
Manufacturer: Flock Safety
Direction: 348
Zone: traffic
Camera type: fixed</description>
      <Point>
        <coordinates>-83.3984459,33.9623038,0</coordinates>
      </Point>
    </Placemark>
    <Placemark>
      <name>ALPR</name>
      <description>OSM node: https://www.openstreetmap.org/node/13482527701
Manufacturer: Flock Safety
Direction: 304
Zone: traffic
Camera type: fixed</description>
      <Point>
        <coordinates>-84.07495,34.1620188,0</coordinates>
      </Point>
    </Placemark>
    <Placemark>
      <name>ALPR</name>
      <description>OSM node: https://www.openstreetmap.org/node/13482551201
Manufacturer: Flock Safety
Direction: 194
Zone: traffic
Camera type: fixed</description>
      <Point>
        <coordinates>-83.3984973,33.9624196,0</coordinates>
      </Point>
    </Placemark>
    <Placemark>
      <name>Flock Safety ALPR</name>
      <description>OSM node: https://www.openstreetmap.org/node/13482931000
Operator: Flock Safety
Zone: traffic
Camera type: dome</description>
      <Point>
        <coordinates>-84.953205,32.5442716,0</coordinates>
      </Point>
    </Placemark>
    <Placemark>
      <name>ALPR</name>
      <description>OSM node: https://www.openstreetmap.org/node/13482952397
Manufacturer: Flock Safety
Direction: 35
Camera type: fixed</description>
      <Point>
        <coordinates>-84.3841105,33.7818329,0</coordinates>
      </Point>
    </Placemark>
    <Placemark>
      <name>ALPR</name>
      <description>OSM node: https://www.openstreetmap.org/node/13483043916
Manufacturer: Flock Safety
Direction: 210
Camera type: fixed</description>
      <Point>
        <coordinates>-84.6187774,33.8594954,0</coordinates>
      </Point>
    </Placemark>
    <Placemark>
      <name>ALPR</name>
      <description>OSM node: https://www.openstreetmap.org/node/13483044921
Manufacturer: Flock Safety
Direction: 195
Camera type: fixed</description>
      <Point>
        <coordinates>-84.6138938,33.8550836,0</coordinates>
      </Point>
    </Placemark>
    <Placemark>
      <name>ALPR</name>
      <description>OSM node: https://www.openstreetmap.org/node/13483044922
Manufacturer: Flock Safety
Direction: 10
Camera type: fixed</description>
      <Point>
        <coordinates>-84.6136949,33.8550844,0</coordinates>
      </Point>
    </Placemark>
    <Placemark>
      <name>ALPR</name>
      <description>OSM node: https://www.openstreetmap.org/node/13483622201
Manufacturer: Flock Safety
Direction: 0
Zone: traffic
Camera type: fixed</description>
      <Point>
        <coordinates>-84.5538541,33.296911,0</coordinates>
      </Point>
    </Placemark>
    <Placemark>
      <name>ALPR</name>
      <description>OSM node: https://www.openstreetmap.org/node/13484867801
Manufacturer: Flock Safety
Direction: 27
Zone: traffic
Camera type: fixed</description>
      <Point>
        <coordinates>-84.9990564,33.6136809,0</coordinates>
      </Point>
    </Placemark>
    <Placemark>
      <name>ALPR</name>
      <description>OSM node: https://www.openstreetmap.org/node/13484868601
Manufacturer: Flock Safety
Direction: 194
Zone: traffic
Camera type: fixed</description>
      <Point>
        <coordinates>-84.9986532,33.6149265,0</coordinates>
      </Point>
    </Placemark>
    <Placemark>
      <name>ALPR</name>
      <description>OSM node: https://www.openstreetmap.org/node/13484894601
Manufacturer: Flock Safety
Direction: 161
Zone: traffic
Camera type: fixed</description>
      <Point>
        <coordinates>-83.7659943,33.9480958,0</coordinates>
      </Point>
    </Placemark>
    <Placemark>
      <name>ALPR</name>
      <description>OSM node: https://www.openstreetmap.org/node/13484915202
Manufacturer: Flock Safety
Direction: 19
Zone: traffic
Camera type: fixed</description>
      <Point>
        <coordinates>-81.495285,31.2258647,0</coordinates>
      </Point>
    </Placemark>
    <Placemark>
      <name>ALPR</name>
      <description>OSM node: https://www.openstreetmap.org/node/13484918801
Manufacturer: Flock Safety
Direction: 133
Zone: traffic
Camera type: fixed</description>
      <Point>
        <coordinates>-81.480565,31.214453,0</coordinates>
      </Point>
    </Placemark>
    <Placemark>
      <name>ALPR</name>
      <description>OSM node: https://www.openstreetmap.org/node/13495213301
Manufacturer: Flock Safety
Direction: 241
Zone: traffic
Camera type: fixed</description>
      <Point>
        <coordinates>-84.2485379,33.8036018,0</coordinates>
      </Point>
    </Placemark>
    <Placemark>
      <name>ALPR</name>
      <description>OSM node: https://www.openstreetmap.org/node/13500679201
Manufacturer: Flock Safety
Direction: 88
Zone: traffic
Camera type: fixed</description>
      <Point>
        <coordinates>-84.0296084,34.035456,0</coordinates>
      </Point>
    </Placemark>
    <Placemark>
      <name>ALPR</name>
      <description>OSM node: https://www.openstreetmap.org/node/13501173201
Manufacturer: Flock Safety
Direction: 85;297
Zone: traffic
Camera type: fixed</description>
      <Point>
        <coordinates>-83.6906545,32.8470138,0</coordinates>
      </Point>
    </Placemark>
    <Placemark>
      <name>ALPR</name>
      <description>OSM node: https://www.openstreetmap.org/node/13501206701
Manufacturer: Flock Safety
Direction: 261;137
Zone: traffic
Camera type: fixed</description>
      <Point>
        <coordinates>-83.6894738,32.8471448,0</coordinates>
      </Point>
    </Placemark>
    <Placemark>
      <name>ALPR</name>
      <description>OSM node: https://www.openstreetmap.org/node/13502490502
Manufacturer: Flock Safety
Direction: 0
Zone: traffic
Camera type: fixed</description>
      <Point>
        <coordinates>-84.3034774,33.7549077,0</coordinates>
      </Point>
    </Placemark>
    <Placemark>
      <name>ALPR</name>
      <description>OSM node: https://www.openstreetmap.org/node/13502547701
Manufacturer: Flock Safety
Direction: 175
Zone: traffic
Camera type: fixed</description>
      <Point>
        <coordinates>-84.267028,33.7775999,0</coordinates>
      </Point>
    </Placemark>
    <Placemark>
      <name>ALPR</name>
      <description>OSM node: https://www.openstreetmap.org/node/13502663401
Manufacturer: Flock Safety
Direction: 17
Zone: traffic
Camera type: fixed</description>
      <Point>
        <coordinates>-85.0579825,33.5868202,0</coordinates>
      </Point>
    </Placemark>
    <Placemark>
      <name>ALPR</name>
      <description>OSM node: https://www.openstreetmap.org/node/13502812201
Manufacturer: Flock Safety
Direction: 157
Zone: traffic
Camera type: fixed</description>
      <Point>
        <coordinates>-85.0672035,33.5912962,0</coordinates>
      </Point>
    </Placemark>
    <Placemark>
      <name>ALPR</name>
      <description>OSM node: https://www.openstreetmap.org/node/13502855001
Manufacturer: Flock Safety
Direction: 151
Zone: traffic
Camera type: fixed</description>
      <Point>
        <coordinates>-85.0764769,33.5420086,0</coordinates>
      </Point>
    </Placemark>
    <Placemark>
      <name>ALPR</name>
      <description>OSM node: https://www.openstreetmap.org/node/13502863501
Manufacturer: Flock Safety
Direction: 343
Zone: traffic
Camera type: fixed</description>
      <Point>
        <coordinates>-85.0730451,33.5550312,0</coordinates>
      </Point>
    </Placemark>
    <Placemark>
      <name>Police ALPR</name>
      <description>OSM node: https://www.openstreetmap.org/node/13504618801
Operator: Police
Manufacturer: Flock Safety
Direction: 148
Zone: traffic
Camera type: fixed</description>
      <Point>
        <coordinates>-81.377219,31.1846955,0</coordinates>
      </Point>
    </Placemark>
    <Placemark>
      <name>ALPR</name>
      <description>OSM node: https://www.openstreetmap.org/node/13504638301
Manufacturer: Flock Safety
Direction: 264
Zone: traffic
Camera type: fixed</description>
      <Point>
        <coordinates>-81.0988932,32.0445596,0</coordinates>
      </Point>
    </Placemark>
    <Placemark>
      <name>ALPR</name>
      <description>OSM node: https://www.openstreetmap.org/node/13504658801
Manufacturer: Flock Safety
Direction: 72
Zone: traffic
Camera type: fixed</description>
      <Point>
        <coordinates>-84.3780246,33.9190394,0</coordinates>
      </Point>
    </Placemark>
    <Placemark>
      <name>ALPR</name>
      <description>OSM node: https://www.openstreetmap.org/node/13504676101
Manufacturer: Flock Safety
Direction: 59
Zone: traffic
Camera type: fixed</description>
      <Point>
        <coordinates>-84.1511514,34.0380298,0</coordinates>
      </Point>
    </Placemark>
    <Placemark>
      <name>ALPR</name>
      <description>OSM node: https://www.openstreetmap.org/node/13504883001
Manufacturer: Flock Safety
Direction: 230-275
Zone: traffic
Camera type: fixed</description>
      <Point>
        <coordinates>-83.715115,33.9756825,0</coordinates>
      </Point>
    </Placemark>
    <Placemark>
      <name>ALPR</name>
      <description>OSM node: https://www.openstreetmap.org/node/13504888901
Manufacturer: Flock Safety
Direction: 62-107
Zone: traffic
Camera type: fixed</description>
      <Point>
        <coordinates>-83.7159386,33.9767269,0</coordinates>
      </Point>
    </Placemark>
    <Placemark>
      <name>ALPR</name>
      <description>OSM node: https://www.openstreetmap.org/node/13504928701
Manufacturer: Flock Safety
Direction: 307-352
Zone: traffic
Camera type: fixed</description>
      <Point>
        <coordinates>-83.540639,32.8120749,0</coordinates>
      </Point>
    </Placemark>
    <Placemark>
      <name>The Home Depot ALPR</name>
      <description>OSM node: https://www.openstreetmap.org/node/13505069901
Operator: The Home Depot
Manufacturer: Genetec
Direction: 0
Zone: traffic
Camera type: fixed</description>
      <Point>
        <coordinates>-83.7129411,32.8219439,0</coordinates>
      </Point>
    </Placemark>
    <Placemark>
      <name>ALPR</name>
      <description>OSM node: https://www.openstreetmap.org/node/13505428801
Manufacturer: Flock Safety
Direction: 102
Zone: traffic
Camera type: fixed</description>
      <Point>
        <coordinates>-85.0663885,33.5801518,0</coordinates>
      </Point>
    </Placemark>
    <Placemark>
      <name>ALPR</name>
      <description>OSM node: https://www.openstreetmap.org/node/13506793301
Manufacturer: Flock Safety
Direction: 231-276
Zone: traffic
Camera type: fixed</description>
      <Point>
        <coordinates>-83.5574141,32.8416711,0</coordinates>
      </Point>
    </Placemark>
    <Placemark>
      <name>ALPR</name>
      <description>OSM node: https://www.openstreetmap.org/node/13507343602
Manufacturer: Flock Safety
Direction: 263
Zone: traffic
Camera type: fixed</description>
      <Point>
        <coordinates>-83.9390347,33.8818429,0</coordinates>
      </Point>
    </Placemark>
    <Placemark>
      <name>ALPR</name>
      <description>OSM node: https://www.openstreetmap.org/node/13507352601
Manufacturer: Flock Safety
Direction: 32
Zone: traffic
Camera type: fixed</description>
      <Point>
        <coordinates>-84.5024446,33.5805201,0</coordinates>
      </Point>
    </Placemark>
    <Placemark>
      <name>ALPR</name>
      <description>OSM node: https://www.openstreetmap.org/node/13507355701
Manufacturer: Flock Safety
Direction: 185
Zone: traffic
Camera type: fixed</description>
      <Point>
        <coordinates>-84.4984575,33.5786949,0</coordinates>
      </Point>
    </Placemark>
    <Placemark>
      <name>ALPR</name>
      <description>OSM node: https://www.openstreetmap.org/node/13507359101
Manufacturer: Flock Safety
Direction: 20
Zone: traffic
Camera type: fixed</description>
      <Point>
        <coordinates>-84.412119,33.601265,0</coordinates>
      </Point>
    </Placemark>
    <Placemark>
      <name>ALPR</name>
      <description>OSM node: https://www.openstreetmap.org/node/13507530301
Manufacturer: Flock Safety
Direction: 27
Zone: traffic
Camera type: fixed</description>
      <Point>
        <coordinates>-83.9631149,33.9022148,0</coordinates>
      </Point>
    </Placemark>
    <Placemark>
      <name>ALPR</name>
      <description>OSM node: https://www.openstreetmap.org/node/13507548143
Manufacturer: Flock Safety
Direction: 345</description>
      <Point>
        <coordinates>-84.6200765,33.614719,0</coordinates>
      </Point>
    </Placemark>
    <Placemark>
      <name>ALPR</name>
      <description>OSM node: https://www.openstreetmap.org/node/13508485301
Manufacturer: Flock Safety
Direction: 61
Zone: traffic
Camera type: fixed</description>
      <Point>
        <coordinates>-85.4217551,34.0837007,0</coordinates>
      </Point>
    </Placemark>
    <Placemark>
      <name>ALPR</name>
      <description>OSM node: https://www.openstreetmap.org/node/13508486301
Manufacturer: Flock Safety
Direction: 164
Zone: traffic
Camera type: fixed</description>
      <Point>
        <coordinates>-85.35575,34.2524034,0</coordinates>
      </Point>
    </Placemark>
    <Placemark>
      <name>ALPR</name>
      <description>OSM node: https://www.openstreetmap.org/node/13509668401
Manufacturer: Flock Safety
Direction: 84
Zone: traffic
Camera type: fixed</description>
      <Point>
        <coordinates>-83.5580386,33.9411798,0</coordinates>
      </Point>
    </Placemark>
    <Placemark>
      <name>ALPR</name>
      <description>OSM node: https://www.openstreetmap.org/node/13510290601
Manufacturer: Flock Safety
Direction: 266
Zone: traffic
Camera type: fixed</description>
      <Point>
        <coordinates>-84.2940423,33.7515878,0</coordinates>
      </Point>
    </Placemark>
    <Placemark>
      <name>ALPR</name>
      <description>OSM node: https://www.openstreetmap.org/node/13510340101
Manufacturer: Flock Safety
Direction: 341
Zone: traffic
Camera type: fixed</description>
      <Point>
        <coordinates>-85.3505011,34.1165029,0</coordinates>
      </Point>
    </Placemark>
    <Placemark>
      <name>ALPR</name>
      <description>OSM node: https://www.openstreetmap.org/node/13510385501
Manufacturer: Flock Safety
Direction: 353
Zone: traffic
Camera type: fixed</description>
      <Point>
        <coordinates>-85.3437427,34.2615397,0</coordinates>
      </Point>
    </Placemark>
    <Placemark>
      <name>ALPR</name>
      <description>OSM node: https://www.openstreetmap.org/node/13510387401
Manufacturer: Flock Safety
Direction: 261
Zone: traffic
Camera type: fixed</description>
      <Point>
        <coordinates>-81.102148,32.0700963,0</coordinates>
      </Point>
    </Placemark>
    <Placemark>
      <name>ALPR</name>
      <description>OSM node: https://www.openstreetmap.org/node/13510454201
Manufacturer: Flock Safety
Direction: 266
Zone: traffic
Camera type: fixed</description>
      <Point>
        <coordinates>-81.1080419,32.0705103,0</coordinates>
      </Point>
    </Placemark>
    <Placemark>
      <name>ALPR</name>
      <description>OSM node: https://www.openstreetmap.org/node/13510619502
Manufacturer: Flock Safety
Direction: 147
Zone: traffic
Camera type: fixed</description>
      <Point>
        <coordinates>-84.6819679,33.4027686,0</coordinates>
      </Point>
    </Placemark>
    <Placemark>
      <name>ALPR</name>
      <description>OSM node: https://www.openstreetmap.org/node/13510647701
Manufacturer: Flock Safety
Direction: 100
Zone: traffic
Camera type: fixed</description>
      <Point>
        <coordinates>-81.5653495,31.1335848,0</coordinates>
      </Point>
    </Placemark>
    <Placemark>
      <name>ALPR</name>
      <description>OSM node: https://www.openstreetmap.org/node/13510658801
Manufacturer: Flock Safety
Direction: 303
Zone: traffic
Camera type: fixed</description>
      <Point>
        <coordinates>-84.3675011,33.8444874,0</coordinates>
      </Point>
    </Placemark>
    <Placemark>
      <name>ALPR</name>
      <description>OSM node: https://www.openstreetmap.org/node/13510702602
Manufacturer: Flock Safety
Direction: 135
Zone: traffic
Camera type: fixed</description>
      <Point>
        <coordinates>-84.34163,33.7845139,0</coordinates>
      </Point>
    </Placemark>
    <Placemark>
      <name>ALPR</name>
      <description>OSM node: https://www.openstreetmap.org/node/13510738601
Manufacturer: Flock Safety
Direction: 263
Zone: traffic
Camera type: fixed</description>
      <Point>
        <coordinates>-84.6835033,33.408477,0</coordinates>
      </Point>
    </Placemark>
    <Placemark>
      <name>ALPR</name>
      <description>OSM node: https://www.openstreetmap.org/node/13510760470
Manufacturer: Flock Safety
Direction: 250
Zone: traffic</description>
      <Point>
        <coordinates>-83.7587486,33.9922453,0</coordinates>
      </Point>
    </Placemark>
    <Placemark>
      <name>ALPR</name>
      <description>OSM node: https://www.openstreetmap.org/node/13510761201
Manufacturer: Flock Safety
Direction: 40
Zone: traffic
Camera type: fixed</description>
      <Point>
        <coordinates>-85.0779425,33.5940075,0</coordinates>
      </Point>
    </Placemark>
    <Placemark>
      <name>ALPR</name>
      <description>OSM node: https://www.openstreetmap.org/node/13510773818
Manufacturer: Flock Safety
Direction: 160
Zone: entrance</description>
      <Point>
        <coordinates>-83.7279732,34.0060566,0</coordinates>
      </Point>
    </Placemark>
    <Placemark>
      <name>ALPR</name>
      <description>OSM node: https://www.openstreetmap.org/node/13510776701
Manufacturer: Flock Safety
Direction: 343
Zone: traffic
Camera type: fixed</description>
      <Point>
        <coordinates>-84.3920222,33.7713251,0</coordinates>
      </Point>
    </Placemark>
    <Placemark>
      <name>ALPR</name>
      <description>OSM node: https://www.openstreetmap.org/node/13512200602
Manufacturer: Flock Safety
Direction: 197
Zone: traffic
Camera type: fixed</description>
      <Point>
        <coordinates>-84.4284308,33.664762,0</coordinates>
      </Point>
    </Placemark>
    <Placemark>
      <name>ALPR</name>
      <description>OSM node: https://www.openstreetmap.org/node/13512200603
Manufacturer: Flock Safety
Direction: 278
Zone: traffic
Camera type: fixed</description>
      <Point>
        <coordinates>-84.4286688,33.6656657,0</coordinates>
      </Point>
    </Placemark>
    <Placemark>
      <name>ALPR</name>
      <description>OSM node: https://www.openstreetmap.org/node/13512222601
Manufacturer: Flock Safety
Direction: 166
Zone: traffic
Camera type: fixed</description>
      <Point>
        <coordinates>-84.4283428,33.664138,0</coordinates>
      </Point>
    </Placemark>
    <Placemark>
      <name>ALPR</name>
      <description>OSM node: https://www.openstreetmap.org/node/13512226001
Manufacturer: Flock Safety
Direction: 211
Zone: traffic
Camera type: fixed</description>
      <Point>
        <coordinates>-84.4409062,33.6693452,0</coordinates>
      </Point>
    </Placemark>
    <Placemark>
      <name>ALPR</name>
      <description>OSM node: https://www.openstreetmap.org/node/13512342601
Manufacturer: Flock Safety
Direction: 147
Zone: traffic
Camera type: fixed</description>
      <Point>
        <coordinates>-83.4020896,32.4947776,0</coordinates>
      </Point>
    </Placemark>
    <Placemark>
      <name>ALPR</name>
      <description>OSM node: https://www.openstreetmap.org/node/13512354401
Manufacturer: Motorola Solutions
Direction: 193
Zone: traffic
Camera type: fixed</description>
      <Point>
        <coordinates>-84.4891882,34.4405446,0</coordinates>
      </Point>
    </Placemark>
    <Placemark>
      <name>ALPR</name>
      <description>OSM node: https://www.openstreetmap.org/node/13512440001
Manufacturer: Flock Safety
Direction: 347
Zone: traffic
Camera type: fixed</description>
      <Point>
        <coordinates>-84.446466,33.6084086,0</coordinates>
      </Point>
    </Placemark>
    <Placemark>
      <name>ALPR</name>
      <description>OSM node: https://www.openstreetmap.org/node/13512440002
Manufacturer: Flock Safety
Direction: 108
Zone: traffic
Camera type: fixed</description>
      <Point>
        <coordinates>-84.4342589,33.604397,0</coordinates>
      </Point>
    </Placemark>
    <Placemark>
      <name>ALPR</name>
      <description>OSM node: https://www.openstreetmap.org/node/13512441101
Manufacturer: Flock Safety
Direction: 132
Zone: traffic
Camera type: fixed</description>
      <Point>
        <coordinates>-84.4466698,33.6086409,0</coordinates>
      </Point>
    </Placemark>
    <Placemark>
      <name>ALPR</name>
      <description>OSM node: https://www.openstreetmap.org/node/13512543601
Manufacturer: Flock Safety
Direction: 0
Zone: traffic
Camera type: fixed</description>
      <Point>
        <coordinates>-83.1573167,32.2191897,0</coordinates>
      </Point>
    </Placemark>
    <Placemark>
      <name>ALPR</name>
      <description>OSM node: https://www.openstreetmap.org/node/13512607201
Manufacturer: Flock Safety
Direction: 216
Zone: traffic
Camera type: fixed</description>
      <Point>
        <coordinates>-83.0859522,32.526101,0</coordinates>
      </Point>
    </Placemark>
    <Placemark>
      <name>ALPR</name>
      <description>OSM node: https://www.openstreetmap.org/node/13512635801
Manufacturer: Flock Safety
Direction: 34
Zone: traffic
Camera type: fixed</description>
      <Point>
        <coordinates>-83.0427357,32.5601028,0</coordinates>
      </Point>
    </Placemark>
    <Placemark>
      <name>ALPR</name>
      <description>OSM node: https://www.openstreetmap.org/node/13512699501
Manufacturer: Flock Safety
Direction: 301
Zone: traffic
Camera type: fixed</description>
      <Point>
        <coordinates>-83.2153172,32.9980017,0</coordinates>
      </Point>
    </Placemark>
    <Placemark>
      <name>ALPR</name>
      <description>OSM node: https://www.openstreetmap.org/node/13512703301
Manufacturer: Flock Safety
Direction: 120
Zone: traffic
Camera type: fixed</description>
      <Point>
        <coordinates>-83.2340066,33.0229774,0</coordinates>
      </Point>
    </Placemark>
    <Placemark>
      <name>ALPR</name>
      <description>OSM node: https://www.openstreetmap.org/node/13512709301
Manufacturer: Flock Safety
Direction: 324
Zone: traffic
Camera type: fixed</description>
      <Point>
        <coordinates>-85.0752645,33.5905714,0</coordinates>
      </Point>
    </Placemark>
    <Placemark>
      <name>ALPR</name>
      <description>OSM node: https://www.openstreetmap.org/node/13512722201
Manufacturer: Flock Safety
Direction: 347
Zone: traffic
Camera type: fixed</description>
      <Point>
        <coordinates>-83.2606007,33.084216,0</coordinates>
      </Point>
    </Placemark>
    <Placemark>
      <name>ALPR</name>
      <description>OSM node: https://www.openstreetmap.org/node/13512878401
Manufacturer: Flock Safety
Direction: 0
Zone: traffic
Camera type: fixed</description>
      <Point>
        <coordinates>-82.7143753,33.7276067,0</coordinates>
      </Point>
    </Placemark>
    <Placemark>
      <name>ALPR</name>
      <description>OSM node: https://www.openstreetmap.org/node/13512878402
Manufacturer: Flock Safety
Direction: 193
Zone: traffic
Camera type: fixed</description>
      <Point>
        <coordinates>-82.7205766,33.7255435,0</coordinates>
      </Point>
    </Placemark>
    <Placemark>
      <name>ALPR</name>
      <description>OSM node: https://www.openstreetmap.org/node/13512929601
Manufacturer: Flock Safety
Direction: 11
Zone: traffic
Camera type: fixed</description>
      <Point>
        <coordinates>-82.7206068,33.7242608,0</coordinates>
      </Point>
    </Placemark>
    <Placemark>
      <name>ALPR</name>
      <description>OSM node: https://www.openstreetmap.org/node/13512942801
Manufacturer: Flock Safety
Direction: 0
Zone: traffic
Camera type: fixed</description>
      <Point>
        <coordinates>-82.7605307,33.7232961,0</coordinates>
      </Point>
    </Placemark>
    <Placemark>
      <name>ALPR</name>
      <description>OSM node: https://www.openstreetmap.org/node/13512945601
Manufacturer: Flock Safety
Direction: 227
Zone: traffic
Camera type: fixed</description>
      <Point>
        <coordinates>-82.7520498,33.7331203,0</coordinates>
      </Point>
    </Placemark>
    <Placemark>
      <name>ALPR</name>
      <description>OSM node: https://www.openstreetmap.org/node/13512948101
Manufacturer: Flock Safety
Direction: 93
Zone: traffic
Camera type: fixed</description>
      <Point>
        <coordinates>-82.7466209,33.7373142,0</coordinates>
      </Point>
    </Placemark>
    <Placemark>
      <name>ALPR</name>
      <description>OSM node: https://www.openstreetmap.org/node/13512950101
Manufacturer: Flock Safety
Direction: 141
Zone: traffic
Camera type: fixed</description>
      <Point>
        <coordinates>-82.7467522,33.7455589,0</coordinates>
      </Point>
    </Placemark>
    <Placemark>
      <name>ALPR</name>
      <description>OSM node: https://www.openstreetmap.org/node/13512956101
Manufacturer: Flock Safety
Direction: 0
Zone: traffic
Camera type: fixed</description>
      <Point>
        <coordinates>-82.759633,33.744615,0</coordinates>
      </Point>
    </Placemark>
    <Placemark>
      <name>ALPR</name>
      <description>OSM node: https://www.openstreetmap.org/node/13512990901
Manufacturer: Flock Safety
Direction: 285
Zone: traffic
Camera type: fixed</description>
      <Point>
        <coordinates>-82.7172034,33.727738,0</coordinates>
      </Point>
    </Placemark>
    <Placemark>
      <name>ALPR</name>
      <description>OSM node: https://www.openstreetmap.org/node/13513064201
Manufacturer: Flock Safety
Direction: 124
Zone: traffic
Camera type: fixed</description>
      <Point>
        <coordinates>-82.4965336,33.5069671,0</coordinates>
      </Point>
    </Placemark>
    <Placemark>
      <name>ALPR</name>
      <description>OSM node: https://www.openstreetmap.org/node/13513075701
Manufacturer: Flock Safety
Direction: 93
Zone: traffic
Camera type: fixed</description>
      <Point>
        <coordinates>-82.4726403,33.4758967,0</coordinates>
      </Point>
    </Placemark>
    <Placemark>
      <name>ALPR</name>
      <description>OSM node: https://www.openstreetmap.org/node/13513075702
Manufacturer: Flock Safety
Direction: 275
Zone: traffic
Camera type: fixed</description>
      <Point>
        <coordinates>-82.478541,33.4583965,0</coordinates>
      </Point>
    </Placemark>
    <Placemark>
      <name>ALPR</name>
      <description>OSM node: https://www.openstreetmap.org/node/13513197303
Manufacturer: Flock Safety
Direction: 0
Zone: traffic
Camera type: fixed</description>
      <Point>
        <coordinates>-82.5020723,33.5130308,0</coordinates>
      </Point>
    </Placemark>
    <Placemark>
      <name>ALPR</name>
      <description>OSM node: https://www.openstreetmap.org/node/13513501701
Manufacturer: Flock Safety
Direction: 0
Zone: traffic
Camera type: fixed</description>
      <Point>
        <coordinates>-84.2203702,34.0655818,0</coordinates>
      </Point>
    </Placemark>
    <Placemark>
      <name>ALPR</name>
      <description>OSM node: https://www.openstreetmap.org/node/13513508301
Manufacturer: Flock Safety
Direction: 179
Zone: traffic
Camera type: fixed</description>
      <Point>
        <coordinates>-84.0012332,33.9270323,0</coordinates>
      </Point>
    </Placemark>
    <Placemark>
      <name>ALPR</name>
      <description>OSM node: https://www.openstreetmap.org/node/13513510101
Manufacturer: Flock Safety
Direction: 54
Zone: traffic
Camera type: fixed</description>
      <Point>
        <coordinates>-83.9995491,33.9274594,0</coordinates>
      </Point>
    </Placemark>
    <Placemark>
      <name>ALPR</name>
      <description>OSM node: https://www.openstreetmap.org/node/13513513101
Manufacturer: Flock Safety
Direction: 0
Zone: traffic
Camera type: fixed</description>
      <Point>
        <coordinates>-84.0018779,33.9257981,0</coordinates>
      </Point>
    </Placemark>
    <Placemark>
      <name>ALPR</name>
      <description>OSM node: https://www.openstreetmap.org/node/13513534401
Manufacturer: Flock Safety
Direction: 279
Zone: traffic
Camera type: fixed</description>
      <Point>
        <coordinates>-84.3179394,33.7938405,0</coordinates>
      </Point>
    </Placemark>
    <Placemark>
      <name>ALPR</name>
      <description>OSM node: https://www.openstreetmap.org/node/13514820502
Manufacturer: Flock Safety
Direction: 162
Zone: traffic
Camera type: fixed</description>
      <Point>
        <coordinates>-85.0740707,33.5439192,0</coordinates>
      </Point>
    </Placemark>
    <Placemark>
      <name>ALPR</name>
      <description>OSM node: https://www.openstreetmap.org/node/13514830001
Manufacturer: Genetec
Direction: 244
Zone: traffic
Camera type: fixed</description>
      <Point>
        <coordinates>-84.3434931,33.9822462,0</coordinates>
      </Point>
    </Placemark>
    <Placemark>
      <name>ALPR</name>
      <description>OSM node: https://www.openstreetmap.org/node/13515278403
Manufacturer: Flock Safety
Direction: 321
Zone: traffic
Camera type: fixed</description>
      <Point>
        <coordinates>-83.7617868,34.1046631,0</coordinates>
      </Point>
    </Placemark>
    <Placemark>
      <name>ALPR</name>
      <description>OSM node: https://www.openstreetmap.org/node/13515321301
Manufacturer: Flock Safety
Direction: 156
Zone: traffic
Camera type: fixed</description>
      <Point>
        <coordinates>-83.7619403,34.1046503,0</coordinates>
      </Point>
    </Placemark>
    <Placemark>
      <name>ALPR</name>
      <description>OSM node: https://www.openstreetmap.org/node/13517507202
Manufacturer: Flock Safety
Direction: 176
Zone: traffic
Camera type: fixed</description>
      <Point>
        <coordinates>-84.5744541,33.9597407,0</coordinates>
      </Point>
    </Placemark>
    <Placemark>
      <name>ALPR</name>
      <description>OSM node: https://www.openstreetmap.org/node/13517508702
Manufacturer: Flock Safety
Direction: 267
Zone: traffic
Camera type: fixed</description>
      <Point>
        <coordinates>-84.5745328,33.9595502,0</coordinates>
      </Point>
    </Placemark>
    <Placemark>
      <name>ALPR</name>
      <description>OSM node: https://www.openstreetmap.org/node/13517521201
Manufacturer: Flock Safety
Direction: 53
Zone: traffic
Camera type: fixed</description>
      <Point>
        <coordinates>-85.1175892,33.5611663,0</coordinates>
      </Point>
    </Placemark>
    <Placemark>
      <name>ALPR</name>
      <description>OSM node: https://www.openstreetmap.org/node/13517522201
Manufacturer: Flock Safety
Direction: 100
Zone: traffic
Camera type: fixed</description>
      <Point>
        <coordinates>-84.5751374,33.959594,0</coordinates>
      </Point>
    </Placemark>
    <Placemark>
      <name>ALPR</name>
      <description>OSM node: https://www.openstreetmap.org/node/13517776201
Manufacturer: Flock Safety
Direction: 191
Zone: traffic
Camera type: fixed</description>
      <Point>
        <coordinates>-83.4007598,33.9587413,0</coordinates>
      </Point>
    </Placemark>
    <Placemark>
      <name>ALPR</name>
      <description>OSM node: https://www.openstreetmap.org/node/13517778001
Manufacturer: Flock Safety
Direction: 90
Zone: traffic
Camera type: fixed</description>
      <Point>
        <coordinates>-83.400728,33.9588098,0</coordinates>
      </Point>
    </Placemark>
    <Placemark>
      <name>ALPR</name>
      <description>OSM node: https://www.openstreetmap.org/node/13517795001
Manufacturer: Flock Safety
Direction: 0
Zone: traffic
Camera type: fixed</description>
      <Point>
        <coordinates>-84.5727803,34.0025937,0</coordinates>
      </Point>
    </Placemark>
    <Placemark>
      <name>ALPR</name>
      <description>OSM node: https://www.openstreetmap.org/node/13517799701
Manufacturer: Flock Safety
Direction: 346
Zone: traffic
Camera type: fixed</description>
      <Point>
        <coordinates>-84.580847,33.9950785,0</coordinates>
      </Point>
    </Placemark>
    <Placemark>
      <name>ALPR</name>
      <description>OSM node: https://www.openstreetmap.org/node/13517971590
Manufacturer: Flock Safety
Direction: 340
Zone: traffic
Camera type: fixed</description>
      <Point>
        <coordinates>-83.6033481,32.5913309,0</coordinates>
      </Point>
    </Placemark>
    <Placemark>
      <name>ALPR</name>
      <description>OSM node: https://www.openstreetmap.org/node/13518019701
Manufacturer: Flock Safety
Direction: 283
Zone: traffic
Camera type: fixed</description>
      <Point>
        <coordinates>-84.5291803,33.6190507,0</coordinates>
      </Point>
    </Placemark>
    <Placemark>
      <name>ALPR</name>
      <description>OSM node: https://www.openstreetmap.org/node/13518353288
Manufacturer: Flock Safety
Direction: 170;310
Zone: traffic
Camera type: fixed</description>
      <Point>
        <coordinates>-84.4106024,33.7805576,0</coordinates>
      </Point>
    </Placemark>
    <Placemark>
      <name>ALPR</name>
      <description>OSM node: https://www.openstreetmap.org/node/13518487886
Manufacturer: Flock Safety
Direction: 240
Camera type: fixed</description>
      <Point>
        <coordinates>-84.439126,33.6146761,0</coordinates>
      </Point>
    </Placemark>
    <Placemark>
      <name>ALPR</name>
      <description>OSM node: https://www.openstreetmap.org/node/13518487887
Manufacturer: Flock Safety
Direction: 40
Camera type: fixed</description>
      <Point>
        <coordinates>-84.4377464,33.6145601,0</coordinates>
      </Point>
    </Placemark>
    <Placemark>
      <name>ALPR</name>
      <description>OSM node: https://www.openstreetmap.org/node/13518487888
Manufacturer: Flock Safety
Direction: 225
Camera type: fixed</description>
      <Point>
        <coordinates>-84.4373938,33.6150461,0</coordinates>
      </Point>
    </Placemark>
    <Placemark>
      <name>ALPR</name>
      <description>OSM node: https://www.openstreetmap.org/node/13518487889
Manufacturer: Flock Safety
Direction: 320
Camera type: fixed</description>
      <Point>
        <coordinates>-84.4728607,33.6193606,0</coordinates>
      </Point>
    </Placemark>
    <Placemark>
      <name>ALPR</name>
      <description>OSM node: https://www.openstreetmap.org/node/13518487890
Manufacturer: Flock Safety
Direction: 45
Camera type: fixed</description>
      <Point>
        <coordinates>-84.4727776,33.6190659,0</coordinates>
      </Point>
    </Placemark>
    <Placemark>
      <name>ALPR</name>
      <description>OSM node: https://www.openstreetmap.org/node/13518487891
Manufacturer: Flock Safety
Direction: 255
Camera type: fixed</description>
      <Point>
        <coordinates>-84.457412,33.6162373,0</coordinates>
      </Point>
    </Placemark>
    <Placemark>
      <name>ALPR</name>
      <description>OSM node: https://www.openstreetmap.org/node/13518487892
Manufacturer: Flock Safety
Direction: 80
Camera type: fixed</description>
      <Point>
        <coordinates>-84.4574279,33.6159864,0</coordinates>
      </Point>
    </Placemark>
    <Placemark>
      <name>ALPR</name>
      <description>OSM node: https://www.openstreetmap.org/node/13518487893
Manufacturer: Flock Safety
Direction: 300
Camera type: fixed</description>
      <Point>
        <coordinates>-84.4545705,33.6447795,0</coordinates>
      </Point>
    </Placemark>
    <Placemark>
      <name>ALPR</name>
      <description>OSM node: https://www.openstreetmap.org/node/13518487894
Manufacturer: Flock Safety
Direction: 190
Camera type: fixed</description>
      <Point>
        <coordinates>-84.4567209,33.6436023,0</coordinates>
      </Point>
    </Placemark>
    <Placemark>
      <name>ALPR</name>
      <description>OSM node: https://www.openstreetmap.org/node/13518487895
Manufacturer: Flock Safety
Direction: 280
Camera type: fixed</description>
      <Point>
        <coordinates>-84.4550446,33.6436563,0</coordinates>
      </Point>
    </Placemark>
    <Placemark>
      <name>ALPR</name>
      <description>OSM node: https://www.openstreetmap.org/node/13518487896
Manufacturer: Flock Safety
Direction: 130
Camera type: fixed</description>
      <Point>
        <coordinates>-84.4550288,33.6436419,0</coordinates>
      </Point>
    </Placemark>
    <Placemark>
      <name>ALPR</name>
      <description>OSM node: https://www.openstreetmap.org/node/13518487897
Manufacturer: Flock Safety
Direction: 50
Camera type: fixed</description>
      <Point>
        <coordinates>-84.4564528,33.6439355,0</coordinates>
      </Point>
    </Placemark>
    <Placemark>
      <name>ALPR</name>
      <description>OSM node: https://www.openstreetmap.org/node/13518487898
Manufacturer: Flock Safety
Direction: 160
Camera type: fixed</description>
      <Point>
        <coordinates>-84.4568122,33.6418931,0</coordinates>
      </Point>
    </Placemark>
    <Placemark>
      <name>ALPR</name>
      <description>OSM node: https://www.openstreetmap.org/node/13518487899
Manufacturer: Flock Safety
Direction: 150
Camera type: fixed</description>
      <Point>
        <coordinates>-84.4623804,33.6490251,0</coordinates>
      </Point>
    </Placemark>
    <Placemark>
      <name>ALPR</name>
      <description>OSM node: https://www.openstreetmap.org/node/13518487900
Manufacturer: Flock Safety
Direction: 5
Camera type: fixed</description>
      <Point>
        <coordinates>-84.4504051,33.6456479,0</coordinates>
      </Point>
    </Placemark>
    <Placemark>
      <name>ALPR</name>
      <description>OSM node: https://www.openstreetmap.org/node/13518589647
Manufacturer: Flock Safety
Direction: 190
Camera type: fixed</description>
      <Point>
        <coordinates>-84.4885799,33.6525382,0</coordinates>
      </Point>
    </Placemark>
    <Placemark>
      <name>ALPR</name>
      <description>OSM node: https://www.openstreetmap.org/node/13518589648
Manufacturer: Flock Safety
Direction: 195
Camera type: fixed</description>
      <Point>
        <coordinates>-84.4932384,33.654084,0</coordinates>
      </Point>
    </Placemark>
    <Placemark>
      <name>ALPR</name>
      <description>OSM node: https://www.openstreetmap.org/node/13518589649
Manufacturer: Flock Safety
Direction: 310
Camera type: fixed</description>
      <Point>
        <coordinates>-84.494279,33.6559881,0</coordinates>
      </Point>
    </Placemark>
    <Placemark>
      <name>ALPR</name>
      <description>OSM node: https://www.openstreetmap.org/node/13518589650
Manufacturer: Flock Safety
Direction: 350
Camera type: fixed</description>
      <Point>
        <coordinates>-84.4894444,33.6504527,0</coordinates>
      </Point>
    </Placemark>
    <Placemark>
      <name>ALPR</name>
      <description>OSM node: https://www.openstreetmap.org/node/13518589651
Manufacturer: Flock Safety
Direction: 305
Camera type: fixed</description>
      <Point>
        <coordinates>-84.4387559,33.6187936,0</coordinates>
      </Point>
    </Placemark>
    <Placemark>
      <name>ALPR</name>
      <description>OSM node: https://www.openstreetmap.org/node/13518589652
Manufacturer: Flock Safety
Direction: 245
Camera type: fixed</description>
      <Point>
        <coordinates>-84.5005066,33.6130554,0</coordinates>
      </Point>
    </Placemark>
    <Placemark>
      <name>ALPR</name>
      <description>OSM node: https://www.openstreetmap.org/node/13518589653
Manufacturer: Flock Safety
Direction: 325
Camera type: fixed</description>
      <Point>
        <coordinates>-84.5001874,33.6131328,0</coordinates>
      </Point>
    </Placemark>
    <Placemark>
      <name>ALPR</name>
      <description>OSM node: https://www.openstreetmap.org/node/13518589654
Manufacturer: Flock Safety
Direction: 330
Camera type: fixed</description>
      <Point>
        <coordinates>-84.4970377,33.5935567,0</coordinates>
      </Point>
    </Placemark>
    <Placemark>
      <name>ALPR</name>
      <description>OSM node: https://www.openstreetmap.org/node/13518589655
Manufacturer: Flock Safety
Direction: 145
Camera type: fixed</description>
      <Point>
        <coordinates>-84.4840009,33.6060359,0</coordinates>
      </Point>
    </Placemark>
    <Placemark>
      <name>ALPR</name>
      <description>OSM node: https://www.openstreetmap.org/node/13518589656
Manufacturer: Flock Safety
Direction: 340
Camera type: fixed</description>
      <Point>
        <coordinates>-84.4714284,33.6061008,0</coordinates>
      </Point>
    </Placemark>
    <Placemark>
      <name>ALPR</name>
      <description>OSM node: https://www.openstreetmap.org/node/13518589657
Manufacturer: Flock Safety
Direction: 160
Camera type: fixed</description>
      <Point>
        <coordinates>-84.4742631,33.6142767,0</coordinates>
      </Point>
    </Placemark>
    <Placemark>
      <name>ALPR</name>
      <description>OSM node: https://www.openstreetmap.org/node/13518589658
Manufacturer: Flock Safety
Direction: 125
Camera type: fixed</description>
      <Point>
        <coordinates>-84.4959729,33.5933994,0</coordinates>
      </Point>
    </Placemark>
    <Placemark>
      <name>ALPR</name>
      <description>OSM node: https://www.openstreetmap.org/node/13518595460
Manufacturer: Flock Safety
Direction: 290
Camera type: fixed</description>
      <Point>
        <coordinates>-84.3545161,33.5769348,0</coordinates>
      </Point>
    </Placemark>
    <Placemark>
      <name>ALPR</name>
      <description>OSM node: https://www.openstreetmap.org/node/13518595461
Manufacturer: Flock Safety
Direction: 265
Camera type: fixed</description>
      <Point>
        <coordinates>-84.3536996,33.5779712,0</coordinates>
      </Point>
    </Placemark>
    <Placemark>
      <name>ALPR</name>
      <description>OSM node: https://www.openstreetmap.org/node/13519457201
Manufacturer: Flock Safety
Direction: 179
Zone: traffic
Camera type: fixed</description>
      <Point>
        <coordinates>-84.293459,34.0030473,0</coordinates>
      </Point>
    </Placemark>
    <Placemark>
      <name>ALPR</name>
      <description>OSM node: https://www.openstreetmap.org/node/13519567701
Manufacturer: Flock Safety
Direction: 113
Zone: traffic
Camera type: fixed</description>
      <Point>
        <coordinates>-83.9881781,34.5292229,0</coordinates>
      </Point>
    </Placemark>
    <Placemark>
      <name>ALPR</name>
      <description>OSM node: https://www.openstreetmap.org/node/13520316101
Manufacturer: Flock Safety
Direction: 227
Zone: traffic
Camera type: fixed</description>
      <Point>
        <coordinates>-83.9986776,33.9276516,0</coordinates>
      </Point>
    </Placemark>
    <Placemark>
      <name>ALPR</name>
      <description>OSM node: https://www.openstreetmap.org/node/13521696501
Manufacturer: Flock Safety
Direction: 0
Zone: traffic
Camera type: fixed</description>
      <Point>
        <coordinates>-84.9398629,34.1267911,0</coordinates>
      </Point>
    </Placemark>
    <Placemark>
      <name>ALPR</name>
      <description>OSM node: https://www.openstreetmap.org/node/13521699601
Manufacturer: Flock Safety
Direction: 0
Zone: traffic
Camera type: fixed</description>
      <Point>
        <coordinates>-84.7655674,34.1188867,0</coordinates>
      </Point>
    </Placemark>
    <Placemark>
      <name>ALPR</name>
      <description>OSM node: https://www.openstreetmap.org/node/13521957222
Manufacturer: Flock Safety
Direction: 345
Zone: traffic
Camera type: fixed</description>
      <Point>
        <coordinates>-84.4031268,33.7685753,0</coordinates>
      </Point>
    </Placemark>
    <Placemark>
      <name>ALPR</name>
      <description>OSM node: https://www.openstreetmap.org/node/13521969110
Manufacturer: Flock Safety
Direction: 165
Zone: traffic
Camera type: fixed</description>
      <Point>
        <coordinates>-84.4033155,33.769723,0</coordinates>
      </Point>
    </Placemark>
    <Placemark>
      <name>ALPR</name>
      <description>OSM node: https://www.openstreetmap.org/node/13521970634
Manufacturer: Flock Safety
Direction: 235
Zone: traffic
Camera type: fixed</description>
      <Point>
        <coordinates>-84.4015417,33.7688452,0</coordinates>
      </Point>
    </Placemark>
    <Placemark>
      <name>ALPR</name>
      <description>OSM node: https://www.openstreetmap.org/node/13522158001
Manufacturer: Flock Safety
Direction: 278
Zone: traffic
Camera type: fixed</description>
      <Point>
        <coordinates>-81.6433308,31.3923732,0</coordinates>
      </Point>
    </Placemark>
    <Placemark>
      <name>ALPR</name>
      <description>OSM node: https://www.openstreetmap.org/node/13522402501
Manufacturer: Flock Safety
Direction: 344
Zone: traffic
Camera type: fixed</description>
      <Point>
        <coordinates>-81.4798025,31.2157948,0</coordinates>
      </Point>
    </Placemark>
    <Placemark>
      <name>ALPR</name>
      <description>OSM node: https://www.openstreetmap.org/node/13522473901
Manufacturer: Flock Safety
Direction: 142
Zone: traffic
Camera type: fixed</description>
      <Point>
        <coordinates>-81.491746,31.2125322,0</coordinates>
      </Point>
    </Placemark>
    <Placemark>
      <name>ALPR</name>
      <description>OSM node: https://www.openstreetmap.org/node/13522713001
Manufacturer: Flock Safety
Direction: 162
Zone: traffic
Camera type: fixed</description>
      <Point>
        <coordinates>-81.4808843,31.1256747,0</coordinates>
      </Point>
    </Placemark>
    <Placemark>
      <name>ALPR</name>
      <description>OSM node: https://www.openstreetmap.org/node/13522734501
Manufacturer: Flock Safety
Direction: 355
Zone: traffic
Camera type: fixed</description>
      <Point>
        <coordinates>-81.4814228,31.2019747,0</coordinates>
      </Point>
    </Placemark>
    <Placemark>
      <name>ALPR</name>
      <description>OSM node: https://www.openstreetmap.org/node/13522735301
Manufacturer: Flock Safety
Direction: 14
Zone: traffic
Camera type: fixed</description>
      <Point>
        <coordinates>-81.4806559,31.2019992,0</coordinates>
      </Point>
    </Placemark>
    <Placemark>
      <name>ALPR</name>
      <description>OSM node: https://www.openstreetmap.org/node/13522994902
Manufacturer: Flock Safety
Direction: 0
Zone: traffic
Camera type: fixed</description>
      <Point>
        <coordinates>-84.2702109,33.7384333,0</coordinates>
      </Point>
    </Placemark>
    <Placemark>
      <name>ALPR</name>
      <description>OSM node: https://www.openstreetmap.org/node/13523036402
Manufacturer: Flock Safety
Direction: 80
Zone: traffic
Camera type: fixed</description>
      <Point>
        <coordinates>-81.4162607,31.1693772,0</coordinates>
      </Point>
    </Placemark>
    <Placemark>
      <name>ALPR</name>
      <description>OSM node: https://www.openstreetmap.org/node/13523100655
Manufacturer: Flock Safety
Direction: 60
Camera type: fixed</description>
      <Point>
        <coordinates>-84.8510144,33.7113281,0</coordinates>
      </Point>
    </Placemark>
    <Placemark>
      <name>ALPR</name>
      <description>OSM node: https://www.openstreetmap.org/node/13523106013
Manufacturer: Flock Safety
Direction: 0
Camera type: fixed</description>
      <Point>
        <coordinates>-84.9024785,33.6419641,0</coordinates>
      </Point>
    </Placemark>
    <Placemark>
      <name>ALPR</name>
      <description>OSM node: https://www.openstreetmap.org/node/13523113871
Manufacturer: Flock Safety
Direction: 245
Zone: traffic
Camera type: fixed</description>
      <Point>
        <coordinates>-83.6916845,32.5305384,0</coordinates>
      </Point>
    </Placemark>
    <Placemark>
      <name>ALPR</name>
      <description>OSM node: https://www.openstreetmap.org/node/13523123501
Manufacturer: Flock Safety
Direction: 255</description>
      <Point>
        <coordinates>-84.9457377,33.6397181,0</coordinates>
      </Point>
    </Placemark>
    <Placemark>
      <name>ALPR</name>
      <description>OSM node: https://www.openstreetmap.org/node/13523886201
Manufacturer: Flock Safety
Direction: 146
Zone: traffic
Camera type: fixed</description>
      <Point>
        <coordinates>-84.3111675,33.6423156,0</coordinates>
      </Point>
    </Placemark>
    <Placemark>
      <name>ALPR</name>
      <description>OSM node: https://www.openstreetmap.org/node/13524448401
Manufacturer: Flock Safety
Direction: 259-304
Zone: traffic
Camera type: fixed</description>
      <Point>
        <coordinates>-83.1808917,34.4815277,0</coordinates>
      </Point>
    </Placemark>
    <Placemark>
      <name>ALPR</name>
      <description>OSM node: https://www.openstreetmap.org/node/13524890101
Manufacturer: Flock Safety
Direction: 30
Zone: traffic
Camera type: fixed</description>
      <Point>
        <coordinates>-81.9290785,31.6006116,0</coordinates>
      </Point>
    </Placemark>
    <Placemark>
      <name>ALPR</name>
      <description>OSM node: https://www.openstreetmap.org/node/13524910401
Manufacturer: Flock Safety
Direction: 158
Zone: traffic
Camera type: fixed</description>
      <Point>
        <coordinates>-84.5090768,33.9508205,0</coordinates>
      </Point>
    </Placemark>
    <Placemark>
      <name>ALPR</name>
      <description>OSM node: https://www.openstreetmap.org/node/13524910501
Manufacturer: Flock Safety
Direction: 176
Zone: traffic
Camera type: fixed</description>
      <Point>
        <coordinates>-84.5077691,33.951307,0</coordinates>
      </Point>
    </Placemark>
    <Placemark>
      <name>ALPR</name>
      <description>OSM node: https://www.openstreetmap.org/node/13524913301
Manufacturer: Flock Safety
Direction: 180
Zone: traffic
Camera type: fixed</description>
      <Point>
        <coordinates>-82.0098573,31.4930081,0</coordinates>
      </Point>
    </Placemark>
    <Placemark>
      <name>ALPR</name>
      <description>OSM node: https://www.openstreetmap.org/node/13525053601
Manufacturer: Flock Safety
Direction: 307
Zone: traffic
Camera type: fixed</description>
      <Point>
        <coordinates>-81.5624705,31.2738886,0</coordinates>
      </Point>
    </Placemark>
    <Placemark>
      <name>ALPR</name>
      <description>OSM node: https://www.openstreetmap.org/node/13525193001
Manufacturer: Flock Safety
Direction: 346
Zone: traffic
Camera type: fixed</description>
      <Point>
        <coordinates>-85.066974,33.59167,0</coordinates>
      </Point>
    </Placemark>
    <Placemark>
      <name>ALPR</name>
      <description>OSM node: https://www.openstreetmap.org/node/13525208601
Manufacturer: Flock Safety
Direction: 346
Zone: traffic
Camera type: fixed</description>
      <Point>
        <coordinates>-85.0724724,33.5689315,0</coordinates>
      </Point>
    </Placemark>
    <Placemark>
      <name>ALPR</name>
      <description>OSM node: https://www.openstreetmap.org/node/13525330564
Manufacturer: Flock Safety
Direction: 325
Camera type: fixed</description>
      <Point>
        <coordinates>-84.817133,33.4440738,0</coordinates>
      </Point>
    </Placemark>
    <Placemark>
      <name>ALPR</name>
      <description>OSM node: https://www.openstreetmap.org/node/13526664601
Manufacturer: Flock Safety
Direction: 116
Zone: traffic
Camera type: fixed</description>
      <Point>
        <coordinates>-83.1127726,34.4422235,0</coordinates>
      </Point>
    </Placemark>
    <Placemark>
      <name>ALPR</name>
      <description>OSM node: https://www.openstreetmap.org/node/13526742201
Manufacturer: Flock Safety
Direction: 288
Zone: traffic
Camera type: fixed</description>
      <Point>
        <coordinates>-83.112364,34.4423495,0</coordinates>
      </Point>
    </Placemark>
    <Placemark>
      <name>ALPR</name>
      <description>OSM node: https://www.openstreetmap.org/node/13526917390
Manufacturer: Flock Safety
Direction: 50
Zone: traffic
Camera type: fixed</description>
      <Point>
        <coordinates>-83.67739,32.5543543,0</coordinates>
      </Point>
    </Placemark>
    <Placemark>
      <name>ALPR</name>
      <description>OSM node: https://www.openstreetmap.org/node/13527046635
Manufacturer: Flock Safety
Direction: 330
Zone: traffic
Camera type: fixed</description>
      <Point>
        <coordinates>-83.6618889,32.5685096,0</coordinates>
      </Point>
    </Placemark>
    <Placemark>
      <name>ALPR</name>
      <description>OSM node: https://www.openstreetmap.org/node/13527111301
Manufacturer: Flock Safety
Direction: 129
Zone: traffic
Camera type: fixed</description>
      <Point>
        <coordinates>-85.319249,34.260376,0</coordinates>
      </Point>
    </Placemark>
    <Placemark>
      <name>Simon Property Group ALPR</name>
      <description>OSM node: https://www.openstreetmap.org/node/13527331901
Operator: Simon Property Group
Manufacturer: Flock Safety
Direction: 342
Zone: traffic
Camera type: fixed</description>
      <Point>
        <coordinates>-83.9883494,34.063512,0</coordinates>
      </Point>
    </Placemark>
    <Placemark>
      <name>Simon Property Group ALPR</name>
      <description>OSM node: https://www.openstreetmap.org/node/13527332101
Operator: Simon Property Group
Manufacturer: Flock Safety
Direction: 230
Zone: traffic
Camera type: fixed</description>
      <Point>
        <coordinates>-83.9883487,34.064912,0</coordinates>
      </Point>
    </Placemark>
    <Placemark>
      <name>ALPR</name>
      <description>OSM node: https://www.openstreetmap.org/node/13527399701
Manufacturer: Flock Safety
Direction: 0
Zone: traffic
Camera type: fixed</description>
      <Point>
        <coordinates>-84.1170759,34.1178799,0</coordinates>
      </Point>
    </Placemark>
    <Placemark>
      <name>ALPR</name>
      <description>OSM node: https://www.openstreetmap.org/node/13527402601
Manufacturer: Flock Safety
Direction: 273
Zone: traffic
Camera type: fixed</description>
      <Point>
        <coordinates>-84.0171879,34.0991567,0</coordinates>
      </Point>
    </Placemark>
    <Placemark>
      <name>ALPR</name>
      <description>OSM node: https://www.openstreetmap.org/node/13527402802
Manufacturer: Flock Safety
Direction: 288
Zone: traffic
Camera type: fixed</description>
      <Point>
        <coordinates>-84.0491601,34.0269633,0</coordinates>
      </Point>
    </Placemark>
    <Placemark>
      <name>ALPR</name>
      <description>OSM node: https://www.openstreetmap.org/node/13527402803
Manufacturer: Flock Safety
Direction: 280
Zone: traffic
Camera type: fixed</description>
      <Point>
        <coordinates>-84.0482418,34.0275249,0</coordinates>
      </Point>
    </Placemark>
    <Placemark>
      <name>ALPR</name>
      <description>OSM node: https://www.openstreetmap.org/node/13527411101
Manufacturer: Flock Safety
Direction: 81
Zone: traffic
Camera type: fixed</description>
      <Point>
        <coordinates>-84.0523201,34.0247124,0</coordinates>
      </Point>
    </Placemark>
    <Placemark>
      <name>ALPR</name>
      <description>OSM node: https://www.openstreetmap.org/node/13527414901
Manufacturer: Flock Safety
Direction: 280
Zone: traffic
Camera type: fixed</description>
      <Point>
        <coordinates>-84.0493545,34.0268288,0</coordinates>
      </Point>
    </Placemark>
    <Placemark>
      <name>ALPR</name>
      <description>OSM node: https://www.openstreetmap.org/node/13527483807
Manufacturer: Flock Safety
Direction: 110
Camera type: fixed</description>
      <Point>
        <coordinates>-84.1188511,34.4212632,0</coordinates>
      </Point>
    </Placemark>
    <Placemark>
      <name>ALPR</name>
      <description>OSM node: https://www.openstreetmap.org/node/13527494618
Manufacturer: Flock Safety
Direction: 100
Camera type: fixed</description>
      <Point>
        <coordinates>-84.1126084,34.4172222,0</coordinates>
      </Point>
    </Placemark>
    <Placemark>
      <name>ALPR</name>
      <description>OSM node: https://www.openstreetmap.org/node/13527549402
Manufacturer: Flock Safety
Direction: 92
Zone: traffic
Camera type: fixed</description>
      <Point>
        <coordinates>-83.995922,33.9452857,0</coordinates>
      </Point>
    </Placemark>
    <Placemark>
      <name>ALPR</name>
      <description>OSM node: https://www.openstreetmap.org/node/13527550901
Manufacturer: Flock Safety
Direction: 123
Zone: traffic
Camera type: fixed</description>
      <Point>
        <coordinates>-83.998379,33.948294,0</coordinates>
      </Point>
    </Placemark>
    <Placemark>
      <name>ALPR</name>
      <description>OSM node: https://www.openstreetmap.org/node/13527554101
Manufacturer: Flock Safety
Direction: 292
Zone: traffic
Camera type: fixed</description>
      <Point>
        <coordinates>-83.9981161,33.9481527,0</coordinates>
      </Point>
    </Placemark>
    <Placemark>
      <name>ALPR</name>
      <description>OSM node: https://www.openstreetmap.org/node/13527557301
Manufacturer: Flock Safety
Direction: 193
Zone: traffic
Camera type: fixed</description>
      <Point>
        <coordinates>-83.9992629,33.950925,0</coordinates>
      </Point>
    </Placemark>
    <Placemark>
      <name>ALPR</name>
      <description>OSM node: https://www.openstreetmap.org/node/13527558501
Manufacturer: Flock Safety
Direction: 11
Zone: traffic
Camera type: fixed</description>
      <Point>
        <coordinates>-84.0008277,33.9496564,0</coordinates>
      </Point>
    </Placemark>
    <Placemark>
      <name>ALPR</name>
      <description>OSM node: https://www.openstreetmap.org/node/13529580701
Manufacturer: Flock Safety
Direction: 312
Zone: traffic
Camera type: fixed</description>
      <Point>
        <coordinates>-83.3764716,33.9566559,0</coordinates>
      </Point>
    </Placemark>
    <Placemark>
      <name>ALPR</name>
      <description>OSM node: https://www.openstreetmap.org/node/13529628501
Manufacturer: Flock Safety
Direction: 0
Zone: traffic
Camera type: fixed</description>
      <Point>
        <coordinates>-83.776556,33.9197018,0</coordinates>
      </Point>
    </Placemark>
    <Placemark>
      <name>ALPR</name>
      <description>OSM node: https://www.openstreetmap.org/node/13529655101
Manufacturer: Flock Safety
Direction: 41
Zone: traffic
Camera type: fixed</description>
      <Point>
        <coordinates>-84.2351368,33.8647978,0</coordinates>
      </Point>
    </Placemark>
    <Placemark>
      <name>ALPR</name>
      <description>OSM node: https://www.openstreetmap.org/node/13529655102
Manufacturer: Flock Safety
Direction: 0
Zone: traffic
Camera type: fixed</description>
      <Point>
        <coordinates>-83.7616207,33.9401937,0</coordinates>
      </Point>
    </Placemark>
    <Placemark>
      <name>ALPR</name>
      <description>OSM node: https://www.openstreetmap.org/node/13529699201
Manufacturer: Flock Safety
Direction: 242
Zone: traffic
Camera type: fixed</description>
      <Point>
        <coordinates>-83.8564066,33.8853825,0</coordinates>
      </Point>
    </Placemark>
    <Placemark>
      <name>ALPR</name>
      <description>OSM node: https://www.openstreetmap.org/node/13529711801
Manufacturer: Flock Safety
Direction: 215
Zone: traffic
Camera type: fixed</description>
      <Point>
        <coordinates>-83.9243012,33.8883231,0</coordinates>
      </Point>
    </Placemark>
    <Placemark>
      <name>ALPR</name>
      <description>OSM node: https://www.openstreetmap.org/node/13529728001
Manufacturer: Flock Safety
Direction: 269
Zone: traffic
Camera type: fixed</description>
      <Point>
        <coordinates>-84.4687539,33.895268,0</coordinates>
      </Point>
    </Placemark>
    <Placemark>
      <name>ALPR</name>
      <description>OSM node: https://www.openstreetmap.org/node/13529772601
Manufacturer: Flock Safety
Direction: 62
Zone: traffic
Camera type: fixed</description>
      <Point>
        <coordinates>-84.4599553,33.9111165,0</coordinates>
      </Point>
    </Placemark>
    <Placemark>
      <name>ALPR</name>
      <description>OSM node: https://www.openstreetmap.org/node/13530037401
Manufacturer: Flock Safety
Direction: 344
Zone: traffic
Camera type: fixed</description>
      <Point>
        <coordinates>-81.4805076,31.1255209,0</coordinates>
      </Point>
    </Placemark>
    <Placemark>
      <name>ALPR</name>
      <description>OSM node: https://www.openstreetmap.org/node/13530040501
Manufacturer: Flock Safety
Direction: 203
Zone: traffic
Camera type: fixed</description>
      <Point>
        <coordinates>-81.5890355,31.1396896,0</coordinates>
      </Point>
    </Placemark>
    <Placemark>
      <name>ALPR</name>
      <description>OSM node: https://www.openstreetmap.org/node/13530090701
Manufacturer: Flock Safety
Direction: 0
Zone: traffic
Camera type: fixed</description>
      <Point>
        <coordinates>-84.4241234,34.0259809,0</coordinates>
      </Point>
    </Placemark>
    <Placemark>
      <name>ALPR</name>
      <description>OSM node: https://www.openstreetmap.org/node/13530120501
Manufacturer: Flock Safety
Direction: 336
Zone: traffic
Camera type: fixed</description>
      <Point>
        <coordinates>-85.0758032,33.5691532,0</coordinates>
      </Point>
    </Placemark>
    <Placemark>
      <name>ALPR</name>
      <description>OSM node: https://www.openstreetmap.org/node/13530120901
Manufacturer: Flock Safety
Direction: 69
Zone: traffic
Camera type: fixed</description>
      <Point>
        <coordinates>-85.0769598,33.5689384,0</coordinates>
      </Point>
    </Placemark>
    <Placemark>
      <name>ALPR</name>
      <description>OSM node: https://www.openstreetmap.org/node/13530183001
Manufacturer: Flock Safety
Direction: 338-23
Zone: traffic
Camera type: fixed</description>
      <Point>
        <coordinates>-83.4975075,33.5631757,0</coordinates>
      </Point>
    </Placemark>
    <Placemark>
      <name>ALPR</name>
      <description>OSM node: https://www.openstreetmap.org/node/13530241301
Manufacturer: Flock Safety
Direction: 175
Zone: traffic
Camera type: fixed</description>
      <Point>
        <coordinates>-81.100697,31.9647223,0</coordinates>
      </Point>
    </Placemark>
    <Placemark>
      <name>ALPR</name>
      <description>OSM node: https://www.openstreetmap.org/node/13530364601
Manufacturer: Flock Safety
Direction: 157
Zone: traffic
Camera type: fixed</description>
      <Point>
        <coordinates>-84.200974,33.8487748,0</coordinates>
      </Point>
    </Placemark>
    <Placemark>
      <name>ALPR</name>
      <description>OSM node: https://www.openstreetmap.org/node/13530646101
Manufacturer: Flock Safety
Direction: 146
Zone: traffic
Camera type: fixed</description>
      <Point>
        <coordinates>-84.2909254,33.7172822,0</coordinates>
      </Point>
    </Placemark>
    <Placemark>
      <name>The Home Depot ALPR</name>
      <description>OSM node: https://www.openstreetmap.org/node/13532149701
Operator: The Home Depot
Manufacturer: Flock Safety
Direction: 198
Zone: traffic
Camera type: fixed</description>
      <Point>
        <coordinates>-84.1862004,34.0138143,0</coordinates>
      </Point>
    </Placemark>
    <Placemark>
      <name>ALPR</name>
      <description>OSM node: https://www.openstreetmap.org/node/13532556777
Manufacturer: Flock Safety
Direction: 30
Camera type: fixed</description>
      <Point>
        <coordinates>-84.2021332,33.7245674,0</coordinates>
      </Point>
    </Placemark>
    <Placemark>
      <name>ALPR</name>
      <description>OSM node: https://www.openstreetmap.org/node/13532577212
Manufacturer: Flock Safety
Direction: 165
Camera type: fixed</description>
      <Point>
        <coordinates>-84.2154701,33.718396,0</coordinates>
      </Point>
    </Placemark>
    <Placemark>
      <name>ALPR</name>
      <description>OSM node: https://www.openstreetmap.org/node/13532690394
Manufacturer: Flock Safety
Direction: 250
Camera type: fixed</description>
      <Point>
        <coordinates>-85.0509516,33.7324608,0</coordinates>
      </Point>
    </Placemark>
    <Placemark>
      <name>ALPR</name>
      <description>OSM node: https://www.openstreetmap.org/node/13532690395
Manufacturer: Flock Safety
Direction: 90
Camera type: fixed</description>
      <Point>
        <coordinates>-85.0515336,33.732342,0</coordinates>
      </Point>
    </Placemark>
    <Placemark>
      <name>ALPR</name>
      <description>OSM node: https://www.openstreetmap.org/node/13532705801
Manufacturer: Flock Safety
Direction: 38
Zone: traffic
Camera type: fixed</description>
      <Point>
        <coordinates>-81.522888,31.2191273,0</coordinates>
      </Point>
    </Placemark>
    <Placemark>
      <name>ALPR</name>
      <description>OSM node: https://www.openstreetmap.org/node/13532708501
Manufacturer: Flock Safety
Direction: 168
Zone: traffic
Camera type: fixed</description>
      <Point>
        <coordinates>-81.6437842,30.785357,0</coordinates>
      </Point>
    </Placemark>
    <Placemark>
      <name>ALPR</name>
      <description>OSM node: https://www.openstreetmap.org/node/13532799071
Manufacturer: Flock Safety
Direction: 240
Camera type: fixed</description>
      <Point>
        <coordinates>-84.9989891,33.737157,0</coordinates>
      </Point>
    </Placemark>
    <Placemark>
      <name>ALPR</name>
      <description>OSM node: https://www.openstreetmap.org/node/13532997001
Manufacturer: Flock Safety
Direction: 66
Zone: traffic
Camera type: fixed</description>
      <Point>
        <coordinates>-82.0268564,33.5214188,0</coordinates>
      </Point>
    </Placemark>
    <Placemark>
      <name>ALPR</name>
      <description>OSM node: https://www.openstreetmap.org/node/13533033501
Manufacturer: Flock Safety
Direction: 5
Zone: traffic
Camera type: fixed</description>
      <Point>
        <coordinates>-84.0895488,34.0316855,0</coordinates>
      </Point>
    </Placemark>
    <Placemark>
      <name>ALPR</name>
      <description>OSM node: https://www.openstreetmap.org/node/13533125601
Manufacturer: Flock Safety
Direction: 118;36;211;300
Zone: traffic
Camera type: fixed</description>
      <Point>
        <coordinates>-84.5474528,33.2999685,0</coordinates>
      </Point>
    </Placemark>
    <Placemark>
      <name>ALPR</name>
      <description>OSM node: https://www.openstreetmap.org/node/13533134101
Manufacturer: Flock Safety
Direction: 185;0;92;275
Zone: traffic
Camera type: fixed</description>
      <Point>
        <coordinates>-84.5542833,33.3010438,0</coordinates>
      </Point>
    </Placemark>
    <Placemark>
      <name>ALPR</name>
      <description>OSM node: https://www.openstreetmap.org/node/13533134201
Manufacturer: Flock Safety
Direction: 0;101;191;273
Zone: traffic
Camera type: fixed</description>
      <Point>
        <coordinates>-84.55396,33.3014399,0</coordinates>
      </Point>
    </Placemark>
    <Placemark>
      <name>ALPR</name>
      <description>OSM node: https://www.openstreetmap.org/node/13533167801
Manufacturer: Flock Safety
Direction: 277
Zone: traffic
Camera type: fixed</description>
      <Point>
        <coordinates>-84.2535236,34.0203901,0</coordinates>
      </Point>
    </Placemark>
    <Placemark>
      <name>ALPR</name>
      <description>OSM node: https://www.openstreetmap.org/node/13533498823
Manufacturer: Flock Safety
Direction: 335
Zone: traffic
Camera type: fixed</description>
      <Point>
        <coordinates>-83.6912884,32.5517107,0</coordinates>
      </Point>
    </Placemark>
    <Placemark>
      <name>ALPR</name>
      <description>OSM node: https://www.openstreetmap.org/node/13533592816
Manufacturer: Flock Safety
Direction: 285
Camera type: fixed</description>
      <Point>
        <coordinates>-84.2919659,33.5498076,0</coordinates>
      </Point>
    </Placemark>
    <Placemark>
      <name>ALPR</name>
      <description>OSM node: https://www.openstreetmap.org/node/13533592817
Manufacturer: Flock Safety
Direction: 355
Camera type: fixed</description>
      <Point>
        <coordinates>-84.2663781,33.5272114,0</coordinates>
      </Point>
    </Placemark>
    <Placemark>
      <name>ALPR</name>
      <description>OSM node: https://www.openstreetmap.org/node/13533592818
Manufacturer: Flock Safety
Direction: 335
Camera type: fixed</description>
      <Point>
        <coordinates>-84.3127477,33.5820614,0</coordinates>
      </Point>
    </Placemark>
    <Placemark>
      <name>ALPR</name>
      <description>OSM node: https://www.openstreetmap.org/node/13533592819
Manufacturer: Flock Safety
Direction: 230
Camera type: fixed</description>
      <Point>
        <coordinates>-84.3247464,33.5809361,0</coordinates>
      </Point>
    </Placemark>
    <Placemark>
      <name>ALPR</name>
      <description>OSM node: https://www.openstreetmap.org/node/13533639688
Manufacturer: Flock Safety
Direction: 130
Camera type: fixed</description>
      <Point>
        <coordinates>-84.351218,33.5911324,0</coordinates>
      </Point>
    </Placemark>
    <Placemark>
      <name>ALPR</name>
      <description>OSM node: https://www.openstreetmap.org/node/13533639689
Manufacturer: Flock Safety
Direction: 80
Camera type: fixed</description>
      <Point>
        <coordinates>-84.3545078,33.5879673,0</coordinates>
      </Point>
    </Placemark>
    <Placemark>
      <name>ALPR</name>
      <description>OSM node: https://www.openstreetmap.org/node/13533639690
Manufacturer: Flock Safety
Direction: 350
Camera type: fixed</description>
      <Point>
        <coordinates>-84.3430536,33.5691636,0</coordinates>
      </Point>
    </Placemark>
    <Placemark>
      <name>ALPR</name>
      <description>OSM node: https://www.openstreetmap.org/node/13533639691
Manufacturer: Flock Safety
Direction: 130
Camera type: fixed</description>
      <Point>
        <coordinates>-84.3377642,33.5962419,0</coordinates>
      </Point>
    </Placemark>
    <Placemark>
      <name>ALPR</name>
      <description>OSM node: https://www.openstreetmap.org/node/13533639692
Manufacturer: Flock Safety
Direction: 20
Camera type: fixed</description>
      <Point>
        <coordinates>-84.3432249,33.5935332,0</coordinates>
      </Point>
    </Placemark>
    <Placemark>
      <name>ALPR</name>
      <description>OSM node: https://www.openstreetmap.org/node/13534616701
Manufacturer: Flock Safety
Direction: 110
Zone: traffic
Camera type: fixed</description>
      <Point>
        <coordinates>-84.5385254,34.1085616,0</coordinates>
      </Point>
    </Placemark>
    <Placemark>
      <name>ALPR</name>
      <description>OSM node: https://www.openstreetmap.org/node/13534618801
Manufacturer: Flock Safety
Direction: 289
Zone: traffic
Camera type: fixed</description>
      <Point>
        <coordinates>-84.5381767,34.1084721,0</coordinates>
      </Point>
    </Placemark>
    <Placemark>
      <name>ALPR</name>
      <description>OSM node: https://www.openstreetmap.org/node/13534730501
Manufacturer: Flock Safety
Direction: 153
Zone: traffic
Camera type: fixed</description>
      <Point>
        <coordinates>-84.2231654,33.8476453,0</coordinates>
      </Point>
    </Placemark>
    <Placemark>
      <name>ALPR</name>
      <description>OSM node: https://www.openstreetmap.org/node/13534731802
Manufacturer: Flock Safety
Direction: 338
Zone: traffic
Camera type: fixed</description>
      <Point>
        <coordinates>-84.2229899,33.8453779,0</coordinates>
      </Point>
    </Placemark>
    <Placemark>
      <name>ALPR</name>
      <description>OSM node: https://www.openstreetmap.org/node/13534750901
Manufacturer: Flock Safety
Direction: 255
Zone: traffic
Camera type: fixed</description>
      <Point>
        <coordinates>-80.8830484,32.0158569,0</coordinates>
      </Point>
    </Placemark>
    <Placemark>
      <name>ALPR</name>
      <description>OSM node: https://www.openstreetmap.org/node/13534975801
Manufacturer: Flock Safety
Direction: 0
Zone: traffic
Camera type: fixed</description>
      <Point>
        <coordinates>-83.6936638,32.7863811,0</coordinates>
      </Point>
    </Placemark>
    <Placemark>
      <name>ALPR</name>
      <description>OSM node: https://www.openstreetmap.org/node/13534976301
Manufacturer: Flock Safety
Direction: 263
Zone: traffic
Camera type: fixed</description>
      <Point>
        <coordinates>-83.6939903,32.7863089,0</coordinates>
      </Point>
    </Placemark>
    <Placemark>
      <name>ALPR</name>
      <description>OSM node: https://www.openstreetmap.org/node/13535513101
Manufacturer: Flock Safety
Direction: 87
Zone: traffic
Camera type: fixed</description>
      <Point>
        <coordinates>-83.7073203,32.7940532,0</coordinates>
      </Point>
    </Placemark>
    <Placemark>
      <name>ALPR</name>
      <description>OSM node: https://www.openstreetmap.org/node/13535524301
Manufacturer: Flock Safety
Direction: 0
Zone: traffic
Camera type: fixed</description>
      <Point>
        <coordinates>-84.7534318,33.9242494,0</coordinates>
      </Point>
    </Placemark>
    <Placemark>
      <name>ALPR</name>
      <description>OSM node: https://www.openstreetmap.org/node/13535646701
Manufacturer: Flock Safety
Direction: 0
Zone: traffic
Camera type: fixed</description>
      <Point>
        <coordinates>-83.7072973,32.8056308,0</coordinates>
      </Point>
    </Placemark>
    <Placemark>
      <name>ALPR</name>
      <description>OSM node: https://www.openstreetmap.org/node/13535646801
Manufacturer: Flock Safety
Direction: 177
Zone: traffic
Camera type: fixed</description>
      <Point>
        <coordinates>-83.707535,32.8059241,0</coordinates>
      </Point>
    </Placemark>
    <Placemark>
      <name>ALPR</name>
      <description>OSM node: https://www.openstreetmap.org/node/13537467101
Manufacturer: Flock Safety
Direction: 272-317
Zone: traffic
Camera type: fixed</description>
      <Point>
        <coordinates>-84.3860917,33.9934885,0</coordinates>
      </Point>
    </Placemark>
    <Placemark>
      <name>ALPR</name>
      <description>OSM node: https://www.openstreetmap.org/node/13537501601
Manufacturer: Flock Safety
Direction: 274
Zone: traffic
Camera type: fixed</description>
      <Point>
        <coordinates>-84.1003496,33.9940737,0</coordinates>
      </Point>
    </Placemark>
    <Placemark>
      <name>ALPR</name>
      <description>OSM node: https://www.openstreetmap.org/node/13537722901
Manufacturer: Flock Safety
Direction: 199
Zone: traffic
Camera type: fixed</description>
      <Point>
        <coordinates>-81.5498473,31.1676956,0</coordinates>
      </Point>
    </Placemark>
    <Placemark>
      <name>ALPR</name>
      <description>OSM node: https://www.openstreetmap.org/node/13537722902
Manufacturer: Flock Safety
Direction: 0
Zone: traffic
Camera type: fixed</description>
      <Point>
        <coordinates>-81.5403554,31.1718904,0</coordinates>
      </Point>
    </Placemark>
    <Placemark>
      <name>ALPR</name>
      <description>OSM node: https://www.openstreetmap.org/node/13537789701
Manufacturer: Flock Safety
Direction: 66
Zone: traffic
Camera type: fixed</description>
      <Point>
        <coordinates>-81.5134483,31.2034502,0</coordinates>
      </Point>
    </Placemark>
    <Placemark>
      <name>ALPR</name>
      <description>OSM node: https://www.openstreetmap.org/node/13537799901
Manufacturer: Flock Safety
Direction: 237
Zone: traffic
Camera type: fixed</description>
      <Point>
        <coordinates>-81.5136782,31.2036857,0</coordinates>
      </Point>
    </Placemark>
    <Placemark>
      <name>ALPR</name>
      <description>OSM node: https://www.openstreetmap.org/node/13537831901
Manufacturer: Flock Safety
Direction: 170
Zone: traffic
Camera type: fixed</description>
      <Point>
        <coordinates>-81.4836986,31.2027444,0</coordinates>
      </Point>
    </Placemark>
    <Placemark>
      <name>ALPR</name>
      <description>OSM node: https://www.openstreetmap.org/node/13538921801
Manufacturer: Flock Safety
Direction: 197
Zone: traffic
Camera type: fixed</description>
      <Point>
        <coordinates>-84.7382755,33.8320273,0</coordinates>
      </Point>
    </Placemark>
    <Placemark>
      <name>ALPR</name>
      <description>OSM node: https://www.openstreetmap.org/node/13538924401
Manufacturer: Flock Safety
Direction: 106
Zone: traffic
Camera type: fixed</description>
      <Point>
        <coordinates>-84.7402414,33.8339195,0</coordinates>
      </Point>
    </Placemark>
    <Placemark>
      <name>ALPR</name>
      <description>OSM node: https://www.openstreetmap.org/node/13538947501
Manufacturer: Flock Safety
Direction: 336
Zone: traffic
Camera type: fixed</description>
      <Point>
        <coordinates>-82.0068147,33.4485602,0</coordinates>
      </Point>
    </Placemark>
    <Placemark>
      <name>ALPR</name>
      <description>OSM node: https://www.openstreetmap.org/node/13538949301
Manufacturer: Flock Safety
Direction: 149
Zone: traffic
Camera type: fixed</description>
      <Point>
        <coordinates>-82.0074349,33.454992,0</coordinates>
      </Point>
    </Placemark>
    <Placemark>
      <name>ALPR</name>
      <description>OSM node: https://www.openstreetmap.org/node/13539010301
Manufacturer: Flock Safety
Direction: 262
Zone: traffic
Camera type: fixed</description>
      <Point>
        <coordinates>-84.1906041,34.0232071,0</coordinates>
      </Point>
    </Placemark>
    <Placemark>
      <name>ALPR</name>
      <description>OSM node: https://www.openstreetmap.org/node/13539214146
Manufacturer: Flock Safety
Direction: 60
Camera type: fixed</description>
      <Point>
        <coordinates>-84.3580315,33.8435322,0</coordinates>
      </Point>
    </Placemark>
    <Placemark>
      <name>ALPR</name>
      <description>OSM node: https://www.openstreetmap.org/node/13541356601
Manufacturer: Flock Safety
Direction: 117
Zone: traffic
Camera type: fixed</description>
      <Point>
        <coordinates>-83.2679822,30.8572697,0</coordinates>
      </Point>
    </Placemark>
    <Placemark>
      <name>ALPR</name>
      <description>OSM node: https://www.openstreetmap.org/node/13541366701
Manufacturer: Flock Safety
Direction: 353
Zone: traffic
Camera type: fixed</description>
      <Point>
        <coordinates>-83.2703081,30.8557243,0</coordinates>
      </Point>
    </Placemark>
    <Placemark>
      <name>ALPR</name>
      <description>OSM node: https://www.openstreetmap.org/node/13541381801
Manufacturer: Flock Safety
Direction: 159
Zone: traffic
Camera type: fixed</description>
      <Point>
        <coordinates>-83.2664787,30.8460639,0</coordinates>
      </Point>
    </Placemark>
    <Placemark>
      <name>Valdosta Police Dept. ALPR</name>
      <description>OSM node: https://www.openstreetmap.org/node/13541389601
Operator: Valdosta Police Dept.
Manufacturer: Flock Safety
Direction: 348
Zone: traffic
Camera type: fixed</description>
      <Point>
        <coordinates>-83.2696414,30.8381325,0</coordinates>
      </Point>
    </Placemark>
    <Placemark>
      <name>ALPR</name>
      <description>OSM node: https://www.openstreetmap.org/node/13541458601
Manufacturer: Flock Safety
Direction: 330
Zone: traffic
Camera type: fixed</description>
      <Point>
        <coordinates>-83.2722337,30.8575876,0</coordinates>
      </Point>
    </Placemark>
    <Placemark>
      <name>ALPR</name>
      <description>OSM node: https://www.openstreetmap.org/node/13541591401
Manufacturer: Flock Safety
Direction: 305
Zone: traffic
Camera type: fixed</description>
      <Point>
        <coordinates>-84.1211972,33.8790573,0</coordinates>
      </Point>
    </Placemark>
    <Placemark>
      <name>ALPR</name>
      <description>OSM node: https://www.openstreetmap.org/node/13541720801
Manufacturer: Flock Safety
Direction: 169-239
Zone: traffic
Camera type: fixed</description>
      <Point>
        <coordinates>-81.5752227,31.1401358,0</coordinates>
      </Point>
    </Placemark>
    <Placemark>
      <name>ALPR</name>
      <description>OSM node: https://www.openstreetmap.org/node/13541721501
Manufacturer: Flock Safety
Direction: 354
Zone: traffic
Camera type: fixed</description>
      <Point>
        <coordinates>-81.5732805,31.138918,0</coordinates>
      </Point>
    </Placemark>
    <Placemark>
      <name>ALPR</name>
      <description>OSM node: https://www.openstreetmap.org/node/13541734101
Manufacturer: Flock Safety
Direction: 117
Zone: traffic
Camera type: fixed</description>
      <Point>
        <coordinates>-84.2675881,33.7546427,0</coordinates>
      </Point>
    </Placemark>
    <Placemark>
      <name>ALPR</name>
      <description>OSM node: https://www.openstreetmap.org/node/13541734201
Manufacturer: Flock Safety
Direction: 0
Zone: traffic
Camera type: fixed</description>
      <Point>
        <coordinates>-84.291206,33.7573995,0</coordinates>
      </Point>
    </Placemark>
    <Placemark>
      <name>ALPR</name>
      <description>OSM node: https://www.openstreetmap.org/node/13541947201
Manufacturer: Flock Safety
Direction: 25
Zone: traffic
Camera type: fixed</description>
      <Point>
        <coordinates>-84.9173793,33.4840615,0</coordinates>
      </Point>
    </Placemark>
    <Placemark>
      <name>ALPR</name>
      <description>OSM node: https://www.openstreetmap.org/node/13542028001
Manufacturer: Flock Safety
Direction: 99
Zone: traffic
Camera type: fixed</description>
      <Point>
        <coordinates>-84.9252211,33.5055716,0</coordinates>
      </Point>
    </Placemark>
    <Placemark>
      <name>ALPR</name>
      <description>OSM node: https://www.openstreetmap.org/node/13542030701
Manufacturer: Flock Safety
Direction: 293
Zone: traffic
Camera type: fixed</description>
      <Point>
        <coordinates>-83.8030618,34.088061,0</coordinates>
      </Point>
    </Placemark>
    <Placemark>
      <name>ALPR</name>
      <description>OSM node: https://www.openstreetmap.org/node/13542080701
Manufacturer: Flock Safety
Direction: 46
Zone: traffic
Camera type: fixed</description>
      <Point>
        <coordinates>-83.7542548,33.9924236,0</coordinates>
      </Point>
    </Placemark>
    <Placemark>
      <name>ALPR</name>
      <description>OSM node: https://www.openstreetmap.org/node/13542517101
Manufacturer: Flock Safety
Direction: 117-162
Zone: traffic
Camera type: fixed</description>
      <Point>
        <coordinates>-84.4612062,33.8935295,0</coordinates>
      </Point>
    </Placemark>
    <Placemark>
      <name>ALPR</name>
      <description>OSM node: https://www.openstreetmap.org/node/13543291223
Manufacturer: Flock Safety
Direction: 105
Zone: traffic</description>
      <Point>
        <coordinates>-84.6250981,33.4630968,0</coordinates>
      </Point>
    </Placemark>
    <Placemark>
      <name>ALPR</name>
      <description>OSM node: https://www.openstreetmap.org/node/13543306611
Manufacturer: Flock Safety
Direction: 90
Zone: traffic</description>
      <Point>
        <coordinates>-84.5987057,33.3925609,0</coordinates>
      </Point>
    </Placemark>
    <Placemark>
      <name>ALPR</name>
      <description>OSM node: https://www.openstreetmap.org/node/13543333983
Manufacturer: Flock Safety
Direction: 20
Zone: traffic</description>
      <Point>
        <coordinates>-84.8476002,33.3577072,0</coordinates>
      </Point>
    </Placemark>
    <Placemark>
      <name>ALPR</name>
      <description>OSM node: https://www.openstreetmap.org/node/13543358138
Manufacturer: Flock Safety
Direction: 140
Zone: traffic</description>
      <Point>
        <coordinates>-84.7450856,33.5281981,0</coordinates>
      </Point>
    </Placemark>
    <Placemark>
      <name>ALPR</name>
      <description>OSM node: https://www.openstreetmap.org/node/13543358244
Manufacturer: Flock Safety
Direction: 180
Zone: traffic</description>
      <Point>
        <coordinates>-84.6048328,33.443511,0</coordinates>
      </Point>
    </Placemark>
    <Placemark>
      <name>ALPR</name>
      <description>OSM node: https://www.openstreetmap.org/node/13543363087
Manufacturer: Flock Safety
Direction: 305
Zone: traffic</description>
      <Point>
        <coordinates>-84.7313675,33.5120433,0</coordinates>
      </Point>
    </Placemark>
    <Placemark>
      <name>ALPR</name>
      <description>OSM node: https://www.openstreetmap.org/node/13543366293
Manufacturer: Flock Safety
Direction: 195
Zone: traffic</description>
      <Point>
        <coordinates>-84.5068921,33.46547,0</coordinates>
      </Point>
    </Placemark>
    <Placemark>
      <name>ALPR</name>
      <description>OSM node: https://www.openstreetmap.org/node/13543366315
Manufacturer: Flock Safety
Direction: 240
Zone: traffic</description>
      <Point>
        <coordinates>-84.7326542,33.5204265,0</coordinates>
      </Point>
    </Placemark>
    <Placemark>
      <name>ALPR</name>
      <description>OSM node: https://www.openstreetmap.org/node/13543381980
Manufacturer: Flock Safety
Direction: 30
Zone: traffic</description>
      <Point>
        <coordinates>-84.5070205,33.4652149,0</coordinates>
      </Point>
    </Placemark>
    <Placemark>
      <name>ALPR</name>
      <description>OSM node: https://www.openstreetmap.org/node/13543382207
Manufacturer: Flock Safety
Direction: 30
Zone: traffic</description>
      <Point>
        <coordinates>-84.5087716,33.4686807,0</coordinates>
      </Point>
    </Placemark>
    <Placemark>
      <name>ALPR</name>
      <description>OSM node: https://www.openstreetmap.org/node/13543384172
Manufacturer: Flock Safety
Direction: 340
Zone: traffic</description>
      <Point>
        <coordinates>-84.5090794,33.4674241,0</coordinates>
      </Point>
    </Placemark>
    <Placemark>
      <name>ALPR</name>
      <description>OSM node: https://www.openstreetmap.org/node/13543388805
Manufacturer: Flock Safety
Direction: 330
Zone: traffic</description>
      <Point>
        <coordinates>-84.5032335,33.4650827,0</coordinates>
      </Point>
    </Placemark>
    <Placemark>
      <name>ALPR</name>
      <description>OSM node: https://www.openstreetmap.org/node/13543393030
Manufacturer: Flock Safety
Direction: 250
Zone: traffic</description>
      <Point>
        <coordinates>-84.5085447,33.4688554,0</coordinates>
      </Point>
    </Placemark>
    <Placemark>
      <name>ALPR</name>
      <description>OSM node: https://www.openstreetmap.org/node/13543393031
Manufacturer: Flock Safety
Direction: 100
Zone: traffic</description>
      <Point>
        <coordinates>-84.508448,33.4723665,0</coordinates>
      </Point>
    </Placemark>
    <Placemark>
      <name>ALPR</name>
      <description>OSM node: https://www.openstreetmap.org/node/13543393032
Manufacturer: Flock Safety
Direction: 255
Zone: traffic</description>
      <Point>
        <coordinates>-84.5086634,33.4726088,0</coordinates>
      </Point>
    </Placemark>
    <Placemark>
      <name>ALPR</name>
      <description>OSM node: https://www.openstreetmap.org/node/13543395497
Manufacturer: Flock Safety
Direction: 160
Zone: traffic</description>
      <Point>
        <coordinates>-84.5033514,33.4651605,0</coordinates>
      </Point>
    </Placemark>
    <Placemark>
      <name>ALPR</name>
      <description>OSM node: https://www.openstreetmap.org/node/13543586302
Manufacturer: Flock Safety
Direction: 191
Zone: traffic
Camera type: fixed</description>
      <Point>
        <coordinates>-83.1000266,34.448632,0</coordinates>
      </Point>
    </Placemark>
    <Placemark>
      <name>ALPR</name>
      <description>OSM node: https://www.openstreetmap.org/node/13543688501
Manufacturer: Flock Safety
Direction: 288
Zone: traffic
Camera type: fixed</description>
      <Point>
        <coordinates>-81.4779619,31.1948862,0</coordinates>
      </Point>
    </Placemark>
    <Placemark>
      <name>ALPR</name>
      <description>OSM node: https://www.openstreetmap.org/node/13543797164
Manufacturer: Flock Safety
Zone: traffic
Camera type: fixed</description>
      <Point>
        <coordinates>-84.1162515,34.0528887,0</coordinates>
      </Point>
    </Placemark>
    <Placemark>
      <name>ALPR</name>
      <description>OSM node: https://www.openstreetmap.org/node/13543817473
Manufacturer: Flock Safety
Direction: 260
Zone: traffic
Camera type: fixed</description>
      <Point>
        <coordinates>-84.019164,33.8748432,0</coordinates>
      </Point>
    </Placemark>
    <Placemark>
      <name>ALPR</name>
      <description>OSM node: https://www.openstreetmap.org/node/13544073701
Manufacturer: Flock Safety
Direction: 216
Zone: traffic
Camera type: fixed</description>
      <Point>
        <coordinates>-84.0005568,33.9833672,0</coordinates>
      </Point>
    </Placemark>
    <Placemark>
      <name>ALPR</name>
      <description>OSM node: https://www.openstreetmap.org/node/13544075801
Manufacturer: Flock Safety
Direction: 220
Zone: traffic
Camera type: fixed</description>
      <Point>
        <coordinates>-84.0119993,33.9898695,0</coordinates>
      </Point>
    </Placemark>
    <Placemark>
      <name>ALPR</name>
      <description>OSM node: https://www.openstreetmap.org/node/13544080101
Manufacturer: Flock Safety
Direction: 286
Zone: traffic
Camera type: fixed</description>
      <Point>
        <coordinates>-84.0123615,34.0087644,0</coordinates>
      </Point>
    </Placemark>
    <Placemark>
      <name>ALPR</name>
      <description>OSM node: https://www.openstreetmap.org/node/13544441201
Manufacturer: Flock Safety
Direction: 289
Zone: traffic
Camera type: fixed</description>
      <Point>
        <coordinates>-83.398634,33.9594902,0</coordinates>
      </Point>
    </Placemark>
    <Placemark>
      <name>ALPR</name>
      <description>OSM node: https://www.openstreetmap.org/node/13544476101
Manufacturer: Flock Safety
Direction: 103
Zone: traffic
Camera type: fixed</description>
      <Point>
        <coordinates>-83.3987287,33.9594774,0</coordinates>
      </Point>
    </Placemark>
    <Placemark>
      <name>ALPR</name>
      <description>OSM node: https://www.openstreetmap.org/node/13544542894
Manufacturer: Flock Safety
Direction: 0
Camera type: fixed</description>
      <Point>
        <coordinates>-82.1048313,33.4505244,0</coordinates>
      </Point>
    </Placemark>
    <Placemark>
      <name>ALPR</name>
      <description>OSM node: https://www.openstreetmap.org/node/13544626801
Manufacturer: Flock Safety
Direction: 109
Zone: traffic
Camera type: fixed</description>
      <Point>
        <coordinates>-81.4769645,31.1930928,0</coordinates>
      </Point>
    </Placemark>
    <Placemark>
      <name>ALPR</name>
      <description>OSM node: https://www.openstreetmap.org/node/13546093601
Manufacturer: Flock Safety
Direction: 244
Zone: traffic
Camera type: fixed</description>
      <Point>
        <coordinates>-84.1969826,34.0225093,0</coordinates>
      </Point>
    </Placemark>
    <Placemark>
      <name>ALPR</name>
      <description>OSM node: https://www.openstreetmap.org/node/13546290401
Manufacturer: Flock Safety
Direction: 340
Zone: traffic
Camera type: fixed</description>
      <Point>
        <coordinates>-81.501178,31.2381363,0</coordinates>
      </Point>
    </Placemark>
    <Placemark>
      <name>ALPR</name>
      <description>OSM node: https://www.openstreetmap.org/node/13546352101
Manufacturer: Genetec
Direction: 221
Zone: traffic
Camera type: fixed</description>
      <Point>
        <coordinates>-82.0196249,33.4763879,0</coordinates>
      </Point>
    </Placemark>
    <Placemark>
      <name>ALPR</name>
      <description>OSM node: https://www.openstreetmap.org/node/13546528101
Manufacturer: Flock Safety
Direction: 70
Zone: traffic
Camera type: fixed</description>
      <Point>
        <coordinates>-84.5694557,33.8564601,0</coordinates>
      </Point>
    </Placemark>
    <Placemark>
      <name>ALPR</name>
      <description>OSM node: https://www.openstreetmap.org/node/13546907101
Manufacturer: Flock Safety
Direction: 140
Zone: traffic
Camera type: fixed</description>
      <Point>
        <coordinates>-84.724941,33.8818565,0</coordinates>
      </Point>
    </Placemark>
    <Placemark>
      <name>ALPR</name>
      <description>OSM node: https://www.openstreetmap.org/node/13547067601
Manufacturer: Flock Safety
Direction: 328
Zone: traffic
Camera type: fixed</description>
      <Point>
        <coordinates>-84.2519425,33.7380165,0</coordinates>
      </Point>
    </Placemark>
    <Placemark>
      <name>ALPR</name>
      <description>OSM node: https://www.openstreetmap.org/node/13547194301
Manufacturer: Flock Safety
Direction: 144
Zone: traffic
Camera type: fixed</description>
      <Point>
        <coordinates>-84.2520671,33.7378686,0</coordinates>
      </Point>
    </Placemark>
    <Placemark>
      <name>ALPR</name>
      <description>OSM node: https://www.openstreetmap.org/node/13548834501
Manufacturer: Flock Safety
Direction: 171
Zone: traffic
Camera type: fixed</description>
      <Point>
        <coordinates>-84.1900745,33.3658332,0</coordinates>
      </Point>
    </Placemark>
    <Placemark>
      <name>ALPR</name>
      <description>OSM node: https://www.openstreetmap.org/node/13550821301
Manufacturer: Flock Safety
Direction: 311
Zone: traffic
Camera type: fixed</description>
      <Point>
        <coordinates>-84.378129,33.5838012,0</coordinates>
      </Point>
    </Placemark>
    <Placemark>
      <name>ALPR</name>
      <description>OSM node: https://www.openstreetmap.org/node/13550832101
Manufacturer: Flock Safety
Direction: 41
Zone: traffic
Camera type: fixed</description>
      <Point>
        <coordinates>-84.2122381,34.0994623,0</coordinates>
      </Point>
    </Placemark>
    <Placemark>
      <name>ALPR</name>
      <description>OSM node: https://www.openstreetmap.org/node/13550849301
Manufacturer: Flock Safety
Direction: 208
Zone: traffic
Camera type: fixed</description>
      <Point>
        <coordinates>-84.5310221,33.8737845,0</coordinates>
      </Point>
    </Placemark>
    <Placemark>
      <name>ALPR</name>
      <description>OSM node: https://www.openstreetmap.org/node/13555286903
Manufacturer: Flock Safety
Direction: 15
Zone: traffic</description>
      <Point>
        <coordinates>-84.5720748,33.3687816,0</coordinates>
      </Point>
    </Placemark>
    <Placemark>
      <name>ALPR</name>
      <description>OSM node: https://www.openstreetmap.org/node/13555500625
Manufacturer: Flock Safety
Direction: 335
Zone: traffic</description>
      <Point>
        <coordinates>-84.5077245,33.4512108,0</coordinates>
      </Point>
    </Placemark>
    <Placemark>
      <name>ALPR</name>
      <description>OSM node: https://www.openstreetmap.org/node/13555864902
Manufacturer: Flock Safety
Direction: 238
Zone: traffic
Camera type: fixed</description>
      <Point>
        <coordinates>-84.4991783,33.883852,0</coordinates>
      </Point>
    </Placemark>
    <Placemark>
      <name>ALPR</name>
      <description>OSM node: https://www.openstreetmap.org/node/13555908701
Manufacturer: Flock Safety
Direction: 0
Zone: traffic
Camera type: fixed</description>
      <Point>
        <coordinates>-84.4984389,33.8838398,0</coordinates>
      </Point>
    </Placemark>
    <Placemark>
      <name>ALPR</name>
      <description>OSM node: https://www.openstreetmap.org/node/13555921101
Manufacturer: Flock Safety
Direction: 0
Zone: traffic
Camera type: fixed</description>
      <Point>
        <coordinates>-84.475729,33.8834595,0</coordinates>
      </Point>
    </Placemark>
    <Placemark>
      <name>ALPR</name>
      <description>OSM node: https://www.openstreetmap.org/node/13555921601
Manufacturer: Flock Safety
Direction: 124
Zone: traffic
Camera type: fixed</description>
      <Point>
        <coordinates>-84.4757194,33.8834147,0</coordinates>
      </Point>
    </Placemark>
    <Placemark>
      <name>ALPR</name>
      <description>OSM node: https://www.openstreetmap.org/node/13555922001
Manufacturer: Flock Safety
Direction: 213
Zone: traffic
Camera type: fixed</description>
      <Point>
        <coordinates>-84.476064,33.8836467,0</coordinates>
      </Point>
    </Placemark>
    <Placemark>
      <name>ALPR</name>
      <description>OSM node: https://www.openstreetmap.org/node/13555939601
Manufacturer: Flock Safety
Direction: 0
Zone: traffic
Camera type: fixed</description>
      <Point>
        <coordinates>-84.4840952,33.8835264,0</coordinates>
      </Point>
    </Placemark>
    <Placemark>
      <name>ALPR</name>
      <description>OSM node: https://www.openstreetmap.org/node/13555940201
Manufacturer: Flock Safety
Direction: 211
Zone: traffic
Camera type: fixed</description>
      <Point>
        <coordinates>-84.484099,33.8835294,0</coordinates>
      </Point>
    </Placemark>
    <Placemark>
      <name>ALPR</name>
      <description>OSM node: https://www.openstreetmap.org/node/13556158651
Manufacturer: Flock Safety
Direction: 355
Camera type: fixed</description>
      <Point>
        <coordinates>-84.6202525,34.0214165,0</coordinates>
      </Point>
    </Placemark>
    <Placemark>
      <name>ALPR</name>
      <description>OSM node: https://www.openstreetmap.org/node/13556163821
Manufacturer: Flock Safety
Direction: 180
Camera type: fixed</description>
      <Point>
        <coordinates>-84.6219781,34.0262233,0</coordinates>
      </Point>
    </Placemark>
    <Placemark>
      <name>ALPR</name>
      <description>OSM node: https://www.openstreetmap.org/node/13556238701
Manufacturer: Flock Safety
Direction: 42
Zone: traffic
Camera type: fixed</description>
      <Point>
        <coordinates>-84.5062818,34.2211796,0</coordinates>
      </Point>
    </Placemark>
    <Placemark>
      <name>ALPR</name>
      <description>OSM node: https://www.openstreetmap.org/node/13556610201
Manufacturer: Flock Safety
Direction: 338-23
Zone: traffic
Camera type: fixed</description>
      <Point>
        <coordinates>-84.3390557,33.8532459,0</coordinates>
      </Point>
    </Placemark>
    <Placemark>
      <name>ALPR</name>
      <description>OSM node: https://www.openstreetmap.org/node/13556611501
Manufacturer: Flock Safety
Direction: 0
Zone: traffic
Camera type: fixed</description>
      <Point>
        <coordinates>-81.670381,32.3775599,0</coordinates>
      </Point>
    </Placemark>
    <Placemark>
      <name>ALPR</name>
      <description>OSM node: https://www.openstreetmap.org/node/13556612601
Manufacturer: Flock Safety
Direction: 114-159
Zone: traffic
Camera type: fixed</description>
      <Point>
        <coordinates>-84.339079,33.8449971,0</coordinates>
      </Point>
    </Placemark>
    <Placemark>
      <name>ALPR</name>
      <description>OSM node: https://www.openstreetmap.org/node/13556831101
Manufacturer: Flock Safety
Direction: 183
Zone: traffic
Camera type: fixed</description>
      <Point>
        <coordinates>-83.7598603,34.1043722,0</coordinates>
      </Point>
    </Placemark>
    <Placemark>
      <name>ALPR</name>
      <description>OSM node: https://www.openstreetmap.org/node/13562784101
Manufacturer: Flock Safety
Direction: 124
Zone: traffic
Camera type: fixed</description>
      <Point>
        <coordinates>-84.3062474,34.0377302,0</coordinates>
      </Point>
    </Placemark>
    <Placemark>
      <name>ALPR</name>
      <description>OSM node: https://www.openstreetmap.org/node/13563093201
Manufacturer: Flock Safety
Direction: 328
Zone: traffic
Camera type: fixed</description>
      <Point>
        <coordinates>-84.2523812,34.046223,0</coordinates>
      </Point>
    </Placemark>
    <Placemark>
      <name>ALPR</name>
      <description>OSM node: https://www.openstreetmap.org/node/13563104563
Manufacturer: Flock Safety
Direction: 230
Zone: traffic
Camera type: fixed</description>
      <Point>
        <coordinates>-81.761577,31.2317805,0</coordinates>
      </Point>
    </Placemark>
    <Placemark>
      <name>ALPR</name>
      <description>OSM node: https://www.openstreetmap.org/node/13563105801
Manufacturer: Flock Safety
Direction: 195
Zone: traffic
Camera type: fixed</description>
      <Point>
        <coordinates>-84.3748304,33.8228406,0</coordinates>
      </Point>
    </Placemark>
    <Placemark>
      <name>ALPR</name>
      <description>OSM node: https://www.openstreetmap.org/node/13563146203
Manufacturer: Flock Safety
Direction: 324
Zone: traffic
Camera type: fixed</description>
      <Point>
        <coordinates>-84.3023923,33.960863,0</coordinates>
      </Point>
    </Placemark>
    <Placemark>
      <name>ALPR</name>
      <description>OSM node: https://www.openstreetmap.org/node/13563234001
Manufacturer: Flock Safety
Direction: 349
Zone: traffic
Camera type: fixed</description>
      <Point>
        <coordinates>-84.2966429,33.9209335,0</coordinates>
      </Point>
    </Placemark>
    <Placemark>
      <name>ALPR</name>
      <description>OSM node: https://www.openstreetmap.org/node/13563234101
Manufacturer: Flock Safety
Direction: 199
Zone: traffic
Camera type: fixed</description>
      <Point>
        <coordinates>-84.3028026,33.9574235,0</coordinates>
      </Point>
    </Placemark>
    <Placemark>
      <name>ALPR</name>
      <description>OSM node: https://www.openstreetmap.org/node/13563270401
Manufacturer: Flock Safety
Direction: 0
Zone: traffic
Camera type: fixed</description>
      <Point>
        <coordinates>-84.1716468,34.1216174,0</coordinates>
      </Point>
    </Placemark>
    <Placemark>
      <name>ALPR</name>
      <description>OSM node: https://www.openstreetmap.org/node/13563272601
Manufacturer: Flock Safety
Direction: 187
Zone: traffic
Camera type: fixed</description>
      <Point>
        <coordinates>-84.3841428,33.756639,0</coordinates>
      </Point>
    </Placemark>
    <Placemark>
      <name>ALPR</name>
      <description>OSM node: https://www.openstreetmap.org/node/13563272602
Manufacturer: Flock Safety
Direction: 169
Zone: traffic
Camera type: fixed</description>
      <Point>
        <coordinates>-84.3843694,33.7566541,0</coordinates>
      </Point>
    </Placemark>
    <Placemark>
      <name>ALPR</name>
      <description>OSM node: https://www.openstreetmap.org/node/13563806101
Manufacturer: Flock Safety
Direction: 59
Zone: traffic
Camera type: fixed</description>
      <Point>
        <coordinates>-82.2006909,31.1717085,0</coordinates>
      </Point>
    </Placemark>
    <Placemark>
      <name>ALPR</name>
      <description>OSM node: https://www.openstreetmap.org/node/13563809101
Manufacturer: Flock Safety
Direction: 0
Zone: traffic
Camera type: fixed</description>
      <Point>
        <coordinates>-82.0081602,31.0865771,0</coordinates>
      </Point>
    </Placemark>
    <Placemark>
      <name>ALPR</name>
      <description>OSM node: https://www.openstreetmap.org/node/13564363967
Manufacturer: Flock Safety
Direction: 170
Zone: traffic
Camera type: fixed</description>
      <Point>
        <coordinates>-84.1753488,33.9880261,0</coordinates>
      </Point>
    </Placemark>
    <Placemark>
      <name>ALPR</name>
      <description>OSM node: https://www.openstreetmap.org/node/13564521301
Manufacturer: Flock Safety
Direction: 335
Zone: traffic
Camera type: fixed</description>
      <Point>
        <coordinates>-84.3822132,33.7545912,0</coordinates>
      </Point>
    </Placemark>
    <Placemark>
      <name>ALPR</name>
      <description>OSM node: https://www.openstreetmap.org/node/13564598101
Manufacturer: Flock Safety
Direction: 143
Zone: traffic
Camera type: fixed</description>
      <Point>
        <coordinates>-84.4940256,33.8679849,0</coordinates>
      </Point>
    </Placemark>
    <Placemark>
      <name>ALPR</name>
      <description>OSM node: https://www.openstreetmap.org/node/13564613601
Manufacturer: Flock Safety
Direction: 318
Zone: traffic
Camera type: fixed</description>
      <Point>
        <coordinates>-84.5687152,33.4074229,0</coordinates>
      </Point>
    </Placemark>
    <Placemark>
      <name>ALPR</name>
      <description>OSM node: https://www.openstreetmap.org/node/13564633401
Manufacturer: Flock Safety
Direction: 224
Zone: traffic
Camera type: fixed</description>
      <Point>
        <coordinates>-84.5194686,33.4479823,0</coordinates>
      </Point>
    </Placemark>
    <Placemark>
      <name>ALPR</name>
      <description>OSM node: https://www.openstreetmap.org/node/13564634201
Manufacturer: Flock Safety
Direction: 308
Zone: traffic
Camera type: fixed</description>
      <Point>
        <coordinates>-84.5240446,33.4461684,0</coordinates>
      </Point>
    </Placemark>
    <Placemark>
      <name>ALPR</name>
      <description>OSM node: https://www.openstreetmap.org/node/13564634301
Manufacturer: Flock Safety
Direction: 122
Zone: traffic
Camera type: fixed</description>
      <Point>
        <coordinates>-84.5241404,33.4462087,0</coordinates>
      </Point>
    </Placemark>
    <Placemark>
      <name>ALPR</name>
      <description>OSM node: https://www.openstreetmap.org/node/13564679001
Manufacturer: Flock Safety
Direction: 163
Zone: traffic
Camera type: fixed</description>
      <Point>
        <coordinates>-84.4454854,33.4723032,0</coordinates>
      </Point>
    </Placemark>
    <Placemark>
      <name>ALPR</name>
      <description>OSM node: https://www.openstreetmap.org/node/13564679103
Manufacturer: Flock Safety
Direction: 295
Zone: traffic
Camera type: fixed</description>
      <Point>
        <coordinates>-84.4477859,33.4714177,0</coordinates>
      </Point>
    </Placemark>
    <Placemark>
      <name>ALPR</name>
      <description>OSM node: https://www.openstreetmap.org/node/13564679201
Manufacturer: Flock Safety
Direction: 271
Zone: traffic
Camera type: fixed</description>
      <Point>
        <coordinates>-84.4455507,33.472316,0</coordinates>
      </Point>
    </Placemark>
    <Placemark>
      <name>ALPR</name>
      <description>OSM node: https://www.openstreetmap.org/node/13564680701
Manufacturer: Flock Safety
Direction: 86
Zone: traffic
Camera type: fixed</description>
      <Point>
        <coordinates>-84.4477429,33.4714107,0</coordinates>
      </Point>
    </Placemark>
    <Placemark>
      <name>ALPR</name>
      <description>OSM node: https://www.openstreetmap.org/node/13564704701
Manufacturer: Flock Safety
Direction: 59
Zone: traffic
Camera type: fixed</description>
      <Point>
        <coordinates>-84.4472056,33.4719464,0</coordinates>
      </Point>
    </Placemark>
    <Placemark>
      <name>ALPR</name>
      <description>OSM node: https://www.openstreetmap.org/node/13564705101
Manufacturer: Flock Safety
Direction: 128
Zone: traffic
Camera type: fixed</description>
      <Point>
        <coordinates>-84.4472056,33.4719464,0</coordinates>
      </Point>
    </Placemark>
    <Placemark>
      <name>ALPR</name>
      <description>OSM node: https://www.openstreetmap.org/node/13564706101
Manufacturer: Flock Safety
Direction: 224
Zone: traffic
Camera type: fixed</description>
      <Point>
        <coordinates>-84.4472056,33.4719464,0</coordinates>
      </Point>
    </Placemark>
    <Placemark>
      <name>ALPR</name>
      <description>OSM node: https://www.openstreetmap.org/node/13564708001
Manufacturer: Flock Safety
Direction: 331
Zone: traffic
Camera type: fixed</description>
      <Point>
        <coordinates>-84.4472056,33.4719464,0</coordinates>
      </Point>
    </Placemark>
    <Placemark>
      <name>ALPR</name>
      <description>OSM node: https://www.openstreetmap.org/node/13564710001
Manufacturer: Flock Safety
Direction: 74
Zone: traffic
Camera type: fixed</description>
      <Point>
        <coordinates>-84.4472056,33.4719464,0</coordinates>
      </Point>
    </Placemark>
    <Placemark>
      <name>ALPR</name>
      <description>OSM node: https://www.openstreetmap.org/node/13564710101
Manufacturer: Flock Safety
Direction: 162
Zone: traffic
Camera type: fixed</description>
      <Point>
        <coordinates>-84.4471925,33.4719393,0</coordinates>
      </Point>
    </Placemark>
    <Placemark>
      <name>ALPR</name>
      <description>OSM node: https://www.openstreetmap.org/node/13564731101
Manufacturer: Flock Safety
Direction: 260
Zone: traffic
Camera type: fixed</description>
      <Point>
        <coordinates>-84.0081799,34.0932133,0</coordinates>
      </Point>
    </Placemark>
    <Placemark>
      <name>ALPR</name>
      <description>OSM node: https://www.openstreetmap.org/node/13564746901
Manufacturer: Flock Safety
Direction: 274
Zone: traffic
Camera type: fixed</description>
      <Point>
        <coordinates>-83.9887903,34.0659257,0</coordinates>
      </Point>
    </Placemark>
    <Placemark>
      <name>ALPR</name>
      <description>OSM node: https://www.openstreetmap.org/node/13564747301
Manufacturer: Flock Safety
Direction: 255
Zone: traffic
Camera type: fixed</description>
      <Point>
        <coordinates>-83.9894096,34.0652243,0</coordinates>
      </Point>
    </Placemark>
    <Placemark>
      <name>ALPR</name>
      <description>OSM node: https://www.openstreetmap.org/node/13564787401
Manufacturer: Flock Safety
Direction: 280
Zone: traffic
Camera type: fixed</description>
      <Point>
        <coordinates>-84.187854,34.0152639,0</coordinates>
      </Point>
    </Placemark>
    <Placemark>
      <name>ALPR</name>
      <description>OSM node: https://www.openstreetmap.org/node/13564790001
Manufacturer: Flock Safety
Direction: 173
Zone: traffic
Camera type: fixed</description>
      <Point>
        <coordinates>-84.1877716,34.0152078,0</coordinates>
      </Point>
    </Placemark>
    <Placemark>
      <name>ALPR</name>
      <description>OSM node: https://www.openstreetmap.org/node/13564796001
Manufacturer: Flock Safety
Direction: 170
Zone: traffic
Camera type: fixed</description>
      <Point>
        <coordinates>-84.4502281,33.4626815,0</coordinates>
      </Point>
    </Placemark>
    <Placemark>
      <name>ALPR</name>
      <description>OSM node: https://www.openstreetmap.org/node/13564796201
Manufacturer: Flock Safety
Direction: 192
Zone: traffic
Camera type: fixed</description>
      <Point>
        <coordinates>-84.4502606,33.46341,0</coordinates>
      </Point>
    </Placemark>
    <Placemark>
      <name>ALPR</name>
      <description>OSM node: https://www.openstreetmap.org/node/13564799901
Manufacturer: Flock Safety
Direction: 349
Zone: traffic
Camera type: fixed</description>
      <Point>
        <coordinates>-84.4498693,33.4492091,0</coordinates>
      </Point>
    </Placemark>
    <Placemark>
      <name>ALPR</name>
      <description>OSM node: https://www.openstreetmap.org/node/13564806801
Manufacturer: Flock Safety
Direction: 181
Zone: traffic
Camera type: fixed</description>
      <Point>
        <coordinates>-84.4435803,33.4124022,0</coordinates>
      </Point>
    </Placemark>
    <Placemark>
      <name>ALPR</name>
      <description>OSM node: https://www.openstreetmap.org/node/13564829701
Manufacturer: Flock Safety
Direction: 38
Zone: traffic
Camera type: fixed</description>
      <Point>
        <coordinates>-84.5181214,31.1903653,0</coordinates>
      </Point>
    </Placemark>
    <Placemark>
      <name>ALPR</name>
      <description>OSM node: https://www.openstreetmap.org/node/13564892901
Manufacturer: Flock Safety
Direction: 131
Zone: traffic
Camera type: fixed</description>
      <Point>
        <coordinates>-84.2780756,31.4306918,0</coordinates>
      </Point>
    </Placemark>
    <Placemark>
      <name>ALPR</name>
      <description>OSM node: https://www.openstreetmap.org/node/13564893702
Manufacturer: Flock Safety
Direction: 22
Zone: traffic
Camera type: fixed</description>
      <Point>
        <coordinates>-84.2660478,31.4453172,0</coordinates>
      </Point>
    </Placemark>
    <Placemark>
      <name>ALPR</name>
      <description>OSM node: https://www.openstreetmap.org/node/13564899902
Manufacturer: Flock Safety
Direction: 20
Zone: traffic
Camera type: fixed</description>
      <Point>
        <coordinates>-85.2560532,33.5246961,0</coordinates>
      </Point>
    </Placemark>
    <Placemark>
      <name>ALPR</name>
      <description>OSM node: https://www.openstreetmap.org/node/13564910901
Manufacturer: Flock Safety
Direction: 0
Zone: traffic
Camera type: fixed</description>
      <Point>
        <coordinates>-84.2077381,31.5067488,0</coordinates>
      </Point>
    </Placemark>
    <Placemark>
      <name>ALPR</name>
      <description>OSM node: https://www.openstreetmap.org/node/13564912801
Manufacturer: Flock Safety
Direction: 339
Zone: traffic
Camera type: fixed</description>
      <Point>
        <coordinates>-84.3743058,33.7916797,0</coordinates>
      </Point>
    </Placemark>
    <Placemark>
      <name>ALPR</name>
      <description>OSM node: https://www.openstreetmap.org/node/13564915801
Manufacturer: Flock Safety
Direction: 161
Zone: traffic
Camera type: fixed</description>
      <Point>
        <coordinates>-84.1852872,31.5348235,0</coordinates>
      </Point>
    </Placemark>
    <Placemark>
      <name>ALPR</name>
      <description>OSM node: https://www.openstreetmap.org/node/13564919401
Manufacturer: Flock Safety
Direction: 260
Zone: traffic
Camera type: fixed</description>
      <Point>
        <coordinates>-84.513659,33.8802335,0</coordinates>
      </Point>
    </Placemark>
    <Placemark>
      <name>ALPR</name>
      <description>OSM node: https://www.openstreetmap.org/node/13564920801
Manufacturer: Flock Safety
Direction: 73
Zone: traffic
Camera type: fixed</description>
      <Point>
        <coordinates>-84.5117762,33.8801936,0</coordinates>
      </Point>
    </Placemark>
    <Placemark>
      <name>ALPR</name>
      <description>OSM node: https://www.openstreetmap.org/node/13564921701
Manufacturer: Flock Safety
Direction: 342
Zone: traffic
Camera type: fixed</description>
      <Point>
        <coordinates>-84.1761061,31.572968,0</coordinates>
      </Point>
    </Placemark>
    <Placemark>
      <name>ALPR</name>
      <description>OSM node: https://www.openstreetmap.org/node/13564922401
Manufacturer: Flock Safety
Direction: 37
Zone: traffic
Camera type: fixed</description>
      <Point>
        <coordinates>-84.5302885,33.8740933,0</coordinates>
      </Point>
    </Placemark>
    <Placemark>
      <name>ALPR</name>
      <description>OSM node: https://www.openstreetmap.org/node/13564925101
Manufacturer: Flock Safety
Direction: 294
Zone: traffic
Camera type: fixed</description>
      <Point>
        <coordinates>-84.1760818,31.5821985,0</coordinates>
      </Point>
    </Placemark>
    <Placemark>
      <name>ALPR</name>
      <description>OSM node: https://www.openstreetmap.org/node/13564926401
Manufacturer: Flock Safety
Direction: 0
Zone: traffic
Camera type: fixed</description>
      <Point>
        <coordinates>-84.1759917,31.5911381,0</coordinates>
      </Point>
    </Placemark>
    <Placemark>
      <name>The Home Depot ALPR</name>
      <description>OSM node: https://www.openstreetmap.org/node/13564942601
Operator: The Home Depot
Manufacturer: Flock Safety
Direction: 109
Zone: traffic
Camera type: fixed</description>
      <Point>
        <coordinates>-84.2800966,33.9205183,0</coordinates>
      </Point>
    </Placemark>
    <Placemark>
      <name>ALPR</name>
      <description>OSM node: https://www.openstreetmap.org/node/13564945342
Manufacturer: Flock Safety
Direction: 290
Camera type: fixed</description>
      <Point>
        <coordinates>-83.7972196,31.1964612,0</coordinates>
      </Point>
    </Placemark>
    <Placemark>
      <name>ALPR</name>
      <description>OSM node: https://www.openstreetmap.org/node/13564945343
Manufacturer: Flock Safety
Direction: 170
Camera type: fixed</description>
      <Point>
        <coordinates>-83.7889209,31.1889153,0</coordinates>
      </Point>
    </Placemark>
    <Placemark>
      <name>ALPR</name>
      <description>OSM node: https://www.openstreetmap.org/node/13565041101
Manufacturer: Flock Safety
Direction: 239
Zone: traffic
Camera type: fixed</description>
      <Point>
        <coordinates>-84.17613,31.5902793,0</coordinates>
      </Point>
    </Placemark>
    <Placemark>
      <name>ALPR</name>
      <description>OSM node: https://www.openstreetmap.org/node/13565041701
Manufacturer: Flock Safety
Direction: 147
Zone: traffic
Camera type: fixed</description>
      <Point>
        <coordinates>-84.1762849,31.5830133,0</coordinates>
      </Point>
    </Placemark>
    <Placemark>
      <name>ALPR</name>
      <description>OSM node: https://www.openstreetmap.org/node/13565043701
Manufacturer: Flock Safety
Direction: 245
Zone: traffic
Camera type: fixed</description>
      <Point>
        <coordinates>-84.3503943,33.7155488,0</coordinates>
      </Point>
    </Placemark>
    <Placemark>
      <name>ALPR</name>
      <description>OSM node: https://www.openstreetmap.org/node/13565047401
Manufacturer: Flock Safety
Direction: 145
Zone: traffic
Camera type: fixed</description>
      <Point>
        <coordinates>-84.1766956,31.552461,0</coordinates>
      </Point>
    </Placemark>
    <Placemark>
      <name>ALPR</name>
      <description>OSM node: https://www.openstreetmap.org/node/13565372502
Manufacturer: Flock Safety
Direction: 323
Zone: traffic
Camera type: fixed</description>
      <Point>
        <coordinates>-84.878076,31.0680611,0</coordinates>
      </Point>
    </Placemark>
    <Placemark>
      <name>ALPR</name>
      <description>OSM node: https://www.openstreetmap.org/node/13565372701
Manufacturer: Flock Safety
Direction: 0
Zone: traffic
Camera type: fixed</description>
      <Point>
        <coordinates>-83.7861596,33.974142,0</coordinates>
      </Point>
    </Placemark>
    <Placemark>
      <name>ALPR</name>
      <description>OSM node: https://www.openstreetmap.org/node/13565377301
Manufacturer: Flock Safety
Direction: 163
Zone: traffic
Camera type: fixed</description>
      <Point>
        <coordinates>-84.8782426,31.0683935,0</coordinates>
      </Point>
    </Placemark>
    <Placemark>
      <name>ALPR</name>
      <description>OSM node: https://www.openstreetmap.org/node/13565385001
Manufacturer: Flock Safety
Direction: 152
Zone: traffic
Camera type: fixed</description>
      <Point>
        <coordinates>-84.879343,31.0402853,0</coordinates>
      </Point>
    </Placemark>
    <Placemark>
      <name>ALPR</name>
      <description>OSM node: https://www.openstreetmap.org/node/13565385201
Manufacturer: Flock Safety
Direction: 152
Zone: traffic
Camera type: fixed</description>
      <Point>
        <coordinates>-84.3963417,33.8081314,0</coordinates>
      </Point>
    </Placemark>
    <Placemark>
      <name>ALPR</name>
      <description>OSM node: https://www.openstreetmap.org/node/13565385801
Manufacturer: Flock Safety
Direction: 1
Zone: traffic
Camera type: fixed</description>
      <Point>
        <coordinates>-84.3977977,33.8085275,0</coordinates>
      </Point>
    </Placemark>
    <Placemark>
      <name>ALPR</name>
      <description>OSM node: https://www.openstreetmap.org/node/13565386201
Manufacturer: Flock Safety
Direction: 166
Zone: traffic
Camera type: fixed</description>
      <Point>
        <coordinates>-84.3978567,33.8086132,0</coordinates>
      </Point>
    </Placemark>
    <Placemark>
      <name>ALPR</name>
      <description>OSM node: https://www.openstreetmap.org/node/13565424801
Manufacturer: Flock Safety
Direction: 184
Zone: traffic
Camera type: fixed</description>
      <Point>
        <coordinates>-84.2952066,34.009436,0</coordinates>
      </Point>
    </Placemark>
    <Placemark>
      <name>ALPR</name>
      <description>OSM node: https://www.openstreetmap.org/node/13565478601
Manufacturer: Flock Safety
Direction: 164
Zone: traffic
Camera type: fixed</description>
      <Point>
        <coordinates>-84.7810762,33.8827648,0</coordinates>
      </Point>
    </Placemark>
    <Placemark>
      <name>ALPR</name>
      <description>OSM node: https://www.openstreetmap.org/node/13565479601
Manufacturer: Flock Safety
Direction: 237
Zone: traffic
Camera type: fixed</description>
      <Point>
        <coordinates>-84.7930624,33.9104463,0</coordinates>
      </Point>
    </Placemark>
    <Placemark>
      <name>ALPR</name>
      <description>OSM node: https://www.openstreetmap.org/node/13565564301
Manufacturer: Flock Safety
Direction: 170
Zone: traffic
Camera type: fixed</description>
      <Point>
        <coordinates>-84.7796984,33.9008098,0</coordinates>
      </Point>
    </Placemark>
    <Placemark>
      <name>ALPR</name>
      <description>OSM node: https://www.openstreetmap.org/node/13565744801
Manufacturer: Flock Safety
Direction: 313
Zone: traffic
Camera type: fixed</description>
      <Point>
        <coordinates>-84.512647,33.8804935,0</coordinates>
      </Point>
    </Placemark>
    <Placemark>
      <name>ALPR</name>
      <description>OSM node: https://www.openstreetmap.org/node/13565878801
Manufacturer: Flock Safety
Direction: 36
Zone: traffic
Camera type: fixed</description>
      <Point>
        <coordinates>-84.2440232,33.8148957,0</coordinates>
      </Point>
    </Placemark>
    <Placemark>
      <name>ALPR</name>
      <description>OSM node: https://www.openstreetmap.org/node/13565912001
Manufacturer: Flock Safety
Direction: 92
Zone: traffic
Camera type: fixed</description>
      <Point>
        <coordinates>-84.3369123,33.7576204,0</coordinates>
      </Point>
    </Placemark>
    <Placemark>
      <name>Lowe's ALPR</name>
      <description>OSM node: https://www.openstreetmap.org/node/13565916201
Operator: Lowe's
Manufacturer: Flock Safety
Direction: 0
Zone: traffic
Camera type: fixed</description>
      <Point>
        <coordinates>-84.3466453,33.7585834,0</coordinates>
      </Point>
    </Placemark>
    <Placemark>
      <name>Lowe's ALPR</name>
      <description>OSM node: https://www.openstreetmap.org/node/13565917801
Operator: Lowe's
Manufacturer: Flock Safety
Direction: 97
Zone: traffic
Camera type: fixed</description>
      <Point>
        <coordinates>-84.3476008,33.7588159,0</coordinates>
      </Point>
    </Placemark>
    <Placemark>
      <name>ALPR</name>
      <description>OSM node: https://www.openstreetmap.org/node/13566732901
Manufacturer: Flock Safety
Direction: 84
Zone: traffic
Camera type: fixed</description>
      <Point>
        <coordinates>-84.3935808,33.8090876,0</coordinates>
      </Point>
    </Placemark>
    <Placemark>
      <name>ALPR</name>
      <description>OSM node: https://www.openstreetmap.org/node/13566762401
Manufacturer: Flock Safety
Direction: 116
Zone: traffic
Camera type: fixed</description>
      <Point>
        <coordinates>-84.2462467,33.8177547,0</coordinates>
      </Point>
    </Placemark>
    <Placemark>
      <name>ALPR</name>
      <description>OSM node: https://www.openstreetmap.org/node/13566843401
Manufacturer: Flock Safety
Direction: 265
Zone: traffic
Camera type: fixed</description>
      <Point>
        <coordinates>-83.8244923,32.8972802,0</coordinates>
      </Point>
    </Placemark>
    <Placemark>
      <name>ALPR</name>
      <description>OSM node: https://www.openstreetmap.org/node/13566931604
Manufacturer: Flock Safety
Direction: 45
Zone: traffic
Camera type: fixed</description>
      <Point>
        <coordinates>-84.2454187,33.8172543,0</coordinates>
      </Point>
    </Placemark>
    <Placemark>
      <name>ALPR</name>
      <description>OSM node: https://www.openstreetmap.org/node/13566939701
Manufacturer: Flock Safety
Direction: 24
Zone: traffic
Camera type: fixed</description>
      <Point>
        <coordinates>-84.2491767,33.8290388,0</coordinates>
      </Point>
    </Placemark>
    <Placemark>
      <name>ALPR</name>
      <description>OSM node: https://www.openstreetmap.org/node/13566941301
Manufacturer: Flock Safety
Direction: 211
Zone: traffic
Camera type: fixed</description>
      <Point>
        <coordinates>-84.2473579,33.8310052,0</coordinates>
      </Point>
    </Placemark>
    <Placemark>
      <name>ALPR</name>
      <description>OSM node: https://www.openstreetmap.org/node/13566944101
Manufacturer: Flock Safety
Direction: 316
Zone: traffic
Camera type: fixed</description>
      <Point>
        <coordinates>-84.2453108,33.8170072,0</coordinates>
      </Point>
    </Placemark>
    <Placemark>
      <name>ALPR</name>
      <description>OSM node: https://www.openstreetmap.org/node/13567001101
Manufacturer: Flock Safety
Direction: 207
Zone: traffic
Camera type: fixed</description>
      <Point>
        <coordinates>-84.4274319,33.8408093,0</coordinates>
      </Point>
    </Placemark>
    <Placemark>
      <name>ALPR</name>
      <description>OSM node: https://www.openstreetmap.org/node/13567002001
Manufacturer: Flock Safety
Direction: 53
Zone: traffic
Camera type: fixed</description>
      <Point>
        <coordinates>-84.4274749,33.840671,0</coordinates>
      </Point>
    </Placemark>
    <Placemark>
      <name>ALPR</name>
      <description>OSM node: https://www.openstreetmap.org/node/13568193601
Manufacturer: Flock Safety
Direction: 120
Zone: traffic
Camera type: fixed</description>
      <Point>
        <coordinates>-84.3154089,33.9158448,0</coordinates>
      </Point>
    </Placemark>
    <Placemark>
      <name>ALPR</name>
      <description>OSM node: https://www.openstreetmap.org/node/13568198501
Manufacturer: Flock Safety
Direction: 252
Zone: traffic
Camera type: fixed</description>
      <Point>
        <coordinates>-84.3147216,33.9209107,0</coordinates>
      </Point>
    </Placemark>
    <Placemark>
      <name>ALPR</name>
      <description>OSM node: https://www.openstreetmap.org/node/13568234301
Manufacturer: Flock Safety
Direction: 128
Zone: traffic
Camera type: fixed</description>
      <Point>
        <coordinates>-84.3430507,34.0374987,0</coordinates>
      </Point>
    </Placemark>
    <Placemark>
      <name>ALPR</name>
      <description>OSM node: https://www.openstreetmap.org/node/13568246601
Manufacturer: Flock Safety
Direction: 66
Zone: traffic
Camera type: fixed</description>
      <Point>
        <coordinates>-84.3295028,34.0238052,0</coordinates>
      </Point>
    </Placemark>
    <Placemark>
      <name>ALPR</name>
      <description>OSM node: https://www.openstreetmap.org/node/13568328501
Manufacturer: Flock Safety
Direction: 12
Zone: traffic
Camera type: fixed</description>
      <Point>
        <coordinates>-84.3637805,33.9354253,0</coordinates>
      </Point>
    </Placemark>
    <Placemark>
      <name>ALPR</name>
      <description>OSM node: https://www.openstreetmap.org/node/13568341401
Manufacturer: Flock Safety
Direction: 330
Zone: traffic
Camera type: fixed</description>
      <Point>
        <coordinates>-84.3141666,33.9218192,0</coordinates>
      </Point>
    </Placemark>
    <Placemark>
      <name>ALPR</name>
      <description>OSM node: https://www.openstreetmap.org/node/13568432401
Manufacturer: Flock Safety
Direction: 67
Zone: traffic
Camera type: fixed</description>
      <Point>
        <coordinates>-84.3047828,33.9197854,0</coordinates>
      </Point>
    </Placemark>
    <Placemark>
      <name>ALPR</name>
      <description>OSM node: https://www.openstreetmap.org/node/13570197701
Manufacturer: Flock Safety
Direction: 349
Zone: traffic
Camera type: fixed</description>
      <Point>
        <coordinates>-84.2008085,33.8413219,0</coordinates>
      </Point>
    </Placemark>
    <Placemark>
      <name>ALPR</name>
      <description>OSM node: https://www.openstreetmap.org/node/13570282801
Manufacturer: Flock Safety
Direction: 271
Zone: traffic
Camera type: fixed</description>
      <Point>
        <coordinates>-81.9841359,33.471178,0</coordinates>
      </Point>
    </Placemark>
    <Placemark>
      <name>ALPR</name>
      <description>OSM node: https://www.openstreetmap.org/node/13570336501
Manufacturer: Flock Safety
Direction: 337
Zone: traffic
Camera type: fixed</description>
      <Point>
        <coordinates>-84.2542994,33.9749263,0</coordinates>
      </Point>
    </Placemark>
    <Placemark>
      <name>ALPR</name>
      <description>OSM node: https://www.openstreetmap.org/node/13570336502
Manufacturer: Flock Safety
Direction: 157
Zone: traffic
Camera type: fixed</description>
      <Point>
        <coordinates>-84.2543798,33.9748532,0</coordinates>
      </Point>
    </Placemark>
    <Placemark>
      <name>ALPR</name>
      <description>OSM node: https://www.openstreetmap.org/node/13570337801
Manufacturer: Flock Safety
Direction: 325
Zone: traffic
Camera type: fixed</description>
      <Point>
        <coordinates>-84.2600062,33.9821125,0</coordinates>
      </Point>
    </Placemark>
    <Placemark>
      <name>ALPR</name>
      <description>OSM node: https://www.openstreetmap.org/node/13570337802
Manufacturer: Flock Safety
Direction: 336
Zone: traffic
Camera type: fixed</description>
      <Point>
        <coordinates>-84.2281036,33.9782935,0</coordinates>
      </Point>
    </Placemark>
    <Placemark>
      <name>ALPR</name>
      <description>OSM node: https://www.openstreetmap.org/node/13570346901
Manufacturer: Flock Safety
Direction: 167
Zone: traffic
Camera type: fixed</description>
      <Point>
        <coordinates>-84.2724909,33.9549132,0</coordinates>
      </Point>
    </Placemark>
    <Placemark>
      <name>ALPR</name>
      <description>OSM node: https://www.openstreetmap.org/node/13570347501
Manufacturer: Flock Safety
Direction: 169
Zone: traffic
Camera type: fixed</description>
      <Point>
        <coordinates>-84.3074778,33.9624936,0</coordinates>
      </Point>
    </Placemark>
    <Placemark>
      <name>ALPR</name>
      <description>OSM node: https://www.openstreetmap.org/node/13570352401
Manufacturer: Flock Safety
Direction: 71
Zone: traffic
Camera type: fixed</description>
      <Point>
        <coordinates>-84.3037519,33.9599775,0</coordinates>
      </Point>
    </Placemark>
    <Placemark>
      <name>ALPR</name>
      <description>OSM node: https://www.openstreetmap.org/node/13570398401
Manufacturer: Flock Safety
Direction: 225
Zone: traffic
Camera type: fixed</description>
      <Point>
        <coordinates>-84.2489903,33.960318,0</coordinates>
      </Point>
    </Placemark>
    <Placemark>
      <name>ALPR</name>
      <description>OSM node: https://www.openstreetmap.org/node/13570516002
Manufacturer: Flock Safety
Direction: 234
Zone: traffic
Camera type: fixed</description>
      <Point>
        <coordinates>-84.2534784,33.9736168,0</coordinates>
      </Point>
    </Placemark>
    <Placemark>
      <name>ALPR</name>
      <description>OSM node: https://www.openstreetmap.org/node/13570524001
Manufacturer: Flock Safety
Direction: 61
Zone: traffic
Camera type: fixed</description>
      <Point>
        <coordinates>-84.2535022,33.9734652,0</coordinates>
      </Point>
    </Placemark>
    <Placemark>
      <name>ALPR</name>
      <description>OSM node: https://www.openstreetmap.org/node/13570603097
Manufacturer: Flock Safety
Direction: 80</description>
      <Point>
        <coordinates>-85.0941936,33.5752193,0</coordinates>
      </Point>
    </Placemark>
    <Placemark>
      <name>ALPR</name>
      <description>OSM node: https://www.openstreetmap.org/node/13570603098
Manufacturer: Flock Safety
Direction: 200</description>
      <Point>
        <coordinates>-85.0939935,33.5753569,0</coordinates>
      </Point>
    </Placemark>
    <Placemark>
      <name>ALPR</name>
      <description>OSM node: https://www.openstreetmap.org/node/13570603099
Manufacturer: Flock Safety
Direction: 160</description>
      <Point>
        <coordinates>-85.0987424,33.5796676,0</coordinates>
      </Point>
    </Placemark>
    <Placemark>
      <name>ALPR</name>
      <description>OSM node: https://www.openstreetmap.org/node/13570603100
Manufacturer: Flock Safety
Direction: 350</description>
      <Point>
        <coordinates>-85.098645,33.5790946,0</coordinates>
      </Point>
    </Placemark>
    <Placemark>
      <name>ALPR</name>
      <description>OSM node: https://www.openstreetmap.org/node/13570667301
Manufacturer: Flock Safety
Direction: 180</description>
      <Point>
        <coordinates>-85.0953332,33.5755933,0</coordinates>
      </Point>
    </Placemark>
    <Placemark>
      <name>ALPR</name>
      <description>OSM node: https://www.openstreetmap.org/node/13570667302
Manufacturer: Flock Safety
Direction: 10</description>
      <Point>
        <coordinates>-85.0951715,33.5755755,0</coordinates>
      </Point>
    </Placemark>
    <Placemark>
      <name>ALPR</name>
      <description>OSM node: https://www.openstreetmap.org/node/13570667303
Manufacturer: Flock Safety
Direction: 15</description>
      <Point>
        <coordinates>-85.0937925,33.5718691,0</coordinates>
      </Point>
    </Placemark>
    <Placemark>
      <name>ALPR</name>
      <description>OSM node: https://www.openstreetmap.org/node/13570667304
Manufacturer: Flock Safety
Direction: 170</description>
      <Point>
        <coordinates>-85.0939353,33.5725649,0</coordinates>
      </Point>
    </Placemark>
    <Placemark>
      <name>ALPR</name>
      <description>OSM node: https://www.openstreetmap.org/node/13570667306
Manufacturer: Flock Safety
Direction: 280</description>
      <Point>
        <coordinates>-85.0946454,33.571673,0</coordinates>
      </Point>
    </Placemark>
    <Placemark>
      <name>ALPR</name>
      <description>OSM node: https://www.openstreetmap.org/node/13570667307
Manufacturer: Flock Safety
Direction: 290</description>
      <Point>
        <coordinates>-85.0989288,33.570501,0</coordinates>
      </Point>
    </Placemark>
    <Placemark>
      <name>ALPR</name>
      <description>OSM node: https://www.openstreetmap.org/node/13570667308
Manufacturer: Flock Safety
Direction: 290</description>
      <Point>
        <coordinates>-85.101812,33.569548,0</coordinates>
      </Point>
    </Placemark>
    <Placemark>
      <name>ALPR</name>
      <description>OSM node: https://www.openstreetmap.org/node/13570667309
Manufacturer: Flock Safety
Direction: 130</description>
      <Point>
        <coordinates>-85.1020958,33.5695561,0</coordinates>
      </Point>
    </Placemark>
    <Placemark>
      <name>ALPR</name>
      <description>OSM node: https://www.openstreetmap.org/node/13570667310
Manufacturer: Flock Safety
Direction: 140</description>
      <Point>
        <coordinates>-85.1216085,33.5824324,0</coordinates>
      </Point>
    </Placemark>
    <Placemark>
      <name>ALPR</name>
      <description>OSM node: https://www.openstreetmap.org/node/13570667311
Manufacturer: Flock Safety
Direction: 350</description>
      <Point>
        <coordinates>-85.1215146,33.5817755,0</coordinates>
      </Point>
    </Placemark>
    <Placemark>
      <name>ALPR</name>
      <description>OSM node: https://www.openstreetmap.org/node/13570671701
Manufacturer: Flock Safety
Direction: 314
Zone: traffic
Camera type: fixed</description>
      <Point>
        <coordinates>-84.3380124,33.9714713,0</coordinates>
      </Point>
    </Placemark>
    <Placemark>
      <name>ALPR</name>
      <description>OSM node: https://www.openstreetmap.org/node/13570674901
Manufacturer: Flock Safety
Direction: 289
Zone: traffic
Camera type: fixed</description>
      <Point>
        <coordinates>-84.3427688,33.9695275,0</coordinates>
      </Point>
    </Placemark>
    <Placemark>
      <name>ALPR</name>
      <description>OSM node: https://www.openstreetmap.org/node/13570679401
Manufacturer: Flock Safety
Direction: 217
Zone: traffic
Camera type: fixed</description>
      <Point>
        <coordinates>-84.3482259,33.9608494,0</coordinates>
      </Point>
    </Placemark>
    <Placemark>
      <name>ALPR</name>
      <description>OSM node: https://www.openstreetmap.org/node/13570679501
Manufacturer: Flock Safety
Direction: 253
Zone: traffic
Camera type: fixed</description>
      <Point>
        <coordinates>-84.3495897,33.9599462,0</coordinates>
      </Point>
    </Placemark>
    <Placemark>
      <name>ALPR</name>
      <description>OSM node: https://www.openstreetmap.org/node/13570692001
Manufacturer: Flock Safety
Direction: 256
Zone: traffic
Camera type: fixed</description>
      <Point>
        <coordinates>-84.3656135,33.9557628,0</coordinates>
      </Point>
    </Placemark>
    <Placemark>
      <name>ALPR</name>
      <description>OSM node: https://www.openstreetmap.org/node/13570695601
Manufacturer: Flock Safety
Direction: 225-295
Zone: traffic
Camera type: fixed</description>
      <Point>
        <coordinates>-84.2315157,33.8078187,0</coordinates>
      </Point>
    </Placemark>
    <Placemark>
      <name>ALPR</name>
      <description>OSM node: https://www.openstreetmap.org/node/13570698201
Manufacturer: Flock Safety
Direction: 89
Zone: traffic
Camera type: fixed</description>
      <Point>
        <coordinates>-84.2316415,33.807708,0</coordinates>
      </Point>
    </Placemark>
    <Placemark>
      <name>ALPR</name>
      <description>OSM node: https://www.openstreetmap.org/node/13570701401
Manufacturer: Flock Safety
Direction: 53
Zone: traffic
Camera type: fixed</description>
      <Point>
        <coordinates>-84.403202,33.9432609,0</coordinates>
      </Point>
    </Placemark>
    <Placemark>
      <name>ALPR</name>
      <description>OSM node: https://www.openstreetmap.org/node/13571149001
Manufacturer: Flock Safety
Direction: 80
Zone: traffic
Camera type: fixed</description>
      <Point>
        <coordinates>-84.252826,34.0215573,0</coordinates>
      </Point>
    </Placemark>
    <Placemark>
      <name>ALPR</name>
      <description>OSM node: https://www.openstreetmap.org/node/13571333901
Manufacturer: Flock Safety
Direction: 256
Zone: traffic
Camera type: fixed</description>
      <Point>
        <coordinates>-82.0706684,33.5162299,0</coordinates>
      </Point>
    </Placemark>
    <Placemark>
      <name>ALPR</name>
      <description>OSM node: https://www.openstreetmap.org/node/13571370601
Manufacturer: Flock Safety
Direction: 0
Zone: traffic
Camera type: fixed</description>
      <Point>
        <coordinates>-83.8239387,32.897272,0</coordinates>
      </Point>
    </Placemark>
    <Placemark>
      <name>ALPR</name>
      <description>OSM node: https://www.openstreetmap.org/node/13571535001
Manufacturer: Flock Safety
Direction: 36
Zone: traffic
Camera type: fixed</description>
      <Point>
        <coordinates>-84.3579214,33.9561624,0</coordinates>
      </Point>
    </Placemark>
    <Placemark>
      <name>ALPR</name>
      <description>OSM node: https://www.openstreetmap.org/node/13571537401
Manufacturer: Flock Safety
Direction: 101
Zone: traffic
Camera type: fixed</description>
      <Point>
        <coordinates>-84.3445238,33.9593901,0</coordinates>
      </Point>
    </Placemark>
    <Placemark>
      <name>ALPR</name>
      <description>OSM node: https://www.openstreetmap.org/node/13571541001
Manufacturer: Flock Safety
Direction: 283
Zone: traffic
Camera type: fixed</description>
      <Point>
        <coordinates>-84.3455786,33.9690389,0</coordinates>
      </Point>
    </Placemark>
    <Placemark>
      <name>ALPR</name>
      <description>OSM node: https://www.openstreetmap.org/node/13571541601
Manufacturer: Flock Safety
Direction: 0
Zone: traffic
Camera type: fixed</description>
      <Point>
        <coordinates>-84.345633,33.9693169,0</coordinates>
      </Point>
    </Placemark>
    <Placemark>
      <name>ALPR</name>
      <description>OSM node: https://www.openstreetmap.org/node/13571541701
Manufacturer: Flock Safety
Direction: 184
Zone: traffic
Camera type: fixed</description>
      <Point>
        <coordinates>-84.3457568,33.969437,0</coordinates>
      </Point>
    </Placemark>
    <Placemark>
      <name>ALPR</name>
      <description>OSM node: https://www.openstreetmap.org/node/13571542801
Manufacturer: Flock Safety
Direction: 83
Zone: traffic
Camera type: fixed</description>
      <Point>
        <coordinates>-84.3362121,33.9705238,0</coordinates>
      </Point>
    </Placemark>
    <Placemark>
      <name>ALPR</name>
      <description>OSM node: https://www.openstreetmap.org/node/13571544701
Manufacturer: Flock Safety
Direction: 0
Zone: traffic
Camera type: fixed</description>
      <Point>
        <coordinates>-84.327345,33.9678526,0</coordinates>
      </Point>
    </Placemark>
    <Placemark>
      <name>ALPR</name>
      <description>OSM node: https://www.openstreetmap.org/node/13571547901
Manufacturer: Flock Safety
Direction: 318
Zone: traffic
Camera type: fixed</description>
      <Point>
        <coordinates>-84.3236498,33.9672823,0</coordinates>
      </Point>
    </Placemark>
    <Placemark>
      <name>ALPR</name>
      <description>OSM node: https://www.openstreetmap.org/node/13571652001
Manufacturer: Flock Safety
Direction: 332
Zone: traffic
Camera type: fixed</description>
      <Point>
        <coordinates>-84.3366588,33.9519768,0</coordinates>
      </Point>
    </Placemark>
    <Placemark>
      <name>ALPR</name>
      <description>OSM node: https://www.openstreetmap.org/node/13571654901
Manufacturer: Flock Safety
Direction: 90
Zone: traffic
Camera type: fixed</description>
      <Point>
        <coordinates>-84.3358224,33.9569404,0</coordinates>
      </Point>
    </Placemark>
    <Placemark>
      <name>ALPR</name>
      <description>OSM node: https://www.openstreetmap.org/node/13571657101
Manufacturer: Flock Safety
Direction: 65
Zone: traffic
Camera type: fixed</description>
      <Point>
        <coordinates>-84.3364514,33.9591208,0</coordinates>
      </Point>
    </Placemark>
    <Placemark>
      <name>ALPR</name>
      <description>OSM node: https://www.openstreetmap.org/node/13571660301
Manufacturer: Flock Safety
Direction: 327
Zone: traffic
Camera type: fixed</description>
      <Point>
        <coordinates>-84.3391688,33.9705658,0</coordinates>
      </Point>
    </Placemark>
    <Placemark>
      <name>ALPR</name>
      <description>OSM node: https://www.openstreetmap.org/node/13571661501
Manufacturer: Flock Safety
Direction: 155
Zone: traffic
Camera type: fixed</description>
      <Point>
        <coordinates>-84.3387748,33.9689958,0</coordinates>
      </Point>
    </Placemark>
    <Placemark>
      <name>ALPR</name>
      <description>OSM node: https://www.openstreetmap.org/node/13573207703
Manufacturer: Flock Safety
Direction: 239
Zone: traffic
Camera type: fixed</description>
      <Point>
        <coordinates>-81.5594172,31.2724532,0</coordinates>
      </Point>
    </Placemark>
    <Placemark>
      <name>ALPR</name>
      <description>OSM node: https://www.openstreetmap.org/node/13573207716
Manufacturer: Flock Safety
Direction: 135
Zone: traffic
Camera type: fixed</description>
      <Point>
        <coordinates>-81.5620388,31.271922,0</coordinates>
      </Point>
    </Placemark>
    <Placemark>
      <name>ALPR</name>
      <description>OSM node: https://www.openstreetmap.org/node/13573358304
Manufacturer: Flock Safety
Direction: 81
Zone: traffic
Camera type: fixed</description>
      <Point>
        <coordinates>-81.5653684,31.2732666,0</coordinates>
      </Point>
    </Placemark>
    <Placemark>
      <name>ALPR</name>
      <description>OSM node: https://www.openstreetmap.org/node/13573744201
Manufacturer: Flock Safety
Direction: 288
Zone: traffic
Camera type: fixed</description>
      <Point>
        <coordinates>-85.0015839,33.9719739,0</coordinates>
      </Point>
    </Placemark>
    <Placemark>
      <name>ALPR</name>
      <description>OSM node: https://www.openstreetmap.org/node/13573798501
Manufacturer: Flock Safety
Direction: 158
Zone: traffic
Camera type: fixed</description>
      <Point>
        <coordinates>-84.3897047,33.93499,0</coordinates>
      </Point>
    </Placemark>
    <Placemark>
      <name>ALPR</name>
      <description>OSM node: https://www.openstreetmap.org/node/13573799101
Manufacturer: Flock Safety
Direction: 0
Zone: traffic
Camera type: fixed</description>
      <Point>
        <coordinates>-84.3891283,33.936137,0</coordinates>
      </Point>
    </Placemark>
    <Placemark>
      <name>ALPR</name>
      <description>OSM node: https://www.openstreetmap.org/node/13573820502
Manufacturer: Flock Safety
Direction: 90
Zone: traffic
Camera type: fixed</description>
      <Point>
        <coordinates>-84.2163329,33.9678035,0</coordinates>
      </Point>
    </Placemark>
    <Placemark>
      <name>ALPR</name>
      <description>OSM node: https://www.openstreetmap.org/node/13573849601
Manufacturer: Flock Safety
Direction: 230
Zone: traffic
Camera type: fixed</description>
      <Point>
        <coordinates>-84.2090042,33.968696,0</coordinates>
      </Point>
    </Placemark>
    <Placemark>
      <name>ALPR</name>
      <description>OSM node: https://www.openstreetmap.org/node/13574065699
Manufacturer: Flock Safety
Direction: 295
Zone: traffic
Camera type: fixed</description>
      <Point>
        <coordinates>-84.126704,33.9477577,0</coordinates>
      </Point>
    </Placemark>
    <Placemark>
      <name>ALPR</name>
      <description>OSM node: https://www.openstreetmap.org/node/13574082776
Manufacturer: Flock Safety
Direction: 180
Zone: traffic
Camera type: fixed</description>
      <Point>
        <coordinates>-84.1292653,33.9511686,0</coordinates>
      </Point>
    </Placemark>
    <Placemark>
      <name>ALPR</name>
      <description>OSM node: https://www.openstreetmap.org/node/13574086481
Manufacturer: Flock Safety
Direction: 300
Zone: traffic
Camera type: fixed</description>
      <Point>
        <coordinates>-84.1284489,33.9503699,0</coordinates>
      </Point>
    </Placemark>
    <Placemark>
      <name>ALPR</name>
      <description>OSM node: https://www.openstreetmap.org/node/13574105752
Manufacturer: Flock Safety
Direction: 110
Zone: traffic
Camera type: fixed</description>
      <Point>
        <coordinates>-84.1266233,33.9469993,0</coordinates>
      </Point>
    </Placemark>
    <Placemark>
      <name>ALPR</name>
      <description>OSM node: https://www.openstreetmap.org/node/13574107848
Manufacturer: Flock Safety
Direction: 295
Zone: traffic
Camera type: fixed</description>
      <Point>
        <coordinates>-84.1244619,33.9445283,0</coordinates>
      </Point>
    </Placemark>
    <Placemark>
      <name>ALPR</name>
      <description>OSM node: https://www.openstreetmap.org/node/13574662101
Manufacturer: Flock Safety
Direction: 272
Zone: traffic
Camera type: fixed</description>
      <Point>
        <coordinates>-84.3096126,33.8712017,0</coordinates>
      </Point>
    </Placemark>
    <Placemark>
      <name>ALPR</name>
      <description>OSM node: https://www.openstreetmap.org/node/13574663701
Manufacturer: Flock Safety
Direction: 33-103
Zone: traffic
Camera type: fixed</description>
      <Point>
        <coordinates>-84.3108346,33.8712758,0</coordinates>
      </Point>
    </Placemark>
    <Placemark>
      <name>ALPR</name>
      <description>OSM node: https://www.openstreetmap.org/node/13574786901
Manufacturer: Flock Safety
Direction: 330
Zone: traffic
Camera type: fixed</description>
      <Point>
        <coordinates>-81.9550494,33.317952,0</coordinates>
      </Point>
    </Placemark>
    <Placemark>
      <name>ALPR</name>
      <description>OSM node: https://www.openstreetmap.org/node/13574788401
Manufacturer: Flock Safety
Direction: 134
Zone: traffic
Camera type: fixed</description>
      <Point>
        <coordinates>-81.9554184,33.3178366,0</coordinates>
      </Point>
    </Placemark>
    <Placemark>
      <name>ALPR</name>
      <description>OSM node: https://www.openstreetmap.org/node/13574807002
Manufacturer: Flock Safety
Direction: 153
Zone: traffic
Camera type: fixed</description>
      <Point>
        <coordinates>-82.3800573,31.2608021,0</coordinates>
      </Point>
    </Placemark>
    <Placemark>
      <name>ALPR</name>
      <description>OSM node: https://www.openstreetmap.org/node/13574808201
Manufacturer: Flock Safety
Direction: 108
Zone: traffic
Camera type: fixed</description>
      <Point>
        <coordinates>-82.3753265,31.3212326,0</coordinates>
      </Point>
    </Placemark>
    <Placemark>
      <name>ALPR</name>
      <description>OSM node: https://www.openstreetmap.org/node/13574809001
Manufacturer: Flock Safety
Direction: 245
Zone: traffic
Camera type: fixed</description>
      <Point>
        <coordinates>-82.3230383,31.1965574,0</coordinates>
      </Point>
    </Placemark>
    <Placemark>
      <name>ALPR</name>
      <description>OSM node: https://www.openstreetmap.org/node/13574826501
Manufacturer: Flock Safety
Direction: 359
Zone: traffic
Camera type: fixed</description>
      <Point>
        <coordinates>-81.4854199,31.1480141,0</coordinates>
      </Point>
    </Placemark>
    <Placemark>
      <name>ALPR</name>
      <description>OSM node: https://www.openstreetmap.org/node/13574851201
Manufacturer: Flock Safety
Direction: 295;104
Zone: traffic
Camera type: fixed</description>
      <Point>
        <coordinates>-81.4207413,31.5552958,0</coordinates>
      </Point>
    </Placemark>
    <Placemark>
      <name>ALPR</name>
      <description>OSM node: https://www.openstreetmap.org/node/13574863501
Manufacturer: Flock Safety
Direction: 324-34
Zone: traffic
Camera type: fixed</description>
      <Point>
        <coordinates>-84.5243288,33.9015216,0</coordinates>
      </Point>
    </Placemark>
    <Placemark>
      <name>ALPR</name>
      <description>OSM node: https://www.openstreetmap.org/node/13574865501
Manufacturer: Flock Safety
Direction: 213-283
Zone: traffic
Camera type: fixed</description>
      <Point>
        <coordinates>-84.5211074,33.8945385,0</coordinates>
      </Point>
    </Placemark>
    <Placemark>
      <name>ALPR</name>
      <description>OSM node: https://www.openstreetmap.org/node/13574956984
Direction: 145
Camera type: fixed</description>
      <Point>
        <coordinates>-84.5806609,33.7360431,0</coordinates>
      </Point>
    </Placemark>
    <Placemark>
      <name>ALPR</name>
      <description>OSM node: https://www.openstreetmap.org/node/13575913001
Manufacturer: Flock Safety
Direction: 137
Zone: traffic
Camera type: fixed</description>
      <Point>
        <coordinates>-84.4000137,34.0145687,0</coordinates>
      </Point>
    </Placemark>
    <Placemark>
      <name>ALPR</name>
      <description>OSM node: https://www.openstreetmap.org/node/13575918401
Manufacturer: Flock Safety
Direction: 336
Zone: traffic
Camera type: fixed</description>
      <Point>
        <coordinates>-84.40015,34.0151584,0</coordinates>
      </Point>
    </Placemark>
    <Placemark>
      <name>ALPR</name>
      <description>OSM node: https://www.openstreetmap.org/node/13576018501
Manufacturer: Flock Safety
Direction: 0
Zone: traffic
Camera type: fixed</description>
      <Point>
        <coordinates>-81.057475,32.0292694,0</coordinates>
      </Point>
    </Placemark>
    <Placemark>
      <name>ALPR</name>
      <description>OSM node: https://www.openstreetmap.org/node/13577128101
Manufacturer: Flock Safety
Direction: 0
Zone: traffic
Camera type: fixed</description>
      <Point>
        <coordinates>-84.3381069,33.9540766,0</coordinates>
      </Point>
    </Placemark>
    <Placemark>
      <name>ALPR</name>
      <description>OSM node: https://www.openstreetmap.org/node/13577210701
Manufacturer: Flock Safety
Direction: 284
Zone: traffic
Camera type: fixed</description>
      <Point>
        <coordinates>-85.1254437,34.0964659,0</coordinates>
      </Point>
    </Placemark>
    <Placemark>
      <name>ALPR</name>
      <description>OSM node: https://www.openstreetmap.org/node/13577370601
Manufacturer: Flock Safety
Direction: 0
Zone: traffic
Camera type: fixed</description>
      <Point>
        <coordinates>-81.4979127,31.2092785,0</coordinates>
      </Point>
    </Placemark>
    <Placemark>
      <name>ALPR</name>
      <description>OSM node: https://www.openstreetmap.org/node/13577469901
Manufacturer: Flock Safety
Direction: 107
Zone: traffic
Camera type: fixed</description>
      <Point>
        <coordinates>-84.3668808,33.7930904,0</coordinates>
      </Point>
    </Placemark>
    <Placemark>
      <name>ALPR</name>
      <description>OSM node: https://www.openstreetmap.org/node/13577757702
Manufacturer: Flock Safety
Direction: 91
Zone: traffic
Camera type: fixed</description>
      <Point>
        <coordinates>-84.6793008,33.8647973,0</coordinates>
      </Point>
    </Placemark>
    <Placemark>
      <name>ALPR</name>
      <description>OSM node: https://www.openstreetmap.org/node/13577772201
Manufacturer: Flock Safety
Direction: 325-35
Zone: traffic
Camera type: fixed</description>
      <Point>
        <coordinates>-84.0886596,33.9849556,0</coordinates>
      </Point>
    </Placemark>
    <Placemark>
      <name>ALPR</name>
      <description>OSM node: https://www.openstreetmap.org/node/13577881201
Manufacturer: Flock Safety
Direction: 116
Zone: traffic
Camera type: fixed</description>
      <Point>
        <coordinates>-84.6605249,33.9526668,0</coordinates>
      </Point>
    </Placemark>
    <Placemark>
      <name>ALPR</name>
      <description>OSM node: https://www.openstreetmap.org/node/13577882601
Manufacturer: Flock Safety
Direction: 146
Zone: traffic
Camera type: fixed</description>
      <Point>
        <coordinates>-84.6590259,33.9530404,0</coordinates>
      </Point>
    </Placemark>
    <Placemark>
      <name>ALPR</name>
      <description>OSM node: https://www.openstreetmap.org/node/13577977701
Manufacturer: Flock Safety
Direction: 134
Zone: traffic
Camera type: fixed</description>
      <Point>
        <coordinates>-84.7454023,33.8810811,0</coordinates>
      </Point>
    </Placemark>
    <Placemark>
      <name>ALPR</name>
      <description>OSM node: https://www.openstreetmap.org/node/13578369647
Manufacturer: Flock Safety
Direction: 335
Zone: traffic
Camera type: fixed</description>
      <Point>
        <coordinates>-84.3207922,33.7890473,0</coordinates>
      </Point>
    </Placemark>
    <Placemark>
      <name>ALPR</name>
      <description>OSM node: https://www.openstreetmap.org/node/13580364601
Manufacturer: Flock Safety
Direction: 135
Zone: traffic
Camera type: fixed</description>
      <Point>
        <coordinates>-84.416511,33.8816279,0</coordinates>
      </Point>
    </Placemark>
    <Placemark>
      <name>ALPR</name>
      <description>OSM node: https://www.openstreetmap.org/node/13581122602
Manufacturer: Flock Safety
Direction: 15
Zone: traffic
Camera type: fixed</description>
      <Point>
        <coordinates>-84.4827664,33.863307,0</coordinates>
      </Point>
    </Placemark>
    <Placemark>
      <name>ALPR</name>
      <description>OSM node: https://www.openstreetmap.org/node/13581134501
Manufacturer: Flock Safety
Direction: 22
Zone: traffic
Camera type: fixed</description>
      <Point>
        <coordinates>-82.3038506,33.2660844,0</coordinates>
      </Point>
    </Placemark>
    <Placemark>
      <name>ALPR</name>
      <description>OSM node: https://www.openstreetmap.org/node/13581152701
Manufacturer: Flock Safety
Direction: 200
Zone: traffic
Camera type: fixed</description>
      <Point>
        <coordinates>-84.4827983,33.8634128,0</coordinates>
      </Point>
    </Placemark>
    <Placemark>
      <name>ALPR</name>
      <description>OSM node: https://www.openstreetmap.org/node/13581374901
Manufacturer: Flock Safety
Direction: 45
Zone: traffic
Camera type: fixed</description>
      <Point>
        <coordinates>-82.0923675,33.5073921,0</coordinates>
      </Point>
    </Placemark>
    <Placemark>
      <name>ALPR</name>
      <description>OSM node: https://www.openstreetmap.org/node/13581593201
Manufacturer: Flock Safety
Direction: 35
Zone: traffic
Camera type: fixed</description>
      <Point>
        <coordinates>-83.8165526,34.1260113,0</coordinates>
      </Point>
    </Placemark>
    <Placemark>
      <name>ALPR</name>
      <description>OSM node: https://www.openstreetmap.org/node/13581604501
Manufacturer: Flock Safety
Direction: 0
Zone: traffic
Camera type: fixed</description>
      <Point>
        <coordinates>-81.1023599,32.0689915,0</coordinates>
      </Point>
    </Placemark>
    <Placemark>
      <name>ALPR</name>
      <description>OSM node: https://www.openstreetmap.org/node/13582750001
Manufacturer: Flock Safety
Direction: 355
Zone: traffic
Camera type: fixed</description>
      <Point>
        <coordinates>-82.0680885,33.4975153,0</coordinates>
      </Point>
    </Placemark>
    <Placemark>
      <name>ALPR</name>
      <description>OSM node: https://www.openstreetmap.org/node/13582758001
Manufacturer: Flock Safety
Direction: 207
Zone: traffic
Camera type: fixed</description>
      <Point>
        <coordinates>-82.0786104,33.4922263,0</coordinates>
      </Point>
    </Placemark>
    <Placemark>
      <name>ALPR</name>
      <description>OSM node: https://www.openstreetmap.org/node/13583293301
Manufacturer: Flock Safety
Direction: 244
Zone: traffic
Camera type: fixed</description>
      <Point>
        <coordinates>-84.515687,33.8870368,0</coordinates>
      </Point>
    </Placemark>
    <Placemark>
      <name>ALPR</name>
      <description>OSM node: https://www.openstreetmap.org/node/13583293901
Manufacturer: Flock Safety
Direction: 214
Zone: traffic
Camera type: fixed</description>
      <Point>
        <coordinates>-84.5156932,33.8870385,0</coordinates>
      </Point>
    </Placemark>
    <Placemark>
      <name>ALPR</name>
      <description>OSM node: https://www.openstreetmap.org/node/13583293902
Manufacturer: Flock Safety
Direction: 16-86
Zone: traffic
Camera type: fixed</description>
      <Point>
        <coordinates>-84.5141682,33.8839139,0</coordinates>
      </Point>
    </Placemark>
    <Placemark>
      <name>ALPR</name>
      <description>OSM node: https://www.openstreetmap.org/node/13583294701
Manufacturer: Flock Safety
Direction: 316
Zone: traffic
Camera type: fixed</description>
      <Point>
        <coordinates>-84.5144479,33.8843798,0</coordinates>
      </Point>
    </Placemark>
    <Placemark>
      <name>ALPR</name>
      <description>OSM node: https://www.openstreetmap.org/node/13583413001
Manufacturer: Flock Safety
Direction: 142
Zone: traffic
Camera type: fixed</description>
      <Point>
        <coordinates>-84.514569,33.8838809,0</coordinates>
      </Point>
    </Placemark>
    <Placemark>
      <name>ALPR</name>
      <description>OSM node: https://www.openstreetmap.org/node/13583417301
Manufacturer: Flock Safety
Direction: 261
Zone: traffic
Camera type: fixed</description>
      <Point>
        <coordinates>-84.5146347,33.8840764,0</coordinates>
      </Point>
    </Placemark>
    <Placemark>
      <name>ALPR</name>
      <description>OSM node: https://www.openstreetmap.org/node/13583673901
Manufacturer: Flock Safety
Direction: 337
Zone: traffic
Camera type: fixed</description>
      <Point>
        <coordinates>-84.3813513,33.896437,0</coordinates>
      </Point>
    </Placemark>
    <Placemark>
      <name>ALPR</name>
      <description>OSM node: https://www.openstreetmap.org/node/13584923501
Manufacturer: Flock Safety
Direction: 212
Zone: traffic
Camera type: fixed</description>
      <Point>
        <coordinates>-83.6629288,32.8321102,0</coordinates>
      </Point>
    </Placemark>
    <Placemark>
      <name>ALPR</name>
      <description>OSM node: https://www.openstreetmap.org/node/13585234501
Manufacturer: Flock Safety
Direction: 265
Zone: traffic
Camera type: fixed</description>
      <Point>
        <coordinates>-81.4115033,31.1669602,0</coordinates>
      </Point>
    </Placemark>
    <Placemark>
      <name>ALPR</name>
      <description>OSM node: https://www.openstreetmap.org/node/13585487201
Manufacturer: Flock Safety
Direction: 10
Zone: traffic
Camera type: fixed</description>
      <Point>
        <coordinates>-81.505193,31.2381791,0</coordinates>
      </Point>
    </Placemark>
    <Placemark>
      <name>ALPR</name>
      <description>OSM node: https://www.openstreetmap.org/node/13585489901
Manufacturer: Flock Safety
Direction: 142
Zone: traffic
Camera type: fixed</description>
      <Point>
        <coordinates>-81.5009779,31.2361338,0</coordinates>
      </Point>
    </Placemark>
    <Placemark>
      <name>ALPR</name>
      <description>OSM node: https://www.openstreetmap.org/node/13585532501
Manufacturer: Flock Safety
Direction: 116
Zone: traffic
Camera type: fixed</description>
      <Point>
        <coordinates>-84.833636,33.8810967,0</coordinates>
      </Point>
    </Placemark>
    <Placemark>
      <name>ALPR</name>
      <description>OSM node: https://www.openstreetmap.org/node/13585769202
Manufacturer: Flock Safety
Direction: 134
Zone: traffic
Camera type: fixed</description>
      <Point>
        <coordinates>-81.6444894,31.3927602,0</coordinates>
      </Point>
    </Placemark>
    <Placemark>
      <name>ALPR</name>
      <description>OSM node: https://www.openstreetmap.org/node/13585771801
Manufacturer: Flock Safety
Direction: 71
Zone: traffic
Camera type: fixed</description>
      <Point>
        <coordinates>-84.5377931,33.8944173,0</coordinates>
      </Point>
    </Placemark>
    <Placemark>
      <name>ALPR</name>
      <description>OSM node: https://www.openstreetmap.org/node/13585912401
Manufacturer: Flock Safety
Direction: 270
Zone: traffic
Camera type: fixed</description>
      <Point>
        <coordinates>-84.2694698,33.7649328,0</coordinates>
      </Point>
    </Placemark>
    <Placemark>
      <name>Police ALPR</name>
      <description>OSM node: https://www.openstreetmap.org/node/13585926701
Operator: Police
Manufacturer: Flock Safety
Direction: 336
Zone: traffic
Camera type: fixed</description>
      <Point>
        <coordinates>-81.3770895,31.1840904,0</coordinates>
      </Point>
    </Placemark>
    <Placemark>
      <name>ALPR</name>
      <description>OSM node: https://www.openstreetmap.org/node/13587388701
Manufacturer: Flock Safety
Direction: 0
Zone: traffic
Camera type: fixed</description>
      <Point>
        <coordinates>-82.1865353,33.4300109,0</coordinates>
      </Point>
    </Placemark>
    <Placemark>
      <name>ALPR</name>
      <description>OSM node: https://www.openstreetmap.org/node/13587486802
Manufacturer: Flock Safety
Direction: 328
Zone: traffic
Camera type: fixed</description>
      <Point>
        <coordinates>-82.0481593,33.4284077,0</coordinates>
      </Point>
    </Placemark>
    <Placemark>
      <name>ALPR</name>
      <description>OSM node: https://www.openstreetmap.org/node/13587557101
Manufacturer: Flock Safety
Direction: 95
Zone: traffic
Camera type: fixed</description>
      <Point>
        <coordinates>-82.059957,33.484158,0</coordinates>
      </Point>
    </Placemark>
    <Placemark>
      <name>ALPR</name>
      <description>OSM node: https://www.openstreetmap.org/node/13588082001
Manufacturer: Flock Safety
Direction: 330
Zone: traffic
Camera type: fixed</description>
      <Point>
        <coordinates>-82.0648288,33.4527521,0</coordinates>
      </Point>
    </Placemark>
    <Placemark>
      <name>ALPR</name>
      <description>OSM node: https://www.openstreetmap.org/node/13588339001
Manufacturer: Flock Safety
Direction: 31-76
Zone: traffic
Camera type: fixed</description>
      <Point>
        <coordinates>-81.1751713,32.1402808,0</coordinates>
      </Point>
    </Placemark>
    <Placemark>
      <name>ALPR</name>
      <description>OSM node: https://www.openstreetmap.org/node/13588347601
Manufacturer: Flock Safety
Direction: 25-70
Zone: traffic
Camera type: fixed</description>
      <Point>
        <coordinates>-81.1878774,32.1434332,0</coordinates>
      </Point>
    </Placemark>
    <Placemark>
      <name>ALPR</name>
      <description>OSM node: https://www.openstreetmap.org/node/13588575601
Manufacturer: Flock Safety
Direction: 43-88
Zone: traffic
Camera type: fixed</description>
      <Point>
        <coordinates>-83.6108306,32.8480172,0</coordinates>
      </Point>
    </Placemark>
    <Placemark>
      <name>ALPR</name>
      <description>OSM node: https://www.openstreetmap.org/node/13588648902
Manufacturer: Flock Safety
Direction: 349
Zone: traffic
Camera type: fixed</description>
      <Point>
        <coordinates>-81.1057886,31.9928325,0</coordinates>
      </Point>
    </Placemark>
    <Placemark>
      <name>ALPR</name>
      <description>OSM node: https://www.openstreetmap.org/node/13588767921
Manufacturer: Flock Safety
Direction: 345
Zone: traffic
Camera type: fixed</description>
      <Point>
        <coordinates>-84.3509571,33.5384352,0</coordinates>
      </Point>
    </Placemark>
    <Placemark>
      <name>ALPR</name>
      <description>OSM node: https://www.openstreetmap.org/node/13588767922
Manufacturer: Flock Safety
Direction: 355
Zone: traffic
Camera type: fixed</description>
      <Point>
        <coordinates>-84.3159023,33.5443571,0</coordinates>
      </Point>
    </Placemark>
    <Placemark>
      <name>ALPR</name>
      <description>OSM node: https://www.openstreetmap.org/node/13588815901
Manufacturer: Flock Safety
Direction: 171
Zone: traffic
Camera type: fixed</description>
      <Point>
        <coordinates>-84.3356892,33.747445,0</coordinates>
      </Point>
    </Placemark>
    <Placemark>
      <name>ALPR</name>
      <description>OSM node: https://www.openstreetmap.org/node/13588816001
Manufacturer: Flock Safety
Direction: 196
Zone: traffic
Camera type: fixed</description>
      <Point>
        <coordinates>-84.336445,33.7474481,0</coordinates>
      </Point>
    </Placemark>
    <Placemark>
      <name>Lowe's ALPR</name>
      <description>OSM node: https://www.openstreetmap.org/node/13590878801
Operator: Lowe's
Manufacturer: Flock Safety
Direction: 13
Zone: traffic
Camera type: fixed</description>
      <Point>
        <coordinates>-83.3245703,33.9400738,0</coordinates>
      </Point>
    </Placemark>
    <Placemark>
      <name>ALPR</name>
      <description>OSM node: https://www.openstreetmap.org/node/13590878802
Manufacturer: Flock Safety
Direction: 18
Zone: traffic
Camera type: fixed</description>
      <Point>
        <coordinates>-83.3801949,32.8584423,0</coordinates>
      </Point>
    </Placemark>
    <Placemark>
      <name>ALPR</name>
      <description>OSM node: https://www.openstreetmap.org/node/13590942501
Manufacturer: Flock Safety
Direction: 189-234
Zone: traffic
Camera type: fixed</description>
      <Point>
        <coordinates>-81.5216182,31.2230843,0</coordinates>
      </Point>
    </Placemark>
    <Placemark>
      <name>ALPR</name>
      <description>OSM node: https://www.openstreetmap.org/node/13590968603
Manufacturer: Flock Safety
Direction: 190-235
Zone: traffic
Camera type: fixed</description>
      <Point>
        <coordinates>-81.5244725,31.2196849,0</coordinates>
      </Point>
    </Placemark>
    <Placemark>
      <name>ALPR</name>
      <description>OSM node: https://www.openstreetmap.org/node/13591102401
Manufacturer: Flock Safety
Direction: 216
Zone: traffic
Camera type: fixed</description>
      <Point>
        <coordinates>-81.1487851,31.9809685,0</coordinates>
      </Point>
    </Placemark>
    <Placemark>
      <name>ALPR</name>
      <description>OSM node: https://www.openstreetmap.org/node/13591166601
Manufacturer: Flock Safety
Direction: 104
Zone: traffic
Camera type: fixed</description>
      <Point>
        <coordinates>-84.0746359,33.8362437,0</coordinates>
      </Point>
    </Placemark>
    <Placemark>
      <name>ALPR</name>
      <description>OSM node: https://www.openstreetmap.org/node/13591604401
Manufacturer: Flock Safety
Direction: 110-180
Zone: traffic
Camera type: fixed</description>
      <Point>
        <coordinates>-84.2284178,33.9784732,0</coordinates>
      </Point>
    </Placemark>
    <Placemark>
      <name>ALPR</name>
      <description>OSM node: https://www.openstreetmap.org/node/13591653501
Manufacturer: Flock Safety
Direction: 193
Zone: traffic
Camera type: fixed</description>
      <Point>
        <coordinates>-84.2230252,31.6105989,0</coordinates>
      </Point>
    </Placemark>
    <Placemark>
      <name>ALPR</name>
      <description>OSM node: https://www.openstreetmap.org/node/13591782519
Manufacturer: Flock Safety
Direction: 230
Zone: traffic
Camera type: fixed</description>
      <Point>
        <coordinates>-84.4571334,34.4655241,0</coordinates>
      </Point>
    </Placemark>
    <Placemark>
      <name>ALPR</name>
      <description>OSM node: https://www.openstreetmap.org/node/13591849185
Manufacturer: Flock Safety
Direction: 125
Zone: traffic
Camera type: fixed</description>
      <Point>
        <coordinates>-84.1116145,34.1762141,0</coordinates>
      </Point>
    </Placemark>
    <Placemark>
      <name>ALPR</name>
      <description>OSM node: https://www.openstreetmap.org/node/13592383811
Manufacturer: Flock Safety
Direction: 150
Zone: traffic
Camera type: fixed</description>
      <Point>
        <coordinates>-84.6372173,33.7722131,0</coordinates>
      </Point>
    </Placemark>
    <Placemark>
      <name>ALPR</name>
      <description>OSM node: https://www.openstreetmap.org/node/13593000901
Manufacturer: Flock Safety
Direction: 70
Zone: traffic
Camera type: fixed</description>
      <Point>
        <coordinates>-84.5463943,33.8769402,0</coordinates>
      </Point>
    </Placemark>
    <Placemark>
      <name>ALPR</name>
      <description>OSM node: https://www.openstreetmap.org/node/13593045401
Manufacturer: Flock Safety
Direction: 338;182
Zone: traffic
Camera type: fixed</description>
      <Point>
        <coordinates>-84.4295568,33.8017567,0</coordinates>
      </Point>
    </Placemark>
    <Placemark>
      <name>ALPR</name>
      <description>OSM node: https://www.openstreetmap.org/node/13593046301
Manufacturer: Flock Safety
Direction: 359;216;345
Zone: traffic
Camera type: fixed</description>
      <Point>
        <coordinates>-84.4281979,33.8010814,0</coordinates>
      </Point>
    </Placemark>
    <Placemark>
      <name>HOA ALPR</name>
      <description>OSM node: https://www.openstreetmap.org/node/13593219028
Operator: HOA
Manufacturer: Flock Safety
Direction: 40
Zone: traffic</description>
      <Point>
        <coordinates>-84.0232731,34.4581816,0</coordinates>
      </Point>
    </Placemark>
    <Placemark>
      <name>ALPR</name>
      <description>OSM node: https://www.openstreetmap.org/node/13593269901
Manufacturer: Flock Safety
Direction: 91
Zone: traffic
Camera type: fixed</description>
      <Point>
        <coordinates>-84.7859842,34.1536409,0</coordinates>
      </Point>
    </Placemark>
    <Placemark>
      <name>ALPR</name>
      <description>OSM node: https://www.openstreetmap.org/node/13593294301
Manufacturer: Flock Safety
Direction: 182
Zone: traffic
Camera type: fixed</description>
      <Point>
        <coordinates>-84.9675441,34.4916086,0</coordinates>
      </Point>
    </Placemark>
    <Placemark>
      <name>ALPR</name>
      <description>OSM node: https://www.openstreetmap.org/node/13593554403
Manufacturer: Flock Safety
Direction: 355
Zone: traffic
Camera type: fixed</description>
      <Point>
        <coordinates>-84.6573472,33.7980907,0</coordinates>
      </Point>
    </Placemark>
    <Placemark>
      <name>ALPR</name>
      <description>OSM node: https://www.openstreetmap.org/node/13593820201
Manufacturer: Flock Safety
Direction: 241
Zone: traffic
Camera type: fixed</description>
      <Point>
        <coordinates>-84.199757,31.3171555,0</coordinates>
      </Point>
    </Placemark>
    <Placemark>
      <name>ALPR</name>
      <description>OSM node: https://www.openstreetmap.org/node/13593821415
Manufacturer: Flock Safety
Direction: 220
Zone: traffic
Camera type: fixed</description>
      <Point>
        <coordinates>-84.2340761,34.0323792,0</coordinates>
      </Point>
    </Placemark>
    <Placemark>
      <name>ALPR</name>
      <description>OSM node: https://www.openstreetmap.org/node/13593872601
Manufacturer: Flock Safety
Direction: 0
Zone: traffic
Camera type: fixed</description>
      <Point>
        <coordinates>-81.971065,33.4690701,0</coordinates>
      </Point>
    </Placemark>
    <Placemark>
      <name>ALPR</name>
      <description>OSM node: https://www.openstreetmap.org/node/13594117901
Manufacturer: Flock Safety
Direction: 227
Zone: traffic
Camera type: fixed</description>
      <Point>
        <coordinates>-85.0440593,33.5930426,0</coordinates>
      </Point>
    </Placemark>
    <Placemark>
      <name>ALPR</name>
      <description>OSM node: https://www.openstreetmap.org/node/13596105002
Manufacturer: Flock Safety
Direction: 0
Zone: traffic
Camera type: fixed</description>
      <Point>
        <coordinates>-82.083189,33.5074285,0</coordinates>
      </Point>
    </Placemark>
    <Placemark>
      <name>ALPR</name>
      <description>OSM node: https://www.openstreetmap.org/node/13596113601
Manufacturer: Flock Safety
Direction: 0
Zone: traffic
Camera type: fixed</description>
      <Point>
        <coordinates>-82.0835618,33.5074215,0</coordinates>
      </Point>
    </Placemark>
    <Placemark>
      <name>ALPR</name>
      <description>OSM node: https://www.openstreetmap.org/node/13596148701
Manufacturer: Flock Safety
Direction: 167
Zone: traffic
Camera type: fixed</description>
      <Point>
        <coordinates>-82.0833624,33.5022609,0</coordinates>
      </Point>
    </Placemark>
    <Placemark>
      <name>ALPR</name>
      <description>OSM node: https://www.openstreetmap.org/node/13596158401
Manufacturer: Flock Safety
Direction: 120
Zone: traffic
Camera type: fixed</description>
      <Point>
        <coordinates>-82.0812705,33.4985042,0</coordinates>
      </Point>
    </Placemark>
    <Placemark>
      <name>ALPR</name>
      <description>OSM node: https://www.openstreetmap.org/node/13596190101
Manufacturer: Flock Safety
Direction: 29
Zone: traffic
Camera type: fixed</description>
      <Point>
        <coordinates>-82.0683403,33.4975423,0</coordinates>
      </Point>
    </Placemark>
    <Placemark>
      <name>ALPR</name>
      <description>OSM node: https://www.openstreetmap.org/node/13596595716
Manufacturer: Flock Safety
Direction: 175
Zone: traffic
Camera type: fixed</description>
      <Point>
        <coordinates>-84.0306312,33.8440415,0</coordinates>
      </Point>
    </Placemark>
    <Placemark>
      <name>ALPR</name>
      <description>OSM node: https://www.openstreetmap.org/node/13596615348
Manufacturer: Flock Safety
Direction: 345
Zone: traffic
Camera type: fixed</description>
      <Point>
        <coordinates>-84.0304987,33.8436347,0</coordinates>
      </Point>
    </Placemark>
    <Placemark>
      <name>ALPR</name>
      <description>OSM node: https://www.openstreetmap.org/node/13596617031
Manufacturer: Flock Safety
Direction: 150
Zone: traffic
Camera type: fixed</description>
      <Point>
        <coordinates>-84.0694719,33.8367647,0</coordinates>
      </Point>
    </Placemark>
    <Placemark>
      <name>ALPR</name>
      <description>OSM node: https://www.openstreetmap.org/node/13596625278
Manufacturer: Flock Safety
Direction: 305
Zone: traffic
Camera type: fixed</description>
      <Point>
        <coordinates>-84.0729466,33.8361872,0</coordinates>
      </Point>
    </Placemark>
    <Placemark>
      <name>ALPR</name>
      <description>OSM node: https://www.openstreetmap.org/node/13596640068
Manufacturer: Flock Safety
Direction: 40
Zone: traffic
Camera type: fixed</description>
      <Point>
        <coordinates>-84.0877247,33.8319877,0</coordinates>
      </Point>
    </Placemark>
    <Placemark>
      <name>ALPR</name>
      <description>OSM node: https://www.openstreetmap.org/node/13596662600
Manufacturer: Flock Safety
Direction: 325
Zone: traffic
Camera type: fixed</description>
      <Point>
        <coordinates>-84.1122923,33.8237046,0</coordinates>
      </Point>
    </Placemark>
    <Placemark>
      <name>ALPR</name>
      <description>OSM node: https://www.openstreetmap.org/node/13596664568
Manufacturer: Flock Safety
Direction: 65
Zone: traffic
Camera type: fixed</description>
      <Point>
        <coordinates>-84.1096844,33.8248054,0</coordinates>
      </Point>
    </Placemark>
    <Placemark>
      <name>ALPR</name>
      <description>OSM node: https://www.openstreetmap.org/node/13596668150
Manufacturer: Flock Safety
Direction: 330
Zone: traffic
Camera type: fixed</description>
      <Point>
        <coordinates>-84.1072228,33.8243616,0</coordinates>
      </Point>
    </Placemark>
    <Placemark>
      <name>ALPR</name>
      <description>OSM node: https://www.openstreetmap.org/node/13596698281
Manufacturer: Flock Safety
Direction: 315
Zone: traffic
Camera type: fixed</description>
      <Point>
        <coordinates>-83.9874338,33.9495653,0</coordinates>
      </Point>
    </Placemark>
    <Placemark>
      <name>ALPR</name>
      <description>OSM node: https://www.openstreetmap.org/node/13596804201
Manufacturer: Flock Safety
Direction: 292-2
Zone: traffic
Camera type: fixed</description>
      <Point>
        <coordinates>-82.0862019,33.4717981,0</coordinates>
      </Point>
    </Placemark>
    <Placemark>
      <name>ALPR</name>
      <description>OSM node: https://www.openstreetmap.org/node/13596863801
Manufacturer: Flock Safety
Direction: 310
Zone: traffic
Camera type: fixed</description>
      <Point>
        <coordinates>-81.5049644,31.1949687,0</coordinates>
      </Point>
    </Placemark>
    <Placemark>
      <name>ALPR</name>
      <description>OSM node: https://www.openstreetmap.org/node/13597050401
Manufacturer: Flock Safety
Direction: 239
Zone: traffic
Camera type: fixed</description>
      <Point>
        <coordinates>-84.3526028,33.9017514,0</coordinates>
      </Point>
    </Placemark>
    <Placemark>
      <name>ALPR</name>
      <description>OSM node: https://www.openstreetmap.org/node/13597176401
Manufacturer: Flock Safety
Direction: 0;200
Zone: traffic
Camera type: fixed</description>
      <Point>
        <coordinates>-84.9083673,32.5184833,0</coordinates>
      </Point>
    </Placemark>
    <Placemark>
      <name>ALPR</name>
      <description>OSM node: https://www.openstreetmap.org/node/13598054902
Manufacturer: Flock Safety
Direction: 98
Zone: traffic
Camera type: fixed</description>
      <Point>
        <coordinates>-81.9849405,33.4676508,0</coordinates>
      </Point>
    </Placemark>
    <Placemark>
      <name>ALPR</name>
      <description>OSM node: https://www.openstreetmap.org/node/13598609701
Manufacturer: Flock Safety
Direction: 271;225
Zone: traffic
Camera type: fixed</description>
      <Point>
        <coordinates>-84.4270766,33.8045868,0</coordinates>
      </Point>
    </Placemark>
    <Placemark>
      <name>ALPR</name>
      <description>OSM node: https://www.openstreetmap.org/node/13598610101
Manufacturer: Flock Safety
Direction: 0
Zone: traffic
Camera type: fixed</description>
      <Point>
        <coordinates>-84.4309408,33.802486,0</coordinates>
      </Point>
    </Placemark>
    <Placemark>
      <name>ALPR</name>
      <description>OSM node: https://www.openstreetmap.org/node/13599522001
Manufacturer: Flock Safety
Direction: 6
Zone: traffic
Camera type: fixed</description>
      <Point>
        <coordinates>-81.0834743,32.052895,0</coordinates>
      </Point>
    </Placemark>
    <Placemark>
      <name>ALPR</name>
      <description>OSM node: https://www.openstreetmap.org/node/13599522002
Manufacturer: Flock Safety
Direction: 132
Zone: traffic
Camera type: fixed</description>
      <Point>
        <coordinates>-81.0917631,32.0608866,0</coordinates>
      </Point>
    </Placemark>
    <Placemark>
      <name>ALPR</name>
      <description>OSM node: https://www.openstreetmap.org/node/13599574001
Manufacturer: Flock Safety
Direction: 63
Zone: traffic
Camera type: fixed</description>
      <Point>
        <coordinates>-84.5176646,33.8943639,0</coordinates>
      </Point>
    </Placemark>
    <Placemark>
      <name>ALPR</name>
      <description>OSM node: https://www.openstreetmap.org/node/13599699501
Manufacturer: Flock Safety
Direction: 179-224
Zone: traffic
Camera type: fixed</description>
      <Point>
        <coordinates>-85.056522,33.607139,0</coordinates>
      </Point>
    </Placemark>
    <Placemark>
      <name>ALPR</name>
      <description>OSM node: https://www.openstreetmap.org/node/13602750250
Manufacturer: Flock Safety
Direction: 300
Zone: traffic</description>
      <Point>
        <coordinates>-83.909816,31.8192985,0</coordinates>
      </Point>
    </Placemark>
    <Placemark>
      <name>ALPR</name>
      <description>OSM node: https://www.openstreetmap.org/node/13603074626
Manufacturer: Flock Safety
Direction: 320
Zone: entrance
Camera type: fixed</description>
      <Point>
        <coordinates>-83.4794972,33.8679903,0</coordinates>
      </Point>
    </Placemark>
    <Placemark>
      <name>ALPR</name>
      <description>OSM node: https://www.openstreetmap.org/node/13603074627
Manufacturer: Flock Safety
Direction: 135
Zone: traffic
Camera type: fixed</description>
      <Point>
        <coordinates>-83.4796807,33.8679645,0</coordinates>
      </Point>
    </Placemark>
    <Placemark>
      <name>ALPR</name>
      <description>OSM node: https://www.openstreetmap.org/node/13603074628
Manufacturer: Flock Safety
Direction: 240
Zone: traffic
Camera type: fixed</description>
      <Point>
        <coordinates>-83.481225,33.8660887,0</coordinates>
      </Point>
    </Placemark>
    <Placemark>
      <name>ALPR</name>
      <description>OSM node: https://www.openstreetmap.org/node/13603074629
Manufacturer: Flock Safety
Direction: 135
Zone: traffic
Camera type: fixed</description>
      <Point>
        <coordinates>-83.4814026,33.8655379,0</coordinates>
      </Point>
    </Placemark>
    <Placemark>
      <name>ALPR</name>
      <description>OSM node: https://www.openstreetmap.org/node/13603187901
Manufacturer: Flock Safety
Direction: 95
Zone: traffic
Camera type: fixed</description>
      <Point>
        <coordinates>-84.4337819,33.8052052,0</coordinates>
      </Point>
    </Placemark>
    <Placemark>
      <name>ALPR</name>
      <description>OSM node: https://www.openstreetmap.org/node/13603190001
Manufacturer: Flock Safety
Direction: 300
Zone: traffic
Camera type: fixed</description>
      <Point>
        <coordinates>-84.4296128,33.8064155,0</coordinates>
      </Point>
    </Placemark>
    <Placemark>
      <name>ALPR</name>
      <description>OSM node: https://www.openstreetmap.org/node/13603284201
Manufacturer: Flock Safety
Direction: 222
Zone: traffic
Camera type: fixed</description>
      <Point>
        <coordinates>-84.636906,33.9257664,0</coordinates>
      </Point>
    </Placemark>
    <Placemark>
      <name>ALPR</name>
      <description>OSM node: https://www.openstreetmap.org/node/13603362317
Manufacturer: Flock Safety
Direction: 205</description>
      <Point>
        <coordinates>-83.8455003,33.9881016,0</coordinates>
      </Point>
    </Placemark>
    <Placemark>
      <name>ALPR</name>
      <description>OSM node: https://www.openstreetmap.org/node/13603686501
Manufacturer: Flock Safety
Direction: 173
Zone: traffic
Camera type: fixed</description>
      <Point>
        <coordinates>-82.5025566,33.512722,0</coordinates>
      </Point>
    </Placemark>
    <Placemark>
      <name>ALPR</name>
      <description>OSM node: https://www.openstreetmap.org/node/13603687301
Manufacturer: Flock Safety
Direction: 168
Zone: traffic
Camera type: fixed</description>
      <Point>
        <coordinates>-82.5025663,33.5104136,0</coordinates>
      </Point>
    </Placemark>
    <Placemark>
      <name>ALPR</name>
      <description>OSM node: https://www.openstreetmap.org/node/13604216262
Direction: 180
Zone: traffic</description>
      <Point>
        <coordinates>-84.1983938,31.211755,0</coordinates>
      </Point>
    </Placemark>
    <Placemark>
      <name>ALPR</name>
      <description>OSM node: https://www.openstreetmap.org/node/13604222342
Manufacturer: Flock Safety
Direction: 85
Zone: traffic
Camera type: fixed</description>
      <Point>
        <coordinates>-85.3567959,33.7479074,0</coordinates>
      </Point>
    </Placemark>
    <Placemark>
      <name>ALPR</name>
      <description>OSM node: https://www.openstreetmap.org/node/13604357501
Manufacturer: Flock Safety
Direction: 353-63
Zone: traffic
Camera type: fixed</description>
      <Point>
        <coordinates>-84.8301511,33.9212134,0</coordinates>
      </Point>
    </Placemark>
    <Placemark>
      <name>ALPR</name>
      <description>OSM node: https://www.openstreetmap.org/node/13605204001
Manufacturer: Flock Safety
Direction: 351
Zone: traffic
Camera type: fixed</description>
      <Point>
        <coordinates>-82.0368819,33.4514884,0</coordinates>
      </Point>
    </Placemark>
    <Placemark>
      <name>ALPR</name>
      <description>OSM node: https://www.openstreetmap.org/node/13605389242
Manufacturer: Flock Safety
Direction: 275
Zone: traffic</description>
      <Point>
        <coordinates>-81.1993668,32.0933798,0</coordinates>
      </Point>
    </Placemark>
    <Placemark>
      <name>ALPR</name>
      <description>OSM node: https://www.openstreetmap.org/node/13605764402
Manufacturer: Flock Safety
Direction: 144
Zone: traffic
Camera type: fixed</description>
      <Point>
        <coordinates>-82.0428908,33.456258,0</coordinates>
      </Point>
    </Placemark>
    <Placemark>
      <name>ALPR</name>
      <description>OSM node: https://www.openstreetmap.org/node/13605764601
Manufacturer: Flock Safety
Direction: 333
Zone: traffic
Camera type: fixed</description>
      <Point>
        <coordinates>-82.0428869,33.4566766,0</coordinates>
      </Point>
    </Placemark>
    <Placemark>
      <name>ALPR</name>
      <description>OSM node: https://www.openstreetmap.org/node/13605924001
Manufacturer: Flock Safety
Direction: 94
Zone: traffic
Camera type: fixed</description>
      <Point>
        <coordinates>-84.4174398,33.7466111,0</coordinates>
      </Point>
    </Placemark>
    <Placemark>
      <name>ALPR</name>
      <description>OSM node: https://www.openstreetmap.org/node/13606152901
Manufacturer: Flock Safety
Direction: 146
Zone: traffic
Camera type: fixed</description>
      <Point>
        <coordinates>-81.5773799,31.1374168,0</coordinates>
      </Point>
    </Placemark>
    <Placemark>
      <name>ALPR</name>
      <description>OSM node: https://www.openstreetmap.org/node/13606292001
Manufacturer: Flock Safety
Direction: 162-232
Zone: traffic
Camera type: fixed</description>
      <Point>
        <coordinates>-81.9788049,33.4716172,0</coordinates>
      </Point>
    </Placemark>
    <Placemark>
      <name>ALPR</name>
      <description>OSM node: https://www.openstreetmap.org/node/13606303241
Manufacturer: Flock Safety
Direction: 40
Zone: traffic
Camera type: fixed</description>
      <Point>
        <coordinates>-84.3254408,33.7886998,0</coordinates>
      </Point>
    </Placemark>
    <Placemark>
      <name>ALPR</name>
      <description>OSM node: https://www.openstreetmap.org/node/13606538901
Manufacturer: Flock Safety
Direction: 274
Zone: traffic
Camera type: fixed</description>
      <Point>
        <coordinates>-81.9869493,33.4686277,0</coordinates>
      </Point>
    </Placemark>
    <Placemark>
      <name>ALPR</name>
      <description>OSM node: https://www.openstreetmap.org/node/13606538902
Manufacturer: Flock Safety
Direction: 254
Zone: traffic
Camera type: fixed</description>
      <Point>
        <coordinates>-82.0319398,33.469177,0</coordinates>
      </Point>
    </Placemark>
    <Placemark>
      <name>ALPR</name>
      <description>OSM node: https://www.openstreetmap.org/node/13606677701
Manufacturer: Flock Safety
Direction: 0
Zone: traffic
Camera type: fixed</description>
      <Point>
        <coordinates>-84.3842104,33.7545565,0</coordinates>
      </Point>
    </Placemark>
    <Placemark>
      <name>ALPR</name>
      <description>OSM node: https://www.openstreetmap.org/node/13606742101
Manufacturer: Flock Safety
Direction: 347
Zone: traffic
Camera type: fixed</description>
      <Point>
        <coordinates>-84.2908133,32.9195239,0</coordinates>
      </Point>
    </Placemark>
    <Placemark>
      <name>ALPR</name>
      <description>OSM node: https://www.openstreetmap.org/node/13606861902
Manufacturer: Flock Safety
Direction: 108
Zone: traffic
Camera type: fixed</description>
      <Point>
        <coordinates>-84.7380103,33.3797886,0</coordinates>
      </Point>
    </Placemark>
    <Placemark>
      <name>ALPR</name>
      <description>OSM node: https://www.openstreetmap.org/node/13606921902
Manufacturer: Flock Safety
Direction: 120
Zone: traffic
Camera type: fixed</description>
      <Point>
        <coordinates>-81.7305903,32.409677,0</coordinates>
      </Point>
    </Placemark>
    <Placemark>
      <name>ALPR</name>
      <description>OSM node: https://www.openstreetmap.org/node/13606923501
Manufacturer: Flock Safety
Direction: 304
Zone: traffic
Camera type: fixed</description>
      <Point>
        <coordinates>-81.7165159,32.3918948,0</coordinates>
      </Point>
    </Placemark>
    <Placemark>
      <name>ALPR</name>
      <description>OSM node: https://www.openstreetmap.org/node/13607527301
Manufacturer: Flock Safety
Direction: 33;140
Zone: traffic
Camera type: fixed</description>
      <Point>
        <coordinates>-83.776862,34.0434241,0</coordinates>
      </Point>
    </Placemark>
    <Placemark>
      <name>ALPR</name>
      <description>OSM node: https://www.openstreetmap.org/node/13607882901
Manufacturer: Flock Safety
Direction: 0
Zone: traffic
Camera type: fixed</description>
      <Point>
        <coordinates>-85.3951871,34.2664111,0</coordinates>
      </Point>
    </Placemark>
    <Placemark>
      <name>ALPR</name>
      <description>OSM node: https://www.openstreetmap.org/node/13608285101
Manufacturer: Flock Safety
Direction: 190
Zone: traffic
Camera type: fixed</description>
      <Point>
        <coordinates>-84.7541242,33.8934851,0</coordinates>
      </Point>
    </Placemark>
    <Placemark>
      <name>ALPR</name>
      <description>OSM node: https://www.openstreetmap.org/node/13608333501
Manufacturer: Flock Safety
Direction: 148
Zone: traffic
Camera type: fixed</description>
      <Point>
        <coordinates>-82.0242974,33.1027138,0</coordinates>
      </Point>
    </Placemark>
    <Placemark>
      <name>ALPR</name>
      <description>OSM node: https://www.openstreetmap.org/node/13608335401
Manufacturer: Flock Safety
Direction: 65
Zone: traffic
Camera type: fixed</description>
      <Point>
        <coordinates>-82.0260308,33.0865171,0</coordinates>
      </Point>
    </Placemark>
    <Placemark>
      <name>ALPR</name>
      <description>OSM node: https://www.openstreetmap.org/node/13608442103
Manufacturer: Flock Safety
Direction: 339
Zone: traffic
Camera type: fixed</description>
      <Point>
        <coordinates>-84.2735278,34.2918458,0</coordinates>
      </Point>
    </Placemark>
    <Placemark>
      <name>ALPR</name>
      <description>OSM node: https://www.openstreetmap.org/node/13608481401
Manufacturer: Flock Safety
Direction: 267
Zone: traffic
Camera type: fixed</description>
      <Point>
        <coordinates>-84.5333158,34.1025821,0</coordinates>
      </Point>
    </Placemark>
    <Placemark>
      <name>ALPR</name>
      <description>OSM node: https://www.openstreetmap.org/node/13608544101
Manufacturer: Flock Safety
Direction: 266
Zone: traffic
Camera type: fixed</description>
      <Point>
        <coordinates>-84.4094291,30.8992354,0</coordinates>
      </Point>
    </Placemark>
    <Placemark>
      <name>ALPR</name>
      <description>OSM node: https://www.openstreetmap.org/node/13608596001
Manufacturer: Flock Safety
Direction: 318
Zone: traffic
Camera type: fixed</description>
      <Point>
        <coordinates>-82.1305779,33.3781977,0</coordinates>
      </Point>
    </Placemark>
    <Placemark>
      <name>ALPR</name>
      <description>OSM node: https://www.openstreetmap.org/node/13608672301
Manufacturer: Flock Safety
Direction: 95
Zone: traffic
Camera type: fixed</description>
      <Point>
        <coordinates>-83.7837224,33.928585,0</coordinates>
      </Point>
    </Placemark>
    <Placemark>
      <name>ALPR</name>
      <description>OSM node: https://www.openstreetmap.org/node/13609746716
Manufacturer: Flock Safety
Direction: 260
Zone: traffic
Camera type: fixed</description>
      <Point>
        <coordinates>-84.00444,33.9070144,0</coordinates>
      </Point>
    </Placemark>
    <Placemark>
      <name>ALPR</name>
      <description>OSM node: https://www.openstreetmap.org/node/13609890051
Manufacturer: Flock Safety
Direction: 180
Zone: traffic
Camera type: fixed</description>
      <Point>
        <coordinates>-84.3029902,33.7581986,0</coordinates>
      </Point>
    </Placemark>
    <Placemark>
      <name>ALPR</name>
      <description>OSM node: https://www.openstreetmap.org/node/13610027201
Manufacturer: Flock Safety
Direction: 204
Zone: traffic
Camera type: fixed</description>
      <Point>
        <coordinates>-84.4979345,33.8154289,0</coordinates>
      </Point>
    </Placemark>
    <Placemark>
      <name>ALPR</name>
      <description>OSM node: https://www.openstreetmap.org/node/13610027202
Manufacturer: Flock Safety
Direction: 191
Zone: traffic
Camera type: fixed</description>
      <Point>
        <coordinates>-84.4977461,33.8158656,0</coordinates>
      </Point>
    </Placemark>
    <Placemark>
      <name>ALPR</name>
      <description>OSM node: https://www.openstreetmap.org/node/13610028301
Manufacturer: Flock Safety
Direction: 156
Zone: traffic
Camera type: fixed</description>
      <Point>
        <coordinates>-84.4972998,33.8167308,0</coordinates>
      </Point>
    </Placemark>
    <Placemark>
      <name>ALPR</name>
      <description>OSM node: https://www.openstreetmap.org/node/13610028401
Manufacturer: Flock Safety
Direction: 181
Zone: traffic
Camera type: fixed</description>
      <Point>
        <coordinates>-84.4966155,33.8178245,0</coordinates>
      </Point>
    </Placemark>
    <Placemark>
      <name>Ellijay Police Department ALPR</name>
      <description>OSM node: https://www.openstreetmap.org/node/13610035501
Operator: Ellijay Police Department
Manufacturer: Flock Safety
Direction: 0
Zone: traffic
Camera type: fixed</description>
      <Point>
        <coordinates>-84.4774688,34.686983,0</coordinates>
      </Point>
    </Placemark>
    <Placemark>
      <name>ALPR</name>
      <description>OSM node: https://www.openstreetmap.org/node/13610035802
Manufacturer: Flock Safety
Direction: 271
Zone: traffic
Camera type: fixed</description>
      <Point>
        <coordinates>-84.5358681,33.3037103,0</coordinates>
      </Point>
    </Placemark>
    <Placemark>
      <name>ALPR</name>
      <description>OSM node: https://www.openstreetmap.org/node/13610043401
Manufacturer: Flock Safety
Direction: 0
Zone: traffic
Camera type: fixed</description>
      <Point>
        <coordinates>-84.5397455,34.553471,0</coordinates>
      </Point>
    </Placemark>
    <Placemark>
      <name>ALPR</name>
      <description>OSM node: https://www.openstreetmap.org/node/13610070301
Manufacturer: Flock Safety
Direction: 72
Zone: traffic
Camera type: fixed</description>
      <Point>
        <coordinates>-84.4715878,33.8825215,0</coordinates>
      </Point>
    </Placemark>
    <Placemark>
      <name>ALPR</name>
      <description>OSM node: https://www.openstreetmap.org/node/13610082301
Manufacturer: Flock Safety
Direction: 223
Zone: traffic
Camera type: fixed</description>
      <Point>
        <coordinates>-82.0380596,33.5115527,0</coordinates>
      </Point>
    </Placemark>
    <Placemark>
      <name>ALPR</name>
      <description>OSM node: https://www.openstreetmap.org/node/13610087401
Manufacturer: Flock Safety
Direction: 202
Zone: traffic
Camera type: fixed</description>
      <Point>
        <coordinates>-82.0421892,33.5102918,0</coordinates>
      </Point>
    </Placemark>
    <Placemark>
      <name>ALPR</name>
      <description>OSM node: https://www.openstreetmap.org/node/13610087702
Manufacturer: Flock Safety
Direction: 230
Zone: traffic
Camera type: fixed</description>
      <Point>
        <coordinates>-82.0533587,33.5053056,0</coordinates>
      </Point>
    </Placemark>
    <Placemark>
      <name>ALPR</name>
      <description>OSM node: https://www.openstreetmap.org/node/13610130901
Manufacturer: Flock Safety
Direction: 0
Zone: traffic
Camera type: fixed</description>
      <Point>
        <coordinates>-81.9895071,33.4274107,0</coordinates>
      </Point>
    </Placemark>
    <Placemark>
      <name>ALPR</name>
      <description>OSM node: https://www.openstreetmap.org/node/13610133801
Manufacturer: Flock Safety
Direction: 138
Zone: traffic
Camera type: fixed</description>
      <Point>
        <coordinates>-81.9807618,33.4418656,0</coordinates>
      </Point>
    </Placemark>
    <Placemark>
      <name>ALPR</name>
      <description>OSM node: https://www.openstreetmap.org/node/13610143401
Manufacturer: Flock Safety
Direction: 163
Zone: traffic
Camera type: fixed</description>
      <Point>
        <coordinates>-81.9697791,33.4617582,0</coordinates>
      </Point>
    </Placemark>
    <Placemark>
      <name>ALPR</name>
      <description>OSM node: https://www.openstreetmap.org/node/13610261201
Manufacturer: Flock Safety
Direction: 65
Zone: traffic
Camera type: fixed</description>
      <Point>
        <coordinates>-82.0529149,33.4522374,0</coordinates>
      </Point>
    </Placemark>
    <Placemark>
      <name>ALPR</name>
      <description>OSM node: https://www.openstreetmap.org/node/13610398601
Manufacturer: Flock Safety
Direction: 20
Zone: traffic
Camera type: fixed</description>
      <Point>
        <coordinates>-84.7310798,33.8866115,0</coordinates>
      </Point>
    </Placemark>
    <Placemark>
      <name>ALPR</name>
      <description>OSM node: https://www.openstreetmap.org/node/13610450601
Manufacturer: Flock Safety
Direction: 245
Zone: traffic
Camera type: fixed</description>
      <Point>
        <coordinates>-84.4612746,34.2513074,0</coordinates>
      </Point>
    </Placemark>
    <Placemark>
      <name>ALPR</name>
      <description>OSM node: https://www.openstreetmap.org/node/13610454501
Manufacturer: Flock Safety
Direction: 245
Zone: traffic
Camera type: fixed</description>
      <Point>
        <coordinates>-84.4612746,34.2513074,0</coordinates>
      </Point>
    </Placemark>
    <Placemark>
      <name>ALPR</name>
      <description>OSM node: https://www.openstreetmap.org/node/13610481301
Manufacturer: Flock Safety
Direction: 242
Zone: traffic
Camera type: fixed</description>
      <Point>
        <coordinates>-84.4720976,34.2496926,0</coordinates>
      </Point>
    </Placemark>
    <Placemark>
      <name>ALPR</name>
      <description>OSM node: https://www.openstreetmap.org/node/13610562401
Manufacturer: Flock Safety
Direction: 32
Zone: traffic
Camera type: fixed</description>
      <Point>
        <coordinates>-84.0575684,33.8431396,0</coordinates>
      </Point>
    </Placemark>
    <Placemark>
      <name>ALPR</name>
      <description>OSM node: https://www.openstreetmap.org/node/13610575201
Manufacturer: Flock Safety
Direction: 101
Zone: traffic
Camera type: fixed</description>
      <Point>
        <coordinates>-84.0594017,33.8393213,0</coordinates>
      </Point>
    </Placemark>
    <Placemark>
      <name>ALPR</name>
      <description>OSM node: https://www.openstreetmap.org/node/13610610703
Manufacturer: Flock Safety
Direction: 298
Zone: traffic
Camera type: fixed</description>
      <Point>
        <coordinates>-84.0593936,33.8396798,0</coordinates>
      </Point>
    </Placemark>
    <Placemark>
      <name>ALPR</name>
      <description>OSM node: https://www.openstreetmap.org/node/13610946179
Manufacturer: Flock Safety
Direction: 232
Zone: traffic
Camera type: fixed</description>
      <Point>
        <coordinates>-81.9564913,33.4738201,0</coordinates>
      </Point>
    </Placemark>
    <Placemark>
      <name>ALPR</name>
      <description>OSM node: https://www.openstreetmap.org/node/13610946180
Manufacturer: Flock Safety
Direction: 90
Zone: traffic
Camera type: fixed</description>
      <Point>
        <coordinates>-81.955553,33.4738878,0</coordinates>
      </Point>
    </Placemark>
    <Placemark>
      <name>ALPR</name>
      <description>OSM node: https://www.openstreetmap.org/node/13610949701
Manufacturer: Flock Safety
Direction: 169
Zone: traffic
Camera type: fixed</description>
      <Point>
        <coordinates>-83.8357046,31.5253862,0</coordinates>
      </Point>
    </Placemark>
    <Placemark>
      <name>ALPR</name>
      <description>OSM node: https://www.openstreetmap.org/node/13610955601
Manufacturer: Flock Safety
Direction: 208
Zone: traffic
Camera type: fixed</description>
      <Point>
        <coordinates>-83.8274212,31.5417552,0</coordinates>
      </Point>
    </Placemark>
    <Placemark>
      <name>ALPR</name>
      <description>OSM node: https://www.openstreetmap.org/node/13610960701
Manufacturer: Flock Safety
Direction: 291
Zone: traffic
Camera type: fixed</description>
      <Point>
        <coordinates>-83.8219555,31.51845,0</coordinates>
      </Point>
    </Placemark>
    <Placemark>
      <name>ALPR</name>
      <description>OSM node: https://www.openstreetmap.org/node/13612328701
Manufacturer: Flock Safety
Direction: 4
Zone: traffic
Camera type: fixed</description>
      <Point>
        <coordinates>-82.0159223,33.4706493,0</coordinates>
      </Point>
    </Placemark>
    <Placemark>
      <name>ALPR</name>
      <description>OSM node: https://www.openstreetmap.org/node/13612381801
Manufacturer: Flock Safety
Direction: 53
Zone: traffic
Camera type: fixed</description>
      <Point>
        <coordinates>-82.0313052,33.468891,0</coordinates>
      </Point>
    </Placemark>
    <Placemark>
      <name>ALPR</name>
      <description>OSM node: https://www.openstreetmap.org/node/13612618601
Manufacturer: Flock Safety
Direction: 77
Zone: traffic
Camera type: fixed</description>
      <Point>
        <coordinates>-84.2358486,33.7904948,0</coordinates>
      </Point>
    </Placemark>
    <Placemark>
      <name>ALPR</name>
      <description>OSM node: https://www.openstreetmap.org/node/13612626602
Manufacturer: Flock Safety
Direction: 92
Zone: traffic
Camera type: fixed</description>
      <Point>
        <coordinates>-84.2339531,33.7957092,0</coordinates>
      </Point>
    </Placemark>
    <Placemark>
      <name>ALPR</name>
      <description>OSM node: https://www.openstreetmap.org/node/13612629501
Manufacturer: Flock Safety
Direction: 0
Zone: traffic
Camera type: fixed</description>
      <Point>
        <coordinates>-84.235786,33.7921825,0</coordinates>
      </Point>
    </Placemark>
    <Placemark>
      <name>ALPR</name>
      <description>OSM node: https://www.openstreetmap.org/node/13612629803
Manufacturer: Flock Safety
Direction: 0
Zone: traffic
Camera type: fixed</description>
      <Point>
        <coordinates>-84.2363344,33.7951533,0</coordinates>
      </Point>
    </Placemark>
    <Placemark>
      <name>ALPR</name>
      <description>OSM node: https://www.openstreetmap.org/node/13612629804
Manufacturer: Flock Safety
Direction: 179
Zone: traffic
Camera type: fixed</description>
      <Point>
        <coordinates>-84.2306717,33.7963275,0</coordinates>
      </Point>
    </Placemark>
    <Placemark>
      <name>ALPR</name>
      <description>OSM node: https://www.openstreetmap.org/node/13612632103
Manufacturer: Flock Safety
Direction: 0
Zone: traffic
Camera type: fixed</description>
      <Point>
        <coordinates>-84.2306247,33.7959418,0</coordinates>
      </Point>
    </Placemark>
    <Placemark>
      <name>ALPR</name>
      <description>OSM node: https://www.openstreetmap.org/node/13612632302
Manufacturer: Flock Safety
Direction: 298
Zone: traffic
Camera type: fixed</description>
      <Point>
        <coordinates>-84.2269059,33.7955572,0</coordinates>
      </Point>
    </Placemark>
    <Placemark>
      <name>ALPR</name>
      <description>OSM node: https://www.openstreetmap.org/node/13612640301
Manufacturer: Flock Safety
Direction: 102
Zone: traffic
Camera type: fixed</description>
      <Point>
        <coordinates>-84.2298343,33.7958291,0</coordinates>
      </Point>
    </Placemark>
    <Placemark>
      <name>ALPR</name>
      <description>OSM node: https://www.openstreetmap.org/node/13612642101
Manufacturer: Flock Safety
Direction: 142
Zone: traffic
Camera type: fixed</description>
      <Point>
        <coordinates>-84.2275721,33.7957582,0</coordinates>
      </Point>
    </Placemark>
    <Placemark>
      <name>ALPR</name>
      <description>OSM node: https://www.openstreetmap.org/node/13612642102
Manufacturer: Flock Safety
Direction: 190
Zone: traffic
Camera type: fixed</description>
      <Point>
        <coordinates>-84.2281183,33.7965035,0</coordinates>
      </Point>
    </Placemark>
    <Placemark>
      <name>ALPR</name>
      <description>OSM node: https://www.openstreetmap.org/node/13612646801
Manufacturer: Flock Safety
Direction: 0
Zone: traffic
Camera type: fixed</description>
      <Point>
        <coordinates>-84.0133458,33.8807064,0</coordinates>
      </Point>
    </Placemark>
    <Placemark>
      <name>ALPR</name>
      <description>OSM node: https://www.openstreetmap.org/node/13612652201
Manufacturer: Flock Safety
Direction: 236-306
Zone: traffic
Camera type: fixed</description>
      <Point>
        <coordinates>-84.0118263,33.8811091,0</coordinates>
      </Point>
    </Placemark>
    <Placemark>
      <name>ALPR</name>
      <description>OSM node: https://www.openstreetmap.org/node/13612656202
Manufacturer: Flock Safety
Direction: 0
Zone: traffic
Camera type: fixed</description>
      <Point>
        <coordinates>-84.2205774,33.7997631,0</coordinates>
      </Point>
    </Placemark>
    <Placemark>
      <name>ALPR</name>
      <description>OSM node: https://www.openstreetmap.org/node/13612972693
Manufacturer: Flock Safety
Zone: traffic
Camera type: fixed</description>
      <Point>
        <coordinates>-81.1171745,31.9922844,0</coordinates>
      </Point>
    </Placemark>
    <Placemark>
      <name>ALPR</name>
      <description>OSM node: https://www.openstreetmap.org/node/13613029001
Manufacturer: Flock Safety
Direction: 0
Zone: traffic
Camera type: fixed</description>
      <Point>
        <coordinates>-81.5207462,31.2205602,0</coordinates>
      </Point>
    </Placemark>
    <Placemark>
      <name>ALPR</name>
      <description>OSM node: https://www.openstreetmap.org/node/13613029301
Manufacturer: Flock Safety
Direction: 153
Zone: traffic
Camera type: fixed</description>
      <Point>
        <coordinates>-81.5053352,31.2418847,0</coordinates>
      </Point>
    </Placemark>
    <Placemark>
      <name>ALPR</name>
      <description>OSM node: https://www.openstreetmap.org/node/13613030301
Manufacturer: Flock Safety
Direction: 206
Zone: traffic
Camera type: fixed</description>
      <Point>
        <coordinates>-81.5018075,31.245254,0</coordinates>
      </Point>
    </Placemark>
    <Placemark>
      <name>ALPR</name>
      <description>OSM node: https://www.openstreetmap.org/node/13613148501
Manufacturer: Flock Safety
Direction: 324
Zone: traffic
Camera type: fixed</description>
      <Point>
        <coordinates>-81.9833297,33.4690066,0</coordinates>
      </Point>
    </Placemark>
    <Placemark>
      <name>ALPR</name>
      <description>OSM node: https://www.openstreetmap.org/node/13613188701
Manufacturer: Flock Safety
Direction: 138
Zone: traffic
Camera type: fixed</description>
      <Point>
        <coordinates>-84.2700242,33.920377,0</coordinates>
      </Point>
    </Placemark>
    <Placemark>
      <name>ALPR</name>
      <description>OSM node: https://www.openstreetmap.org/node/13613265901
Manufacturer: Flock Safety
Direction: 48
Zone: traffic
Camera type: fixed</description>
      <Point>
        <coordinates>-81.3403524,31.9209495,0</coordinates>
      </Point>
    </Placemark>
    <Placemark>
      <name>ALPR</name>
      <description>OSM node: https://www.openstreetmap.org/node/13613383101
Manufacturer: Flock Safety
Direction: 258
Zone: traffic
Camera type: fixed</description>
      <Point>
        <coordinates>-83.3954633,34.8644945,0</coordinates>
      </Point>
    </Placemark>
    <Placemark>
      <name>ALPR</name>
      <description>OSM node: https://www.openstreetmap.org/node/13614548422
Manufacturer: Flock Safety
Zone: traffic
Camera type: fixed</description>
      <Point>
        <coordinates>-84.337686,33.7817281,0</coordinates>
      </Point>
    </Placemark>
    <Placemark>
      <name>ALPR</name>
      <description>OSM node: https://www.openstreetmap.org/node/13614715204
Manufacturer: Flock Safety
Direction: 250
Zone: traffic
Camera type: fixed</description>
      <Point>
        <coordinates>-84.321812,33.7952889,0</coordinates>
      </Point>
    </Placemark>
    <Placemark>
      <name>ALPR</name>
      <description>OSM node: https://www.openstreetmap.org/node/13615273401
Manufacturer: Flock Safety
Direction: 349
Zone: traffic
Camera type: fixed</description>
      <Point>
        <coordinates>-81.3509715,31.8811901,0</coordinates>
      </Point>
    </Placemark>
    <Placemark>
      <name>ALPR</name>
      <description>OSM node: https://www.openstreetmap.org/node/13615395602
Manufacturer: Flock Safety
Direction: 182
Zone: traffic
Camera type: fixed</description>
      <Point>
        <coordinates>-81.4031344,31.8555425,0</coordinates>
      </Point>
    </Placemark>
    <Placemark>
      <name>ALPR</name>
      <description>OSM node: https://www.openstreetmap.org/node/13615467201
Manufacturer: Flock Safety
Direction: 359
Zone: traffic
Camera type: fixed</description>
      <Point>
        <coordinates>-81.2010457,32.0709934,0</coordinates>
      </Point>
    </Placemark>
    <Placemark>
      <name>ALPR</name>
      <description>OSM node: https://www.openstreetmap.org/node/13615487601
Manufacturer: Flock Safety
Direction: 303
Zone: traffic
Camera type: fixed</description>
      <Point>
        <coordinates>-81.2192676,32.260884,0</coordinates>
      </Point>
    </Placemark>
    <Placemark>
      <name>ALPR</name>
      <description>OSM node: https://www.openstreetmap.org/node/13615523501
Manufacturer: Flock Safety
Direction: 226
Zone: traffic
Camera type: fixed</description>
      <Point>
        <coordinates>-84.1288864,34.1753453,0</coordinates>
      </Point>
    </Placemark>
    <Placemark>
      <name>ALPR</name>
      <description>OSM node: https://www.openstreetmap.org/node/13615525301
Manufacturer: Flock Safety
Direction: 315
Zone: traffic
Camera type: fixed</description>
      <Point>
        <coordinates>-84.1288944,34.1738896,0</coordinates>
      </Point>
    </Placemark>
    <Placemark>
      <name>ALPR</name>
      <description>OSM node: https://www.openstreetmap.org/node/13615573701
Manufacturer: Flock Safety
Direction: 343
Zone: traffic
Camera type: fixed</description>
      <Point>
        <coordinates>-84.2311634,33.8197698,0</coordinates>
      </Point>
    </Placemark>
    <Placemark>
      <name>ALPR</name>
      <description>OSM node: https://www.openstreetmap.org/node/13615584601
Manufacturer: Flock Safety
Direction: 162
Zone: traffic
Camera type: fixed</description>
      <Point>
        <coordinates>-84.2312924,33.8204241,0</coordinates>
      </Point>
    </Placemark>
    <Placemark>
      <name>ALPR</name>
      <description>OSM node: https://www.openstreetmap.org/node/13615585401
Manufacturer: Flock Safety
Direction: 85
Zone: traffic
Camera type: fixed</description>
      <Point>
        <coordinates>-84.2311136,33.8205167,0</coordinates>
      </Point>
    </Placemark>
    <Placemark>
      <name>ALPR</name>
      <description>OSM node: https://www.openstreetmap.org/node/13615585501
Manufacturer: Flock Safety
Direction: 110
Zone: traffic
Camera type: fixed</description>
      <Point>
        <coordinates>-84.2315075,33.8203677,0</coordinates>
      </Point>
    </Placemark>
    <Placemark>
      <name>ALPR</name>
      <description>OSM node: https://www.openstreetmap.org/node/13615589801
Manufacturer: Flock Safety
Direction: 275
Zone: traffic
Camera type: fixed</description>
      <Point>
        <coordinates>-84.231749,33.8221481,0</coordinates>
      </Point>
    </Placemark>
    <Placemark>
      <name>ALPR</name>
      <description>OSM node: https://www.openstreetmap.org/node/13615589802
Manufacturer: Flock Safety
Direction: 99
Zone: traffic
Camera type: fixed</description>
      <Point>
        <coordinates>-84.2320496,33.8221668,0</coordinates>
      </Point>
    </Placemark>
    <Placemark>
      <name>ALPR</name>
      <description>OSM node: https://www.openstreetmap.org/node/13615591401
Manufacturer: Flock Safety
Direction: 146
Zone: traffic
Camera type: fixed</description>
      <Point>
        <coordinates>-84.2327498,33.823989,0</coordinates>
      </Point>
    </Placemark>
    <Placemark>
      <name>ALPR</name>
      <description>OSM node: https://www.openstreetmap.org/node/13615593301
Manufacturer: Flock Safety
Direction: 259
Zone: traffic
Camera type: fixed</description>
      <Point>
        <coordinates>-84.2315117,33.8222874,0</coordinates>
      </Point>
    </Placemark>
    <Placemark>
      <name>ALPR</name>
      <description>OSM node: https://www.openstreetmap.org/node/13615595101
Manufacturer: Flock Safety
Direction: 245
Zone: traffic
Camera type: fixed</description>
      <Point>
        <coordinates>-84.2272544,33.8190196,0</coordinates>
      </Point>
    </Placemark>
    <Placemark>
      <name>ALPR</name>
      <description>OSM node: https://www.openstreetmap.org/node/13615603801
Manufacturer: Flock Safety
Direction: 34
Zone: traffic
Camera type: fixed</description>
      <Point>
        <coordinates>-84.2110008,33.8180718,0</coordinates>
      </Point>
    </Placemark>
    <Placemark>
      <name>ALPR</name>
      <description>OSM node: https://www.openstreetmap.org/node/13615609401
Manufacturer: Flock Safety
Direction: 228-298
Zone: traffic
Camera type: fixed</description>
      <Point>
        <coordinates>-84.2063726,33.8114844,0</coordinates>
      </Point>
    </Placemark>
    <Placemark>
      <name>ALPR</name>
      <description>OSM node: https://www.openstreetmap.org/node/13615611101
Manufacturer: Flock Safety
Direction: 187
Zone: traffic
Camera type: fixed</description>
      <Point>
        <coordinates>-84.205464,33.8067271,0</coordinates>
      </Point>
    </Placemark>
    <Placemark>
      <name>ALPR</name>
      <description>OSM node: https://www.openstreetmap.org/node/13615838201
Manufacturer: Flock Safety
Direction: 159
Zone: traffic
Camera type: fixed</description>
      <Point>
        <coordinates>-81.1305138,31.9822861,0</coordinates>
      </Point>
    </Placemark>
    <Placemark>
      <name>ALPR</name>
      <description>OSM node: https://www.openstreetmap.org/node/13616003501
Manufacturer: Flock Safety
Direction: 162
Zone: traffic
Camera type: fixed</description>
      <Point>
        <coordinates>-85.0724509,33.5727359,0</coordinates>
      </Point>
    </Placemark>
    <Placemark>
      <name>ALPR</name>
      <description>OSM node: https://www.openstreetmap.org/node/13617042601
Manufacturer: Flock Safety
Direction: 100
Zone: traffic
Camera type: fixed</description>
      <Point>
        <coordinates>-81.2212661,32.2635293,0</coordinates>
      </Point>
    </Placemark>
    <Placemark>
      <name>ALPR</name>
      <description>OSM node: https://www.openstreetmap.org/node/13618103801
Manufacturer: Flock Safety
Direction: 255
Zone: traffic
Camera type: fixed</description>
      <Point>
        <coordinates>-84.7810134,33.8852189,0</coordinates>
      </Point>
    </Placemark>
    <Placemark>
      <name>ALPR</name>
      <description>OSM node: https://www.openstreetmap.org/node/13618262301
Manufacturer: Flock Safety
Direction: 16-61
Zone: traffic
Camera type: fixed</description>
      <Point>
        <coordinates>-84.0386812,34.0050941,0</coordinates>
      </Point>
    </Placemark>
    <Placemark>
      <name>ALPR</name>
      <description>OSM node: https://www.openstreetmap.org/node/13618306901
Manufacturer: Flock Safety
Direction: 264
Zone: traffic
Camera type: fixed</description>
      <Point>
        <coordinates>-83.2774576,30.8657698,0</coordinates>
      </Point>
    </Placemark>
    <Placemark>
      <name>ALPR</name>
      <description>OSM node: https://www.openstreetmap.org/node/13618310401
Manufacturer: Flock Safety
Direction: 0
Zone: traffic
Camera type: fixed</description>
      <Point>
        <coordinates>-81.9832364,31.3044875,0</coordinates>
      </Point>
    </Placemark>
    <Placemark>
      <name>ALPR</name>
      <description>OSM node: https://www.openstreetmap.org/node/13618316201
Manufacturer: Flock Safety
Direction: 268
Zone: traffic
Camera type: fixed</description>
      <Point>
        <coordinates>-81.9982789,31.3051877,0</coordinates>
      </Point>
    </Placemark>
    <Placemark>
      <name>ALPR</name>
      <description>OSM node: https://www.openstreetmap.org/node/13618380103
Manufacturer: Flock Safety
Direction: 290
Zone: traffic
Camera type: fixed</description>
      <Point>
        <coordinates>-82.1638661,31.2184237,0</coordinates>
      </Point>
    </Placemark>
    <Placemark>
      <name>ALPR</name>
      <description>OSM node: https://www.openstreetmap.org/node/13618385701
Manufacturer: Flock Safety
Direction: 116
Zone: traffic
Camera type: fixed</description>
      <Point>
        <coordinates>-82.1611389,31.2158089,0</coordinates>
      </Point>
    </Placemark>
    <Placemark>
      <name>ALPR</name>
      <description>OSM node: https://www.openstreetmap.org/node/13618587201
Manufacturer: Flock Safety
Direction: 354
Zone: traffic
Camera type: fixed</description>
      <Point>
        <coordinates>-84.1934841,33.8030844,0</coordinates>
      </Point>
    </Placemark>
    <Placemark>
      <name>ALPR</name>
      <description>OSM node: https://www.openstreetmap.org/node/13618839150
Manufacturer: Flock Safety
Direction: 295
Zone: traffic
Camera type: fixed</description>
      <Point>
        <coordinates>-84.3535569,33.8910429,0</coordinates>
      </Point>
    </Placemark>
    <Placemark>
      <name>ALPR</name>
      <description>OSM node: https://www.openstreetmap.org/node/13618952901
Manufacturer: Flock Safety
Direction: 0
Zone: traffic
Camera type: fixed</description>
      <Point>
        <coordinates>-82.0059868,33.3163809,0</coordinates>
      </Point>
    </Placemark>
    <Placemark>
      <name>ALPR</name>
      <description>OSM node: https://www.openstreetmap.org/node/13618956901
Manufacturer: Flock Safety
Direction: 180
Zone: traffic
Camera type: fixed</description>
      <Point>
        <coordinates>-82.0060141,33.3165565,0</coordinates>
      </Point>
    </Placemark>
    <Placemark>
      <name>ALPR</name>
      <description>OSM node: https://www.openstreetmap.org/node/13619248611
Manufacturer: Flock Safety
Direction: 105
Zone: traffic
Camera type: fixed</description>
      <Point>
        <coordinates>-84.1394019,33.87406,0</coordinates>
      </Point>
    </Placemark>
    <Placemark>
      <name>ALPR</name>
      <description>OSM node: https://www.openstreetmap.org/node/13619279454
Manufacturer: Flock Safety
Direction: 180
Zone: traffic
Camera type: fixed</description>
      <Point>
        <coordinates>-84.4177536,33.7302731,0</coordinates>
      </Point>
    </Placemark>
    <Placemark>
      <name>ALPR</name>
      <description>OSM node: https://www.openstreetmap.org/node/13619318901
Manufacturer: Flock Safety
Direction: 161
Zone: traffic
Camera type: fixed</description>
      <Point>
        <coordinates>-83.8308194,31.551646,0</coordinates>
      </Point>
    </Placemark>
    <Placemark>
      <name>ALPR</name>
      <description>OSM node: https://www.openstreetmap.org/node/13620463001
Manufacturer: Flock Safety
Direction: 137
Zone: traffic
Camera type: fixed</description>
      <Point>
        <coordinates>-84.2144292,33.853197,0</coordinates>
      </Point>
    </Placemark>
    <Placemark>
      <name>ALPR</name>
      <description>OSM node: https://www.openstreetmap.org/node/13620466001
Manufacturer: Flock Safety
Direction: 329
Zone: traffic
Camera type: fixed</description>
      <Point>
        <coordinates>-84.2178185,33.8566794,0</coordinates>
      </Point>
    </Placemark>
    <Placemark>
      <name>ALPR</name>
      <description>OSM node: https://www.openstreetmap.org/node/13620470601
Manufacturer: Flock Safety
Direction: 118
Zone: traffic
Camera type: fixed</description>
      <Point>
        <coordinates>-84.2192539,33.8851203,0</coordinates>
      </Point>
    </Placemark>
    <Placemark>
      <name>ALPR</name>
      <description>OSM node: https://www.openstreetmap.org/node/13620471801
Manufacturer: Flock Safety
Direction: 140
Zone: traffic
Camera type: fixed</description>
      <Point>
        <coordinates>-84.2185221,33.8857903,0</coordinates>
      </Point>
    </Placemark>
    <Placemark>
      <name>ALPR</name>
      <description>OSM node: https://www.openstreetmap.org/node/13620472701
Manufacturer: Flock Safety
Direction: 172
Zone: traffic
Camera type: fixed</description>
      <Point>
        <coordinates>-84.2179426,33.8538722,0</coordinates>
      </Point>
    </Placemark>
    <Placemark>
      <name>ALPR</name>
      <description>OSM node: https://www.openstreetmap.org/node/13620475701
Manufacturer: Flock Safety
Direction: 318
Zone: traffic
Camera type: fixed</description>
      <Point>
        <coordinates>-84.2136984,33.85175,0</coordinates>
      </Point>
    </Placemark>
    <Placemark>
      <name>ALPR</name>
      <description>OSM node: https://www.openstreetmap.org/node/13620801502
Manufacturer: Flock Safety
Direction: 98
Zone: traffic
Camera type: fixed</description>
      <Point>
        <coordinates>-82.0857714,33.3421499,0</coordinates>
      </Point>
    </Placemark>
    <Placemark>
      <name>ALPR</name>
      <description>OSM node: https://www.openstreetmap.org/node/13621107501
Manufacturer: Flock Safety
Direction: 260
Zone: traffic
Camera type: fixed</description>
      <Point>
        <coordinates>-81.7325791,31.3112242,0</coordinates>
      </Point>
    </Placemark>
    <Placemark>
      <name>ALPR</name>
      <description>OSM node: https://www.openstreetmap.org/node/13621110301
Manufacturer: Flock Safety
Direction: 146
Zone: traffic
Camera type: fixed</description>
      <Point>
        <coordinates>-81.7329941,31.3113786,0</coordinates>
      </Point>
    </Placemark>
    <Placemark>
      <name>ALPR</name>
      <description>OSM node: https://www.openstreetmap.org/node/13621113901
Manufacturer: Flock Safety
Direction: 64
Zone: traffic
Camera type: fixed</description>
      <Point>
        <coordinates>-81.7325864,31.3110148,0</coordinates>
      </Point>
    </Placemark>
    <Placemark>
      <name>ALPR</name>
      <description>OSM node: https://www.openstreetmap.org/node/13621338301
Manufacturer: Flock Safety
Direction: 61
Zone: traffic
Camera type: fixed</description>
      <Point>
        <coordinates>-81.9923794,33.4753893,0</coordinates>
      </Point>
    </Placemark>
    <Placemark>
      <name>ALPR</name>
      <description>OSM node: https://www.openstreetmap.org/node/13621340002
Manufacturer: Flock Safety
Direction: 102
Zone: traffic
Camera type: fixed</description>
      <Point>
        <coordinates>-82.1000887,33.3869495,0</coordinates>
      </Point>
    </Placemark>
    <Placemark>
      <name>ALPR</name>
      <description>OSM node: https://www.openstreetmap.org/node/13621343001
Manufacturer: Flock Safety
Direction: 156
Zone: traffic
Camera type: fixed</description>
      <Point>
        <coordinates>-81.9974019,33.4761683,0</coordinates>
      </Point>
    </Placemark>
    <Placemark>
      <name>ALPR</name>
      <description>OSM node: https://www.openstreetmap.org/node/13621446201
Manufacturer: Flock Safety
Direction: 324
Zone: traffic
Camera type: fixed</description>
      <Point>
        <coordinates>-81.5893409,31.1482853,0</coordinates>
      </Point>
    </Placemark>
    <Placemark>
      <name>ALPR</name>
      <description>OSM node: https://www.openstreetmap.org/node/13621447201
Manufacturer: Flock Safety
Direction: 126
Zone: traffic
Camera type: fixed</description>
      <Point>
        <coordinates>-81.5894515,31.147782,0</coordinates>
      </Point>
    </Placemark>
    <Placemark>
      <name>ALPR</name>
      <description>OSM node: https://www.openstreetmap.org/node/13621474401
Manufacturer: Flock Safety
Direction: 42
Zone: traffic
Camera type: fixed</description>
      <Point>
        <coordinates>-81.7585479,31.2318747,0</coordinates>
      </Point>
    </Placemark>
    <Placemark>
      <name>ALPR</name>
      <description>OSM node: https://www.openstreetmap.org/node/13621474801
Manufacturer: Flock Safety
Direction: 222
Zone: traffic
Camera type: fixed</description>
      <Point>
        <coordinates>-81.7581093,31.2323004,0</coordinates>
      </Point>
    </Placemark>
    <Placemark>
      <name>ALPR</name>
      <description>OSM node: https://www.openstreetmap.org/node/13622778201
Manufacturer: Flock Safety
Direction: 165
Zone: traffic
Camera type: fixed</description>
      <Point>
        <coordinates>-81.7781784,32.4909693,0</coordinates>
      </Point>
    </Placemark>
    <Placemark>
      <name>Gilmer County Sheriff's Office ALPR</name>
      <description>OSM node: https://www.openstreetmap.org/node/13622923609
Operator: Gilmer County Sheriff's Office
Manufacturer: Flock Safety
Direction: 95
Zone: traffic
Camera type: fixed</description>
      <Point>
        <coordinates>-84.6012625,34.7699803,0</coordinates>
      </Point>
    </Placemark>
    <Placemark>
      <name>ALPR</name>
      <description>OSM node: https://www.openstreetmap.org/node/13622941801
Manufacturer: Flock Safety
Direction: 159
Zone: traffic
Camera type: fixed</description>
      <Point>
        <coordinates>-83.8332907,33.5810142,0</coordinates>
      </Point>
    </Placemark>
    <Placemark>
      <name>ALPR</name>
      <description>OSM node: https://www.openstreetmap.org/node/13622942301
Manufacturer: Flock Safety
Direction: 165
Zone: traffic
Camera type: fixed</description>
      <Point>
        <coordinates>-83.8316569,33.581407,0</coordinates>
      </Point>
    </Placemark>
    <Placemark>
      <name>ALPR</name>
      <description>OSM node: https://www.openstreetmap.org/node/13623112620
Manufacturer: Flock Safety
Direction: 265
Zone: traffic
Camera type: fixed</description>
      <Point>
        <coordinates>-81.1967475,32.0968806,0</coordinates>
      </Point>
    </Placemark>
    <Placemark>
      <name>ALPR</name>
      <description>OSM node: https://www.openstreetmap.org/node/13623846701
Manufacturer: Flock Safety
Direction: 152
Zone: traffic
Camera type: fixed</description>
      <Point>
        <coordinates>-81.9485501,31.3478887,0</coordinates>
      </Point>
    </Placemark>
    <Placemark>
      <name>ALPR</name>
      <description>OSM node: https://www.openstreetmap.org/node/13623998501
Manufacturer: Flock Safety
Direction: 146
Zone: traffic
Camera type: fixed</description>
      <Point>
        <coordinates>-81.3235449,31.5737382,0</coordinates>
      </Point>
    </Placemark>
    <Placemark>
      <name>ALPR</name>
      <description>OSM node: https://www.openstreetmap.org/node/13624005778
Manufacturer: Flock Safety
Direction: 275
Zone: traffic
Camera type: fixed</description>
      <Point>
        <coordinates>-81.2076589,32.0676343,0</coordinates>
      </Point>
    </Placemark>
    <Placemark>
      <name>ALPR</name>
      <description>OSM node: https://www.openstreetmap.org/node/13624126201
Manufacturer: Flock Safety
Direction: 195
Zone: traffic
Camera type: fixed</description>
      <Point>
        <coordinates>-84.6010071,33.768675,0</coordinates>
      </Point>
    </Placemark>
    <Placemark>
      <name>ALPR</name>
      <description>OSM node: https://www.openstreetmap.org/node/13624126401
Manufacturer: Flock Safety
Direction: 29
Zone: traffic
Camera type: fixed</description>
      <Point>
        <coordinates>-84.6013811,33.7682381,0</coordinates>
      </Point>
    </Placemark>
    <Placemark>
      <name>ALPR</name>
      <description>OSM node: https://www.openstreetmap.org/node/13624126402
Manufacturer: Flock Safety
Direction: 169
Zone: traffic
Camera type: fixed</description>
      <Point>
        <coordinates>-84.6683119,33.7763552,0</coordinates>
      </Point>
    </Placemark>
    <Placemark>
      <name>ALPR</name>
      <description>OSM node: https://www.openstreetmap.org/node/13624128501
Manufacturer: Flock Safety
Direction: 338
Zone: traffic
Camera type: fixed</description>
      <Point>
        <coordinates>-84.6680838,33.7786567,0</coordinates>
      </Point>
    </Placemark>
    <Placemark>
      <name>ALPR</name>
      <description>OSM node: https://www.openstreetmap.org/node/13624136201
Manufacturer: Flock Safety
Direction: 259
Zone: traffic
Camera type: fixed</description>
      <Point>
        <coordinates>-84.7521668,33.7806073,0</coordinates>
      </Point>
    </Placemark>
    <Placemark>
      <name>ALPR</name>
      <description>OSM node: https://www.openstreetmap.org/node/13625339701
Manufacturer: Flock Safety
Direction: 303
Zone: traffic
Camera type: fixed</description>
      <Point>
        <coordinates>-84.5277382,33.960637,0</coordinates>
      </Point>
    </Placemark>
    <Placemark>
      <name>ALPR</name>
      <description>OSM node: https://www.openstreetmap.org/node/13625678655
Manufacturer: Flock Safety
Direction: 130
Zone: traffic
Camera type: fixed</description>
      <Point>
        <coordinates>-84.3336835,33.8035229,0</coordinates>
      </Point>
    </Placemark>
    <Placemark>
      <name>ALPR</name>
      <description>OSM node: https://www.openstreetmap.org/node/13625918001
Manufacturer: Flock Safety
Direction: 113
Zone: traffic
Camera type: fixed</description>
      <Point>
        <coordinates>-82.1952566,33.4431781,0</coordinates>
      </Point>
    </Placemark>
    <Placemark>
      <name>ALPR</name>
      <description>OSM node: https://www.openstreetmap.org/node/13625949808
Manufacturer: Flock Safety
Direction: 25
Zone: traffic
Camera type: fixed</description>
      <Point>
        <coordinates>-81.2643466,32.1765069,0</coordinates>
      </Point>
    </Placemark>
    <Placemark>
      <name>ALPR</name>
      <description>OSM node: https://www.openstreetmap.org/node/13626074970
Manufacturer: Flock Safety
Direction: 245
Camera type: fixed</description>
      <Point>
        <coordinates>-84.6840385,33.8807406,0</coordinates>
      </Point>
    </Placemark>
    <Placemark>
      <name>ALPR</name>
      <description>OSM node: https://www.openstreetmap.org/node/13626077928
Manufacturer: Flock Safety
Direction: 170
Camera type: fixed</description>
      <Point>
        <coordinates>-84.6869952,33.887925,0</coordinates>
      </Point>
    </Placemark>
    <Placemark>
      <name>ALPR</name>
      <description>OSM node: https://www.openstreetmap.org/node/13626084267
Manufacturer: Flock Safety
Direction: 160
Camera type: fixed</description>
      <Point>
        <coordinates>-84.6764654,33.8825982,0</coordinates>
      </Point>
    </Placemark>
    <Placemark>
      <name>ALPR</name>
      <description>OSM node: https://www.openstreetmap.org/node/13626092647
Manufacturer: Flock Safety
Direction: 230
Camera type: fixed</description>
      <Point>
        <coordinates>-84.7122478,33.9381728,0</coordinates>
      </Point>
    </Placemark>
    <Placemark>
      <name>ALPR</name>
      <description>OSM node: https://www.openstreetmap.org/node/13626100336
Manufacturer: Flock Safety
Direction: 255
Camera type: fixed</description>
      <Point>
        <coordinates>-84.6852435,33.8711738,0</coordinates>
      </Point>
    </Placemark>
    <Placemark>
      <name>ALPR</name>
      <description>OSM node: https://www.openstreetmap.org/node/13626136709
Manufacturer: Flock Safety
Direction: 40
Camera type: fixed</description>
      <Point>
        <coordinates>-84.7224787,33.9228252,0</coordinates>
      </Point>
    </Placemark>
    <Placemark>
      <name>ALPR</name>
      <description>OSM node: https://www.openstreetmap.org/node/13626136710
Manufacturer: Flock Safety
Direction: 50
Camera type: fixed</description>
      <Point>
        <coordinates>-84.7226309,33.9209439,0</coordinates>
      </Point>
    </Placemark>
    <Placemark>
      <name>ALPR</name>
      <description>OSM node: https://www.openstreetmap.org/node/13626571201
Manufacturer: Flock Safety
Direction: 115
Zone: traffic
Camera type: fixed</description>
      <Point>
        <coordinates>-83.7290359,34.9189498,0</coordinates>
      </Point>
    </Placemark>
    <Placemark>
      <name>ALPR</name>
      <description>OSM node: https://www.openstreetmap.org/node/13626571801
Manufacturer: Flock Safety
Direction: 0
Zone: traffic
Camera type: fixed</description>
      <Point>
        <coordinates>-83.7543838,34.9873814,0</coordinates>
      </Point>
    </Placemark>
    <Placemark>
      <name>ALPR</name>
      <description>OSM node: https://www.openstreetmap.org/node/13626993401
Manufacturer: Flock Safety
Direction: 252
Zone: traffic
Camera type: fixed</description>
      <Point>
        <coordinates>-84.3717715,33.7995951,0</coordinates>
      </Point>
    </Placemark>
    <Placemark>
      <name>ALPR</name>
      <description>OSM node: https://www.openstreetmap.org/node/13626994601
Manufacturer: Flock Safety
Direction: 70
Zone: traffic
Camera type: fixed</description>
      <Point>
        <coordinates>-84.3725684,33.7993762,0</coordinates>
      </Point>
    </Placemark>
    <Placemark>
      <name>ALPR</name>
      <description>OSM node: https://www.openstreetmap.org/node/13628763801
Manufacturer: Flock Safety
Direction: 257
Zone: traffic
Camera type: fixed</description>
      <Point>
        <coordinates>-83.8236563,34.1200233,0</coordinates>
      </Point>
    </Placemark>
    <Placemark>
      <name>ALPR</name>
      <description>OSM node: https://www.openstreetmap.org/node/13628812902
Manufacturer: Flock Safety
Direction: 75
Zone: traffic
Camera type: fixed</description>
      <Point>
        <coordinates>-83.8254787,34.1238117,0</coordinates>
      </Point>
    </Placemark>
    <Placemark>
      <name>ALPR</name>
      <description>OSM node: https://www.openstreetmap.org/node/13628822701
Manufacturer: Flock Safety
Direction: 97
Zone: traffic
Camera type: fixed</description>
      <Point>
        <coordinates>-83.8236594,34.1200218,0</coordinates>
      </Point>
    </Placemark>
    <Placemark>
      <name>ALPR</name>
      <description>OSM node: https://www.openstreetmap.org/node/13628822901
Manufacturer: Flock Safety
Direction: 185
Zone: traffic
Camera type: fixed</description>
      <Point>
        <coordinates>-83.825566,34.1244923,0</coordinates>
      </Point>
    </Placemark>
    <Placemark>
      <name>ALPR</name>
      <description>OSM node: https://www.openstreetmap.org/node/13628933401
Manufacturer: Flock Safety
Direction: 165
Zone: traffic
Camera type: fixed</description>
      <Point>
        <coordinates>-83.6386434,32.5058016,0</coordinates>
      </Point>
    </Placemark>
    <Placemark>
      <name>ALPR</name>
      <description>OSM node: https://www.openstreetmap.org/node/13628933501
Manufacturer: Flock Safety
Direction: 11
Zone: traffic
Camera type: fixed</description>
      <Point>
        <coordinates>-83.6387478,32.5042891,0</coordinates>
      </Point>
    </Placemark>
    <Placemark>
      <name>ALPR</name>
      <description>OSM node: https://www.openstreetmap.org/node/13628934602
Manufacturer: Flock Safety
Direction: 244
Zone: traffic
Camera type: fixed</description>
      <Point>
        <coordinates>-83.6629562,32.5075545,0</coordinates>
      </Point>
    </Placemark>
    <Placemark>
      <name>ALPR</name>
      <description>OSM node: https://www.openstreetmap.org/node/13630071403
Manufacturer: Flock Safety
Direction: 0
Zone: traffic
Camera type: fixed</description>
      <Point>
        <coordinates>-81.9791365,33.4705874,0</coordinates>
      </Point>
    </Placemark>
    <Placemark>
      <name>ALPR</name>
      <description>OSM node: https://www.openstreetmap.org/node/13630129301
Manufacturer: Flock Safety
Direction: 173
Zone: traffic
Camera type: fixed</description>
      <Point>
        <coordinates>-82.0172265,33.4675671,0</coordinates>
      </Point>
    </Placemark>
    <Placemark>
      <name>ALPR</name>
      <description>OSM node: https://www.openstreetmap.org/node/13630129801
Manufacturer: Flock Safety
Direction: 41
Zone: traffic
Camera type: fixed</description>
      <Point>
        <coordinates>-82.0172806,33.4673276,0</coordinates>
      </Point>
    </Placemark>
    <Placemark>
      <name>ALPR</name>
      <description>OSM node: https://www.openstreetmap.org/node/13630150101
Manufacturer: Flock Safety
Direction: 93
Zone: traffic
Camera type: fixed</description>
      <Point>
        <coordinates>-81.9842654,33.4813484,0</coordinates>
      </Point>
    </Placemark>
    <Placemark>
      <name>ALPR</name>
      <description>OSM node: https://www.openstreetmap.org/node/13630231803
Manufacturer: Flock Safety
Direction: 195
Zone: traffic
Camera type: fixed</description>
      <Point>
        <coordinates>-82.005662,33.4891461,0</coordinates>
      </Point>
    </Placemark>
    <Placemark>
      <name>ALPR</name>
      <description>OSM node: https://www.openstreetmap.org/node/13630234702
Manufacturer: Flock Safety
Direction: 105
Zone: traffic
Camera type: fixed</description>
      <Point>
        <coordinates>-82.00562,33.4890285,0</coordinates>
      </Point>
    </Placemark>
    <Placemark>
      <name>ALPR</name>
      <description>OSM node: https://www.openstreetmap.org/node/13630234703
Manufacturer: Flock Safety
Direction: 191
Zone: traffic
Camera type: fixed</description>
      <Point>
        <coordinates>-81.996072,33.4853141,0</coordinates>
      </Point>
    </Placemark>
    <Placemark>
      <name>Lowe's ALPR</name>
      <description>OSM node: https://www.openstreetmap.org/node/13630362603
Operator: Lowe's
Manufacturer: Flock Safety
Direction: 279
Zone: traffic
Camera type: fixed</description>
      <Point>
        <coordinates>-84.200802,32.0627638,0</coordinates>
      </Point>
    </Placemark>
    <Placemark>
      <name>ALPR</name>
      <description>OSM node: https://www.openstreetmap.org/node/13631238201
Manufacturer: Flock Safety
Direction: 73
Zone: traffic
Camera type: fixed</description>
      <Point>
        <coordinates>-84.3101781,33.7152755,0</coordinates>
      </Point>
    </Placemark>
    <Placemark>
      <name>ALPR</name>
      <description>OSM node: https://www.openstreetmap.org/node/13631255401
Manufacturer: Flock Safety
Direction: 122
Zone: traffic
Camera type: fixed</description>
      <Point>
        <coordinates>-81.9754881,33.4785865,0</coordinates>
      </Point>
    </Placemark>
    <Placemark>
      <name>ALPR</name>
      <description>OSM node: https://www.openstreetmap.org/node/13631255402
Manufacturer: Flock Safety
Direction: 330
Zone: traffic
Camera type: fixed</description>
      <Point>
        <coordinates>-81.9811366,33.4697606,0</coordinates>
      </Point>
    </Placemark>
    <Placemark>
      <name>ALPR</name>
      <description>OSM node: https://www.openstreetmap.org/node/13631261701
Manufacturer: Flock Safety
Direction: 141
Zone: traffic
Camera type: fixed</description>
      <Point>
        <coordinates>-81.9834514,33.4690562,0</coordinates>
      </Point>
    </Placemark>
    <Placemark>
      <name>ALPR</name>
      <description>OSM node: https://www.openstreetmap.org/node/13631264101
Manufacturer: Leonardo
Direction: 314
Zone: traffic
Camera type: fixed</description>
      <Point>
        <coordinates>-81.9911183,33.4660185,0</coordinates>
      </Point>
    </Placemark>
    <Placemark>
      <name>ALPR</name>
      <description>OSM node: https://www.openstreetmap.org/node/13631332701
Manufacturer: Flock Safety
Direction: 259
Zone: traffic
Camera type: fixed</description>
      <Point>
        <coordinates>-84.4153773,33.755233,0</coordinates>
      </Point>
    </Placemark>
    <Placemark>
      <name>ALPR</name>
      <description>OSM node: https://www.openstreetmap.org/node/13633846402
Manufacturer: Flock Safety
Direction: 220
Zone: traffic
Camera type: fixed</description>
      <Point>
        <coordinates>-83.6457546,32.5941096,0</coordinates>
      </Point>
    </Placemark>
    <Placemark>
      <name>ALPR</name>
      <description>OSM node: https://www.openstreetmap.org/node/13634005201
Manufacturer: Flock Safety
Direction: 329
Zone: traffic
Camera type: fixed</description>
      <Point>
        <coordinates>-82.0461878,33.4468356,0</coordinates>
      </Point>
    </Placemark>
    <Placemark>
      <name>ALPR</name>
      <description>OSM node: https://www.openstreetmap.org/node/13634046901
Manufacturer: Flock Safety
Direction: 98
Zone: traffic
Camera type: fixed</description>
      <Point>
        <coordinates>-84.3669617,33.7930667,0</coordinates>
      </Point>
    </Placemark>
    <Placemark>
      <name>ALPR</name>
      <description>OSM node: https://www.openstreetmap.org/node/13634473443
Manufacturer: Flock Safety
Direction: 160
Zone: traffic
Camera type: fixed</description>
      <Point>
        <coordinates>-83.4280042,33.8697783,0</coordinates>
      </Point>
    </Placemark>
    <Placemark>
      <name>ALPR</name>
      <description>OSM node: https://www.openstreetmap.org/node/13634858801
Manufacturer: Flock Safety
Direction: 116
Zone: traffic
Camera type: fixed</description>
      <Point>
        <coordinates>-84.2741298,33.9012632,0</coordinates>
      </Point>
    </Placemark>
    <Placemark>
      <name>ALPR</name>
      <description>OSM node: https://www.openstreetmap.org/node/13634860401
Manufacturer: Flock Safety
Direction: 293
Zone: traffic
Camera type: fixed</description>
      <Point>
        <coordinates>-84.2730899,33.9004658,0</coordinates>
      </Point>
    </Placemark>
    <Placemark>
      <name>ALPR</name>
      <description>OSM node: https://www.openstreetmap.org/node/13634982902
Manufacturer: Flock Safety
Direction: 204
Zone: traffic
Camera type: fixed</description>
      <Point>
        <coordinates>-82.0882641,33.4119634,0</coordinates>
      </Point>
    </Placemark>
    <Placemark>
      <name>ALPR</name>
      <description>OSM node: https://www.openstreetmap.org/node/13635056201
Manufacturer: Flock Safety
Direction: 128
Zone: traffic
Camera type: fixed</description>
      <Point>
        <coordinates>-82.0782985,33.4173761,0</coordinates>
      </Point>
    </Placemark>
    <Placemark>
      <name>ALPR</name>
      <description>OSM node: https://www.openstreetmap.org/node/13635542901
Manufacturer: Flock Safety
Direction: 101
Zone: traffic
Camera type: fixed</description>
      <Point>
        <coordinates>-84.3148079,33.8456486,0</coordinates>
      </Point>
    </Placemark>
    <Placemark>
      <name>ALPR</name>
      <description>OSM node: https://www.openstreetmap.org/node/13635544901
Manufacturer: Flock Safety
Direction: 315
Zone: traffic
Camera type: fixed</description>
      <Point>
        <coordinates>-84.306789,33.8449778,0</coordinates>
      </Point>
    </Placemark>
    <Placemark>
      <name>ALPR</name>
      <description>OSM node: https://www.openstreetmap.org/node/13635820698
Manufacturer: Flock Safety
Direction: 0
Zone: traffic
Camera type: fixed</description>
      <Point>
        <coordinates>-83.3566745,33.9662819,0</coordinates>
      </Point>
    </Placemark>
    <Placemark>
      <name>ALPR</name>
      <description>OSM node: https://www.openstreetmap.org/node/13638957302
Manufacturer: Flock Safety
Direction: 0
Zone: traffic
Camera type: fixed</description>
      <Point>
        <coordinates>-81.4705893,31.1830566,0</coordinates>
      </Point>
    </Placemark>
    <Placemark>
      <name>ALPR</name>
      <description>OSM node: https://www.openstreetmap.org/node/13639792501
Manufacturer: Flock Safety
Direction: 41
Zone: traffic
Camera type: fixed</description>
      <Point>
        <coordinates>-82.1322339,33.440606,0</coordinates>
      </Point>
    </Placemark>
    <Placemark>
      <name>ALPR</name>
      <description>OSM node: https://www.openstreetmap.org/node/13639864303
Manufacturer: Flock Safety
Direction: 152
Zone: traffic
Camera type: fixed</description>
      <Point>
        <coordinates>-83.8176943,34.0507564,0</coordinates>
      </Point>
    </Placemark>
    <Placemark>
      <name>ALPR</name>
      <description>OSM node: https://www.openstreetmap.org/node/13640070765
Manufacturer: Flock Safety
Direction: 295
Zone: traffic
Camera type: fixed</description>
      <Point>
        <coordinates>-84.2258255,33.5096144,0</coordinates>
      </Point>
    </Placemark>
    <Placemark>
      <name>ALPR</name>
      <description>OSM node: https://www.openstreetmap.org/node/13640070766
Manufacturer: Flock Safety
Direction: 125
Zone: traffic
Camera type: fixed</description>
      <Point>
        <coordinates>-84.2259974,33.5095427,0</coordinates>
      </Point>
    </Placemark>
    <Placemark>
      <name>ALPR</name>
      <description>OSM node: https://www.openstreetmap.org/node/13640070767
Manufacturer: Flock Safety
Direction: 55
Zone: traffic
Camera type: fixed</description>
      <Point>
        <coordinates>-84.2290026,33.5115864,0</coordinates>
      </Point>
    </Placemark>
    <Placemark>
      <name>ALPR</name>
      <description>OSM node: https://www.openstreetmap.org/node/13640070768
Manufacturer: Flock Safety
Direction: 235
Zone: traffic
Camera type: fixed</description>
      <Point>
        <coordinates>-84.2288651,33.5117591,0</coordinates>
      </Point>
    </Placemark>
    <Placemark>
      <name>ALPR</name>
      <description>OSM node: https://www.openstreetmap.org/node/13640070769
Manufacturer: Flock Safety
Direction: 295
Zone: traffic
Camera type: fixed</description>
      <Point>
        <coordinates>-84.2272607,33.5086585,0</coordinates>
      </Point>
    </Placemark>
    <Placemark>
      <name>ALPR</name>
      <description>OSM node: https://www.openstreetmap.org/node/13640070770
Manufacturer: Flock Safety
Direction: 95
Zone: traffic
Camera type: fixed</description>
      <Point>
        <coordinates>-84.2274901,33.5087064,0</coordinates>
      </Point>
    </Placemark>
    <Placemark>
      <name>ALPR</name>
      <description>OSM node: https://www.openstreetmap.org/node/13641290799
Manufacturer: Flock Safety
Camera type: fixed</description>
      <Point>
        <coordinates>-84.363246,34.0192691,0</coordinates>
      </Point>
    </Placemark>
    <Placemark>
      <name>ALPR</name>
      <description>OSM node: https://www.openstreetmap.org/node/13641295032
Manufacturer: Genetec
Direction: 190;200;210
Zone: traffic
Camera type: fixed</description>
      <Point>
        <coordinates>-84.3840449,33.7623148,0</coordinates>
      </Point>
    </Placemark>
    <Placemark>
      <name>ALPR</name>
      <description>OSM node: https://www.openstreetmap.org/node/13641542001
Manufacturer: Leonardo
Direction: 23
Zone: traffic
Camera type: fixed</description>
      <Point>
        <coordinates>-82.0587636,33.4700929,0</coordinates>
      </Point>
    </Placemark>
    <Placemark>
      <name>ALPR</name>
      <description>OSM node: https://www.openstreetmap.org/node/13642206901
Manufacturer: Flock Safety
Direction: 18
Zone: traffic
Camera type: fixed</description>
      <Point>
        <coordinates>-84.0020442,33.6819419,0</coordinates>
      </Point>
    </Placemark>
    <Placemark>
      <name>ALPR</name>
      <description>OSM node: https://www.openstreetmap.org/node/13642233701
Manufacturer: Flock Safety
Direction: 325
Zone: traffic
Camera type: fixed</description>
      <Point>
        <coordinates>-83.8673983,33.6104592,0</coordinates>
      </Point>
    </Placemark>
    <Placemark>
      <name>ALPR</name>
      <description>OSM node: https://www.openstreetmap.org/node/13642254001
Manufacturer: Flock Safety
Direction: 134
Zone: traffic
Camera type: fixed</description>
      <Point>
        <coordinates>-83.8675442,33.6103823,0</coordinates>
      </Point>
    </Placemark>
    <Placemark>
      <name>ALPR</name>
      <description>OSM node: https://www.openstreetmap.org/node/13642401201
Manufacturer: Flock Safety
Direction: 85
Zone: traffic
Camera type: fixed</description>
      <Point>
        <coordinates>-81.9908975,33.4649159,0</coordinates>
      </Point>
    </Placemark>
    <Placemark>
      <name>ALPR</name>
      <description>OSM node: https://www.openstreetmap.org/node/13642570201
Manufacturer: Flock Safety
Direction: 145
Zone: traffic
Camera type: fixed</description>
      <Point>
        <coordinates>-81.9813613,33.4701242,0</coordinates>
      </Point>
    </Placemark>
    <Placemark>
      <name>ALPR</name>
      <description>OSM node: https://www.openstreetmap.org/node/13642699301
Manufacturer: Flock Safety
Direction: 120
Zone: traffic
Camera type: fixed</description>
      <Point>
        <coordinates>-84.0022321,33.6819067,0</coordinates>
      </Point>
    </Placemark>
    <Placemark>
      <name>ALPR</name>
      <description>OSM node: https://www.openstreetmap.org/node/13643682301
Manufacturer: Flock Safety
Direction: 265
Zone: traffic
Camera type: fixed</description>
      <Point>
        <coordinates>-81.9745492,33.47616,0</coordinates>
      </Point>
    </Placemark>
    <Placemark>
      <name>ALPR</name>
      <description>OSM node: https://www.openstreetmap.org/node/13643707501
Manufacturer: Leonardo
Direction: 172
Zone: traffic
Camera type: fixed</description>
      <Point>
        <coordinates>-82.0227954,33.4782072,0</coordinates>
      </Point>
    </Placemark>
    <Placemark>
      <name>ALPR</name>
      <description>OSM node: https://www.openstreetmap.org/node/13643717101
Manufacturer: Flock Safety
Direction: 278
Zone: traffic
Camera type: fixed</description>
      <Point>
        <coordinates>-82.0300069,33.4851327,0</coordinates>
      </Point>
    </Placemark>
    <Placemark>
      <name>ALPR</name>
      <description>OSM node: https://www.openstreetmap.org/node/13643729401
Manufacturer: Flock Safety
Direction: 188
Zone: traffic
Camera type: fixed</description>
      <Point>
        <coordinates>-82.0289485,33.5086891,0</coordinates>
      </Point>
    </Placemark>
    <Placemark>
      <name>ALPR</name>
      <description>OSM node: https://www.openstreetmap.org/node/13643852501
Manufacturer: Flock Safety
Direction: 164
Zone: traffic
Camera type: fixed</description>
      <Point>
        <coordinates>-84.0011172,33.6798532,0</coordinates>
      </Point>
    </Placemark>
    <Placemark>
      <name>ALPR</name>
      <description>OSM node: https://www.openstreetmap.org/node/13643858701
Manufacturer: Flock Safety
Direction: 225
Zone: traffic
Camera type: fixed</description>
      <Point>
        <coordinates>-84.0010279,33.6802321,0</coordinates>
      </Point>
    </Placemark>
    <Placemark>
      <name>ALPR</name>
      <description>OSM node: https://www.openstreetmap.org/node/13643859101
Manufacturer: Flock Safety
Direction: 245
Zone: traffic
Camera type: fixed</description>
      <Point>
        <coordinates>-84.0001212,33.6800389,0</coordinates>
      </Point>
    </Placemark>
    <Placemark>
      <name>ALPR</name>
      <description>OSM node: https://www.openstreetmap.org/node/13643887001
Manufacturer: Flock Safety
Direction: 330
Zone: traffic
Camera type: fixed</description>
      <Point>
        <coordinates>-83.9999753,33.6803502,0</coordinates>
      </Point>
    </Placemark>
    <Placemark>
      <name>ALPR</name>
      <description>OSM node: https://www.openstreetmap.org/node/13643913901
Manufacturer: Flock Safety
Direction: 177
Zone: traffic
Camera type: fixed</description>
      <Point>
        <coordinates>-84.0000657,33.6805699,0</coordinates>
      </Point>
    </Placemark>
    <Placemark>
      <name>ALPR</name>
      <description>OSM node: https://www.openstreetmap.org/node/13644068701
Manufacturer: Flock Safety
Direction: 276
Zone: traffic
Camera type: fixed</description>
      <Point>
        <coordinates>-83.6087105,32.4962184,0</coordinates>
      </Point>
    </Placemark>
    <Placemark>
      <name>ALPR</name>
      <description>OSM node: https://www.openstreetmap.org/node/13644317648
Manufacturer: Genetec
Direction: 300;287
Zone: traffic
Camera type: fixed</description>
      <Point>
        <coordinates>-84.391935,33.7712071,0</coordinates>
      </Point>
    </Placemark>
    <Placemark>
      <name>ALPR</name>
      <description>OSM node: https://www.openstreetmap.org/node/13644317649
Manufacturer: Genetec
Direction: 90;50;290
Zone: traffic
Camera type: fixed</description>
      <Point>
        <coordinates>-84.3959492,33.7712888,0</coordinates>
      </Point>
    </Placemark>
    <Placemark>
      <name>ALPR</name>
      <description>OSM node: https://www.openstreetmap.org/node/13644317651
Manufacturer: Genetec
Direction: 35
Zone: traffic
Camera type: fixed</description>
      <Point>
        <coordinates>-84.3937127,33.7768233,0</coordinates>
      </Point>
    </Placemark>
    <Placemark>
      <name>ALPR</name>
      <description>OSM node: https://www.openstreetmap.org/node/13644317652
Manufacturer: Genetec
Direction: 110
Zone: traffic
Camera type: fixed</description>
      <Point>
        <coordinates>-84.3919929,33.776966,0</coordinates>
      </Point>
    </Placemark>
    <Placemark>
      <name>ALPR</name>
      <description>OSM node: https://www.openstreetmap.org/node/13644405035
Manufacturer: Flock Safety
Direction: 250
Zone: traffic
Camera type: fixed</description>
      <Point>
        <coordinates>-83.2964608,30.8021176,0</coordinates>
      </Point>
    </Placemark>
    <Placemark>
      <name>ALPR</name>
      <description>OSM node: https://www.openstreetmap.org/node/13645564016
Manufacturer: Flock Safety
Direction: 240
Zone: traffic
Camera type: fixed</description>
      <Point>
        <coordinates>-84.3818963,33.772622,0</coordinates>
      </Point>
    </Placemark>
    <Placemark>
      <name>ALPR</name>
      <description>OSM node: https://www.openstreetmap.org/node/13645564017
Manufacturer: Axon Enterprise
Direction: 40
Zone: traffic
Camera type: fixed</description>
      <Point>
        <coordinates>-84.3820038,33.7713914,0</coordinates>
      </Point>
    </Placemark>
    <Placemark>
      <name>ALPR</name>
      <description>OSM node: https://www.openstreetmap.org/node/13645564018
Manufacturer: Genetec
Direction: 330
Zone: traffic
Camera type: fixed</description>
      <Point>
        <coordinates>-84.3818172,33.7714107,0</coordinates>
      </Point>
    </Placemark>
    <Placemark>
      <name>ALPR</name>
      <description>OSM node: https://www.openstreetmap.org/node/13645724301
Manufacturer: Flock Safety
Direction: 321
Zone: traffic
Camera type: fixed</description>
      <Point>
        <coordinates>-84.0018006,33.6799399,0</coordinates>
      </Point>
    </Placemark>
    <Placemark>
      <name>ALPR</name>
      <description>OSM node: https://www.openstreetmap.org/node/13645724901
Manufacturer: Flock Safety
Direction: 160
Zone: traffic
Camera type: fixed</description>
      <Point>
        <coordinates>-84.0021863,33.6799934,0</coordinates>
      </Point>
    </Placemark>
    <Placemark>
      <name>ALPR</name>
      <description>OSM node: https://www.openstreetmap.org/node/13645729501
Manufacturer: Flock Safety
Direction: 129
Zone: traffic
Camera type: fixed</description>
      <Point>
        <coordinates>-83.9863415,33.6685576,0</coordinates>
      </Point>
    </Placemark>
    <Placemark>
      <name>ALPR</name>
      <description>OSM node: https://www.openstreetmap.org/node/13645733101
Manufacturer: Flock Safety
Direction: 252
Zone: traffic
Camera type: fixed</description>
      <Point>
        <coordinates>-83.9695254,33.6407965,0</coordinates>
      </Point>
    </Placemark>
    <Placemark>
      <name>ALPR</name>
      <description>OSM node: https://www.openstreetmap.org/node/13645839103
Manufacturer: Flock Safety
Direction: 297
Zone: traffic
Camera type: fixed</description>
      <Point>
        <coordinates>-84.0028225,33.6797873,0</coordinates>
      </Point>
    </Placemark>
    <Placemark>
      <name>ALPR</name>
      <description>OSM node: https://www.openstreetmap.org/node/13645840201
Manufacturer: Flock Safety
Direction: 175
Zone: traffic
Camera type: fixed</description>
      <Point>
        <coordinates>-84.0029265,33.6799511,0</coordinates>
      </Point>
    </Placemark>
    <Placemark>
      <name>ALPR</name>
      <description>OSM node: https://www.openstreetmap.org/node/13645840202
Manufacturer: Flock Safety
Direction: 90
Zone: traffic
Camera type: fixed</description>
      <Point>
        <coordinates>-84.0036494,33.6802665,0</coordinates>
      </Point>
    </Placemark>
    <Placemark>
      <name>ALPR</name>
      <description>OSM node: https://www.openstreetmap.org/node/13645846301
Manufacturer: Flock Safety
Direction: 293
Zone: traffic
Camera type: fixed</description>
      <Point>
        <coordinates>-84.0033046,33.6803704,0</coordinates>
      </Point>
    </Placemark>
    <Placemark>
      <name>ALPR</name>
      <description>OSM node: https://www.openstreetmap.org/node/13645865301
Manufacturer: Flock Safety
Direction: 238
Zone: traffic
Camera type: fixed</description>
      <Point>
        <coordinates>-83.8719978,33.5647408,0</coordinates>
      </Point>
    </Placemark>
    <Placemark>
      <name>ALPR</name>
      <description>OSM node: https://www.openstreetmap.org/node/13645891401
Manufacturer: Flock Safety
Direction: 332
Zone: traffic
Camera type: fixed</description>
      <Point>
        <coordinates>-83.8715305,33.5656943,0</coordinates>
      </Point>
    </Placemark>
    <Placemark>
      <name>ALPR</name>
      <description>OSM node: https://www.openstreetmap.org/node/13645896301
Manufacturer: Flock Safety
Direction: 60
Zone: traffic
Camera type: fixed</description>
      <Point>
        <coordinates>-83.8753791,33.6054757,0</coordinates>
      </Point>
    </Placemark>
    <Placemark>
      <name>ALPR</name>
      <description>OSM node: https://www.openstreetmap.org/node/13646113901
Manufacturer: Flock Safety
Direction: 246
Zone: traffic
Camera type: fixed</description>
      <Point>
        <coordinates>-84.2447127,33.8450965,0</coordinates>
      </Point>
    </Placemark>
    <Placemark>
      <name>ALPR</name>
      <description>OSM node: https://www.openstreetmap.org/node/13646168501
Manufacturer: Flock Safety
Direction: 96
Zone: traffic
Camera type: fixed</description>
      <Point>
        <coordinates>-84.3673945,33.7952432,0</coordinates>
      </Point>
    </Placemark>
    <Placemark>
      <name>ALPR</name>
      <description>OSM node: https://www.openstreetmap.org/node/13646320503
Manufacturer: Flock Safety
Direction: 27
Zone: traffic
Camera type: fixed</description>
      <Point>
        <coordinates>-84.0425076,33.859676,0</coordinates>
      </Point>
    </Placemark>
    <Placemark>
      <name>ALPR</name>
      <description>OSM node: https://www.openstreetmap.org/node/13646512801
Manufacturer: Flock Safety
Direction: 96
Zone: traffic
Camera type: fixed</description>
      <Point>
        <coordinates>-83.860744,33.5274479,0</coordinates>
      </Point>
    </Placemark>
    <Placemark>
      <name>ALPR</name>
      <description>OSM node: https://www.openstreetmap.org/node/13647206401
Manufacturer: Flock Safety
Direction: 74
Zone: traffic
Camera type: fixed</description>
      <Point>
        <coordinates>-85.2358744,34.2729376,0</coordinates>
      </Point>
    </Placemark>
    <Placemark>
      <name>ALPR</name>
      <description>OSM node: https://www.openstreetmap.org/node/13648010327
Manufacturer: Flock Safety
Direction: 120
Zone: traffic
Camera type: fixed</description>
      <Point>
        <coordinates>-84.3230742,33.7976124,0</coordinates>
      </Point>
    </Placemark>
    <Placemark>
      <name>ALPR</name>
      <description>OSM node: https://www.openstreetmap.org/node/13648305001
Manufacturer: Flock Safety
Direction: 258
Zone: traffic
Camera type: fixed</description>
      <Point>
        <coordinates>-83.6654544,33.6277213,0</coordinates>
      </Point>
    </Placemark>
    <Placemark>
      <name>ALPR</name>
      <description>OSM node: https://www.openstreetmap.org/node/13648305743
Manufacturer: Flock Safety
Direction: 255
Zone: traffic
Camera type: fixed</description>
      <Point>
        <coordinates>-84.3417564,33.7712694,0</coordinates>
      </Point>
    </Placemark>
    <Placemark>
      <name>ALPR</name>
      <description>OSM node: https://www.openstreetmap.org/node/13648306701
Manufacturer: Flock Safety
Direction: 77
Zone: traffic
Camera type: fixed</description>
      <Point>
        <coordinates>-83.6581181,33.6260896,0</coordinates>
      </Point>
    </Placemark>
    <Placemark>
      <name>ALPR</name>
      <description>OSM node: https://www.openstreetmap.org/node/13648333201
Manufacturer: Flock Safety
Direction: 22
Zone: traffic
Camera type: fixed</description>
      <Point>
        <coordinates>-83.5187619,33.73255,0</coordinates>
      </Point>
    </Placemark>
    <Placemark>
      <name>ALPR</name>
      <description>OSM node: https://www.openstreetmap.org/node/13648460401
Manufacturer: Flock Safety
Direction: 297
Zone: traffic
Camera type: fixed</description>
      <Point>
        <coordinates>-81.6434221,31.392022,0</coordinates>
      </Point>
    </Placemark>
    <Placemark>
      <name>ALPR</name>
      <description>OSM node: https://www.openstreetmap.org/node/13650301901
Manufacturer: Flock Safety
Direction: 186
Zone: traffic
Camera type: fixed</description>
      <Point>
        <coordinates>-85.3338146,34.9830339,0</coordinates>
      </Point>
    </Placemark>
    <Placemark>
      <name>ALPR</name>
      <description>OSM node: https://www.openstreetmap.org/node/13650498601
Manufacturer: Flock Safety
Direction: 80
Zone: traffic
Camera type: fixed</description>
      <Point>
        <coordinates>-84.3894505,33.8619697,0</coordinates>
      </Point>
    </Placemark>
    <Placemark>
      <name>ALPR</name>
      <description>OSM node: https://www.openstreetmap.org/node/13650538301
Manufacturer: Flock Safety
Direction: 142
Zone: traffic
Camera type: fixed</description>
      <Point>
        <coordinates>-84.6131035,33.4924741,0</coordinates>
      </Point>
    </Placemark>
    <Placemark>
      <name>ALPR</name>
      <description>OSM node: https://www.openstreetmap.org/node/13650638101
Manufacturer: Flock Safety
Direction: 262
Zone: traffic
Camera type: fixed</description>
      <Point>
        <coordinates>-83.7768298,33.926571,0</coordinates>
      </Point>
    </Placemark>
    <Placemark>
      <name>ALPR</name>
      <description>OSM node: https://www.openstreetmap.org/node/13650842901
Manufacturer: Flock Safety
Direction: 83
Zone: traffic
Camera type: fixed</description>
      <Point>
        <coordinates>-84.3110133,33.7649817,0</coordinates>
      </Point>
    </Placemark>
    <Placemark>
      <name>ALPR</name>
      <description>OSM node: https://www.openstreetmap.org/node/13651007501
Manufacturer: Flock Safety
Direction: 199
Zone: traffic
Camera type: fixed</description>
      <Point>
        <coordinates>-84.0424284,33.8599358,0</coordinates>
      </Point>
    </Placemark>
    <Placemark>
      <name>ALPR</name>
      <description>OSM node: https://www.openstreetmap.org/node/13651009601
Manufacturer: Flock Safety
Direction: 298
Zone: traffic
Camera type: fixed</description>
      <Point>
        <coordinates>-84.0501785,33.9016731,0</coordinates>
      </Point>
    </Placemark>
    <Placemark>
      <name>ALPR</name>
      <description>OSM node: https://www.openstreetmap.org/node/13651232201
Manufacturer: Flock Safety
Direction: 30
Zone: traffic
Camera type: fixed</description>
      <Point>
        <coordinates>-84.4139009,33.8995326,0</coordinates>
      </Point>
    </Placemark>
    <Placemark>
      <name>ALPR</name>
      <description>OSM node: https://www.openstreetmap.org/node/13652084701
Manufacturer: Flock Safety
Direction: 200
Zone: traffic
Camera type: fixed</description>
      <Point>
        <coordinates>-84.2890555,34.0019456,0</coordinates>
      </Point>
    </Placemark>
    <Placemark>
      <name>ALPR</name>
      <description>OSM node: https://www.openstreetmap.org/node/13652085101
Manufacturer: Flock Safety
Direction: 281
Zone: traffic
Camera type: fixed</description>
      <Point>
        <coordinates>-84.2891047,34.0016551,0</coordinates>
      </Point>
    </Placemark>
    <Placemark>
      <name>ALPR</name>
      <description>OSM node: https://www.openstreetmap.org/node/13652086401
Manufacturer: Flock Safety
Direction: 117
Zone: traffic
Camera type: fixed</description>
      <Point>
        <coordinates>-84.289355,34.001727,0</coordinates>
      </Point>
    </Placemark>
    <Placemark>
      <name>ALPR</name>
      <description>OSM node: https://www.openstreetmap.org/node/13652324401
Manufacturer: Flock Safety
Direction: 98
Zone: traffic
Camera type: fixed</description>
      <Point>
        <coordinates>-84.5650587,33.367955,0</coordinates>
      </Point>
    </Placemark>
    <Placemark>
      <name>ALPR</name>
      <description>OSM node: https://www.openstreetmap.org/node/13652324402
Manufacturer: Flock Safety
Direction: 196
Zone: traffic
Camera type: fixed</description>
      <Point>
        <coordinates>-84.5650587,33.367955,0</coordinates>
      </Point>
    </Placemark>
    <Placemark>
      <name>ALPR</name>
      <description>OSM node: https://www.openstreetmap.org/node/13652324403
Manufacturer: Flock Safety
Direction: 281
Zone: traffic
Camera type: fixed</description>
      <Point>
        <coordinates>-84.5650587,33.367955,0</coordinates>
      </Point>
    </Placemark>
    <Placemark>
      <name>ALPR</name>
      <description>OSM node: https://www.openstreetmap.org/node/13652324404
Manufacturer: Flock Safety
Direction: 332
Zone: traffic
Camera type: fixed</description>
      <Point>
        <coordinates>-84.5665462,33.3702828,0</coordinates>
      </Point>
    </Placemark>
    <Placemark>
      <name>ALPR</name>
      <description>OSM node: https://www.openstreetmap.org/node/13652324501
Manufacturer: Flock Safety
Direction: 0
Zone: traffic
Camera type: fixed</description>
      <Point>
        <coordinates>-84.5650587,33.367955,0</coordinates>
      </Point>
    </Placemark>
    <Placemark>
      <name>ALPR</name>
      <description>OSM node: https://www.openstreetmap.org/node/13652325001
Manufacturer: Flock Safety
Direction: 52
Zone: traffic
Camera type: fixed</description>
      <Point>
        <coordinates>-84.5665462,33.3702828,0</coordinates>
      </Point>
    </Placemark>
    <Placemark>
      <name>ALPR</name>
      <description>OSM node: https://www.openstreetmap.org/node/13652325101
Manufacturer: Flock Safety
Direction: 135
Zone: traffic
Camera type: fixed</description>
      <Point>
        <coordinates>-84.5665462,33.3702828,0</coordinates>
      </Point>
    </Placemark>
    <Placemark>
      <name>ALPR</name>
      <description>OSM node: https://www.openstreetmap.org/node/13652325201
Manufacturer: Flock Safety
Direction: 241
Zone: traffic
Camera type: fixed</description>
      <Point>
        <coordinates>-84.5665462,33.3702828,0</coordinates>
      </Point>
    </Placemark>
    <Placemark>
      <name>ALPR</name>
      <description>OSM node: https://www.openstreetmap.org/node/13653048921
Manufacturer: Flock Safety
Direction: 110
Zone: traffic
Camera type: fixed</description>
      <Point>
        <coordinates>-84.5770825,33.9192382,0</coordinates>
      </Point>
    </Placemark>
    <Placemark>
      <name>ALPR</name>
      <description>OSM node: https://www.openstreetmap.org/node/13653066675
Manufacturer: Flock Safety
Direction: 50
Zone: traffic
Camera type: fixed</description>
      <Point>
        <coordinates>-84.5775179,33.9210346,0</coordinates>
      </Point>
    </Placemark>
    <Placemark>
      <name>ALPR</name>
      <description>OSM node: https://www.openstreetmap.org/node/13653205101
Manufacturer: Flock Safety
Direction: 47
Zone: traffic
Camera type: fixed</description>
      <Point>
        <coordinates>-84.2763251,34.1161886,0</coordinates>
      </Point>
    </Placemark>
    <Placemark>
      <name>ALPR</name>
      <description>OSM node: https://www.openstreetmap.org/node/13655257702
Manufacturer: Flock Safety
Direction: 176
Zone: traffic
Camera type: fixed</description>
      <Point>
        <coordinates>-84.424665,34.0253369,0</coordinates>
      </Point>
    </Placemark>
    <Placemark>
      <name>ALPR</name>
      <description>OSM node: https://www.openstreetmap.org/node/13656035502
Manufacturer: Flock Safety
Direction: 0
Zone: traffic
Camera type: fixed</description>
      <Point>
        <coordinates>-82.9255172,31.403127,0</coordinates>
      </Point>
    </Placemark>
    <Placemark>
      <name>ALPR</name>
      <description>OSM node: https://www.openstreetmap.org/node/13656975901
Manufacturer: Flock Safety
Direction: 104
Zone: traffic
Camera type: fixed</description>
      <Point>
        <coordinates>-82.0038407,33.3983583,0</coordinates>
      </Point>
    </Placemark>
    <Placemark>
      <name>ALPR</name>
      <description>OSM node: https://www.openstreetmap.org/node/13657160280
Manufacturer: Flock Safety
Zone: traffic
Camera type: fixed</description>
      <Point>
        <coordinates>-84.7472443,33.7084544,0</coordinates>
      </Point>
    </Placemark>
    <Placemark>
      <name>ALPR</name>
      <description>OSM node: https://www.openstreetmap.org/node/13657843779
Manufacturer: Flock Safety
Direction: 245
Zone: traffic
Camera type: fixed</description>
      <Point>
        <coordinates>-84.3990604,33.5829473,0</coordinates>
      </Point>
    </Placemark>
    <Placemark>
      <name>ALPR</name>
      <description>OSM node: https://www.openstreetmap.org/node/13657847201
Manufacturer: Flock Safety
Direction: 353
Zone: traffic
Camera type: fixed</description>
      <Point>
        <coordinates>-83.4553072,32.3176139,0</coordinates>
      </Point>
    </Placemark>
    <Placemark>
      <name>ALPR</name>
      <description>OSM node: https://www.openstreetmap.org/node/13657848401
Manufacturer: Flock Safety
Direction: 192
Zone: traffic
Camera type: fixed</description>
      <Point>
        <coordinates>-83.4555585,32.3183195,0</coordinates>
      </Point>
    </Placemark>
    <Placemark>
      <name>ALPR</name>
      <description>OSM node: https://www.openstreetmap.org/node/13658846746
Manufacturer: Flock Safety
Direction: 205;325
Zone: traffic
Camera type: fixed</description>
      <Point>
        <coordinates>-84.618256,34.0225179,0</coordinates>
      </Point>
    </Placemark>
    <Placemark>
      <name>ALPR</name>
      <description>OSM node: https://www.openstreetmap.org/node/13658892435
Manufacturer: Flock Safety
Direction: 165
Zone: traffic
Camera type: fixed</description>
      <Point>
        <coordinates>-84.6179399,34.0246465,0</coordinates>
      </Point>
    </Placemark>
    <Placemark>
      <name>ALPR</name>
      <description>OSM node: https://www.openstreetmap.org/node/13658897924
Manufacturer: Flock Safety
Direction: 2755
Zone: traffic
Camera type: fixed</description>
      <Point>
        <coordinates>-84.6174368,34.0241908,0</coordinates>
      </Point>
    </Placemark>
    <Placemark>
      <name>ALPR</name>
      <description>OSM node: https://www.openstreetmap.org/node/13659101301
Manufacturer: Flock Safety
Direction: 95
Zone: traffic
Camera type: fixed</description>
      <Point>
        <coordinates>-81.4040495,31.1656362,0</coordinates>
      </Point>
    </Placemark>
    <Placemark>
      <name>ALPR</name>
      <description>OSM node: https://www.openstreetmap.org/node/13659891301
Manufacturer: Flock Safety
Direction: 179
Zone: traffic
Camera type: fixed</description>
      <Point>
        <coordinates>-81.1067122,32.0586754,0</coordinates>
      </Point>
    </Placemark>
    <Placemark>
      <name>ALPR</name>
      <description>OSM node: https://www.openstreetmap.org/node/13662003682
Manufacturer: Flock Safety
Direction: 300
Zone: traffic
Camera type: fixed</description>
      <Point>
        <coordinates>-84.768717,34.0205226,0</coordinates>
      </Point>
    </Placemark>
    <Placemark>
      <name>ALPR</name>
      <description>OSM node: https://www.openstreetmap.org/node/13662731601
Manufacturer: Flock Safety
Direction: 183
Zone: traffic
Camera type: fixed</description>
      <Point>
        <coordinates>-83.6415775,32.6164248,0</coordinates>
      </Point>
    </Placemark>
    <Placemark>
      <name>ALPR</name>
      <description>OSM node: https://www.openstreetmap.org/node/13663292001
Manufacturer: Flock Safety
Direction: 270
Zone: traffic
Camera type: fixed</description>
      <Point>
        <coordinates>-83.6307469,32.6183074,0</coordinates>
      </Point>
    </Placemark>
    <Placemark>
      <name>ALPR</name>
      <description>OSM node: https://www.openstreetmap.org/node/13663295401
Manufacturer: Flock Safety
Direction: 19
Zone: traffic
Camera type: fixed</description>
      <Point>
        <coordinates>-83.7393117,32.4554323,0</coordinates>
      </Point>
    </Placemark>
    <Placemark>
      <name>ALPR</name>
      <description>OSM node: https://www.openstreetmap.org/node/13663295501
Manufacturer: Flock Safety
Direction: 215
Zone: traffic
Camera type: fixed</description>
      <Point>
        <coordinates>-83.7388896,32.4562499,0</coordinates>
      </Point>
    </Placemark>
    <Placemark>
      <name>ALPR</name>
      <description>OSM node: https://www.openstreetmap.org/node/13663649302
Manufacturer: Flock Safety
Direction: 145
Zone: traffic
Camera type: fixed</description>
      <Point>
        <coordinates>-83.7301118,32.4487398,0</coordinates>
      </Point>
    </Placemark>
    <Placemark>
      <name>ALPR</name>
      <description>OSM node: https://www.openstreetmap.org/node/13663788501
Manufacturer: Flock Safety
Direction: 164
Zone: traffic
Camera type: fixed</description>
      <Point>
        <coordinates>-84.2931636,33.3487989,0</coordinates>
      </Point>
    </Placemark>
    <Placemark>
      <name>ALPR</name>
      <description>OSM node: https://www.openstreetmap.org/node/13665373104
Manufacturer: Flock Safety
Direction: 105
Zone: traffic
Camera type: fixed</description>
      <Point>
        <coordinates>-84.247363,33.683102,0</coordinates>
      </Point>
    </Placemark>
    <Placemark>
      <name>ALPR</name>
      <description>OSM node: https://www.openstreetmap.org/node/13665385901
Manufacturer: Flock Safety
Direction: 94
Zone: traffic
Camera type: fixed</description>
      <Point>
        <coordinates>-84.2274701,33.6805921,0</coordinates>
      </Point>
    </Placemark>
    <Placemark>
      <name>ALPR</name>
      <description>OSM node: https://www.openstreetmap.org/node/13665446801
Manufacturer: Flock Safety
Direction: 349
Zone: traffic
Camera type: fixed</description>
      <Point>
        <coordinates>-83.6033545,32.5934992,0</coordinates>
      </Point>
    </Placemark>
    <Placemark>
      <name>ALPR</name>
      <description>OSM node: https://www.openstreetmap.org/node/13665480701
Manufacturer: Flock Safety
Direction: 182
Zone: traffic
Camera type: fixed</description>
      <Point>
        <coordinates>-84.187546,33.6775568,0</coordinates>
      </Point>
    </Placemark>
    <Placemark>
      <name>ALPR</name>
      <description>OSM node: https://www.openstreetmap.org/node/13665481701
Manufacturer: Flock Safety
Direction: 21
Zone: traffic
Camera type: fixed</description>
      <Point>
        <coordinates>-84.1874143,33.6774565,0</coordinates>
      </Point>
    </Placemark>
    <Placemark>
      <name>ALPR</name>
      <description>OSM node: https://www.openstreetmap.org/node/13665482501
Manufacturer: Flock Safety
Direction: 193
Zone: traffic
Camera type: fixed</description>
      <Point>
        <coordinates>-84.1860149,33.6765108,0</coordinates>
      </Point>
    </Placemark>
    <Placemark>
      <name>ALPR</name>
      <description>OSM node: https://www.openstreetmap.org/node/13665482502
Manufacturer: Flock Safety
Direction: 24
Zone: traffic
Camera type: fixed</description>
      <Point>
        <coordinates>-84.1858663,33.6763265,0</coordinates>
      </Point>
    </Placemark>
    <Placemark>
      <name>ALPR</name>
      <description>OSM node: https://www.openstreetmap.org/node/13665485401
Manufacturer: Flock Safety
Direction: 188
Zone: traffic
Camera type: fixed</description>
      <Point>
        <coordinates>-84.1441746,33.6734661,0</coordinates>
      </Point>
    </Placemark>
    <Placemark>
      <name>ALPR</name>
      <description>OSM node: https://www.openstreetmap.org/node/13665533599
Manufacturer: Flock Safety
Direction: 215
Zone: traffic
Camera type: fixed</description>
      <Point>
        <coordinates>-84.3109614,33.9105965,0</coordinates>
      </Point>
    </Placemark>
    <Placemark>
      <name>ALPR</name>
      <description>OSM node: https://www.openstreetmap.org/node/13665552702
Manufacturer: Genetec
Direction: 317
Zone: traffic
Camera type: fixed</description>
      <Point>
        <coordinates>-82.1911185,33.5873179,0</coordinates>
      </Point>
    </Placemark>
    <Placemark>
      <name>ALPR</name>
      <description>OSM node: https://www.openstreetmap.org/node/13665581782
Manufacturer: Flock Safety
Direction: 180
Zone: traffic
Camera type: fixed</description>
      <Point>
        <coordinates>-84.1947906,33.7302961,0</coordinates>
      </Point>
    </Placemark>
    <Placemark>
      <name>ALPR</name>
      <description>OSM node: https://www.openstreetmap.org/node/13665853670
Manufacturer: Flock Safety
Direction: 20
Zone: traffic
Camera type: fixed</description>
      <Point>
        <coordinates>-84.3690487,33.9470891,0</coordinates>
      </Point>
    </Placemark>
    <Placemark>
      <name>ALPR</name>
      <description>OSM node: https://www.openstreetmap.org/node/13665992901
Manufacturer: Flock Safety
Direction: 254
Zone: traffic
Camera type: fixed</description>
      <Point>
        <coordinates>-84.9961443,33.3339134,0</coordinates>
      </Point>
    </Placemark>
    <Placemark>
      <name>ALPR</name>
      <description>OSM node: https://www.openstreetmap.org/node/13665995301
Manufacturer: Flock Safety
Direction: 55
Zone: traffic
Camera type: fixed</description>
      <Point>
        <coordinates>-84.9134688,33.3534659,0</coordinates>
      </Point>
    </Placemark>
    <Placemark>
      <name>ALPR</name>
      <description>OSM node: https://www.openstreetmap.org/node/13667211601
Manufacturer: Flock Safety
Direction: 198
Zone: traffic
Camera type: fixed</description>
      <Point>
        <coordinates>-84.2782055,33.8877858,0</coordinates>
      </Point>
    </Placemark>
    <Placemark>
      <name>ALPR</name>
      <description>OSM node: https://www.openstreetmap.org/node/13667211602
Manufacturer: Flock Safety
Direction: 185
Zone: traffic
Camera type: fixed</description>
      <Point>
        <coordinates>-84.2713941,33.8827064,0</coordinates>
      </Point>
    </Placemark>
    <Placemark>
      <name>ALPR</name>
      <description>OSM node: https://www.openstreetmap.org/node/13667213401
Manufacturer: Flock Safety
Direction: 318
Zone: traffic
Camera type: fixed</description>
      <Point>
        <coordinates>-84.2725819,33.8855081,0</coordinates>
      </Point>
    </Placemark>
    <Placemark>
      <name>ALPR</name>
      <description>OSM node: https://www.openstreetmap.org/node/13667226001
Manufacturer: Flock Safety
Direction: 0
Zone: traffic
Camera type: fixed</description>
      <Point>
        <coordinates>-84.27659,33.8955845,0</coordinates>
      </Point>
    </Placemark>
    <Placemark>
      <name>ALPR</name>
      <description>OSM node: https://www.openstreetmap.org/node/13667227801
Manufacturer: Flock Safety
Direction: 169
Zone: traffic
Camera type: fixed</description>
      <Point>
        <coordinates>-84.2771668,33.9002664,0</coordinates>
      </Point>
    </Placemark>
    <Placemark>
      <name>ALPR</name>
      <description>OSM node: https://www.openstreetmap.org/node/13667232602
Manufacturer: Flock Safety
Direction: 32
Zone: traffic
Camera type: fixed</description>
      <Point>
        <coordinates>-84.2757179,33.9013226,0</coordinates>
      </Point>
    </Placemark>
    <Placemark>
      <name>ALPR</name>
      <description>OSM node: https://www.openstreetmap.org/node/13667320202
Manufacturer: Flock Safety
Direction: 306
Zone: traffic
Camera type: fixed</description>
      <Point>
        <coordinates>-84.0966233,34.0279078,0</coordinates>
      </Point>
    </Placemark>
    <Placemark>
      <name>ALPR</name>
      <description>OSM node: https://www.openstreetmap.org/node/13667325202
Manufacturer: Flock Safety
Direction: 249
Zone: traffic
Camera type: fixed</description>
      <Point>
        <coordinates>-84.0981739,34.0323137,0</coordinates>
      </Point>
    </Placemark>
    <Placemark>
      <name>ALPR</name>
      <description>OSM node: https://www.openstreetmap.org/node/13667331501
Manufacturer: Flock Safety
Direction: 0;336
Zone: traffic
Camera type: fixed</description>
      <Point>
        <coordinates>-84.0939249,34.0295244,0</coordinates>
      </Point>
    </Placemark>
    <Placemark>
      <name>ALPR</name>
      <description>OSM node: https://www.openstreetmap.org/node/13667685801
Manufacturer: Flock Safety
Direction: 245
Zone: traffic
Camera type: fixed</description>
      <Point>
        <coordinates>-83.7494401,32.4306852,0</coordinates>
      </Point>
    </Placemark>
    <Placemark>
      <name>ALPR</name>
      <description>OSM node: https://www.openstreetmap.org/node/13667777201
Manufacturer: Flock Safety
Direction: 214
Zone: traffic
Camera type: fixed</description>
      <Point>
        <coordinates>-83.7440177,32.612046,0</coordinates>
      </Point>
    </Placemark>
    <Placemark>
      <name>ALPR</name>
      <description>OSM node: https://www.openstreetmap.org/node/13667982802
Manufacturer: Flock Safety
Direction: 58
Zone: traffic
Camera type: fixed</description>
      <Point>
        <coordinates>-84.0805839,33.8345986,0</coordinates>
      </Point>
    </Placemark>
    <Placemark>
      <name>ALPR</name>
      <description>OSM node: https://www.openstreetmap.org/node/13667986001
Manufacturer: Flock Safety
Direction: 208
Zone: traffic
Camera type: fixed</description>
      <Point>
        <coordinates>-84.068824,33.8381393,0</coordinates>
      </Point>
    </Placemark>
    <Placemark>
      <name>ALPR</name>
      <description>OSM node: https://www.openstreetmap.org/node/13668048201
Manufacturer: Flock Safety
Direction: 28
Zone: traffic
Camera type: fixed</description>
      <Point>
        <coordinates>-81.3870646,31.1358468,0</coordinates>
      </Point>
    </Placemark>
    <Placemark>
      <name>ALPR</name>
      <description>OSM node: https://www.openstreetmap.org/node/13668049501
Manufacturer: Flock Safety
Direction: 32
Zone: traffic
Camera type: fixed</description>
      <Point>
        <coordinates>-81.3790471,31.1419971,0</coordinates>
      </Point>
    </Placemark>
    <Placemark>
      <name>ALPR</name>
      <description>OSM node: https://www.openstreetmap.org/node/13668885301
Manufacturer: Flock Safety
Direction: 196
Zone: traffic
Camera type: fixed</description>
      <Point>
        <coordinates>-81.3916275,31.8839468,0</coordinates>
      </Point>
    </Placemark>
    <Placemark>
      <name>ALPR</name>
      <description>OSM node: https://www.openstreetmap.org/node/13668890701
Manufacturer: Flock Safety
Direction: 76
Zone: traffic
Camera type: fixed</description>
      <Point>
        <coordinates>-81.4115845,31.8420954,0</coordinates>
      </Point>
    </Placemark>
    <Placemark>
      <name>ALPR</name>
      <description>OSM node: https://www.openstreetmap.org/node/13669280401
Manufacturer: Flock Safety
Direction: 220
Zone: traffic
Camera type: fixed</description>
      <Point>
        <coordinates>-84.2680604,33.7548289,0</coordinates>
      </Point>
    </Placemark>
    <Placemark>
      <name>ALPR</name>
      <description>OSM node: https://www.openstreetmap.org/node/13669288701
Manufacturer: Flock Safety
Direction: 77
Zone: traffic
Camera type: fixed</description>
      <Point>
        <coordinates>-84.2916777,33.7469896,0</coordinates>
      </Point>
    </Placemark>
    <Placemark>
      <name>ALPR</name>
      <description>OSM node: https://www.openstreetmap.org/node/13669464402
Manufacturer: Flock Safety
Direction: 25
Zone: traffic
Camera type: fixed</description>
      <Point>
        <coordinates>-84.2991491,33.7704433,0</coordinates>
      </Point>
    </Placemark>
    <Placemark>
      <name>ALPR</name>
      <description>OSM node: https://www.openstreetmap.org/node/13670090601
Manufacturer: Flock Safety
Direction: 204
Zone: traffic
Camera type: fixed</description>
      <Point>
        <coordinates>-81.7350748,31.719254,0</coordinates>
      </Point>
    </Placemark>
    <Placemark>
      <name>ALPR</name>
      <description>OSM node: https://www.openstreetmap.org/node/13670118001
Manufacturer: Flock Safety
Direction: 164
Zone: traffic
Camera type: fixed</description>
      <Point>
        <coordinates>-81.8676631,31.6255641,0</coordinates>
      </Point>
    </Placemark>
    <Placemark>
      <name>ALPR</name>
      <description>OSM node: https://www.openstreetmap.org/node/13670269901
Manufacturer: Flock Safety
Direction: 39
Zone: traffic
Camera type: fixed</description>
      <Point>
        <coordinates>-84.5523901,33.8554291,0</coordinates>
      </Point>
    </Placemark>
    <Placemark>
      <name>ALPR</name>
      <description>OSM node: https://www.openstreetmap.org/node/13670482301
Manufacturer: Flock Safety
Direction: 20
Zone: traffic
Camera type: fixed</description>
      <Point>
        <coordinates>-83.4271942,31.112983,0</coordinates>
      </Point>
    </Placemark>
    <Placemark>
      <name>ALPR</name>
      <description>OSM node: https://www.openstreetmap.org/node/13670606001
Manufacturer: Flock Safety
Direction: 203
Zone: traffic
Camera type: fixed</description>
      <Point>
        <coordinates>-84.5359571,33.3861744,0</coordinates>
      </Point>
    </Placemark>
    <Placemark>
      <name>ALPR</name>
      <description>OSM node: https://www.openstreetmap.org/node/13671814401
Manufacturer: Flock Safety
Direction: 116
Zone: traffic
Camera type: fixed</description>
      <Point>
        <coordinates>-82.0657983,33.4668902,0</coordinates>
      </Point>
    </Placemark>
    <Placemark>
      <name>ALPR</name>
      <description>OSM node: https://www.openstreetmap.org/node/13672001401
Manufacturer: Flock Safety
Direction: 173
Zone: traffic
Camera type: fixed</description>
      <Point>
        <coordinates>-82.0130639,33.4385988,0</coordinates>
      </Point>
    </Placemark>
    <Placemark>
      <name>ALPR</name>
      <description>OSM node: https://www.openstreetmap.org/node/13672014844
Manufacturer: Flock Safety
Direction: 295
Zone: traffic
Camera type: fixed</description>
      <Point>
        <coordinates>-83.9040026,33.3266818,0</coordinates>
      </Point>
    </Placemark>
    <Placemark>
      <name>ALPR</name>
      <description>OSM node: https://www.openstreetmap.org/node/13672047488
Manufacturer: Flock Safety</description>
      <Point>
        <coordinates>-82.2459138,31.3011773,0</coordinates>
      </Point>
    </Placemark>
    <Placemark>
      <name>ALPR</name>
      <description>OSM node: https://www.openstreetmap.org/node/13672073502
Manufacturer: Flock Safety
Direction: 0
Zone: traffic
Camera type: fixed</description>
      <Point>
        <coordinates>-83.4445032,34.17302,0</coordinates>
      </Point>
    </Placemark>
    <Placemark>
      <name>ALPR</name>
      <description>OSM node: https://www.openstreetmap.org/node/13672851933
Manufacturer: Flock Safety
Direction: 95
Zone: traffic
Camera type: fixed</description>
      <Point>
        <coordinates>-84.4219741,33.8097449,0</coordinates>
      </Point>
    </Placemark>
    <Placemark>
      <name>ALPR</name>
      <description>OSM node: https://www.openstreetmap.org/node/13672851934
Manufacturer: Flock Safety
Direction: 260
Zone: traffic
Camera type: fixed</description>
      <Point>
        <coordinates>-84.4220676,33.8098297,0</coordinates>
      </Point>
    </Placemark>
    <Placemark>
      <name>ALPR</name>
      <description>OSM node: https://www.openstreetmap.org/node/13672851935
Manufacturer: Flock Safety
Direction: 180
Zone: traffic
Camera type: fixed</description>
      <Point>
        <coordinates>-84.4256369,33.8111287,0</coordinates>
      </Point>
    </Placemark>
    <Placemark>
      <name>ALPR</name>
      <description>OSM node: https://www.openstreetmap.org/node/13672851936
Manufacturer: Flock Safety
Direction: 0
Zone: traffic
Camera type: fixed</description>
      <Point>
        <coordinates>-84.4254694,33.8110679,0</coordinates>
      </Point>
    </Placemark>
    <Placemark>
      <name>ALPR</name>
      <description>OSM node: https://www.openstreetmap.org/node/13672876926
Manufacturer: Flock Safety
Direction: 220
Zone: traffic
Camera type: fixed</description>
      <Point>
        <coordinates>-84.4236625,33.8105344,0</coordinates>
      </Point>
    </Placemark>
    <Placemark>
      <name>ALPR</name>
      <description>OSM node: https://www.openstreetmap.org/node/13672994501
Manufacturer: Flock Safety
Direction: 241
Zone: traffic
Camera type: fixed</description>
      <Point>
        <coordinates>-84.2180399,34.0408627,0</coordinates>
      </Point>
    </Placemark>
    <Placemark>
      <name>ALPR</name>
      <description>OSM node: https://www.openstreetmap.org/node/13672997601
Manufacturer: Flock Safety
Direction: 66
Zone: traffic
Camera type: fixed</description>
      <Point>
        <coordinates>-84.2181758,34.0407226,0</coordinates>
      </Point>
    </Placemark>
    <Placemark>
      <name>ALPR</name>
      <description>OSM node: https://www.openstreetmap.org/node/13673260201
Manufacturer: Flock Safety
Direction: 286
Zone: traffic
Camera type: fixed</description>
      <Point>
        <coordinates>-82.0515642,33.4528856,0</coordinates>
      </Point>
    </Placemark>
    <Placemark>
      <name>ALPR</name>
      <description>OSM node: https://www.openstreetmap.org/node/13673314101
Manufacturer: Flock Safety
Direction: 266
Zone: traffic
Camera type: fixed</description>
      <Point>
        <coordinates>-83.393946,31.136756,0</coordinates>
      </Point>
    </Placemark>
    <Placemark>
      <name>ALPR</name>
      <description>OSM node: https://www.openstreetmap.org/node/13674843001
Manufacturer: Flock Safety
Direction: 218
Zone: traffic
Camera type: fixed</description>
      <Point>
        <coordinates>-84.0663958,34.3119595,0</coordinates>
      </Point>
    </Placemark>
    <Placemark>
      <name>ALPR</name>
      <description>OSM node: https://www.openstreetmap.org/node/13675188402
Manufacturer: Flock Safety
Direction: 307
Zone: traffic
Camera type: fixed</description>
      <Point>
        <coordinates>-82.1275251,31.1101883,0</coordinates>
      </Point>
    </Placemark>
    <Placemark>
      <name>ALPR</name>
      <description>OSM node: https://www.openstreetmap.org/node/13675247302
Manufacturer: Flock Safety
Direction: 307
Zone: traffic
Camera type: fixed</description>
      <Point>
        <coordinates>-81.2620164,32.0428261,0</coordinates>
      </Point>
    </Placemark>
    <Placemark>
      <name>ALPR</name>
      <description>OSM node: https://www.openstreetmap.org/node/13675247701
Manufacturer: Flock Safety
Direction: 245
Zone: traffic
Camera type: fixed</description>
      <Point>
        <coordinates>-81.1964501,32.0970171,0</coordinates>
      </Point>
    </Placemark>
    <Placemark>
      <name>ALPR</name>
      <description>OSM node: https://www.openstreetmap.org/node/13675273401
Manufacturer: Flock Safety
Direction: 132
Zone: traffic
Camera type: fixed</description>
      <Point>
        <coordinates>-81.2669244,32.0529499,0</coordinates>
      </Point>
    </Placemark>
    <Placemark>
      <name>ALPR</name>
      <description>OSM node: https://www.openstreetmap.org/node/13675742302
Manufacturer: Flock Safety
Direction: 204
Zone: traffic
Camera type: fixed</description>
      <Point>
        <coordinates>-83.4032428,31.1649367,0</coordinates>
      </Point>
    </Placemark>
    <Placemark>
      <name>ALPR</name>
      <description>OSM node: https://www.openstreetmap.org/node/13676364101
Manufacturer: Flock Safety
Direction: 101
Zone: traffic
Camera type: fixed</description>
      <Point>
        <coordinates>-84.4694447,33.8836639,0</coordinates>
      </Point>
    </Placemark>
    <Placemark>
      <name>ALPR</name>
      <description>OSM node: https://www.openstreetmap.org/node/13676379101
Manufacturer: Flock Safety
Direction: 171
Zone: traffic
Camera type: fixed</description>
      <Point>
        <coordinates>-84.3764217,33.8371558,0</coordinates>
      </Point>
    </Placemark>
    <Placemark>
      <name>ALPR</name>
      <description>OSM node: https://www.openstreetmap.org/node/13676379102
Manufacturer: Flock Safety
Direction: 337
Zone: traffic
Camera type: fixed</description>
      <Point>
        <coordinates>-84.3688691,33.8389514,0</coordinates>
      </Point>
    </Placemark>
    <Placemark>
      <name>ALPR</name>
      <description>OSM node: https://www.openstreetmap.org/node/13676520801
Manufacturer: Flock Safety
Direction: 193
Zone: traffic
Camera type: fixed</description>
      <Point>
        <coordinates>-84.381589,33.8369663,0</coordinates>
      </Point>
    </Placemark>
    <Placemark>
      <name>Georgia Tech ALPR</name>
      <description>OSM node: https://www.openstreetmap.org/node/13676527901
Operator: Georgia Tech
Manufacturer: Genetec
Direction: 13;164
Zone: traffic
Camera type: fixed</description>
      <Point>
        <coordinates>-84.3920605,33.7720725,0</coordinates>
      </Point>
    </Placemark>
    <Placemark>
      <name>Georgia Tech ALPR</name>
      <description>OSM node: https://www.openstreetmap.org/node/13676529902
Operator: Georgia Tech
Manufacturer: Genetec
Direction: 152;169
Zone: traffic
Camera type: fixed</description>
      <Point>
        <coordinates>-84.390734,33.7723986,0</coordinates>
      </Point>
    </Placemark>
    <Placemark>
      <name>ALPR</name>
      <description>OSM node: https://www.openstreetmap.org/node/13676587901
Manufacturer: Flock Safety
Direction: 241
Zone: traffic
Camera type: fixed</description>
      <Point>
        <coordinates>-84.4318096,33.8487238,0</coordinates>
      </Point>
    </Placemark>
    <Placemark>
      <name>Atlanta Police Department ALPR</name>
      <description>OSM node: https://www.openstreetmap.org/node/13676628301
Operator: Atlanta Police Department
Manufacturer: Flock Safety
Direction: 247
Zone: traffic
Camera type: fixed</description>
      <Point>
        <coordinates>-84.3825666,33.8534009,0</coordinates>
      </Point>
    </Placemark>
    <Placemark>
      <name>Atlanta Police Department ALPR</name>
      <description>OSM node: https://www.openstreetmap.org/node/13676628901
Operator: Atlanta Police Department
Manufacturer: Flock Safety
Direction: 160
Zone: traffic
Camera type: fixed</description>
      <Point>
        <coordinates>-84.3828089,33.8531901,0</coordinates>
      </Point>
    </Placemark>
    <Placemark>
      <name>Atlanta Police Department ALPR</name>
      <description>OSM node: https://www.openstreetmap.org/node/13676628902
Operator: Atlanta Police Department
Manufacturer: Flock Safety
Direction: 290
Zone: traffic
Camera type: fixed</description>
      <Point>
        <coordinates>-84.3830261,33.8546139,0</coordinates>
      </Point>
    </Placemark>
    <Placemark>
      <name>ALPR</name>
      <description>OSM node: https://www.openstreetmap.org/node/13676628903
Manufacturer: Genetec
Direction: 66
Zone: traffic
Camera type: fixed</description>
      <Point>
        <coordinates>-84.4074839,33.7939999,0</coordinates>
      </Point>
    </Placemark>
    <Placemark>
      <name>Atlanta Police Department ALPR</name>
      <description>OSM node: https://www.openstreetmap.org/node/13676631601
Operator: Atlanta Police Department
Manufacturer: Flock Safety
Direction: 81
Zone: traffic
Camera type: fixed</description>
      <Point>
        <coordinates>-84.3804084,33.8649157,0</coordinates>
      </Point>
    </Placemark>
    <Placemark>
      <name>Atlanta Police Department ALPR</name>
      <description>OSM node: https://www.openstreetmap.org/node/13676632101
Operator: Atlanta Police Department
Manufacturer: Flock Safety
Direction: 270
Zone: traffic
Camera type: fixed</description>
      <Point>
        <coordinates>-84.3813473,33.8687055,0</coordinates>
      </Point>
    </Placemark>
    <Placemark>
      <name>Atlanta Police Department ALPR</name>
      <description>OSM node: https://www.openstreetmap.org/node/13676634301
Operator: Atlanta Police Department
Manufacturer: Flock Safety
Direction: 65
Zone: traffic
Camera type: fixed</description>
      <Point>
        <coordinates>-84.4074839,33.7939999,0</coordinates>
      </Point>
    </Placemark>
    <Placemark>
      <name>Atlanta Police Department ALPR</name>
      <description>OSM node: https://www.openstreetmap.org/node/13676638302
Operator: Atlanta Police Department
Manufacturer: Flock Safety
Direction: 349
Zone: traffic
Camera type: fixed</description>
      <Point>
        <coordinates>-84.3579611,33.8542346,0</coordinates>
      </Point>
    </Placemark>
    <Placemark>
      <name>Atlanta Police Department ALPR</name>
      <description>OSM node: https://www.openstreetmap.org/node/13676638303
Operator: Atlanta Police Department
Manufacturer: Flock Safety
Direction: 169
Zone: traffic
Camera type: fixed</description>
      <Point>
        <coordinates>-84.3578658,33.8763401,0</coordinates>
      </Point>
    </Placemark>
    <Placemark>
      <name>Atlanta Police Department ALPR</name>
      <description>OSM node: https://www.openstreetmap.org/node/13676638401
Operator: Atlanta Police Department
Manufacturer: Flock Safety
Direction: 16
Zone: traffic
Camera type: fixed</description>
      <Point>
        <coordinates>-84.3650657,33.8528229,0</coordinates>
      </Point>
    </Placemark>
    <Placemark>
      <name>ALPR</name>
      <description>OSM node: https://www.openstreetmap.org/node/13676646201
Manufacturer: Flock Safety
Direction: 194
Zone: traffic
Camera type: fixed</description>
      <Point>
        <coordinates>-84.3550419,33.883634,0</coordinates>
      </Point>
    </Placemark>
    <Placemark>
      <name>Atlanta Police Department ALPR</name>
      <description>OSM node: https://www.openstreetmap.org/node/13676654502
Operator: Atlanta Police Department
Manufacturer: Flock Safety
Direction: 323
Zone: traffic
Camera type: fixed</description>
      <Point>
        <coordinates>-84.3833967,33.8328734,0</coordinates>
      </Point>
    </Placemark>
    <Placemark>
      <name>Atlanta Police Department ALPR</name>
      <description>OSM node: https://www.openstreetmap.org/node/13676658601
Operator: Atlanta Police Department
Manufacturer: Flock Safety
Direction: 98
Zone: traffic
Camera type: fixed</description>
      <Point>
        <coordinates>-84.3851131,33.8313155,0</coordinates>
      </Point>
    </Placemark>
    <Placemark>
      <name>Atlanta Police Department ALPR</name>
      <description>OSM node: https://www.openstreetmap.org/node/13676658602
Operator: Atlanta Police Department
Manufacturer: Flock Safety
Direction: 157
Zone: traffic
Camera type: fixed</description>
      <Point>
        <coordinates>-84.3673695,33.8277605,0</coordinates>
      </Point>
    </Placemark>
    <Placemark>
      <name>Atlanta Police Department ALPR</name>
      <description>OSM node: https://www.openstreetmap.org/node/13676666001
Operator: Atlanta Police Department
Manufacturer: Flock Safety
Direction: 12
Zone: traffic
Camera type: fixed</description>
      <Point>
        <coordinates>-84.3670216,33.8279167,0</coordinates>
      </Point>
    </Placemark>
    <Placemark>
      <name>Atlanta Police Department ALPR</name>
      <description>OSM node: https://www.openstreetmap.org/node/13676666002
Operator: Atlanta Police Department
Manufacturer: Flock Safety
Direction: 273
Zone: traffic
Camera type: fixed</description>
      <Point>
        <coordinates>-84.3738416,33.8127486,0</coordinates>
      </Point>
    </Placemark>
    <Placemark>
      <name>Atlanta Police Department ALPR</name>
      <description>OSM node: https://www.openstreetmap.org/node/13676666003
Operator: Atlanta Police Department
Manufacturer: Flock Safety
Direction: 139
Zone: traffic
Camera type: fixed</description>
      <Point>
        <coordinates>-84.3670735,33.8054205,0</coordinates>
      </Point>
    </Placemark>
    <Placemark>
      <name>Atlanta Police Department ALPR</name>
      <description>OSM node: https://www.openstreetmap.org/node/13676671910
Operator: Atlanta Police Department
Manufacturer: Flock Safety
Direction: 78
Zone: traffic
Camera type: fixed</description>
      <Point>
        <coordinates>-84.3645011,33.8083841,0</coordinates>
      </Point>
    </Placemark>
    <Placemark>
      <name>ALPR</name>
      <description>OSM node: https://www.openstreetmap.org/node/13677140101
Manufacturer: Flock Safety
Direction: 162
Zone: traffic
Camera type: fixed</description>
      <Point>
        <coordinates>-83.835801,31.5253679,0</coordinates>
      </Point>
    </Placemark>
    <Placemark>
      <name>ALPR</name>
      <description>OSM node: https://www.openstreetmap.org/node/13677176201
Manufacturer: Flock Safety
Direction: 186
Zone: traffic
Camera type: fixed</description>
      <Point>
        <coordinates>-83.8274242,31.5417557,0</coordinates>
      </Point>
    </Placemark>
    <Placemark>
      <name>ALPR</name>
      <description>OSM node: https://www.openstreetmap.org/node/13677180401
Manufacturer: Flock Safety
Direction: 158
Zone: traffic
Camera type: fixed</description>
      <Point>
        <coordinates>-83.8308164,31.5511418,0</coordinates>
      </Point>
    </Placemark>
    <Placemark>
      <name>ALPR</name>
      <description>OSM node: https://www.openstreetmap.org/node/13677996001
Manufacturer: Flock Safety
Direction: 287
Zone: traffic
Camera type: fixed</description>
      <Point>
        <coordinates>-83.984961,34.5290778,0</coordinates>
      </Point>
    </Placemark>
    <Placemark>
      <name>ALPR</name>
      <description>OSM node: https://www.openstreetmap.org/node/13679205901
Manufacturer: Flock Safety
Direction: 112
Zone: traffic
Camera type: fixed</description>
      <Point>
        <coordinates>-84.3509661,33.9663399,0</coordinates>
      </Point>
    </Placemark>
    <Placemark>
      <name>ALPR</name>
      <description>OSM node: https://www.openstreetmap.org/node/13679218602
Manufacturer: Flock Safety
Direction: 98
Zone: traffic
Camera type: fixed</description>
      <Point>
        <coordinates>-84.3712892,33.9443928,0</coordinates>
      </Point>
    </Placemark>
    <Placemark>
      <name>ALPR</name>
      <description>OSM node: https://www.openstreetmap.org/node/13679220101
Manufacturer: Flock Safety
Direction: 98
Zone: traffic
Camera type: fixed</description>
      <Point>
        <coordinates>-84.3712892,33.9443928,0</coordinates>
      </Point>
    </Placemark>
    <Placemark>
      <name>ALPR</name>
      <description>OSM node: https://www.openstreetmap.org/node/13679227302
Manufacturer: Flock Safety
Direction: 64
Zone: traffic
Camera type: fixed</description>
      <Point>
        <coordinates>-84.3546952,33.9629097,0</coordinates>
      </Point>
    </Placemark>
    <Placemark>
      <name>ALPR</name>
      <description>OSM node: https://www.openstreetmap.org/node/13679227801
Manufacturer: Flock Safety
Direction: 278
Zone: traffic
Camera type: fixed</description>
      <Point>
        <coordinates>-84.3704699,33.9453139,0</coordinates>
      </Point>
    </Placemark>
    <Placemark>
      <name>ALPR</name>
      <description>OSM node: https://www.openstreetmap.org/node/13679527601
Manufacturer: Flock Safety
Direction: 126
Zone: traffic
Camera type: fixed</description>
      <Point>
        <coordinates>-84.4814619,33.1820195,0</coordinates>
      </Point>
    </Placemark>
    <Placemark>
      <name>ALPR</name>
      <description>OSM node: https://www.openstreetmap.org/node/13679528901
Manufacturer: Flock Safety
Direction: 338
Zone: traffic
Camera type: fixed</description>
      <Point>
        <coordinates>-84.4891529,33.256683,0</coordinates>
      </Point>
    </Placemark>
    <Placemark>
      <name>ALPR</name>
      <description>OSM node: https://www.openstreetmap.org/node/13680499601
Manufacturer: Flock Safety
Direction: 48
Zone: traffic
Camera type: fixed</description>
      <Point>
        <coordinates>-80.8512553,31.993244,0</coordinates>
      </Point>
    </Placemark>
    <Placemark>
      <name>ALPR</name>
      <description>OSM node: https://www.openstreetmap.org/node/13680510201
Manufacturer: Flock Safety
Direction: 123
Zone: traffic
Camera type: fixed</description>
      <Point>
        <coordinates>-80.8491304,31.9924356,0</coordinates>
      </Point>
    </Placemark>
    <Placemark>
      <name>ALPR</name>
      <description>OSM node: https://www.openstreetmap.org/node/13680743401
Manufacturer: Flock Safety
Direction: 203
Zone: traffic
Camera type: fixed</description>
      <Point>
        <coordinates>-81.4822031,31.3056547,0</coordinates>
      </Point>
    </Placemark>
    <Placemark>
      <name>ALPR</name>
      <description>OSM node: https://www.openstreetmap.org/node/13680745301
Manufacturer: Flock Safety
Direction: 77
Zone: traffic
Camera type: fixed</description>
      <Point>
        <coordinates>-81.4640827,31.3080344,0</coordinates>
      </Point>
    </Placemark>
    <Placemark>
      <name>ALPR</name>
      <description>OSM node: https://www.openstreetmap.org/node/13680745302
Manufacturer: Flock Safety
Direction: 244
Zone: traffic
Camera type: fixed</description>
      <Point>
        <coordinates>-81.4615921,31.3073921,0</coordinates>
      </Point>
    </Placemark>
    <Placemark>
      <name>ALPR</name>
      <description>OSM node: https://www.openstreetmap.org/node/13681286201
Manufacturer: Flock Safety
Direction: 143
Zone: traffic
Camera type: fixed</description>
      <Point>
        <coordinates>-84.3456401,33.9203473,0</coordinates>
      </Point>
    </Placemark>
    <Placemark>
      <name>ALPR</name>
      <description>OSM node: https://www.openstreetmap.org/node/13681288001
Manufacturer: Flock Safety
Direction: 335
Zone: traffic
Camera type: fixed</description>
      <Point>
        <coordinates>-84.3452891,33.9206921,0</coordinates>
      </Point>
    </Placemark>
    <Placemark>
      <name>ALPR</name>
      <description>OSM node: https://www.openstreetmap.org/node/13681591201
Manufacturer: Flock Safety
Direction: 105
Zone: traffic
Camera type: fixed</description>
      <Point>
        <coordinates>-84.5207471,33.9506953,0</coordinates>
      </Point>
    </Placemark>
    <Placemark>
      <name>ALPR</name>
      <description>OSM node: https://www.openstreetmap.org/node/13681593101
Manufacturer: Flock Safety
Direction: 84
Zone: traffic
Camera type: fixed</description>
      <Point>
        <coordinates>-84.5133279,33.9506092,0</coordinates>
      </Point>
    </Placemark>
    <Placemark>
      <name>ALPR</name>
      <description>OSM node: https://www.openstreetmap.org/node/13681637101
Manufacturer: Flock Safety
Direction: 0
Zone: traffic
Camera type: fixed</description>
      <Point>
        <coordinates>-84.3896295,33.7979345,0</coordinates>
      </Point>
    </Placemark>
    <Placemark>
      <name>ALPR</name>
      <description>OSM node: https://www.openstreetmap.org/node/13681701201
Manufacturer: Flock Safety
Direction: 316
Zone: traffic
Camera type: fixed</description>
      <Point>
        <coordinates>-84.1122644,33.8236955,0</coordinates>
      </Point>
    </Placemark>
    <Placemark>
      <name>ALPR</name>
      <description>OSM node: https://www.openstreetmap.org/node/13681715001
Manufacturer: Flock Safety
Direction: 241
Zone: traffic
Camera type: fixed</description>
      <Point>
        <coordinates>-84.2021498,33.8351915,0</coordinates>
      </Point>
    </Placemark>
    <Placemark>
      <name>ALPR</name>
      <description>OSM node: https://www.openstreetmap.org/node/13681756501
Manufacturer: Flock Safety
Direction: 9
Zone: traffic
Camera type: fixed</description>
      <Point>
        <coordinates>-84.3044635,33.7843424,0</coordinates>
      </Point>
    </Placemark>
    <Placemark>
      <name>ALPR</name>
      <description>OSM node: https://www.openstreetmap.org/node/13681760901
Manufacturer: Flock Safety
Direction: 81
Zone: traffic
Camera type: fixed</description>
      <Point>
        <coordinates>-83.919164,33.777149,0</coordinates>
      </Point>
    </Placemark>
    <Placemark>
      <name>ALPR</name>
      <description>OSM node: https://www.openstreetmap.org/node/13682184307
Manufacturer: Flock Safety
Direction: 180
Zone: traffic
Camera type: fixed</description>
      <Point>
        <coordinates>-83.9956934,34.0530666,0</coordinates>
      </Point>
    </Placemark>
    <Placemark>
      <name>ALPR</name>
      <description>OSM node: https://www.openstreetmap.org/node/13682192703
Manufacturer: Flock Safety
Direction: 132
Zone: traffic
Camera type: fixed</description>
      <Point>
        <coordinates>-83.995765,34.0535556,0</coordinates>
      </Point>
    </Placemark>
    <Placemark>
      <name>ALPR</name>
      <description>OSM node: https://www.openstreetmap.org/node/13682192802
Manufacturer: Flock Safety
Direction: 225
Zone: traffic
Camera type: fixed</description>
      <Point>
        <coordinates>-83.9955026,34.0534697,0</coordinates>
      </Point>
    </Placemark>
    <Placemark>
      <name>ALPR</name>
      <description>OSM node: https://www.openstreetmap.org/node/13682223001
Manufacturer: Flock Safety
Direction: 126
Zone: traffic
Camera type: fixed</description>
      <Point>
        <coordinates>-83.4826611,33.9457722,0</coordinates>
      </Point>
    </Placemark>
    <Placemark>
      <name>ALPR</name>
      <description>OSM node: https://www.openstreetmap.org/node/13682224001
Manufacturer: Flock Safety
Direction: 148;247
Zone: traffic
Camera type: fixed</description>
      <Point>
        <coordinates>-83.4806628,33.9455046,0</coordinates>
      </Point>
    </Placemark>
    <Placemark>
      <name>ALPR</name>
      <description>OSM node: https://www.openstreetmap.org/node/13682225501
Manufacturer: Flock Safety
Direction: 228
Zone: traffic
Camera type: fixed</description>
      <Point>
        <coordinates>-83.395675,33.9634585,0</coordinates>
      </Point>
    </Placemark>
    <Placemark>
      <name>Atlanta Police Department ALPR</name>
      <description>OSM node: https://www.openstreetmap.org/node/13683121401
Operator: Atlanta Police Department
Manufacturer: Flock Safety
Direction: 171
Zone: traffic
Camera type: fixed</description>
      <Point>
        <coordinates>-84.4161528,33.7992788,0</coordinates>
      </Point>
    </Placemark>
    <Placemark>
      <name>Atlanta Police Department ALPR</name>
      <description>OSM node: https://www.openstreetmap.org/node/13683130101
Operator: Atlanta Police Department
Manufacturer: Flock Safety
Direction: 347
Zone: traffic
Camera type: fixed</description>
      <Point>
        <coordinates>-84.4159005,33.7995389,0</coordinates>
      </Point>
    </Placemark>
    <Placemark>
      <name>Atlanta Police Department ALPR</name>
      <description>OSM node: https://www.openstreetmap.org/node/13683136201
Operator: Atlanta Police Department
Manufacturer: Flock Safety
Direction: 258
Zone: traffic
Camera type: fixed</description>
      <Point>
        <coordinates>-84.41679,33.79971,0</coordinates>
      </Point>
    </Placemark>
    <Placemark>
      <name>Atlanta Police Department ALPR</name>
      <description>OSM node: https://www.openstreetmap.org/node/13683140401
Operator: Atlanta Police Department
Manufacturer: Flock Safety
Direction: 359
Zone: traffic
Camera type: fixed</description>
      <Point>
        <coordinates>-84.4128659,33.8060237,0</coordinates>
      </Point>
    </Placemark>
    <Placemark>
      <name>ALPR</name>
      <description>OSM node: https://www.openstreetmap.org/node/13683314201
Manufacturer: Flock Safety
Direction: 31
Zone: traffic
Camera type: fixed</description>
      <Point>
        <coordinates>-81.5881889,31.1398249,0</coordinates>
      </Point>
    </Placemark>
    <Placemark>
      <name>ALPR</name>
      <description>OSM node: https://www.openstreetmap.org/node/13683362401
Manufacturer: Flock Safety
Direction: 247
Zone: traffic
Camera type: fixed</description>
      <Point>
        <coordinates>-84.5691556,34.0293968,0</coordinates>
      </Point>
    </Placemark>
    <Placemark>
      <name>ALPR</name>
      <description>OSM node: https://www.openstreetmap.org/node/13683372202
Manufacturer: Flock Safety
Direction: 324
Zone: traffic
Camera type: fixed</description>
      <Point>
        <coordinates>-81.6248591,32.2330716,0</coordinates>
      </Point>
    </Placemark>
    <Placemark>
      <name>ALPR</name>
      <description>OSM node: https://www.openstreetmap.org/node/13683428401
Manufacturer: Flock Safety
Direction: 0;0
Zone: traffic
Camera type: fixed</description>
      <Point>
        <coordinates>-84.5283399,34.0208894,0</coordinates>
      </Point>
    </Placemark>
    <Placemark>
      <name>ALPR</name>
      <description>OSM node: https://www.openstreetmap.org/node/13683459501
Manufacturer: Flock Safety
Direction: 0;0
Zone: traffic
Camera type: fixed</description>
      <Point>
        <coordinates>-84.5261193,34.0254285,0</coordinates>
      </Point>
    </Placemark>
    <Placemark>
      <name>ALPR</name>
      <description>OSM node: https://www.openstreetmap.org/node/13683487401
Manufacturer: Flock Safety
Direction: 318
Zone: traffic
Camera type: fixed</description>
      <Point>
        <coordinates>-83.9975457,33.7891694,0</coordinates>
      </Point>
    </Placemark>
    <Placemark>
      <name>ALPR</name>
      <description>OSM node: https://www.openstreetmap.org/node/13683488201
Manufacturer: Flock Safety
Direction: 148
Zone: traffic
Camera type: fixed</description>
      <Point>
        <coordinates>-83.9877032,33.7757296,0</coordinates>
      </Point>
    </Placemark>
    <Placemark>
      <name>ALPR</name>
      <description>OSM node: https://www.openstreetmap.org/node/13683488401
Manufacturer: Flock Safety
Direction: 215
Zone: traffic
Camera type: fixed</description>
      <Point>
        <coordinates>-83.9823425,33.7776133,0</coordinates>
      </Point>
    </Placemark>
    <Placemark>
      <name>ALPR</name>
      <description>OSM node: https://www.openstreetmap.org/node/13683498401
Manufacturer: Flock Safety
Direction: 247
Zone: traffic
Camera type: fixed</description>
      <Point>
        <coordinates>-81.4927038,31.1829531,0</coordinates>
      </Point>
    </Placemark>
    <Placemark>
      <name>ALPR</name>
      <description>OSM node: https://www.openstreetmap.org/node/13683499701
Manufacturer: Flock Safety
Direction: 76
Zone: traffic
Camera type: fixed</description>
      <Point>
        <coordinates>-81.5063855,31.2036624,0</coordinates>
      </Point>
    </Placemark>
    <Placemark>
      <name>ALPR</name>
      <description>OSM node: https://www.openstreetmap.org/node/13683552601
Manufacturer: Flock Safety
Direction: 307
Zone: traffic
Camera type: fixed</description>
      <Point>
        <coordinates>-84.3645331,33.9569473,0</coordinates>
      </Point>
    </Placemark>
    <Placemark>
      <name>ALPR</name>
      <description>OSM node: https://www.openstreetmap.org/node/13683553001
Manufacturer: Flock Safety
Direction: 129
Zone: traffic
Camera type: fixed</description>
      <Point>
        <coordinates>-84.3653794,33.9590788,0</coordinates>
      </Point>
    </Placemark>
    <Placemark>
      <name>ALPR</name>
      <description>OSM node: https://www.openstreetmap.org/node/13683763101
Manufacturer: Flock Safety
Direction: 77
Zone: traffic
Camera type: fixed</description>
      <Point>
        <coordinates>-84.357197,33.8344753,0</coordinates>
      </Point>
    </Placemark>
    <Placemark>
      <name>ALPR</name>
      <description>OSM node: https://www.openstreetmap.org/node/13684726201
Manufacturer: Flock Safety
Zone: traffic
Camera type: fixed</description>
      <Point>
        <coordinates>-84.5771044,34.0875841,0</coordinates>
      </Point>
    </Placemark>
    <Placemark>
      <name>ALPR</name>
      <description>OSM node: https://www.openstreetmap.org/node/13684726901
Manufacturer: Flock Safety
Direction: 50
Zone: traffic
Camera type: fixed</description>
      <Point>
        <coordinates>-84.4985541,33.8962636,0</coordinates>
      </Point>
    </Placemark>
    <Placemark>
      <name>ALPR</name>
      <description>OSM node: https://www.openstreetmap.org/node/13684979001
Manufacturer: Flock Safety
Direction: 53
Zone: traffic
Camera type: fixed</description>
      <Point>
        <coordinates>-81.4918367,31.1830952,0</coordinates>
      </Point>
    </Placemark>
    <Placemark>
      <name>ALPR</name>
      <description>OSM node: https://www.openstreetmap.org/node/13685049901
Manufacturer: Flock Safety
Direction: 0
Zone: traffic
Camera type: fixed</description>
      <Point>
        <coordinates>-84.4511247,34.2116133,0</coordinates>
      </Point>
    </Placemark>
    <Placemark>
      <name>ALPR</name>
      <description>OSM node: https://www.openstreetmap.org/node/13685053301
Manufacturer: Flock Safety
Direction: 214
Zone: traffic
Camera type: fixed</description>
      <Point>
        <coordinates>-84.4992954,33.8962221,0</coordinates>
      </Point>
    </Placemark>
    <Placemark>
      <name>ALPR</name>
      <description>OSM node: https://www.openstreetmap.org/node/13685056001
Manufacturer: Flock Safety
Direction: 307
Zone: traffic
Camera type: fixed</description>
      <Point>
        <coordinates>-84.4202176,34.1817595,0</coordinates>
      </Point>
    </Placemark>
    <Placemark>
      <name>ALPR</name>
      <description>OSM node: https://www.openstreetmap.org/node/13685182901
Manufacturer: Flock Safety
Direction: 86
Zone: traffic
Camera type: fixed</description>
      <Point>
        <coordinates>-81.9908114,33.4698189,0</coordinates>
      </Point>
    </Placemark>
    <Placemark>
      <name>ALPR</name>
      <description>OSM node: https://www.openstreetmap.org/node/13685183301
Manufacturer: Flock Safety
Direction: 300
Zone: traffic
Camera type: fixed</description>
      <Point>
        <coordinates>-81.9908316,33.4698396,0</coordinates>
      </Point>
    </Placemark>
    <Placemark>
      <name>ALPR</name>
      <description>OSM node: https://www.openstreetmap.org/node/13685394802
Manufacturer: Flock Safety
Direction: 63
Zone: traffic
Camera type: fixed</description>
      <Point>
        <coordinates>-84.4893934,33.4487714,0</coordinates>
      </Point>
    </Placemark>
    <Placemark>
      <name>ALPR</name>
      <description>OSM node: https://www.openstreetmap.org/node/13685502101
Manufacturer: Flock Safety
Direction: 304
Zone: traffic
Camera type: fixed</description>
      <Point>
        <coordinates>-84.51116,33.4505907,0</coordinates>
      </Point>
    </Placemark>
    <Placemark>
      <name>ALPR</name>
      <description>OSM node: https://www.openstreetmap.org/node/13685599901
Manufacturer: Flock Safety
Direction: 253;185;119;53;338
Zone: traffic
Camera type: fixed</description>
      <Point>
        <coordinates>-84.3003401,33.7734892,0</coordinates>
      </Point>
    </Placemark>
    <Placemark>
      <name>ALPR</name>
      <description>OSM node: https://www.openstreetmap.org/node/13685678602
Manufacturer: Flock Safety
Direction: 331
Zone: traffic
Camera type: fixed</description>
      <Point>
        <coordinates>-81.9811358,33.4713065,0</coordinates>
      </Point>
    </Placemark>
    <Placemark>
      <name>ALPR</name>
      <description>OSM node: https://www.openstreetmap.org/node/13685683401
Manufacturer: Flock Safety
Direction: 54
Zone: traffic
Camera type: fixed</description>
      <Point>
        <coordinates>-81.9810729,33.4711655,0</coordinates>
      </Point>
    </Placemark>
    <Placemark>
      <name>ALPR</name>
      <description>OSM node: https://www.openstreetmap.org/node/13685835001
Manufacturer: Flock Safety
Direction: 41
Zone: traffic
Camera type: fixed</description>
      <Point>
        <coordinates>-84.2278434,33.7689593,0</coordinates>
      </Point>
    </Placemark>
    <Placemark>
      <name>ALPR</name>
      <description>OSM node: https://www.openstreetmap.org/node/13686320402
Manufacturer: Flock Safety
Direction: 128
Zone: traffic
Camera type: fixed</description>
      <Point>
        <coordinates>-83.4646045,33.9060405,0</coordinates>
      </Point>
    </Placemark>
    <Placemark>
      <name>ALPR</name>
      <description>OSM node: https://www.openstreetmap.org/node/13686389205
Manufacturer: Flock Safety
Direction: 232
Zone: traffic
Camera type: fixed</description>
      <Point>
        <coordinates>-84.4303134,33.8937855,0</coordinates>
      </Point>
    </Placemark>
    <Placemark>
      <name>ALPR</name>
      <description>OSM node: https://www.openstreetmap.org/node/13686398402
Manufacturer: Flock Safety
Direction: 0
Zone: traffic
Camera type: fixed</description>
      <Point>
        <coordinates>-84.429533,33.9078229,0</coordinates>
      </Point>
    </Placemark>
    <Placemark>
      <name>ALPR</name>
      <description>OSM node: https://www.openstreetmap.org/node/13686400801
Manufacturer: Flock Safety
Direction: 288
Zone: traffic
Camera type: fixed</description>
      <Point>
        <coordinates>-84.4279426,33.9018008,0</coordinates>
      </Point>
    </Placemark>
    <Placemark>
      <name>ALPR</name>
      <description>OSM node: https://www.openstreetmap.org/node/13686489901
Manufacturer: Flock Safety
Direction: 315
Zone: traffic
Camera type: fixed</description>
      <Point>
        <coordinates>-84.3900402,34.3597227,0</coordinates>
      </Point>
    </Placemark>
    <Placemark>
      <name>ALPR</name>
      <description>OSM node: https://www.openstreetmap.org/node/13686565902
Manufacturer: Flock Safety
Direction: 0
Zone: traffic
Camera type: fixed</description>
      <Point>
        <coordinates>-84.7429331,33.3973488,0</coordinates>
      </Point>
    </Placemark>
    <Placemark>
      <name>ALPR</name>
      <description>OSM node: https://www.openstreetmap.org/node/13686569201
Manufacturer: Flock Safety
Direction: 342
Zone: traffic
Camera type: fixed</description>
      <Point>
        <coordinates>-84.7468974,33.3948688,0</coordinates>
      </Point>
    </Placemark>
    <Placemark>
      <name>ALPR</name>
      <description>OSM node: https://www.openstreetmap.org/node/13686680001
Manufacturer: Flock Safety
Direction: 216
Zone: traffic
Camera type: fixed</description>
      <Point>
        <coordinates>-84.8930355,33.6785964,0</coordinates>
      </Point>
    </Placemark>
    <Placemark>
      <name>ALPR</name>
      <description>OSM node: https://www.openstreetmap.org/node/13686690601
Manufacturer: Flock Safety
Direction: 53
Zone: traffic
Camera type: fixed</description>
      <Point>
        <coordinates>-84.8081915,33.7303983,0</coordinates>
      </Point>
    </Placemark>
    <Placemark>
      <name>ALPR</name>
      <description>OSM node: https://www.openstreetmap.org/node/13686702401
Manufacturer: Flock Safety
Direction: 181;276
Zone: traffic
Camera type: fixed</description>
      <Point>
        <coordinates>-84.7778866,33.7421605,0</coordinates>
      </Point>
    </Placemark>
    <Placemark>
      <name>ALPR</name>
      <description>OSM node: https://www.openstreetmap.org/node/13686828301
Manufacturer: Flock Safety
Direction: 15
Zone: traffic
Camera type: fixed</description>
      <Point>
        <coordinates>-81.4926962,31.2200661,0</coordinates>
      </Point>
    </Placemark>
    <Placemark>
      <name>ALPR</name>
      <description>OSM node: https://www.openstreetmap.org/node/13686937702
Manufacturer: Flock Safety
Direction: 0
Zone: traffic
Camera type: fixed</description>
      <Point>
        <coordinates>-84.3969118,34.4425636,0</coordinates>
      </Point>
    </Placemark>
    <Placemark>
      <name>ALPR</name>
      <description>OSM node: https://www.openstreetmap.org/node/13689004602
Manufacturer: Flock Safety
Direction: 54
Zone: traffic
Camera type: fixed</description>
      <Point>
        <coordinates>-84.2439083,34.1725493,0</coordinates>
      </Point>
    </Placemark>
    <Placemark>
      <name>ALPR</name>
      <description>OSM node: https://www.openstreetmap.org/node/13689273904
Manufacturer: Flock Safety
Direction: 166
Zone: traffic
Camera type: fixed</description>
      <Point>
        <coordinates>-85.3968938,34.2848805,0</coordinates>
      </Point>
    </Placemark>
    <Placemark>
      <name>ALPR</name>
      <description>OSM node: https://www.openstreetmap.org/node/13689333502
Manufacturer: Flock Safety
Direction: 86
Zone: traffic
Camera type: fixed</description>
      <Point>
        <coordinates>-84.5470743,34.4289473,0</coordinates>
      </Point>
    </Placemark>
    <Placemark>
      <name>ALPR</name>
      <description>OSM node: https://www.openstreetmap.org/node/13689600401
Manufacturer: Flock Safety
Direction: 265
Zone: traffic
Camera type: fixed</description>
      <Point>
        <coordinates>-84.8282015,33.3859462,0</coordinates>
      </Point>
    </Placemark>
    <Placemark>
      <name>ALPR</name>
      <description>OSM node: https://www.openstreetmap.org/node/13689711601
Manufacturer: Flock Safety
Direction: 0
Zone: traffic
Camera type: fixed</description>
      <Point>
        <coordinates>-84.2294224,30.8667328,0</coordinates>
      </Point>
    </Placemark>
    <Placemark>
      <name>ALPR</name>
      <description>OSM node: https://www.openstreetmap.org/node/13689821502
Manufacturer: Flock Safety
Direction: 359
Zone: traffic
Camera type: fixed</description>
      <Point>
        <coordinates>-84.3386938,33.9191731,0</coordinates>
      </Point>
    </Placemark>
    <Placemark>
      <name>ALPR</name>
      <description>OSM node: https://www.openstreetmap.org/node/13689828002
Manufacturer: Flock Safety
Direction: 282
Zone: traffic
Camera type: fixed</description>
      <Point>
        <coordinates>-84.3397962,33.9206526,0</coordinates>
      </Point>
    </Placemark>
    <Placemark>
      <name>ALPR</name>
      <description>OSM node: https://www.openstreetmap.org/node/13690043635
Manufacturer: Flock Safety
Direction: 125
Zone: traffic
Camera type: fixed</description>
      <Point>
        <coordinates>-84.2560351,33.7726204,0</coordinates>
      </Point>
    </Placemark>
    <Placemark>
      <name>ALPR</name>
      <description>OSM node: https://www.openstreetmap.org/node/13690046703
Manufacturer: Flock Safety
Direction: 235
Zone: traffic
Camera type: fixed</description>
      <Point>
        <coordinates>-84.2481283,33.76158,0</coordinates>
      </Point>
    </Placemark>
    <Placemark>
      <name>ALPR</name>
      <description>OSM node: https://www.openstreetmap.org/node/13691842302
Manufacturer: Axon
Direction: 275
Zone: traffic
Camera type: fixed</description>
      <Point>
        <coordinates>-84.209623,34.0158881,0</coordinates>
      </Point>
    </Placemark>
    <Placemark>
      <name>ALPR</name>
      <description>OSM node: https://www.openstreetmap.org/node/13692385795
Manufacturer: Flock Safety
Direction: 315
Zone: traffic
Camera type: fixed</description>
      <Point>
        <coordinates>-84.2252348,33.7636391,0</coordinates>
      </Point>
    </Placemark>
    <Placemark>
      <name>ALPR</name>
      <description>OSM node: https://www.openstreetmap.org/node/13692397801
Manufacturer: Flock Safety
Direction: 31
Zone: traffic
Camera type: fixed</description>
      <Point>
        <coordinates>-82.0481444,33.3997218,0</coordinates>
      </Point>
    </Placemark>
    <Placemark>
      <name>ALPR</name>
      <description>OSM node: https://www.openstreetmap.org/node/13693494401
Manufacturer: Flock Safety
Direction: 169
Zone: traffic
Camera type: fixed</description>
      <Point>
        <coordinates>-82.0744509,33.3717323,0</coordinates>
      </Point>
    </Placemark>
    <Placemark>
      <name>ALPR</name>
      <description>OSM node: https://www.openstreetmap.org/node/13693494402
Manufacturer: Flock Safety
Direction: 358
Zone: traffic
Camera type: fixed</description>
      <Point>
        <coordinates>-82.0734841,33.3731148,0</coordinates>
      </Point>
    </Placemark>
    <Placemark>
      <name>ALPR</name>
      <description>OSM node: https://www.openstreetmap.org/node/13694040501
Manufacturer: Flock Safety
Direction: 263
Zone: traffic
Camera type: fixed</description>
      <Point>
        <coordinates>-82.0277921,33.419579,0</coordinates>
      </Point>
    </Placemark>
    <Placemark>
      <name>ALPR</name>
      <description>OSM node: https://www.openstreetmap.org/node/13694153301
Manufacturer: Flock Safety
Direction: 4
Zone: traffic
Camera type: fixed</description>
      <Point>
        <coordinates>-81.111035,32.0133169,0</coordinates>
      </Point>
    </Placemark>
    <Placemark>
      <name>ALPR</name>
      <description>OSM node: https://www.openstreetmap.org/node/13694944301
Manufacturer: Flock Safety
Direction: 76
Zone: traffic
Camera type: fixed</description>
      <Point>
        <coordinates>-84.8726561,34.1868202,0</coordinates>
      </Point>
    </Placemark>
    <Placemark>
      <name>ALPR</name>
      <description>OSM node: https://www.openstreetmap.org/node/13695241401
Manufacturer: Flock Safety
Direction: 15
Zone: traffic
Camera type: fixed</description>
      <Point>
        <coordinates>-84.1956133,33.7874576,0</coordinates>
      </Point>
    </Placemark>
    <Placemark>
      <name>ALPR</name>
      <description>OSM node: https://www.openstreetmap.org/node/13695246801
Manufacturer: Flock Safety
Direction: 230
Zone: traffic
Camera type: fixed</description>
      <Point>
        <coordinates>-84.2145726,33.770134,0</coordinates>
      </Point>
    </Placemark>
    <Placemark>
      <name>ALPR</name>
      <description>OSM node: https://www.openstreetmap.org/node/13695546901
Manufacturer: Flock Safety
Direction: 315
Zone: traffic
Camera type: fixed</description>
      <Point>
        <coordinates>-84.4891733,33.2559782,0</coordinates>
      </Point>
    </Placemark>
    <Placemark>
      <name>ALPR</name>
      <description>OSM node: https://www.openstreetmap.org/node/13695546902
Manufacturer: Flock Safety
Direction: 158
Zone: traffic
Camera type: fixed</description>
      <Point>
        <coordinates>-84.48932,33.2572544,0</coordinates>
      </Point>
    </Placemark>
    <Placemark>
      <name>ALPR</name>
      <description>OSM node: https://www.openstreetmap.org/node/13695556801
Manufacturer: Flock Safety
Direction: 307
Zone: traffic
Camera type: fixed</description>
      <Point>
        <coordinates>-84.4828807,33.1938849,0</coordinates>
      </Point>
    </Placemark>
    <Placemark>
      <name>ALPR</name>
      <description>OSM node: https://www.openstreetmap.org/node/13695556802
Manufacturer: Flock Safety
Direction: 132
Zone: traffic
Camera type: fixed</description>
      <Point>
        <coordinates>-84.4814377,33.181991,0</coordinates>
      </Point>
    </Placemark>
    <Placemark>
      <name>ALPR</name>
      <description>OSM node: https://www.openstreetmap.org/node/13696079401
Manufacturer: Flock Safety
Direction: 333
Zone: traffic
Camera type: fixed</description>
      <Point>
        <coordinates>-84.1855023,33.7921503,0</coordinates>
      </Point>
    </Placemark>
    <Placemark>
      <name>ALPR</name>
      <description>OSM node: https://www.openstreetmap.org/node/13696486601
Manufacturer: Flock Safety
Direction: 218
Zone: traffic
Camera type: fixed</description>
      <Point>
        <coordinates>-84.4296683,33.8953087,0</coordinates>
      </Point>
    </Placemark>
    <Placemark>
      <name>ALPR</name>
      <description>OSM node: https://www.openstreetmap.org/node/13696488501
Manufacturer: Flock Safety
Direction: 145
Zone: traffic
Camera type: fixed</description>
      <Point>
        <coordinates>-84.4117004,33.8766349,0</coordinates>
      </Point>
    </Placemark>
    <Placemark>
      <name>Atlanta Police Department ALPR</name>
      <description>OSM node: https://www.openstreetmap.org/node/13696493201
Operator: Atlanta Police Department
Manufacturer: Flock Safety
Direction: 60
Zone: traffic
Camera type: fixed</description>
      <Point>
        <coordinates>-84.4033268,33.8598938,0</coordinates>
      </Point>
    </Placemark>
    <Placemark>
      <name>Atlanta Police Department ALPR</name>
      <description>OSM node: https://www.openstreetmap.org/node/13696498701
Operator: Atlanta Police Department
Manufacturer: Flock Safety
Direction: 287
Zone: traffic
Camera type: fixed</description>
      <Point>
        <coordinates>-84.3830261,33.8546139,0</coordinates>
      </Point>
    </Placemark>
    <Placemark>
      <name>Atlanta Police Department ALPR</name>
      <description>OSM node: https://www.openstreetmap.org/node/13696498702
Operator: Atlanta Police Department
Manufacturer: Flock Safety
Direction: 171
Zone: traffic
Camera type: fixed</description>
      <Point>
        <coordinates>-84.3828334,33.8531724,0</coordinates>
      </Point>
    </Placemark>
    <Placemark>
      <name>Atlanta Police Department ALPR</name>
      <description>OSM node: https://www.openstreetmap.org/node/13696501901
Operator: Atlanta Police Department
Manufacturer: Flock Safety
Direction: 247
Zone: traffic
Camera type: fixed</description>
      <Point>
        <coordinates>-84.3825666,33.8534009,0</coordinates>
      </Point>
    </Placemark>
    <Placemark>
      <name>Atlanta Police Department ALPR</name>
      <description>OSM node: https://www.openstreetmap.org/node/13696539303
Operator: Atlanta Police Department
Manufacturer: Flock Safety
Direction: 180
Zone: traffic
Camera type: fixed</description>
      <Point>
        <coordinates>-84.3764252,33.8371246,0</coordinates>
      </Point>
    </Placemark>
    <Placemark>
      <name>Atlanta Police Department ALPR</name>
      <description>OSM node: https://www.openstreetmap.org/node/13696541801
Operator: Atlanta Police Department
Manufacturer: Genetec
Direction: 112
Zone: traffic
Camera type: fixed</description>
      <Point>
        <coordinates>-84.3764252,33.8371246,0</coordinates>
      </Point>
    </Placemark>
    <Placemark>
      <name>ALPR</name>
      <description>OSM node: https://www.openstreetmap.org/node/13696660202
Manufacturer: Flock Safety
Direction: 270
Zone: traffic
Camera type: fixed</description>
      <Point>
        <coordinates>-82.313166,33.4147673,0</coordinates>
      </Point>
    </Placemark>
    <Placemark>
      <name>ALPR</name>
      <description>OSM node: https://www.openstreetmap.org/node/13696708101
Manufacturer: Flock Safety
Direction: 333
Zone: traffic
Camera type: fixed</description>
      <Point>
        <coordinates>-84.3166008,33.7915135,0</coordinates>
      </Point>
    </Placemark>
    <Placemark>
      <name>ALPR</name>
      <description>OSM node: https://www.openstreetmap.org/node/13696948901
Manufacturer: Flock Safety
Direction: 155
Zone: traffic
Camera type: fixed</description>
      <Point>
        <coordinates>-82.8215571,31.4212182,0</coordinates>
      </Point>
    </Placemark>
    <Placemark>
      <name>ALPR</name>
      <description>OSM node: https://www.openstreetmap.org/node/13698482101
Manufacturer: Flock Safety
Direction: 43
Zone: traffic
Camera type: fixed</description>
      <Point>
        <coordinates>-84.5998038,33.3977603,0</coordinates>
      </Point>
    </Placemark>
    <Placemark>
      <name>ALPR</name>
      <description>OSM node: https://www.openstreetmap.org/node/13698495601
Manufacturer: Flock Safety
Direction: 51
Zone: traffic
Camera type: fixed</description>
      <Point>
        <coordinates>-84.5996083,33.3994738,0</coordinates>
      </Point>
    </Placemark>
    <Placemark>
      <name>ALPR</name>
      <description>OSM node: https://www.openstreetmap.org/node/13698495607
Manufacturer: Flock Safety
Direction: 205
Zone: traffic
Camera type: fixed</description>
      <Point>
        <coordinates>-84.5996083,33.3994738,0</coordinates>
      </Point>
    </Placemark>
    <Placemark>
      <name>ALPR</name>
      <description>OSM node: https://www.openstreetmap.org/node/13698496902
Manufacturer: Flock Safety
Direction: 289
Zone: traffic
Camera type: fixed</description>
      <Point>
        <coordinates>-84.5996083,33.3994738,0</coordinates>
      </Point>
    </Placemark>
    <Placemark>
      <name>ALPR</name>
      <description>OSM node: https://www.openstreetmap.org/node/13698496903
Manufacturer: Flock Safety
Direction: 128
Zone: traffic
Camera type: fixed</description>
      <Point>
        <coordinates>-84.5996083,33.3994738,0</coordinates>
      </Point>
    </Placemark>
    <Placemark>
      <name>ALPR</name>
      <description>OSM node: https://www.openstreetmap.org/node/13698611401
Manufacturer: Flock Safety
Direction: 244
Zone: traffic
Camera type: fixed</description>
      <Point>
        <coordinates>-84.5799805,34.0365042,0</coordinates>
      </Point>
    </Placemark>
    <Placemark>
      <name>ALPR</name>
      <description>OSM node: https://www.openstreetmap.org/node/13699206201
Manufacturer: Flock Safety
Direction: 88
Zone: traffic
Camera type: fixed</description>
      <Point>
        <coordinates>-84.5358233,33.9504803,0</coordinates>
      </Point>
    </Placemark>
    <Placemark>
      <name>ALPR</name>
      <description>OSM node: https://www.openstreetmap.org/node/13699216901
Manufacturer: Flock Safety
Direction: 148
Zone: traffic
Camera type: fixed</description>
      <Point>
        <coordinates>-84.5539084,33.9702723,0</coordinates>
      </Point>
    </Placemark>
    <Placemark>
      <name>ALPR</name>
      <description>OSM node: https://www.openstreetmap.org/node/13699218601
Manufacturer: Flock Safety
Direction: 269
Zone: traffic
Camera type: fixed</description>
      <Point>
        <coordinates>-84.5507336,33.970345,0</coordinates>
      </Point>
    </Placemark>
    <Placemark>
      <name>ALPR</name>
      <description>OSM node: https://www.openstreetmap.org/node/13700003301
Manufacturer: Flock Safety
Direction: 23
Zone: traffic
Camera type: fixed</description>
      <Point>
        <coordinates>-84.4890106,34.659717,0</coordinates>
      </Point>
    </Placemark>
    <Placemark>
      <name>ALPR</name>
      <description>OSM node: https://www.openstreetmap.org/node/13700004201
Manufacturer: Flock Safety
Direction: 0
Zone: traffic
Camera type: fixed</description>
      <Point>
        <coordinates>-84.4645847,34.6111214,0</coordinates>
      </Point>
    </Placemark>
    <Placemark>
      <name>ALPR</name>
      <description>OSM node: https://www.openstreetmap.org/node/13700078976
Manufacturer: Flock Safety
Direction: 340
Camera type: fixed</description>
      <Point>
        <coordinates>-84.5515372,33.7736686,0</coordinates>
      </Point>
    </Placemark>
    <Placemark>
      <name>ALPR</name>
      <description>OSM node: https://www.openstreetmap.org/node/13700078977
Manufacturer: Flock Safety
Direction: 170
Camera type: fixed</description>
      <Point>
        <coordinates>-84.551749,33.7737649,0</coordinates>
      </Point>
    </Placemark>
    <Placemark>
      <name>ALPR</name>
      <description>OSM node: https://www.openstreetmap.org/node/13700117807
Manufacturer: Flock Safety
Camera type: fixed</description>
      <Point>
        <coordinates>-84.4730318,33.881287,0</coordinates>
      </Point>
    </Placemark>
    <Placemark>
      <name>ALPR</name>
      <description>OSM node: https://www.openstreetmap.org/node/13700148217
Manufacturer: Flock Safety
Direction: 280
Camera type: fixed</description>
      <Point>
        <coordinates>-84.4773132,33.8742919,0</coordinates>
      </Point>
    </Placemark>
    <Placemark>
      <name>ALPR</name>
      <description>OSM node: https://www.openstreetmap.org/node/13700148218
Manufacturer: Flock Safety
Direction: 140
Camera type: fixed</description>
      <Point>
        <coordinates>-84.4775002,33.8742807,0</coordinates>
      </Point>
    </Placemark>
    <Placemark>
      <name>ALPR</name>
      <description>OSM node: https://www.openstreetmap.org/node/13700207602
Manufacturer: Flock Safety
Direction: 158
Zone: traffic
Camera type: fixed</description>
      <Point>
        <coordinates>-84.3105601,33.7592324,0</coordinates>
      </Point>
    </Placemark>
    <Placemark>
      <name>ALPR</name>
      <description>OSM node: https://www.openstreetmap.org/node/13700332536
Manufacturer: Flock Safety
Direction: 60
Zone: traffic
Camera type: fixed</description>
      <Point>
        <coordinates>-84.1855997,34.1625814,0</coordinates>
      </Point>
    </Placemark>
    <Placemark>
      <name>ALPR</name>
      <description>OSM node: https://www.openstreetmap.org/node/13700332537
Manufacturer: Flock Safety
Direction: 320
Zone: traffic
Camera type: fixed</description>
      <Point>
        <coordinates>-84.1875284,34.1613118,0</coordinates>
      </Point>
    </Placemark>
    <Placemark>
      <name>ALPR</name>
      <description>OSM node: https://www.openstreetmap.org/node/13700416801
Manufacturer: Flock Safety
Direction: 34
Zone: traffic
Camera type: fixed</description>
      <Point>
        <coordinates>-84.0539427,33.9792405,0</coordinates>
      </Point>
    </Placemark>
    <Placemark>
      <name>ALPR</name>
      <description>OSM node: https://www.openstreetmap.org/node/13701222402
Manufacturer: Flock Safety
Direction: 322
Zone: traffic
Camera type: fixed</description>
      <Point>
        <coordinates>-84.3095459,33.753712,0</coordinates>
      </Point>
    </Placemark>
    <Placemark>
      <name>ALPR</name>
      <description>OSM node: https://www.openstreetmap.org/node/13701912002
Manufacturer: Flock Safety
Direction: 41
Zone: traffic
Camera type: fixed</description>
      <Point>
        <coordinates>-84.2633576,34.093181,0</coordinates>
      </Point>
    </Placemark>
    <Placemark>
      <name>ALPR</name>
      <description>OSM node: https://www.openstreetmap.org/node/13702082134
Manufacturer: Axon Enterprise
Direction: 139
Zone: traffic
Camera type: fixed</description>
      <Point>
        <coordinates>-84.2070708,34.0152268,0</coordinates>
      </Point>
    </Placemark>
    <Placemark>
      <name>ALPR</name>
      <description>OSM node: https://www.openstreetmap.org/node/13702183501
Manufacturer: Flock Safety
Direction: 261
Zone: traffic
Camera type: fixed</description>
      <Point>
        <coordinates>-84.7623592,33.3605999,0</coordinates>
      </Point>
    </Placemark>
    <Placemark>
      <name>ALPR</name>
      <description>OSM node: https://www.openstreetmap.org/node/13702248202
Manufacturer: Flock Safety
Direction: 282;192
Zone: traffic
Camera type: fixed</description>
      <Point>
        <coordinates>-82.8355202,31.4900249,0</coordinates>
      </Point>
    </Placemark>
    <Placemark>
      <name>ALPR</name>
      <description>OSM node: https://www.openstreetmap.org/node/13702697201
Manufacturer: Flock Safety
Direction: 230
Zone: traffic
Camera type: fixed</description>
      <Point>
        <coordinates>-81.9526173,33.4596492,0</coordinates>
      </Point>
    </Placemark>
    <Placemark>
      <name>ALPR</name>
      <description>OSM node: https://www.openstreetmap.org/node/13703468401
Manufacturer: Flock Safety
Direction: 0
Zone: traffic
Camera type: fixed</description>
      <Point>
        <coordinates>-84.3668587,34.0757979,0</coordinates>
      </Point>
    </Placemark>
    <Placemark>
      <name>ALPR</name>
      <description>OSM node: https://www.openstreetmap.org/node/13703626601
Manufacturer: Flock Safety
Direction: 18
Zone: traffic
Camera type: fixed</description>
      <Point>
        <coordinates>-83.4712584,31.2694153,0</coordinates>
      </Point>
    </Placemark>
    <Placemark>
      <name>ALPR</name>
      <description>OSM node: https://www.openstreetmap.org/node/13703627301
Manufacturer: Flock Safety
Direction: 238
Zone: traffic
Camera type: fixed</description>
      <Point>
        <coordinates>-83.4559048,31.2735828,0</coordinates>
      </Point>
    </Placemark>
    <Placemark>
      <name>ALPR</name>
      <description>OSM node: https://www.openstreetmap.org/node/13703810801
Manufacturer: Flock Safety
Direction: 238
Zone: traffic
Camera type: fixed</description>
      <Point>
        <coordinates>-82.0704722,33.5172039,0</coordinates>
      </Point>
    </Placemark>
    <Placemark>
      <name>ALPR</name>
      <description>OSM node: https://www.openstreetmap.org/node/13703810802
Manufacturer: Flock Safety
Direction: 55
Zone: traffic
Camera type: fixed</description>
      <Point>
        <coordinates>-82.0687145,33.5170764,0</coordinates>
      </Point>
    </Placemark>
    <Placemark>
      <name>ALPR</name>
      <description>OSM node: https://www.openstreetmap.org/node/13704037501
Manufacturer: Flock Safety
Direction: 129
Zone: traffic
Camera type: fixed</description>
      <Point>
        <coordinates>-82.7348422,33.7566791,0</coordinates>
      </Point>
    </Placemark>
    <Placemark>
      <name>ALPR</name>
      <description>OSM node: https://www.openstreetmap.org/node/13704037502
Manufacturer: Flock Safety
Direction: 181
Zone: traffic
Camera type: fixed</description>
      <Point>
        <coordinates>-82.7316888,33.7442667,0</coordinates>
      </Point>
    </Placemark>
    <Placemark>
      <name>ALPR</name>
      <description>OSM node: https://www.openstreetmap.org/node/13704189201
Manufacturer: Flock Safety
Direction: 93
Zone: traffic
Camera type: fixed</description>
      <Point>
        <coordinates>-85.2432546,34.0018008,0</coordinates>
      </Point>
    </Placemark>
    <Placemark>
      <name>ALPR</name>
      <description>OSM node: https://www.openstreetmap.org/node/13704190601
Manufacturer: Flock Safety
Direction: 278
Zone: traffic
Camera type: fixed</description>
      <Point>
        <coordinates>-85.2449041,34.0022577,0</coordinates>
      </Point>
    </Placemark>
    <Placemark>
      <name>ALPR</name>
      <description>OSM node: https://www.openstreetmap.org/node/13704243501
Manufacturer: Flock Safety
Direction: 177
Zone: traffic
Camera type: fixed</description>
      <Point>
        <coordinates>-85.0911713,33.6072275,0</coordinates>
      </Point>
    </Placemark>
    <Placemark>
      <name>ALPR</name>
      <description>OSM node: https://www.openstreetmap.org/node/13704244601
Manufacturer: Flock Safety
Direction: 193
Zone: traffic
Camera type: fixed</description>
      <Point>
        <coordinates>-85.0905036,33.6069241,0</coordinates>
      </Point>
    </Placemark>
    <Placemark>
      <name>ALPR</name>
      <description>OSM node: https://www.openstreetmap.org/node/13704266501
Manufacturer: Flock Safety
Direction: 165
Zone: traffic
Camera type: fixed</description>
      <Point>
        <coordinates>-85.0932821,33.5619961,0</coordinates>
      </Point>
    </Placemark>
    <Placemark>
      <name>ALPR</name>
      <description>OSM node: https://www.openstreetmap.org/node/13706421601
Manufacturer: Flock Safety
Direction: 302
Zone: traffic
Camera type: fixed</description>
      <Point>
        <coordinates>-84.3585532,33.7819737,0</coordinates>
      </Point>
    </Placemark>
    <Placemark>
      <name>ALPR</name>
      <description>OSM node: https://www.openstreetmap.org/node/13706432801
Manufacturer: Flock Safety
Direction: 283
Zone: traffic
Camera type: fixed</description>
      <Point>
        <coordinates>-84.3430843,33.7944306,0</coordinates>
      </Point>
    </Placemark>
    <Placemark>
      <name>ALPR</name>
      <description>OSM node: https://www.openstreetmap.org/node/13706433603
Manufacturer: Flock Safety
Direction: 221
Zone: traffic
Camera type: fixed</description>
      <Point>
        <coordinates>-84.3294829,33.787826,0</coordinates>
      </Point>
    </Placemark>
    <Placemark>
      <name>ALPR</name>
      <description>OSM node: https://www.openstreetmap.org/node/13706439402
Manufacturer: Flock Safety
Direction: 49
Zone: traffic
Camera type: fixed</description>
      <Point>
        <coordinates>-84.3295751,33.7879491,0</coordinates>
      </Point>
    </Placemark>
    <Placemark>
      <name>ALPR</name>
      <description>OSM node: https://www.openstreetmap.org/node/13706478501
Manufacturer: Flock Safety
Direction: 254
Zone: traffic
Camera type: fixed</description>
      <Point>
        <coordinates>-84.3057692,33.7951313,0</coordinates>
      </Point>
    </Placemark>
    <Placemark>
      <name>ALPR</name>
      <description>OSM node: https://www.openstreetmap.org/node/13706496601
Manufacturer: Flock Safety
Direction: 194
Zone: traffic
Camera type: fixed</description>
      <Point>
        <coordinates>-84.3076078,33.7985249,0</coordinates>
      </Point>
    </Placemark>
    <Placemark>
      <name>ALPR</name>
      <description>OSM node: https://www.openstreetmap.org/node/13706499801
Manufacturer: Flock Safety
Direction: 11
Zone: traffic
Camera type: fixed</description>
      <Point>
        <coordinates>-84.3075399,33.7982477,0</coordinates>
      </Point>
    </Placemark>
    <Placemark>
      <name>ALPR</name>
      <description>OSM node: https://www.openstreetmap.org/node/13706783101
Manufacturer: Flock Safety
Direction: 42
Zone: traffic
Camera type: fixed</description>
      <Point>
        <coordinates>-84.0263808,33.8794238,0</coordinates>
      </Point>
    </Placemark>
    <Placemark>
      <name>ALPR</name>
      <description>OSM node: https://www.openstreetmap.org/node/13706783301
Manufacturer: Flock Safety
Direction: 252
Zone: traffic
Camera type: fixed</description>
      <Point>
        <coordinates>-84.029823,33.8855374,0</coordinates>
      </Point>
    </Placemark>
    <Placemark>
      <name>ALPR</name>
      <description>OSM node: https://www.openstreetmap.org/node/13706783302
Manufacturer: Flock Safety
Direction: 300
Zone: traffic
Camera type: fixed</description>
      <Point>
        <coordinates>-84.01916,33.8765663,0</coordinates>
      </Point>
    </Placemark>
    <Placemark>
      <name>ALPR</name>
      <description>OSM node: https://www.openstreetmap.org/node/13706783801
Manufacturer: Flock Safety
Direction: 35
Zone: traffic
Camera type: fixed</description>
      <Point>
        <coordinates>-84.0235921,33.8762931,0</coordinates>
      </Point>
    </Placemark>
    <Placemark>
      <name>ALPR</name>
      <description>OSM node: https://www.openstreetmap.org/node/13706783802
Manufacturer: Flock Safety
Direction: 231
Zone: traffic
Camera type: fixed</description>
      <Point>
        <coordinates>-84.0235675,33.8765945,0</coordinates>
      </Point>
    </Placemark>
    <Placemark>
      <name>ALPR</name>
      <description>OSM node: https://www.openstreetmap.org/node/13706783803
Manufacturer: Flock Safety
Direction: 348
Zone: traffic
Camera type: fixed</description>
      <Point>
        <coordinates>-84.0213906,33.8756352,0</coordinates>
      </Point>
    </Placemark>
    <Placemark>
      <name>ALPR</name>
      <description>OSM node: https://www.openstreetmap.org/node/13706784301
Manufacturer: Flock Safety
Direction: 165
Zone: traffic
Camera type: fixed</description>
      <Point>
        <coordinates>-84.0215291,33.8756901,0</coordinates>
      </Point>
    </Placemark>
    <Placemark>
      <name>ALPR</name>
      <description>OSM node: https://www.openstreetmap.org/node/13706784701
Manufacturer: Flock Safety
Direction: 116
Zone: traffic
Camera type: fixed</description>
      <Point>
        <coordinates>-84.0194022,33.8764564,0</coordinates>
      </Point>
    </Placemark>
    <Placemark>
      <name>ALPR</name>
      <description>OSM node: https://www.openstreetmap.org/node/13706784702
Manufacturer: Flock Safety
Direction: 44
Zone: traffic
Camera type: fixed</description>
      <Point>
        <coordinates>-84.0247065,33.8780013,0</coordinates>
      </Point>
    </Placemark>
    <Placemark>
      <name>ALPR</name>
      <description>OSM node: https://www.openstreetmap.org/node/13706879801
Manufacturer: Flock Safety
Direction: 0
Zone: traffic
Camera type: fixed</description>
      <Point>
        <coordinates>-82.3332759,33.6853661,0</coordinates>
      </Point>
    </Placemark>
    <Placemark>
      <name>ALPR</name>
      <description>OSM node: https://www.openstreetmap.org/node/13708728201
Manufacturer: Flock Safety
Direction: 245
Zone: traffic
Camera type: fixed</description>
      <Point>
        <coordinates>-84.2910098,33.7937386,0</coordinates>
      </Point>
    </Placemark>
    <Placemark>
      <name>ALPR</name>
      <description>OSM node: https://www.openstreetmap.org/node/13708728202
Manufacturer: Flock Safety
Direction: 82
Zone: traffic
Camera type: fixed</description>
      <Point>
        <coordinates>-84.2841666,33.7918367,0</coordinates>
      </Point>
    </Placemark>
    <Placemark>
      <name>ALPR</name>
      <description>OSM node: https://www.openstreetmap.org/node/13708742601
Manufacturer: Flock Safety
Direction: 247
Zone: traffic
Camera type: fixed</description>
      <Point>
        <coordinates>-84.2859298,33.7923486,0</coordinates>
      </Point>
    </Placemark>
    <Placemark>
      <name>ALPR</name>
      <description>OSM node: https://www.openstreetmap.org/node/13709412301
Manufacturer: Flock Safety
Direction: 17
Zone: traffic
Camera type: fixed</description>
      <Point>
        <coordinates>-82.5568905,33.4326701,0</coordinates>
      </Point>
    </Placemark>
    <Placemark>
      <name>ALPR</name>
      <description>OSM node: https://www.openstreetmap.org/node/13709488001
Manufacturer: Flock Safety
Direction: 60
Zone: traffic
Camera type: fixed</description>
      <Point>
        <coordinates>-84.6405245,33.9319608,0</coordinates>
      </Point>
    </Placemark>
    <Placemark>
      <name>ALPR</name>
      <description>OSM node: https://www.openstreetmap.org/node/13709596901
Manufacturer: Flock Safety
Direction: 228
Zone: traffic
Camera type: fixed</description>
      <Point>
        <coordinates>-84.2637461,34.2931813,0</coordinates>
      </Point>
    </Placemark>
    <Placemark>
      <name>ALPR</name>
      <description>OSM node: https://www.openstreetmap.org/node/13709908301
Manufacturer: Flock Safety
Direction: 0
Zone: traffic
Camera type: fixed</description>
      <Point>
        <coordinates>-85.0319001,33.8305781,0</coordinates>
      </Point>
    </Placemark>
    <Placemark>
      <name>ALPR</name>
      <description>OSM node: https://www.openstreetmap.org/node/13709908302
Manufacturer: Flock Safety
Direction: 0
Zone: traffic
Camera type: fixed</description>
      <Point>
        <coordinates>-84.9954198,33.8395331,0</coordinates>
      </Point>
    </Placemark>
    <Placemark>
      <name>ALPR</name>
      <description>OSM node: https://www.openstreetmap.org/node/13709990002
Manufacturer: Flock Safety
Direction: 139
Zone: traffic
Camera type: fixed</description>
      <Point>
        <coordinates>-84.5204299,33.8940576,0</coordinates>
      </Point>
    </Placemark>
    <Placemark>
      <name>Dublin GA ALPR</name>
      <description>OSM node: https://www.openstreetmap.org/node/13711223878
Operator: Dublin GA
Manufacturer: Flock Safety
Direction: 280
Camera type: fixed</description>
      <Point>
        <coordinates>-82.9345568,32.537106,0</coordinates>
      </Point>
    </Placemark>
    <Placemark>
      <name>ALPR</name>
      <description>OSM node: https://www.openstreetmap.org/node/13711415001
Manufacturer: Motorola Solutions
Direction: 320
Zone: traffic
Camera type: fixed</description>
      <Point>
        <coordinates>-84.5910559,33.4411296,0</coordinates>
      </Point>
    </Placemark>
    <Placemark>
      <name>ALPR</name>
      <description>OSM node: https://www.openstreetmap.org/node/13712149101
Manufacturer: Flock Safety
Direction: 87
Zone: traffic
Camera type: fixed</description>
      <Point>
        <coordinates>-81.0911655,32.0816445,0</coordinates>
      </Point>
    </Placemark>
    <Placemark>
      <name>ALPR</name>
      <description>OSM node: https://www.openstreetmap.org/node/13712319102
Manufacturer: Motorola Solutions
Direction: 41
Zone: traffic
Camera type: fixed</description>
      <Point>
        <coordinates>-84.4857562,33.9032552,0</coordinates>
      </Point>
    </Placemark>
    <Placemark>
      <name>ALPR</name>
      <description>OSM node: https://www.openstreetmap.org/node/13712389101
Manufacturer: Flock Safety
Direction: 55
Zone: traffic
Camera type: fixed</description>
      <Point>
        <coordinates>-84.0015518,33.1121756,0</coordinates>
      </Point>
    </Placemark>
    <Placemark>
      <name>ALPR</name>
      <description>OSM node: https://www.openstreetmap.org/node/13712640601
Manufacturer: Flock Safety
Direction: 0
Zone: traffic
Camera type: fixed</description>
      <Point>
        <coordinates>-84.3431203,33.8268725,0</coordinates>
      </Point>
    </Placemark>
    <Placemark>
      <name>ALPR</name>
      <description>OSM node: https://www.openstreetmap.org/node/13712644301
Manufacturer: Motorola Solutions
Direction: 326
Zone: traffic
Camera type: fixed</description>
      <Point>
        <coordinates>-84.8889497,34.3571838,0</coordinates>
      </Point>
    </Placemark>
    <Placemark>
      <name>ALPR</name>
      <description>OSM node: https://www.openstreetmap.org/node/13714177301
Manufacturer: Flock Safety
Direction: 0
Zone: traffic
Camera type: fixed</description>
      <Point>
        <coordinates>-82.4774579,33.4579669,0</coordinates>
      </Point>
    </Placemark>
    <Placemark>
      <name>ALPR</name>
      <description>OSM node: https://www.openstreetmap.org/node/13714253632
Manufacturer: Flock Safety
Direction: 134
Zone: traffic
Camera type: fixed</description>
      <Point>
        <coordinates>-82.086332,33.4448357,0</coordinates>
      </Point>
    </Placemark>
    <Placemark>
      <name>ALPR</name>
      <description>OSM node: https://www.openstreetmap.org/node/13714255704
Manufacturer: Flock Safety
Direction: 102
Zone: traffic
Camera type: fixed</description>
      <Point>
        <coordinates>-82.081217,33.4207008,0</coordinates>
      </Point>
    </Placemark>
    <Placemark>
      <name>ALPR</name>
      <description>OSM node: https://www.openstreetmap.org/node/13714396601
Manufacturer: Flock Safety
Direction: 185
Zone: traffic
Camera type: fixed</description>
      <Point>
        <coordinates>-85.2907772,33.4746618,0</coordinates>
      </Point>
    </Placemark>
    <Placemark>
      <name>ALPR</name>
      <description>OSM node: https://www.openstreetmap.org/node/13714776201
Manufacturer: Flock Safety
Direction: 282
Zone: traffic
Camera type: fixed</description>
      <Point>
        <coordinates>-82.1044985,33.48615,0</coordinates>
      </Point>
    </Placemark>
    <Placemark>
      <name>ALPR</name>
      <description>OSM node: https://www.openstreetmap.org/node/13715129101
Manufacturer: Flock Safety
Direction: 255
Zone: traffic
Camera type: fixed</description>
      <Point>
        <coordinates>-82.3358585,33.419998,0</coordinates>
      </Point>
    </Placemark>
    <Placemark>
      <name>ALPR</name>
      <description>OSM node: https://www.openstreetmap.org/node/13715425501
Manufacturer: Flock Safety
Direction: 261
Zone: traffic
Camera type: fixed</description>
      <Point>
        <coordinates>-85.1676061,34.237782,0</coordinates>
      </Point>
    </Placemark>
    <Placemark>
      <name>ALPR</name>
      <description>OSM node: https://www.openstreetmap.org/node/13715426601
Manufacturer: Flock Safety
Direction: 120
Zone: traffic
Camera type: fixed</description>
      <Point>
        <coordinates>-85.1777538,34.2392244,0</coordinates>
      </Point>
    </Placemark>
    <Placemark>
      <name>ALPR</name>
      <description>OSM node: https://www.openstreetmap.org/node/13715482901
Manufacturer: Flock Safety
Direction: 303
Zone: traffic
Camera type: fixed</description>
      <Point>
        <coordinates>-85.2248776,34.1795725,0</coordinates>
      </Point>
    </Placemark>
    <Placemark>
      <name>ALPR</name>
      <description>OSM node: https://www.openstreetmap.org/node/13715485901
Manufacturer: Flock Safety
Direction: 0
Zone: traffic
Camera type: fixed</description>
      <Point>
        <coordinates>-85.211614,34.2848391,0</coordinates>
      </Point>
    </Placemark>
    <Placemark>
      <name>ALPR</name>
      <description>OSM node: https://www.openstreetmap.org/node/13715486801
Manufacturer: Flock Safety
Direction: 353
Zone: traffic
Camera type: fixed</description>
      <Point>
        <coordinates>-85.210252,34.2848516,0</coordinates>
      </Point>
    </Placemark>
    <Placemark>
      <name>ALPR</name>
      <description>OSM node: https://www.openstreetmap.org/node/13716184902
Manufacturer: Flock Safety
Direction: 147
Zone: traffic
Camera type: fixed</description>
      <Point>
        <coordinates>-83.6409135,33.1585546,0</coordinates>
      </Point>
    </Placemark>
    <Placemark>
      <name>ALPR</name>
      <description>OSM node: https://www.openstreetmap.org/node/13716302801
Manufacturer: Flock Safety
Direction: 50;227
Zone: traffic
Camera type: fixed</description>
      <Point>
        <coordinates>-84.2871659,33.8612065,0</coordinates>
      </Point>
    </Placemark>
    <Placemark>
      <name>ALPR</name>
      <description>OSM node: https://www.openstreetmap.org/node/13716305301
Manufacturer: Flock Safety
Direction: 31;215
Zone: traffic
Camera type: fixed</description>
      <Point>
        <coordinates>-84.2902531,33.8624291,0</coordinates>
      </Point>
    </Placemark>
    <Placemark>
      <name>ALPR</name>
      <description>OSM node: https://www.openstreetmap.org/node/13717008801
Manufacturer: Flock Safety
Direction: 0
Zone: traffic
Camera type: fixed</description>
      <Point>
        <coordinates>-84.3665638,33.7760481,0</coordinates>
      </Point>
    </Placemark>
    <Placemark>
      <name>ALPR</name>
      <description>OSM node: https://www.openstreetmap.org/node/13717026101
Manufacturer: Flock Safety
Direction: 0
Zone: traffic
Camera type: fixed</description>
      <Point>
        <coordinates>-84.3672952,33.7758684,0</coordinates>
      </Point>
    </Placemark>
    <Placemark>
      <name>ALPR</name>
      <description>OSM node: https://www.openstreetmap.org/node/13717285601
Manufacturer: Flock Safety
Direction: 337
Zone: traffic
Camera type: fixed</description>
      <Point>
        <coordinates>-83.4337609,33.1990714,0</coordinates>
      </Point>
    </Placemark>
    <Placemark>
      <name>ALPR</name>
      <description>OSM node: https://www.openstreetmap.org/node/13717365901
Manufacturer: Flock Safety
Direction: 316
Zone: traffic
Camera type: fixed</description>
      <Point>
        <coordinates>-83.3064802,33.7580501,0</coordinates>
      </Point>
    </Placemark>
    <Placemark>
      <name>ALPR</name>
      <description>OSM node: https://www.openstreetmap.org/node/13717445271
Direction: 150
Zone: traffic</description>
      <Point>
        <coordinates>-84.2064744,34.0310881,0</coordinates>
      </Point>
    </Placemark>
    <Placemark>
      <name>ALPR</name>
      <description>OSM node: https://www.openstreetmap.org/node/13717464296
Direction: 340
Zone: traffic</description>
      <Point>
        <coordinates>-84.2063116,34.0310755,0</coordinates>
      </Point>
    </Placemark>
    <Placemark>
      <name>ALPR</name>
      <description>OSM node: https://www.openstreetmap.org/node/13718510220
Direction: 120
Zone: traffic
Camera type: fixed</description>
      <Point>
        <coordinates>-84.2397551,34.0488646,0</coordinates>
      </Point>
    </Placemark>
    <Placemark>
      <name>ALPR</name>
      <description>OSM node: https://www.openstreetmap.org/node/13718538676
Direction: 30
Zone: traffic</description>
      <Point>
        <coordinates>-84.2429453,34.0484452,0</coordinates>
      </Point>
    </Placemark>
    <Placemark>
      <name>ALPR</name>
      <description>OSM node: https://www.openstreetmap.org/node/13718546165
Direction: 45
Zone: traffic</description>
      <Point>
        <coordinates>-84.2463285,34.0480266,0</coordinates>
      </Point>
    </Placemark>
    <Placemark>
      <name>ALPR</name>
      <description>OSM node: https://www.openstreetmap.org/node/13718554584
Direction: 60
Zone: traffic</description>
      <Point>
        <coordinates>-84.2622384,34.0482498,0</coordinates>
      </Point>
    </Placemark>
    <Placemark>
      <name>ALPR</name>
      <description>OSM node: https://www.openstreetmap.org/node/13718559245
Direction: 15
Zone: traffic</description>
      <Point>
        <coordinates>-84.2525171,34.046017,0</coordinates>
      </Point>
    </Placemark>
    <Placemark>
      <name>ALPR</name>
      <description>OSM node: https://www.openstreetmap.org/node/13718562122
Direction: 90
Zone: traffic</description>
      <Point>
        <coordinates>-84.252672,34.0462076,0</coordinates>
      </Point>
    </Placemark>
    <Placemark>
      <name>ALPR</name>
      <description>OSM node: https://www.openstreetmap.org/node/13718582410
Direction: 345
Zone: traffic</description>
      <Point>
        <coordinates>-84.2675752,34.0502487,0</coordinates>
      </Point>
    </Placemark>
    <Placemark>
      <name>ALPR</name>
      <description>OSM node: https://www.openstreetmap.org/node/13718709401
Manufacturer: Flock Safety
Direction: 112
Zone: traffic
Camera type: fixed</description>
      <Point>
        <coordinates>-84.5131853,33.9505776,0</coordinates>
      </Point>
    </Placemark>
    <Placemark>
      <name>ALPR</name>
      <description>OSM node: https://www.openstreetmap.org/node/13719077478
Manufacturer: Flock Safety
Direction: 357
Zone: traffic
Camera type: fixed</description>
      <Point>
        <coordinates>-84.117368,33.9646792,0</coordinates>
      </Point>
    </Placemark>
    <Placemark>
      <name>ALPR</name>
      <description>OSM node: https://www.openstreetmap.org/node/13719176602
Manufacturer: Flock Safety
Direction: 37
Zone: traffic
Camera type: fixed</description>
      <Point>
        <coordinates>-84.0157235,32.3091923,0</coordinates>
      </Point>
    </Placemark>
    <Placemark>
      <name>ALPR</name>
      <description>OSM node: https://www.openstreetmap.org/node/13719176901
Manufacturer: Flock Safety
Direction: 209
Zone: traffic
Camera type: fixed</description>
      <Point>
        <coordinates>-84.0161048,32.3098614,0</coordinates>
      </Point>
    </Placemark>
    <Placemark>
      <name>ALPR</name>
      <description>OSM node: https://www.openstreetmap.org/node/13719248301
Manufacturer: Flock Safety
Direction: 355
Zone: traffic
Camera type: fixed</description>
      <Point>
        <coordinates>-84.0256385,32.304524,0</coordinates>
      </Point>
    </Placemark>
    <Placemark>
      <name>ALPR</name>
      <description>OSM node: https://www.openstreetmap.org/node/13719261402
Manufacturer: Flock Safety
Direction: 250
Zone: traffic
Camera type: fixed</description>
      <Point>
        <coordinates>-84.2534788,31.6132486,0</coordinates>
      </Point>
    </Placemark>
    <Placemark>
      <name>ALPR</name>
      <description>OSM node: https://www.openstreetmap.org/node/13719690201
Manufacturer: Flock Safety
Direction: 254
Zone: traffic
Camera type: fixed</description>
      <Point>
        <coordinates>-84.3334312,33.7475897,0</coordinates>
      </Point>
    </Placemark>
    <Placemark>
      <name>ALPR</name>
      <description>OSM node: https://www.openstreetmap.org/node/13719709999
Direction: 240
Zone: entrance</description>
      <Point>
        <coordinates>-84.1984422,34.0238365,0</coordinates>
      </Point>
    </Placemark>
    <Placemark>
      <name>ALPR</name>
      <description>OSM node: https://www.openstreetmap.org/node/13719718475
Manufacturer: Flock Safety
Direction: 275
Zone: traffic
Camera type: fixed</description>
      <Point>
        <coordinates>-84.9749225,32.8559435,0</coordinates>
      </Point>
    </Placemark>
    <Placemark>
      <name>ALPR</name>
      <description>OSM node: https://www.openstreetmap.org/node/13719723263
Direction: 350
Zone: traffic</description>
      <Point>
        <coordinates>-84.1960026,34.0219022,0</coordinates>
      </Point>
    </Placemark>
    <Placemark>
      <name>ALPR</name>
      <description>OSM node: https://www.openstreetmap.org/node/13719744252
Direction: 150
Zone: traffic</description>
      <Point>
        <coordinates>-84.1959895,34.0218936,0</coordinates>
      </Point>
    </Placemark>
    <Placemark>
      <name>ALPR</name>
      <description>OSM node: https://www.openstreetmap.org/node/13719765474
Direction: 190
Zone: traffic</description>
      <Point>
        <coordinates>-84.2641989,34.0639284,0</coordinates>
      </Point>
    </Placemark>
    <Placemark>
      <name>ALPR</name>
      <description>OSM node: https://www.openstreetmap.org/node/13719775431
Direction: 281
Zone: traffic</description>
      <Point>
        <coordinates>-84.1906526,34.0186569,0</coordinates>
      </Point>
    </Placemark>
    <Placemark>
      <name>ALPR</name>
      <description>OSM node: https://www.openstreetmap.org/node/13719776024
Manufacturer: Flock Safety
Direction: 105
Zone: traffic
Camera type: fixed</description>
      <Point>
        <coordinates>-84.9770445,32.8562587,0</coordinates>
      </Point>
    </Placemark>
    <Placemark>
      <name>ALPR</name>
      <description>OSM node: https://www.openstreetmap.org/node/13719788110
Direction: 60
Zone: traffic</description>
      <Point>
        <coordinates>-84.2607587,34.0687455,0</coordinates>
      </Point>
    </Placemark>
    <Placemark>
      <name>ALPR</name>
      <description>OSM node: https://www.openstreetmap.org/node/13719788245
Direction: 90
Zone: traffic</description>
      <Point>
        <coordinates>-84.2849712,34.0488524,0</coordinates>
      </Point>
    </Placemark>
    <Placemark>
      <name>ALPR</name>
      <description>OSM node: https://www.openstreetmap.org/node/13719988501
Manufacturer: Flock Safety
Direction: 120
Zone: traffic
Camera type: fixed</description>
      <Point>
        <coordinates>-84.0329425,33.66357,0</coordinates>
      </Point>
    </Placemark>
    <Placemark>
      <name>ALPR</name>
      <description>OSM node: https://www.openstreetmap.org/node/13719989101
Manufacturer: Flock Safety
Direction: 40
Zone: traffic
Camera type: fixed</description>
      <Point>
        <coordinates>-84.0278745,33.6653587,0</coordinates>
      </Point>
    </Placemark>
    <Placemark>
      <name>ALPR</name>
      <description>OSM node: https://www.openstreetmap.org/node/13719993001
Manufacturer: Flock Safety
Direction: 0
Zone: traffic
Camera type: fixed</description>
      <Point>
        <coordinates>-84.0258819,33.6449282,0</coordinates>
      </Point>
    </Placemark>
    <Placemark>
      <name>Lowe's ALPR</name>
      <description>OSM node: https://www.openstreetmap.org/node/13720007202
Operator: Lowe's
Manufacturer: Flock Safety
Direction: 0
Zone: traffic
Camera type: fixed</description>
      <Point>
        <coordinates>-84.3476247,33.7589365,0</coordinates>
      </Point>
    </Placemark>
    <Placemark>
      <name>ALPR</name>
      <description>OSM node: https://www.openstreetmap.org/node/13720017501
Manufacturer: Flock Safety
Direction: 193
Zone: traffic
Camera type: fixed</description>
      <Point>
        <coordinates>-84.4191832,33.7309836,0</coordinates>
      </Point>
    </Placemark>
    <Placemark>
      <name>ALPR</name>
      <description>OSM node: https://www.openstreetmap.org/node/13720017602
Manufacturer: Flock Safety
Direction: 300
Zone: traffic
Camera type: fixed</description>
      <Point>
        <coordinates>-84.4176606,33.7302061,0</coordinates>
      </Point>
    </Placemark>
    <Placemark>
      <name>ALPR</name>
      <description>OSM node: https://www.openstreetmap.org/node/13720018001
Manufacturer: Flock Safety
Direction: 154
Zone: traffic
Camera type: fixed</description>
      <Point>
        <coordinates>-84.4177127,33.7302832,0</coordinates>
      </Point>
    </Placemark>
    <Placemark>
      <name>ALPR</name>
      <description>OSM node: https://www.openstreetmap.org/node/13720019501
Manufacturer: Flock Safety
Direction: 298
Zone: traffic
Camera type: fixed</description>
      <Point>
        <coordinates>-84.4211979,33.7321152,0</coordinates>
      </Point>
    </Placemark>
    <Placemark>
      <name>ALPR</name>
      <description>OSM node: https://www.openstreetmap.org/node/13720020601
Manufacturer: Flock Safety
Direction: 260
Zone: traffic
Camera type: fixed</description>
      <Point>
        <coordinates>-84.4218365,33.7324754,0</coordinates>
      </Point>
    </Placemark>
    <Placemark>
      <name>ALPR</name>
      <description>OSM node: https://www.openstreetmap.org/node/13720021901
Manufacturer: Flock Safety
Direction: 157
Zone: traffic
Camera type: fixed</description>
      <Point>
        <coordinates>-84.4231276,33.7331178,0</coordinates>
      </Point>
    </Placemark>
    <Placemark>
      <name>ALPR</name>
      <description>OSM node: https://www.openstreetmap.org/node/13720035602
Manufacturer: Flock Safety
Direction: 0
Zone: traffic
Camera type: fixed</description>
      <Point>
        <coordinates>-84.979648,32.5579874,0</coordinates>
      </Point>
    </Placemark>
    <Placemark>
      <name>ALPR</name>
      <description>OSM node: https://www.openstreetmap.org/node/13720967501
Manufacturer: Flock Safety
Direction: 0
Zone: traffic
Camera type: fixed</description>
      <Point>
        <coordinates>-84.4298565,33.7370704,0</coordinates>
      </Point>
    </Placemark>
    <Placemark>
      <name>ALPR</name>
      <description>OSM node: https://www.openstreetmap.org/node/13720967601
Manufacturer: Flock Safety
Direction: 125
Zone: traffic
Camera type: fixed</description>
      <Point>
        <coordinates>-84.429148,33.7365542,0</coordinates>
      </Point>
    </Placemark>
    <Placemark>
      <name>ALPR</name>
      <description>OSM node: https://www.openstreetmap.org/node/13721031101
Manufacturer: Flock Safety
Direction: 180
Zone: traffic
Camera type: fixed</description>
      <Point>
        <coordinates>-84.4268428,33.7353457,0</coordinates>
      </Point>
    </Placemark>
    <Placemark>
      <name>ALPR</name>
      <description>OSM node: https://www.openstreetmap.org/node/13721033501
Manufacturer: Flock Safety
Direction: 193
Zone: traffic
Camera type: fixed</description>
      <Point>
        <coordinates>-84.4299414,33.7372001,0</coordinates>
      </Point>
    </Placemark>
    <Placemark>
      <name>ALPR</name>
      <description>OSM node: https://www.openstreetmap.org/node/13721044702
Manufacturer: Flock Safety
Direction: 4
Zone: traffic
Camera type: fixed</description>
      <Point>
        <coordinates>-84.5012448,33.9181457,0</coordinates>
      </Point>
    </Placemark>
    <Placemark>
      <name>ALPR</name>
      <description>OSM node: https://www.openstreetmap.org/node/13721045801
Manufacturer: Flock Safety
Direction: 4
Zone: traffic
Camera type: fixed</description>
      <Point>
        <coordinates>-84.5012448,33.9181457,0</coordinates>
      </Point>
    </Placemark>
    <Placemark>
      <name>ALPR</name>
      <description>OSM node: https://www.openstreetmap.org/node/13721115601
Manufacturer: Flock Safety
Direction: 249
Zone: traffic
Camera type: fixed</description>
      <Point>
        <coordinates>-84.3958171,33.7420821,0</coordinates>
      </Point>
    </Placemark>
    <Placemark>
      <name>ALPR</name>
      <description>OSM node: https://www.openstreetmap.org/node/13721191902
Manufacturer: Flock Safety
Direction: 185
Zone: traffic
Camera type: fixed</description>
      <Point>
        <coordinates>-84.1436511,34.2538868,0</coordinates>
      </Point>
    </Placemark>
    <Placemark>
      <name>ALPR</name>
      <description>OSM node: https://www.openstreetmap.org/node/13721587101
Manufacturer: Flock Safety
Direction: 124
Zone: traffic
Camera type: fixed</description>
      <Point>
        <coordinates>-84.26275,33.9001262,0</coordinates>
      </Point>
    </Placemark>
    <Placemark>
      <name>ALPR</name>
      <description>OSM node: https://www.openstreetmap.org/node/13723047301
Manufacturer: Flock Safety
Direction: 182
Zone: traffic
Camera type: fixed</description>
      <Point>
        <coordinates>-82.4378631,31.4170536,0</coordinates>
      </Point>
    </Placemark>
    <Placemark>
      <name>ALPR</name>
      <description>OSM node: https://www.openstreetmap.org/node/13723178502
Manufacturer: Flock Safety
Direction: 17
Zone: traffic
Camera type: fixed</description>
      <Point>
        <coordinates>-81.070137,32.0416392,0</coordinates>
      </Point>
    </Placemark>
    <Placemark>
      <name>ALPR</name>
      <description>OSM node: https://www.openstreetmap.org/node/13723215902
Manufacturer: Flock Safety
Direction: 262
Zone: traffic
Camera type: fixed</description>
      <Point>
        <coordinates>-81.5553861,31.1295515,0</coordinates>
      </Point>
    </Placemark>
    <Placemark>
      <name>ALPR</name>
      <description>OSM node: https://www.openstreetmap.org/node/13723230601
Manufacturer: Flock Safety
Direction: 181
Zone: traffic
Camera type: fixed</description>
      <Point>
        <coordinates>-81.0645599,32.0408144,0</coordinates>
      </Point>
    </Placemark>
    <Placemark>
      <name>ALPR</name>
      <description>OSM node: https://www.openstreetmap.org/node/13723242701
Manufacturer: Flock Safety
Direction: 146
Zone: traffic
Camera type: fixed</description>
      <Point>
        <coordinates>-81.5045568,31.1924014,0</coordinates>
      </Point>
    </Placemark>
    <Placemark>
      <name>ALPR</name>
      <description>OSM node: https://www.openstreetmap.org/node/13723566501
Manufacturer: Flock Safety
Direction: 195
Zone: traffic
Camera type: fixed</description>
      <Point>
        <coordinates>-84.3512864,33.8134084,0</coordinates>
      </Point>
    </Placemark>
    <Placemark>
      <name>ALPR</name>
      <description>OSM node: https://www.openstreetmap.org/node/13723570001
Manufacturer: Flock Safety
Direction: 57
Zone: traffic
Camera type: fixed</description>
      <Point>
        <coordinates>-84.3383313,33.813961,0</coordinates>
      </Point>
    </Placemark>
    <Placemark>
      <name>ALPR</name>
      <description>OSM node: https://www.openstreetmap.org/node/13723570002
Manufacturer: Flock Safety
Direction: 310
Zone: traffic
Camera type: fixed</description>
      <Point>
        <coordinates>-84.3413083,33.8149472,0</coordinates>
      </Point>
    </Placemark>
    <Placemark>
      <name>ALPR</name>
      <description>OSM node: https://www.openstreetmap.org/node/13723612902
Manufacturer: Flock Safety
Direction: 144
Zone: traffic
Camera type: fixed</description>
      <Point>
        <coordinates>-83.372655,33.9576325,0</coordinates>
      </Point>
    </Placemark>
    <Placemark>
      <name>ALPR</name>
      <description>OSM node: https://www.openstreetmap.org/node/13723723903
Manufacturer: Flock Safety
Direction: 265
Zone: traffic
Camera type: fixed</description>
      <Point>
        <coordinates>-84.5893616,34.1211988,0</coordinates>
      </Point>
    </Placemark>
    <Placemark>
      <name>ALPR</name>
      <description>OSM node: https://www.openstreetmap.org/node/13723734201
Manufacturer: Flock Safety
Direction: 202
Zone: traffic
Camera type: fixed</description>
      <Point>
        <coordinates>-84.3354359,33.8155095,0</coordinates>
      </Point>
    </Placemark>
    <Placemark>
      <name>ALPR</name>
      <description>OSM node: https://www.openstreetmap.org/node/13723740101
Manufacturer: Flock Safety
Direction: 272
Zone: traffic
Camera type: fixed</description>
      <Point>
        <coordinates>-84.427436,33.7357224,0</coordinates>
      </Point>
    </Placemark>
    <Placemark>
      <name>ALPR</name>
      <description>OSM node: https://www.openstreetmap.org/node/13723743101
Manufacturer: Flock Safety
Direction: 249
Zone: traffic
Camera type: fixed</description>
      <Point>
        <coordinates>-84.3958171,33.7420821,0</coordinates>
      </Point>
    </Placemark>
    <Placemark>
      <name>ALPR</name>
      <description>OSM node: https://www.openstreetmap.org/node/13723954901
Manufacturer: Flock Safety
Direction: 311
Zone: traffic
Camera type: fixed</description>
      <Point>
        <coordinates>-84.5010802,33.6564118,0</coordinates>
      </Point>
    </Placemark>
    <Placemark>
      <name>ALPR</name>
      <description>OSM node: https://www.openstreetmap.org/node/13723972501
Manufacturer: Flock Safety
Direction: 136
Zone: traffic
Camera type: fixed</description>
      <Point>
        <coordinates>-84.5016751,33.6554049,0</coordinates>
      </Point>
    </Placemark>
    <Placemark>
      <name>ALPR</name>
      <description>OSM node: https://www.openstreetmap.org/node/13723988401
Manufacturer: Flock Safety
Direction: 184
Zone: traffic
Camera type: fixed</description>
      <Point>
        <coordinates>-84.0634788,33.2039033,0</coordinates>
      </Point>
    </Placemark>
    <Placemark>
      <name>ALPR</name>
      <description>OSM node: https://www.openstreetmap.org/node/13724109902
Manufacturer: Flock Safety
Direction: 132
Zone: traffic
Camera type: fixed</description>
      <Point>
        <coordinates>-84.2315555,33.7858057,0</coordinates>
      </Point>
    </Placemark>
    <Placemark>
      <name>ALPR</name>
      <description>OSM node: https://www.openstreetmap.org/node/13724356002
Manufacturer: Flock Safety
Direction: 236
Zone: traffic
Camera type: fixed</description>
      <Point>
        <coordinates>-84.3574805,33.8397527,0</coordinates>
      </Point>
    </Placemark>
    <Placemark>
      <name>ALPR</name>
      <description>OSM node: https://www.openstreetmap.org/node/13725265701
Manufacturer: Flock Safety
Direction: 177
Zone: traffic
Camera type: fixed</description>
      <Point>
        <coordinates>-84.8828063,34.7831287,0</coordinates>
      </Point>
    </Placemark>
    <Placemark>
      <name>ALPR</name>
      <description>OSM node: https://www.openstreetmap.org/node/13725787701
Manufacturer: Flock Safety
Direction: 177
Zone: traffic
Camera type: fixed</description>
      <Point>
        <coordinates>-82.5181893,33.4438825,0</coordinates>
      </Point>
    </Placemark>
    <Placemark>
      <name>ALPR</name>
      <description>OSM node: https://www.openstreetmap.org/node/13725807401
Manufacturer: Flock Safety
Direction: 0;0;0;0;0;0;0;275
Zone: traffic
Camera type: fixed</description>
      <Point>
        <coordinates>-84.2275782,31.6211027,0</coordinates>
      </Point>
    </Placemark>
    <Placemark>
      <name>ALPR</name>
      <description>OSM node: https://www.openstreetmap.org/node/13725839402
Manufacturer: Flock Safety
Direction: 208
Zone: traffic
Camera type: fixed</description>
      <Point>
        <coordinates>-83.4072979,33.9671939,0</coordinates>
      </Point>
    </Placemark>
    <Placemark>
      <name>ALPR</name>
      <description>OSM node: https://www.openstreetmap.org/node/13726025302
Manufacturer: Flock Safety
Direction: 227
Zone: traffic
Camera type: fixed</description>
      <Point>
        <coordinates>-84.9118724,33.7988066,0</coordinates>
      </Point>
    </Placemark>
    <Placemark>
      <name>ALPR</name>
      <description>OSM node: https://www.openstreetmap.org/node/13726029701
Manufacturer: Flock Safety
Direction: 170
Zone: traffic
Camera type: fixed</description>
      <Point>
        <coordinates>-84.9200346,33.8019587,0</coordinates>
      </Point>
    </Placemark>
    <Placemark>
      <name>ALPR</name>
      <description>OSM node: https://www.openstreetmap.org/node/13726107101
Manufacturer: Flock Safety
Direction: 338
Zone: traffic
Camera type: fixed</description>
      <Point>
        <coordinates>-85.0786937,33.5787388,0</coordinates>
      </Point>
    </Placemark>
    <Placemark>
      <name>ALPR</name>
      <description>OSM node: https://www.openstreetmap.org/node/13726113101
Manufacturer: Flock Safety
Direction: 202
Zone: traffic
Camera type: fixed</description>
      <Point>
        <coordinates>-84.4084362,33.5925719,0</coordinates>
      </Point>
    </Placemark>
    <Placemark>
      <name>ALPR</name>
      <description>OSM node: https://www.openstreetmap.org/node/13726115001
Manufacturer: Flock Safety
Direction: 133
Zone: traffic
Camera type: fixed</description>
      <Point>
        <coordinates>-84.4190965,33.5831873,0</coordinates>
      </Point>
    </Placemark>
    <Placemark>
      <name>ALPR</name>
      <description>OSM node: https://www.openstreetmap.org/node/13726172301
Manufacturer: Flock Safety
Direction: 153
Zone: traffic
Camera type: fixed</description>
      <Point>
        <coordinates>-83.8512282,33.6892887,0</coordinates>
      </Point>
    </Placemark>
    <Placemark>
      <name>ALPR</name>
      <description>OSM node: https://www.openstreetmap.org/node/13726181401
Manufacturer: Flock Safety
Direction: 330
Zone: traffic
Camera type: fixed</description>
      <Point>
        <coordinates>-83.8673238,33.6383114,0</coordinates>
      </Point>
    </Placemark>
    <Placemark>
      <name>ALPR</name>
      <description>OSM node: https://www.openstreetmap.org/node/13726182501
Manufacturer: Flock Safety
Direction: 25
Zone: parking
Camera type: fixed</description>
      <Point>
        <coordinates>-83.8672259,33.6258521,0</coordinates>
      </Point>
    </Placemark>
    <Placemark>
      <name>ALPR</name>
      <description>OSM node: https://www.openstreetmap.org/node/13727455966
Direction: 250
Zone: traffic</description>
      <Point>
        <coordinates>-84.2548379,33.786771,0</coordinates>
      </Point>
    </Placemark>
    <Placemark>
      <name>ALPR</name>
      <description>OSM node: https://www.openstreetmap.org/node/13727773701
Manufacturer: Flock Safety
Direction: 27
Zone: traffic
Camera type: fixed</description>
      <Point>
        <coordinates>-84.0741822,33.8351371,0</coordinates>
      </Point>
    </Placemark>
    <Placemark>
      <name>ALPR</name>
      <description>OSM node: https://www.openstreetmap.org/node/13727775101
Manufacturer: Flock Safety
Direction: 27
Zone: traffic
Camera type: fixed</description>
      <Point>
        <coordinates>-84.0734162,33.8354702,0</coordinates>
      </Point>
    </Placemark>
    <Placemark>
      <name>ALPR</name>
      <description>OSM node: https://www.openstreetmap.org/node/13728559101
Manufacturer: Flock Safety
Direction: 249
Zone: traffic
Camera type: fixed</description>
      <Point>
        <coordinates>-81.0968522,32.0655887,0</coordinates>
      </Point>
    </Placemark>
    <Placemark>
      <name>ALPR</name>
      <description>OSM node: https://www.openstreetmap.org/node/13728747603
Manufacturer: Flock Safety
Direction: 270
Zone: traffic
Camera type: fixed</description>
      <Point>
        <coordinates>-84.1164419,34.1332421,0</coordinates>
      </Point>
    </Placemark>
    <Placemark>
      <name>ALPR</name>
      <description>OSM node: https://www.openstreetmap.org/node/13728747604
Manufacturer: Flock Safety
Direction: 345
Zone: traffic
Camera type: fixed</description>
      <Point>
        <coordinates>-84.1054982,34.1615526,0</coordinates>
      </Point>
    </Placemark>
    <Placemark>
      <name>ALPR</name>
      <description>OSM node: https://www.openstreetmap.org/node/13728853701
Manufacturer: Flock Safety
Direction: 115
Zone: traffic
Camera type: fixed</description>
      <Point>
        <coordinates>-84.5296285,34.0755429,0</coordinates>
      </Point>
    </Placemark>
    <Placemark>
      <name>ALPR</name>
      <description>OSM node: https://www.openstreetmap.org/node/13729709301
Manufacturer: Flock Safety
Direction: 150
Zone: traffic
Camera type: fixed</description>
      <Point>
        <coordinates>-85.0492993,34.0197515,0</coordinates>
      </Point>
    </Placemark>
    <Placemark>
      <name>ALPR</name>
      <description>OSM node: https://www.openstreetmap.org/node/13729760501
Manufacturer: Flock Safety
Direction: 74
Zone: traffic
Camera type: fixed</description>
      <Point>
        <coordinates>-84.7855538,33.9023512,0</coordinates>
      </Point>
    </Placemark>
    <Placemark>
      <name>ALPR</name>
      <description>OSM node: https://www.openstreetmap.org/node/13729813702
Manufacturer: Flock Safety
Direction: 89
Zone: traffic
Camera type: fixed</description>
      <Point>
        <coordinates>-84.6444292,33.7975755,0</coordinates>
      </Point>
    </Placemark>
    <Placemark>
      <name>ALPR</name>
      <description>OSM node: https://www.openstreetmap.org/node/13729814101
Manufacturer: Flock Safety
Direction: 295
Zone: traffic
Camera type: fixed</description>
      <Point>
        <coordinates>-84.6479263,33.7993559,0</coordinates>
      </Point>
    </Placemark>
    <Placemark>
      <name>ALPR</name>
      <description>OSM node: https://www.openstreetmap.org/node/13730692901
Manufacturer: Flock Safety
Direction: 0
Zone: traffic
Camera type: fixed</description>
      <Point>
        <coordinates>-82.4654715,33.3637622,0</coordinates>
      </Point>
    </Placemark>
    <Placemark>
      <name>ALPR</name>
      <description>OSM node: https://www.openstreetmap.org/node/13730735520
Manufacturer: Flock Safety
Direction: 70
Zone: traffic
Camera type: fixed</description>
      <Point>
        <coordinates>-84.2693239,34.0571172,0</coordinates>
      </Point>
    </Placemark>
    <Placemark>
      <name>ALPR</name>
      <description>OSM node: https://www.openstreetmap.org/node/13730905501
Manufacturer: Flock Safety
Direction: 181
Zone: traffic
Camera type: fixed</description>
      <Point>
        <coordinates>-85.2088409,34.286668,0</coordinates>
      </Point>
    </Placemark>
    <Placemark>
      <name>ALPR</name>
      <description>OSM node: https://www.openstreetmap.org/node/13730909401
Manufacturer: Flock Safety
Direction: 224
Zone: traffic
Camera type: fixed</description>
      <Point>
        <coordinates>-84.1304537,33.8809436,0</coordinates>
      </Point>
    </Placemark>
    <Placemark>
      <name>ALPR</name>
      <description>OSM node: https://www.openstreetmap.org/node/13730983001
Manufacturer: Flock Safety
Direction: 144
Zone: traffic
Camera type: fixed</description>
      <Point>
        <coordinates>-82.4660263,33.3650218,0</coordinates>
      </Point>
    </Placemark>
    <Placemark>
      <name>ALPR</name>
      <description>OSM node: https://www.openstreetmap.org/node/13731008002
Manufacturer: Flock Safety
Direction: 324
Zone: traffic
Camera type: fixed</description>
      <Point>
        <coordinates>-84.6033105,33.7732324,0</coordinates>
      </Point>
    </Placemark>
    <Placemark>
      <name>ALPR</name>
      <description>OSM node: https://www.openstreetmap.org/node/13731160001
Manufacturer: Flock Safety
Direction: 0
Zone: traffic
Camera type: fixed</description>
      <Point>
        <coordinates>-85.1606624,34.2068233,0</coordinates>
      </Point>
    </Placemark>
    <Placemark>
      <name>ALPR</name>
      <description>OSM node: https://www.openstreetmap.org/node/13731192301
Manufacturer: Flock Safety
Direction: 0
Zone: traffic
Camera type: fixed</description>
      <Point>
        <coordinates>-85.1606624,34.2068233,0</coordinates>
      </Point>
    </Placemark>
    <Placemark>
      <name>ALPR</name>
      <description>OSM node: https://www.openstreetmap.org/node/13731233901
Manufacturer: Flock Safety
Direction: 319
Zone: traffic
Camera type: fixed</description>
      <Point>
        <coordinates>-83.7077401,32.8152746,0</coordinates>
      </Point>
    </Placemark>
    <Placemark>
      <name>ALPR</name>
      <description>OSM node: https://www.openstreetmap.org/node/13731237301
Manufacturer: Flock Safety
Direction: 223
Zone: traffic
Camera type: fixed</description>
      <Point>
        <coordinates>-84.3184186,33.8154591,0</coordinates>
      </Point>
    </Placemark>
    <Placemark>
      <name>ALPR</name>
      <description>OSM node: https://www.openstreetmap.org/node/13731313201
Manufacturer: Flock Safety
Direction: 351
Zone: traffic
Camera type: fixed</description>
      <Point>
        <coordinates>-84.5278738,34.0688767,0</coordinates>
      </Point>
    </Placemark>
    <Placemark>
      <name>ALPR</name>
      <description>OSM node: https://www.openstreetmap.org/node/13732388501
Manufacturer: Flock Safety
Direction: 96
Zone: traffic
Camera type: fixed</description>
      <Point>
        <coordinates>-84.4913798,33.9203033,0</coordinates>
      </Point>
    </Placemark>
    <Placemark>
      <name>ALPR</name>
      <description>OSM node: https://www.openstreetmap.org/node/13732395601
Manufacturer: Flock Safety
Direction: 142
Zone: traffic
Camera type: fixed</description>
      <Point>
        <coordinates>-84.491054,33.9201881,0</coordinates>
      </Point>
    </Placemark>
    <Placemark>
      <name>ALPR</name>
      <description>OSM node: https://www.openstreetmap.org/node/13732862901
Manufacturer: Flock Safety
Direction: 152
Zone: traffic
Camera type: fixed</description>
      <Point>
        <coordinates>-84.188139,33.8667767,0</coordinates>
      </Point>
    </Placemark>
    <Placemark>
      <name>ALPR</name>
      <description>OSM node: https://www.openstreetmap.org/node/13733209701
Manufacturer: Flock Safety
Direction: 304
Zone: traffic
Camera type: fixed</description>
      <Point>
        <coordinates>-84.4933619,33.6545189,0</coordinates>
      </Point>
    </Placemark>
    <Placemark>
      <name>ALPR</name>
      <description>OSM node: https://www.openstreetmap.org/node/13733437501
Manufacturer: Flock Safety
Direction: 203
Zone: traffic
Camera type: fixed</description>
      <Point>
        <coordinates>-81.744297,32.3570205,0</coordinates>
      </Point>
    </Placemark>
    <Placemark>
      <name>ALPR</name>
      <description>OSM node: https://www.openstreetmap.org/node/13734380501
Manufacturer: Flock Safety
Direction: 126;317;165
Zone: traffic
Camera type: fixed</description>
      <Point>
        <coordinates>-83.48621,33.9261687,0</coordinates>
      </Point>
    </Placemark>
    <Placemark>
      <name>ALPR</name>
      <description>OSM node: https://www.openstreetmap.org/node/13735163701
Manufacturer: Flock Safety
Direction: 247
Zone: traffic
Camera type: fixed</description>
      <Point>
        <coordinates>-84.051891,33.6852831,0</coordinates>
      </Point>
    </Placemark>
    <Placemark>
      <name>ALPR</name>
      <description>OSM node: https://www.openstreetmap.org/node/13735355001
Manufacturer: Flock Safety
Direction: 0
Zone: traffic
Camera type: fixed</description>
      <Point>
        <coordinates>-84.1516979,33.9490798,0</coordinates>
      </Point>
    </Placemark>
    <Placemark>
      <name>ALPR</name>
      <description>OSM node: https://www.openstreetmap.org/node/13735852701
Manufacturer: Flock Safety
Direction: 129
Zone: traffic
Camera type: fixed</description>
      <Point>
        <coordinates>-84.0322394,33.6861358,0</coordinates>
      </Point>
    </Placemark>
    <Placemark>
      <name>ALPR</name>
      <description>OSM node: https://www.openstreetmap.org/node/13735854801
Manufacturer: Flock Safety
Direction: 247
Zone: traffic
Camera type: fixed</description>
      <Point>
        <coordinates>-84.0251656,33.6834406,0</coordinates>
      </Point>
    </Placemark>
    <Placemark>
      <name>ALPR</name>
      <description>OSM node: https://www.openstreetmap.org/node/13735859701
Manufacturer: Flock Safety
Direction: 26
Zone: traffic
Camera type: fixed</description>
      <Point>
        <coordinates>-84.0202907,33.6738417,0</coordinates>
      </Point>
    </Placemark>
    <Placemark>
      <name>ALPR</name>
      <description>OSM node: https://www.openstreetmap.org/node/13735859703
Manufacturer: Flock Safety
Direction: 204
Zone: traffic
Camera type: fixed</description>
      <Point>
        <coordinates>-84.0232204,33.6688283,0</coordinates>
      </Point>
    </Placemark>
    <Placemark>
      <name>ALPR</name>
      <description>OSM node: https://www.openstreetmap.org/node/13735862401
Manufacturer: Flock Safety
Direction: 267
Zone: traffic
Camera type: fixed</description>
      <Point>
        <coordinates>-84.0267403,33.6679433,0</coordinates>
      </Point>
    </Placemark>
    <Placemark>
      <name>ALPR</name>
      <description>OSM node: https://www.openstreetmap.org/node/13735864401
Manufacturer: Flock Safety
Direction: 72
Zone: traffic
Camera type: fixed</description>
      <Point>
        <coordinates>-84.0394978,33.6739076,0</coordinates>
      </Point>
    </Placemark>
    <Placemark>
      <name>ALPR</name>
      <description>OSM node: https://www.openstreetmap.org/node/13735864802
Manufacturer: Flock Safety
Direction: 319
Zone: traffic
Camera type: fixed</description>
      <Point>
        <coordinates>-84.0602697,33.6813753,0</coordinates>
      </Point>
    </Placemark>
    <Placemark>
      <name>ALPR</name>
      <description>OSM node: https://www.openstreetmap.org/node/13735864803
Manufacturer: Flock Safety
Direction: 210
Zone: traffic
Camera type: fixed</description>
      <Point>
        <coordinates>-84.001787,33.6824422,0</coordinates>
      </Point>
    </Placemark>
    <Placemark>
      <name>ALPR</name>
      <description>OSM node: https://www.openstreetmap.org/node/13735865301
Manufacturer: Flock Safety
Direction: 44
Zone: traffic
Camera type: fixed</description>
      <Point>
        <coordinates>-84.0609567,33.6835484,0</coordinates>
      </Point>
    </Placemark>
    <Placemark>
      <name>ALPR</name>
      <description>OSM node: https://www.openstreetmap.org/node/13735870601
Manufacturer: Flock Safety
Direction: 90
Zone: traffic
Camera type: fixed</description>
      <Point>
        <coordinates>-84.0348761,33.6672221,0</coordinates>
      </Point>
    </Placemark>
    <Placemark>
      <name>ALPR</name>
      <description>OSM node: https://www.openstreetmap.org/node/13735870602
Manufacturer: Flock Safety
Direction: 272
Zone: traffic
Camera type: fixed</description>
      <Point>
        <coordinates>-83.999135,33.6882608,0</coordinates>
      </Point>
    </Placemark>
    <Placemark>
      <name>ALPR</name>
      <description>OSM node: https://www.openstreetmap.org/node/13735894401
Manufacturer: Flock Safety
Direction: 331
Zone: traffic
Camera type: fixed</description>
      <Point>
        <coordinates>-84.0043316,33.7126055,0</coordinates>
      </Point>
    </Placemark>
    <Placemark>
      <name>ALPR</name>
      <description>OSM node: https://www.openstreetmap.org/node/13735896701
Manufacturer: Flock Safety
Direction: 291
Zone: traffic
Camera type: fixed</description>
      <Point>
        <coordinates>-83.9967159,33.6633437,0</coordinates>
      </Point>
    </Placemark>
    <Placemark>
      <name>ALPR</name>
      <description>OSM node: https://www.openstreetmap.org/node/13735919801
Manufacturer: Flock Safety
Direction: 309
Zone: traffic
Camera type: fixed</description>
      <Point>
        <coordinates>-83.9872577,33.6703666,0</coordinates>
      </Point>
    </Placemark>
    <Placemark>
      <name>ALPR</name>
      <description>OSM node: https://www.openstreetmap.org/node/13735922801
Manufacturer: Flock Safety
Direction: 108
Zone: traffic
Camera type: fixed</description>
      <Point>
        <coordinates>-84.0030481,33.6546659,0</coordinates>
      </Point>
    </Placemark>
    <Placemark>
      <name>ALPR</name>
      <description>OSM node: https://www.openstreetmap.org/node/13735925301
Manufacturer: Flock Safety
Direction: 294
Zone: traffic
Camera type: fixed</description>
      <Point>
        <coordinates>-83.9994602,33.65013,0</coordinates>
      </Point>
    </Placemark>
    <Placemark>
      <name>ALPR</name>
      <description>OSM node: https://www.openstreetmap.org/node/13735927101
Manufacturer: Flock Safety
Direction: 42
Zone: traffic
Camera type: fixed</description>
      <Point>
        <coordinates>-84.0054688,33.6508345,0</coordinates>
      </Point>
    </Placemark>
    <Placemark>
      <name>ALPR</name>
      <description>OSM node: https://www.openstreetmap.org/node/13735932001
Manufacturer: Flock Safety
Direction: 196
Zone: traffic
Camera type: fixed</description>
      <Point>
        <coordinates>-84.0074595,33.6522336,0</coordinates>
      </Point>
    </Placemark>
    <Placemark>
      <name>ALPR</name>
      <description>OSM node: https://www.openstreetmap.org/node/13735932002
Manufacturer: Flock Safety
Direction: 292
Zone: traffic
Camera type: fixed</description>
      <Point>
        <coordinates>-84.0086608,33.6531441,0</coordinates>
      </Point>
    </Placemark>
    <Placemark>
      <name>ALPR</name>
      <description>OSM node: https://www.openstreetmap.org/node/13735936601
Manufacturer: Flock Safety
Direction: 8
Zone: traffic
Camera type: fixed</description>
      <Point>
        <coordinates>-84.0216605,33.6443348,0</coordinates>
      </Point>
    </Placemark>
    <Placemark>
      <name>ALPR</name>
      <description>OSM node: https://www.openstreetmap.org/node/13735936901
Manufacturer: Flock Safety
Direction: 339
Zone: traffic
Camera type: fixed</description>
      <Point>
        <coordinates>-84.0113832,33.6428028,0</coordinates>
      </Point>
    </Placemark>
    <Placemark>
      <name>ALPR</name>
      <description>OSM node: https://www.openstreetmap.org/node/13735939201
Manufacturer: Flock Safety
Direction: 0
Zone: traffic
Camera type: fixed</description>
      <Point>
        <coordinates>-84.0065269,33.6409743,0</coordinates>
      </Point>
    </Placemark>
    <Placemark>
      <name>ALPR</name>
      <description>OSM node: https://www.openstreetmap.org/node/13735940301
Manufacturer: Flock Safety
Direction: 302
Zone: traffic
Camera type: fixed</description>
      <Point>
        <coordinates>-84.0005182,33.6380189,0</coordinates>
      </Point>
    </Placemark>
    <Placemark>
      <name>ALPR</name>
      <description>OSM node: https://www.openstreetmap.org/node/13735940802
Manufacturer: Flock Safety
Direction: 0
Zone: traffic
Camera type: fixed</description>
      <Point>
        <coordinates>-84.0404046,33.6494834,0</coordinates>
      </Point>
    </Placemark>
    <Placemark>
      <name>ALPR</name>
      <description>OSM node: https://www.openstreetmap.org/node/13735941501
Manufacturer: Flock Safety
Direction: 302
Zone: traffic
Camera type: fixed</description>
      <Point>
        <coordinates>-83.9857099,33.6414417,0</coordinates>
      </Point>
    </Placemark>
    <Placemark>
      <name>ALPR</name>
      <description>OSM node: https://www.openstreetmap.org/node/13735941502
Manufacturer: Flock Safety
Direction: 171
Zone: traffic
Camera type: fixed</description>
      <Point>
        <coordinates>-83.9815891,33.6325947,0</coordinates>
      </Point>
    </Placemark>
    <Placemark>
      <name>ALPR</name>
      <description>OSM node: https://www.openstreetmap.org/node/13735941601
Manufacturer: Flock Safety
Direction: 13
Zone: traffic
Camera type: fixed</description>
      <Point>
        <coordinates>-84.1676646,33.878314,0</coordinates>
      </Point>
    </Placemark>
    <Placemark>
      <name>ALPR</name>
      <description>OSM node: https://www.openstreetmap.org/node/13735944801
Manufacturer: Flock Safety
Direction: 192
Zone: traffic
Camera type: fixed</description>
      <Point>
        <coordinates>-84.1675024,33.8788871,0</coordinates>
      </Point>
    </Placemark>
    <Placemark>
      <name>ALPR</name>
      <description>OSM node: https://www.openstreetmap.org/node/13735948001
Manufacturer: Flock Safety
Direction: 76
Zone: traffic
Camera type: fixed</description>
      <Point>
        <coordinates>-84.0359436,33.6646561,0</coordinates>
      </Point>
    </Placemark>
    <Placemark>
      <name>ALPR</name>
      <description>OSM node: https://www.openstreetmap.org/node/13735950801
Manufacturer: Flock Safety
Direction: 136
Zone: traffic
Camera type: fixed</description>
      <Point>
        <coordinates>-84.0410322,33.6407996,0</coordinates>
      </Point>
    </Placemark>
    <Placemark>
      <name>ALPR</name>
      <description>OSM node: https://www.openstreetmap.org/node/13735950802
Manufacturer: Flock Safety
Direction: 90
Zone: traffic
Camera type: fixed</description>
      <Point>
        <coordinates>-84.0379438,33.6483195,0</coordinates>
      </Point>
    </Placemark>
    <Placemark>
      <name>ALPR</name>
      <description>OSM node: https://www.openstreetmap.org/node/13735951501
Manufacturer: Flock Safety
Direction: 188
Zone: traffic
Camera type: fixed</description>
      <Point>
        <coordinates>-84.1569576,33.8882398,0</coordinates>
      </Point>
    </Placemark>
    <Placemark>
      <name>ALPR</name>
      <description>OSM node: https://www.openstreetmap.org/node/13735960501
Manufacturer: Flock Safety
Direction: 20
Zone: traffic
Camera type: fixed</description>
      <Point>
        <coordinates>-84.0443758,33.6494466,0</coordinates>
      </Point>
    </Placemark>
    <Placemark>
      <name>ALPR</name>
      <description>OSM node: https://www.openstreetmap.org/node/13736008801
Manufacturer: Flock Safety
Direction: 252
Zone: traffic
Camera type: fixed</description>
      <Point>
        <coordinates>-84.0148243,33.6298965,0</coordinates>
      </Point>
    </Placemark>
    <Placemark>
      <name>ALPR</name>
      <description>OSM node: https://www.openstreetmap.org/node/13736013301
Manufacturer: Flock Safety
Direction: 110
Zone: traffic
Camera type: fixed</description>
      <Point>
        <coordinates>-84.0734334,33.6918764,0</coordinates>
      </Point>
    </Placemark>
    <Placemark>
      <name>ALPR</name>
      <description>OSM node: https://www.openstreetmap.org/node/13736013402
Manufacturer: Flock Safety
Direction: 311
Zone: traffic
Camera type: fixed</description>
      <Point>
        <coordinates>-84.0723819,33.6973788,0</coordinates>
      </Point>
    </Placemark>
    <Placemark>
      <name>ALPR</name>
      <description>OSM node: https://www.openstreetmap.org/node/13736015401
Manufacturer: Flock Safety
Direction: 262
Zone: traffic
Camera type: fixed</description>
      <Point>
        <coordinates>-84.2912724,33.7390076,0</coordinates>
      </Point>
    </Placemark>
    <Placemark>
      <name>ALPR</name>
      <description>OSM node: https://www.openstreetmap.org/node/13736031201
Manufacturer: Flock Safety
Direction: 320
Zone: traffic
Camera type: fixed</description>
      <Point>
        <coordinates>-84.0827366,33.9499315,0</coordinates>
      </Point>
    </Placemark>
    <Placemark>
      <name>ALPR</name>
      <description>OSM node: https://www.openstreetmap.org/node/13736096001
Manufacturer: Flock Safety
Direction: 117
Zone: traffic
Camera type: fixed</description>
      <Point>
        <coordinates>-84.4436754,34.1932841,0</coordinates>
      </Point>
    </Placemark>
    <Placemark>
      <name>ALPR</name>
      <description>OSM node: https://www.openstreetmap.org/node/13736101601
Manufacturer: Flock Safety
Direction: 285
Zone: traffic
Camera type: fixed</description>
      <Point>
        <coordinates>-84.2290647,33.9973579,0</coordinates>
      </Point>
    </Placemark>
    <Placemark>
      <name>ALPR</name>
      <description>OSM node: https://www.openstreetmap.org/node/13736555101
Manufacturer: Flock Safety
Direction: 126
Zone: traffic
Camera type: fixed</description>
      <Point>
        <coordinates>-83.9553919,34.0920087,0</coordinates>
      </Point>
    </Placemark>
    <Placemark>
      <name>ALPR</name>
      <description>OSM node: https://www.openstreetmap.org/node/13736680101
Manufacturer: Flock Safety
Direction: 250
Zone: traffic
Camera type: fixed</description>
      <Point>
        <coordinates>-84.2350758,33.7374877,0</coordinates>
      </Point>
    </Placemark>
    <Placemark>
      <name>ALPR</name>
      <description>OSM node: https://www.openstreetmap.org/node/13736680901
Manufacturer: Flock Safety
Direction: 236
Zone: traffic
Camera type: fixed</description>
      <Point>
        <coordinates>-84.2316499,33.7374414,0</coordinates>
      </Point>
    </Placemark>
    <Placemark>
      <name>ALPR</name>
      <description>OSM node: https://www.openstreetmap.org/node/13736682001
Manufacturer: Flock Safety
Direction: 70
Zone: traffic
Camera type: fixed</description>
      <Point>
        <coordinates>-84.2289875,33.7370335,0</coordinates>
      </Point>
    </Placemark>
    <Placemark>
      <name>ALPR</name>
      <description>OSM node: https://www.openstreetmap.org/node/13737443701
Manufacturer: Flock Safety
Direction: 123
Zone: traffic
Camera type: fixed</description>
      <Point>
        <coordinates>-84.1356632,33.8989882,0</coordinates>
      </Point>
    </Placemark>
    <Placemark>
      <name>ALPR</name>
      <description>OSM node: https://www.openstreetmap.org/node/13738182701
Manufacturer: Flock Safety
Direction: 8;113
Zone: traffic
Camera type: fixed</description>
      <Point>
        <coordinates>-83.5456051,34.5443826,0</coordinates>
      </Point>
    </Placemark>
    <Placemark>
      <name>ALPR</name>
      <description>OSM node: https://www.openstreetmap.org/node/13738193602
Manufacturer: Flock Safety
Direction: 181
Zone: traffic
Camera type: fixed</description>
      <Point>
        <coordinates>-84.3841638,33.7596207,0</coordinates>
      </Point>
    </Placemark>
    <Placemark>
      <name>ALPR</name>
      <description>OSM node: https://www.openstreetmap.org/node/13738542902
Manufacturer: Flock Safety
Direction: 262
Zone: traffic
Camera type: fixed</description>
      <Point>
        <coordinates>-82.502592,33.4835286,0</coordinates>
      </Point>
    </Placemark>
    <Placemark>
      <name>ALPR</name>
      <description>OSM node: https://www.openstreetmap.org/node/13738768202
Manufacturer: Flock Safety
Direction: 106
Zone: traffic
Camera type: fixed</description>
      <Point>
        <coordinates>-84.130944,33.9873926,0</coordinates>
      </Point>
    </Placemark>
    <Placemark>
      <name>The Home Depot ALPR</name>
      <description>OSM node: https://www.openstreetmap.org/node/13738794901
Operator: The Home Depot
Manufacturer: Flock Safety
Direction: 164
Zone: traffic
Camera type: fixed</description>
      <Point>
        <coordinates>-84.0088417,33.8818317,0</coordinates>
      </Point>
    </Placemark>
    <Placemark>
      <name>ALPR</name>
      <description>OSM node: https://www.openstreetmap.org/node/13739943601
Manufacturer: Flock Safety
Direction: 156
Zone: traffic
Camera type: fixed</description>
      <Point>
        <coordinates>-83.8129257,34.106458,0</coordinates>
      </Point>
    </Placemark>
    <Placemark>
      <name>ALPR</name>
      <description>OSM node: https://www.openstreetmap.org/node/13739943702
Manufacturer: Flock Safety
Direction: 0
Zone: traffic
Camera type: fixed</description>
      <Point>
        <coordinates>-83.8125592,34.104678,0</coordinates>
      </Point>
    </Placemark>
    <Placemark>
      <name>ALPR</name>
      <description>OSM node: https://www.openstreetmap.org/node/13739947802
Manufacturer: Flock Safety
Direction: 36
Zone: traffic
Camera type: fixed</description>
      <Point>
        <coordinates>-83.8132644,34.1050615,0</coordinates>
      </Point>
    </Placemark>
    <Placemark>
      <name>ALPR</name>
      <description>OSM node: https://www.openstreetmap.org/node/13739957511
Manufacturer: Flock Safety
Direction: 270
Zone: traffic
Camera type: fixed</description>
      <Point>
        <coordinates>-83.8136144,34.1063942,0</coordinates>
      </Point>
    </Placemark>
    <Placemark>
      <name>ALPR</name>
      <description>OSM node: https://www.openstreetmap.org/node/13740024302
Manufacturer: Genetec
Direction: 306
Zone: traffic
Camera type: fixed</description>
      <Point>
        <coordinates>-82.1995664,33.4859461,0</coordinates>
      </Point>
    </Placemark>
    <Placemark>
      <name>ALPR</name>
      <description>OSM node: https://www.openstreetmap.org/node/13740031401
Manufacturer: Genetec
Direction: 190
Zone: traffic
Camera type: fixed</description>
      <Point>
        <coordinates>-82.1996778,33.4857791,0</coordinates>
      </Point>
    </Placemark>
    <Placemark>
      <name>ALPR</name>
      <description>OSM node: https://www.openstreetmap.org/node/13740441501
Manufacturer: Flock Safety
Direction: 109
Zone: traffic
Camera type: fixed</description>
      <Point>
        <coordinates>-84.3332143,33.2658025,0</coordinates>
      </Point>
    </Placemark>
    <Placemark>
      <name>ALPR</name>
      <description>OSM node: https://www.openstreetmap.org/node/13740457701
Manufacturer: Flock Safety
Direction: 114
Zone: traffic
Camera type: fixed</description>
      <Point>
        <coordinates>-84.4253997,33.2828777,0</coordinates>
      </Point>
    </Placemark>
    <Placemark>
      <name>ALPR</name>
      <description>OSM node: https://www.openstreetmap.org/node/13740492901
Manufacturer: Flock Safety
Direction: 215
Zone: traffic
Camera type: fixed</description>
      <Point>
        <coordinates>-84.3145037,33.8426843,0</coordinates>
      </Point>
    </Placemark>
    <Placemark>
      <name>ALPR</name>
      <description>OSM node: https://www.openstreetmap.org/node/13740497201
Manufacturer: Flock Safety
Direction: 14
Zone: traffic
Camera type: fixed</description>
      <Point>
        <coordinates>-84.3121133,33.8576601,0</coordinates>
      </Point>
    </Placemark>
    <Placemark>
      <name>ALPR</name>
      <description>OSM node: https://www.openstreetmap.org/node/13740843401
Manufacturer: Flock Safety
Direction: 211;197
Zone: traffic
Camera type: fixed</description>
      <Point>
        <coordinates>-84.3115658,33.8584141,0</coordinates>
      </Point>
    </Placemark>
    <Placemark>
      <name>ALPR</name>
      <description>OSM node: https://www.openstreetmap.org/node/13740843501
Manufacturer: Flock Safety
Direction: 160
Zone: traffic
Camera type: fixed</description>
      <Point>
        <coordinates>-84.3154954,33.8461437,0</coordinates>
      </Point>
    </Placemark>
    <Placemark>
      <name>ALPR</name>
      <description>OSM node: https://www.openstreetmap.org/node/13740843601
Manufacturer: Flock Safety
Direction: 262;265
Zone: traffic
Camera type: fixed</description>
      <Point>
        <coordinates>-84.3156095,33.8455524,0</coordinates>
      </Point>
    </Placemark>
    <Placemark>
      <name>ALPR</name>
      <description>OSM node: https://www.openstreetmap.org/node/13740925401
Manufacturer: Flock Safety
Direction: 216
Zone: traffic
Camera type: fixed</description>
      <Point>
        <coordinates>-84.3199955,33.7629897,0</coordinates>
      </Point>
    </Placemark>
    <Placemark>
      <name>ALPR</name>
      <description>OSM node: https://www.openstreetmap.org/node/13741072501
Manufacturer: Flock Safety
Direction: 81
Zone: traffic
Camera type: fixed</description>
      <Point>
        <coordinates>-81.9569625,33.4720972,0</coordinates>
      </Point>
    </Placemark>
    <Placemark>
      <name>ALPR</name>
      <description>OSM node: https://www.openstreetmap.org/node/13741319301
Manufacturer: Flock Safety
Direction: 55
Zone: traffic
Camera type: fixed</description>
      <Point>
        <coordinates>-84.3763593,33.7501052,0</coordinates>
      </Point>
    </Placemark>
    <Placemark>
      <name>ALPR</name>
      <description>OSM node: https://www.openstreetmap.org/node/13741417401
Manufacturer: Flock Safety
Direction: 343
Zone: traffic
Camera type: fixed</description>
      <Point>
        <coordinates>-84.3408706,33.8462561,0</coordinates>
      </Point>
    </Placemark>
    <Placemark>
      <name>ALPR</name>
      <description>OSM node: https://www.openstreetmap.org/node/13741419401
Manufacturer: Flock Safety
Direction: 183
Zone: traffic
Camera type: fixed</description>
      <Point>
        <coordinates>-84.3402756,33.8454559,0</coordinates>
      </Point>
    </Placemark>
    <Placemark>
      <name>ALPR</name>
      <description>OSM node: https://www.openstreetmap.org/node/13741433201
Manufacturer: Flock Safety
Direction: 321
Zone: traffic
Camera type: fixed</description>
      <Point>
        <coordinates>-84.3414255,33.8466342,0</coordinates>
      </Point>
    </Placemark>
    <Placemark>
      <name>ALPR</name>
      <description>OSM node: https://www.openstreetmap.org/node/13741489001
Manufacturer: Flock Safety
Direction: 43
Zone: traffic
Camera type: fixed</description>
      <Point>
        <coordinates>-84.3487178,33.8485788,0</coordinates>
      </Point>
    </Placemark>
    <Placemark>
      <name>ALPR</name>
      <description>OSM node: https://www.openstreetmap.org/node/13742959001
Manufacturer: Flock Safety
Direction: 169
Zone: traffic
Camera type: fixed</description>
      <Point>
        <coordinates>-84.3435018,33.8385283,0</coordinates>
      </Point>
    </Placemark>
    <Placemark>
      <name>ALPR</name>
      <description>OSM node: https://www.openstreetmap.org/node/13743231301
Manufacturer: Flock Safety
Direction: 48
Zone: traffic
Camera type: fixed</description>
      <Point>
        <coordinates>-83.524867,31.4484305,0</coordinates>
      </Point>
    </Placemark>
    <Placemark>
      <name>ALPR</name>
      <description>OSM node: https://www.openstreetmap.org/node/13743770701
Manufacturer: Flock Safety
Direction: 76
Zone: traffic
Camera type: fixed</description>
      <Point>
        <coordinates>-83.9292302,34.0493462,0</coordinates>
      </Point>
    </Placemark>
    <Placemark>
      <name>ALPR</name>
      <description>OSM node: https://www.openstreetmap.org/node/13743793500
Manufacturer: Flock Safety
Direction: 300
Zone: traffic
Camera type: fixed</description>
      <Point>
        <coordinates>-84.0948431,33.8687058,0</coordinates>
      </Point>
    </Placemark>
    <Placemark>
      <name>ALPR</name>
      <description>OSM node: https://www.openstreetmap.org/node/13743798101
Manufacturer: Flock Safety
Direction: 235
Zone: traffic
Camera type: fixed</description>
      <Point>
        <coordinates>-84.0940544,33.8679922,0</coordinates>
      </Point>
    </Placemark>
    <Placemark>
      <name>ALPR</name>
      <description>OSM node: https://www.openstreetmap.org/node/13743798102
Manufacturer: Flock Safety
Direction: 45
Zone: traffic
Camera type: fixed</description>
      <Point>
        <coordinates>-84.0930707,33.8683308,0</coordinates>
      </Point>
    </Placemark>
    <Placemark>
      <name>ALPR</name>
      <description>OSM node: https://www.openstreetmap.org/node/13743798103
Manufacturer: Flock Safety
Direction: 110
Zone: traffic
Camera type: fixed</description>
      <Point>
        <coordinates>-84.0932991,33.8679588,0</coordinates>
      </Point>
    </Placemark>
    <Placemark>
      <name>ALPR</name>
      <description>OSM node: https://www.openstreetmap.org/node/13743811401
Manufacturer: Flock Safety
Direction: 54
Zone: traffic
Camera type: fixed</description>
      <Point>
        <coordinates>-84.1109633,33.827037,0</coordinates>
      </Point>
    </Placemark>
    <Placemark>
      <name>ALPR</name>
      <description>OSM node: https://www.openstreetmap.org/node/13743976601
Manufacturer: Flock Safety
Direction: 66
Zone: traffic
Camera type: fixed</description>
      <Point>
        <coordinates>-84.2779454,34.1100093,0</coordinates>
      </Point>
    </Placemark>
    <Placemark>
      <name>ALPR</name>
      <description>OSM node: https://www.openstreetmap.org/node/13743984601
Manufacturer: Flock Safety
Direction: 295
Zone: traffic
Camera type: fixed</description>
      <Point>
        <coordinates>-84.2343793,33.8934419,0</coordinates>
      </Point>
    </Placemark>
    <Placemark>
      <name>ALPR</name>
      <description>OSM node: https://www.openstreetmap.org/node/13743996901
Manufacturer: Flock Safety
Direction: 238
Zone: traffic
Camera type: fixed</description>
      <Point>
        <coordinates>-84.2404117,33.8952551,0</coordinates>
      </Point>
    </Placemark>
    <Placemark>
      <name>ALPR</name>
      <description>OSM node: https://www.openstreetmap.org/node/13744008501
Manufacturer: Flock Safety
Direction: 320
Zone: traffic
Camera type: fixed</description>
      <Point>
        <coordinates>-84.3390829,33.844766,0</coordinates>
      </Point>
    </Placemark>
    <Placemark>
      <name>ALPR</name>
      <description>OSM node: https://www.openstreetmap.org/node/13744015201
Manufacturer: Flock Safety
Direction: 55
Zone: traffic
Camera type: fixed</description>
      <Point>
        <coordinates>-84.3390829,33.844766,0</coordinates>
      </Point>
    </Placemark>
    <Placemark>
      <name>ALPR</name>
      <description>OSM node: https://www.openstreetmap.org/node/13744015802
Manufacturer: Flock Safety
Direction: 30
Zone: traffic
Camera type: fixed</description>
      <Point>
        <coordinates>-84.2274385,33.8904606,0</coordinates>
      </Point>
    </Placemark>
    <Placemark>
      <name>ALPR</name>
      <description>OSM node: https://www.openstreetmap.org/node/13744020101
Manufacturer: Flock Safety
Direction: 59
Zone: traffic
Camera type: fixed</description>
      <Point>
        <coordinates>-84.2265924,33.888795,0</coordinates>
      </Point>
    </Placemark>
    <Placemark>
      <name>ALPR</name>
      <description>OSM node: https://www.openstreetmap.org/node/13744023101
Manufacturer: Flock Safety
Direction: 133
Zone: traffic
Camera type: fixed</description>
      <Point>
        <coordinates>-84.3430672,33.8368356,0</coordinates>
      </Point>
    </Placemark>
    <Placemark>
      <name>ALPR</name>
      <description>OSM node: https://www.openstreetmap.org/node/13744024201
Manufacturer: Flock Safety
Direction: 307
Zone: traffic
Camera type: fixed</description>
      <Point>
        <coordinates>-84.3423638,33.8360861,0</coordinates>
      </Point>
    </Placemark>
    <Placemark>
      <name>ALPR</name>
      <description>OSM node: https://www.openstreetmap.org/node/13744028301
Manufacturer: Flock Safety
Direction: 283
Zone: traffic
Camera type: fixed</description>
      <Point>
        <coordinates>-84.2210644,33.8846224,0</coordinates>
      </Point>
    </Placemark>
    <Placemark>
      <name>ALPR</name>
      <description>OSM node: https://www.openstreetmap.org/node/13744031401
Manufacturer: Flock Safety
Direction: 297
Zone: traffic
Camera type: fixed</description>
      <Point>
        <coordinates>-84.3452973,33.8427117,0</coordinates>
      </Point>
    </Placemark>
    <Placemark>
      <name>ALPR</name>
      <description>OSM node: https://www.openstreetmap.org/node/13744187901
Manufacturer: Flock Safety
Direction: 56
Zone: traffic
Camera type: fixed</description>
      <Point>
        <coordinates>-84.0832547,33.9059148,0</coordinates>
      </Point>
    </Placemark>
    <Placemark>
      <name>ALPR</name>
      <description>OSM node: https://www.openstreetmap.org/node/13745836701
Manufacturer: Flock Safety
Direction: 230
Zone: traffic
Camera type: fixed</description>
      <Point>
        <coordinates>-84.3536399,33.8482387,0</coordinates>
      </Point>
    </Placemark>
    <Placemark>
      <name>ALPR</name>
      <description>OSM node: https://www.openstreetmap.org/node/13745998902
Manufacturer: Flock Safety
Direction: 47
Zone: traffic
Camera type: fixed</description>
      <Point>
        <coordinates>-81.770264,32.3592777,0</coordinates>
      </Point>
    </Placemark>
    <Placemark>
      <name>ALPR</name>
      <description>OSM node: https://www.openstreetmap.org/node/13746358301
Manufacturer: Flock Safety
Direction: 276
Zone: traffic
Camera type: fixed</description>
      <Point>
        <coordinates>-84.2700453,33.7418897,0</coordinates>
      </Point>
    </Placemark>
    <Placemark>
      <name>ALPR</name>
      <description>OSM node: https://www.openstreetmap.org/node/13746556001
Manufacturer: Flock Safety
Direction: 211
Zone: traffic
Camera type: fixed</description>
      <Point>
        <coordinates>-84.0361436,33.8534324,0</coordinates>
      </Point>
    </Placemark>
    <Placemark>
      <name>ALPR</name>
      <description>OSM node: https://www.openstreetmap.org/node/13746936442
Manufacturer: Flock Safety
Direction: 340
Zone: entrance
Camera type: fixed</description>
      <Point>
        <coordinates>-83.8501975,34.0851451,0</coordinates>
      </Point>
    </Placemark>
    <Placemark>
      <name>ALPR</name>
      <description>OSM node: https://www.openstreetmap.org/node/13746969803
Manufacturer: Flock Safety
Direction: 0
Zone: traffic
Camera type: fixed</description>
      <Point>
        <coordinates>-84.213806,33.7332129,0</coordinates>
      </Point>
    </Placemark>
    <Placemark>
      <name>ALPR</name>
      <description>OSM node: https://www.openstreetmap.org/node/13748641501
Manufacturer: Flock Safety
Direction: 157
Zone: traffic
Camera type: fixed</description>
      <Point>
        <coordinates>-84.2507348,33.8956301,0</coordinates>
      </Point>
    </Placemark>
    <Placemark>
      <name>ALPR</name>
      <description>OSM node: https://www.openstreetmap.org/node/13749460315
Manufacturer: Flock Safety
Direction: 295
Zone: traffic
Camera type: fixed</description>
      <Point>
        <coordinates>-83.8782333,33.8043853,0</coordinates>
      </Point>
    </Placemark>
    <Placemark>
      <name>ALPR</name>
      <description>OSM node: https://www.openstreetmap.org/node/13749461294
Manufacturer: Flock Safety
Direction: 130
Zone: traffic
Camera type: fixed</description>
      <Point>
        <coordinates>-83.8784914,33.8045137,0</coordinates>
      </Point>
    </Placemark>
    <Placemark>
      <name>ALPR</name>
      <description>OSM node: https://www.openstreetmap.org/node/13749484194
Manufacturer: Flock Safety
Direction: 300
Zone: traffic
Camera type: fixed</description>
      <Point>
        <coordinates>-83.8763093,33.8052483,0</coordinates>
      </Point>
    </Placemark>
    <Placemark>
      <name>ALPR</name>
      <description>OSM node: https://www.openstreetmap.org/node/13749518020
Manufacturer: Flock Safety
Direction: 120
Zone: traffic
Camera type: fixed</description>
      <Point>
        <coordinates>-83.8765055,33.8052849,0</coordinates>
      </Point>
    </Placemark>
    <Placemark>
      <name>ALPR</name>
      <description>OSM node: https://www.openstreetmap.org/node/13751303723
Manufacturer: Flock Safety
Direction: 0
Zone: traffic</description>
      <Point>
        <coordinates>-84.4730717,34.6851797,0</coordinates>
      </Point>
    </Placemark>
    <Placemark>
      <name>ALPR</name>
      <description>OSM node: https://www.openstreetmap.org/node/13751432267
Manufacturer: Flock Safety
Direction: 180
Zone: traffic
Camera type: fixed</description>
      <Point>
        <coordinates>-84.230084,33.6813089,0</coordinates>
      </Point>
    </Placemark>
    <Placemark>
      <name>ALPR</name>
      <description>OSM node: https://www.openstreetmap.org/node/13751440230
Manufacturer: Flock Safety
Direction: 30
Zone: traffic
Camera type: fixed</description>
      <Point>
        <coordinates>-84.2139729,33.7345011,0</coordinates>
      </Point>
    </Placemark>
    <Placemark>
      <name>ALPR</name>
      <description>OSM node: https://www.openstreetmap.org/node/13751463901
Manufacturer: Genetec
Direction: 171
Zone: traffic
Camera type: fixed</description>
      <Point>
        <coordinates>-84.6976495,34.4415602,0</coordinates>
      </Point>
    </Placemark>
    <Placemark>
      <name>ALPR</name>
      <description>OSM node: https://www.openstreetmap.org/node/13752300601
Manufacturer: Flock Safety
Direction: 359
Zone: traffic
Camera type: fixed</description>
      <Point>
        <coordinates>-81.1091204,32.0455209,0</coordinates>
      </Point>
    </Placemark>
    <Placemark>
      <name>ALPR</name>
      <description>OSM node: https://www.openstreetmap.org/node/13752884502
Manufacturer: Flock Safety
Direction: 160
Zone: traffic
Camera type: fixed</description>
      <Point>
        <coordinates>-84.1123487,33.8231327,0</coordinates>
      </Point>
    </Placemark>
    <Placemark>
      <name>ALPR</name>
      <description>OSM node: https://www.openstreetmap.org/node/13753045102
Manufacturer: Flock Safety
Direction: 227
Zone: traffic
Camera type: fixed</description>
      <Point>
        <coordinates>-84.2818541,33.7296148,0</coordinates>
      </Point>
    </Placemark>
    <Placemark>
      <name>ALPR</name>
      <description>OSM node: https://www.openstreetmap.org/node/13753553701
Manufacturer: Flock Safety
Direction: 273
Zone: traffic
Camera type: fixed</description>
      <Point>
        <coordinates>-84.3103789,33.7198241,0</coordinates>
      </Point>
    </Placemark>
    <Placemark>
      <name>ALPR</name>
      <description>OSM node: https://www.openstreetmap.org/node/13753563401
Manufacturer: Flock Safety
Direction: 189
Zone: traffic
Camera type: fixed</description>
      <Point>
        <coordinates>-84.0783609,33.9736175,0</coordinates>
      </Point>
    </Placemark>
    <Placemark>
      <name>ALPR</name>
      <description>OSM node: https://www.openstreetmap.org/node/13753603301
Manufacturer: Flock Safety
Direction: 0
Zone: traffic
Camera type: fixed</description>
      <Point>
        <coordinates>-81.9490355,33.4667607,0</coordinates>
      </Point>
    </Placemark>
    <Placemark>
      <name>ALPR</name>
      <description>OSM node: https://www.openstreetmap.org/node/13753604001
Manufacturer: Flock Safety
Direction: 177
Zone: traffic
Camera type: fixed</description>
      <Point>
        <coordinates>-81.9491987,33.4666085,0</coordinates>
      </Point>
    </Placemark>
    <Placemark>
      <name>ALPR</name>
      <description>OSM node: https://www.openstreetmap.org/node/13753621301
Manufacturer: Flock Safety
Direction: 305
Zone: traffic
Camera type: fixed</description>
      <Point>
        <coordinates>-83.6913926,34.3954548,0</coordinates>
      </Point>
    </Placemark>
    <Placemark>
      <name>ALPR</name>
      <description>OSM node: https://www.openstreetmap.org/node/13755479302
Manufacturer: Flock Safety
Direction: 326
Zone: traffic
Camera type: fixed</description>
      <Point>
        <coordinates>-84.1315572,33.8422489,0</coordinates>
      </Point>
    </Placemark>
    <Placemark>
      <name>ALPR</name>
      <description>OSM node: https://www.openstreetmap.org/node/13755490101
Manufacturer: Flock Safety
Direction: 278
Zone: traffic
Camera type: fixed</description>
      <Point>
        <coordinates>-84.1311038,33.8684859,0</coordinates>
      </Point>
    </Placemark>
    <Placemark>
      <name>ALPR</name>
      <description>OSM node: https://www.openstreetmap.org/node/13755975201
Manufacturer: Flock Safety
Direction: 168
Zone: traffic
Camera type: fixed</description>
      <Point>
        <coordinates>-81.2766617,32.09885,0</coordinates>
      </Point>
    </Placemark>
    <Placemark>
      <name>ALPR</name>
      <description>OSM node: https://www.openstreetmap.org/node/13756226962
Manufacturer: Flock Safety
Direction: 180
Zone: traffic
Camera type: fixed</description>
      <Point>
        <coordinates>-83.9062771,34.0682736,0</coordinates>
      </Point>
    </Placemark>
    <Placemark>
      <name>ALPR</name>
      <description>OSM node: https://www.openstreetmap.org/node/13756226963
Manufacturer: Flock Safety
Direction: 350
Zone: traffic
Camera type: fixed</description>
      <Point>
        <coordinates>-83.8785505,34.0769637,0</coordinates>
      </Point>
    </Placemark>
    <Placemark>
      <name>ALPR</name>
      <description>OSM node: https://www.openstreetmap.org/node/13756299501
Manufacturer: Flock Safety
Direction: 99
Zone: traffic
Camera type: fixed</description>
      <Point>
        <coordinates>-82.0259992,33.3882604,0</coordinates>
      </Point>
    </Placemark>
    <Placemark>
      <name>ALPR</name>
      <description>OSM node: https://www.openstreetmap.org/node/13756445502
Manufacturer: Flock Safety
Direction: 187
Zone: traffic
Camera type: fixed</description>
      <Point>
        <coordinates>-82.0076202,33.4139221,0</coordinates>
      </Point>
    </Placemark>
    <Placemark>
      <name>ALPR</name>
      <description>OSM node: https://www.openstreetmap.org/node/13758369282
Direction: 39
Zone: entrance</description>
      <Point>
        <coordinates>-84.1702658,34.098348,0</coordinates>
      </Point>
    </Placemark>
    <Placemark>
      <name>ALPR</name>
      <description>OSM node: https://www.openstreetmap.org/node/13758399990
Direction: 291
Zone: entrance</description>
      <Point>
        <coordinates>-84.150212,34.1168726,0</coordinates>
      </Point>
    </Placemark>
    <Placemark>
      <name>ALPR</name>
      <description>OSM node: https://www.openstreetmap.org/node/13758416498
Direction: 75
Zone: entrance</description>
      <Point>
        <coordinates>-84.1465483,34.1192159,0</coordinates>
      </Point>
    </Placemark>
    <Placemark>
      <name>ALPR</name>
      <description>OSM node: https://www.openstreetmap.org/node/13758737401
Manufacturer: Flock Safety
Direction: 109
Zone: traffic
Camera type: fixed</description>
      <Point>
        <coordinates>-84.0065896,34.5294729,0</coordinates>
      </Point>
    </Placemark>
    <Placemark>
      <name>ALPR</name>
      <description>OSM node: https://www.openstreetmap.org/node/13758742601
Manufacturer: Flock Safety
Direction: 75
Zone: traffic
Camera type: fixed</description>
      <Point>
        <coordinates>-83.8745549,34.3885297,0</coordinates>
      </Point>
    </Placemark>
    <Placemark>
      <name>ALPR</name>
      <description>OSM node: https://www.openstreetmap.org/node/13758804801
Manufacturer: Flock Safety
Direction: 133
Zone: traffic
Camera type: fixed</description>
      <Point>
        <coordinates>-84.5295314,34.0970332,0</coordinates>
      </Point>
    </Placemark>
    <Placemark>
      <name>ALPR</name>
      <description>OSM node: https://www.openstreetmap.org/node/13759057701
Manufacturer: Flock Safety
Direction: 189
Zone: traffic
Camera type: fixed</description>
      <Point>
        <coordinates>-84.2992506,33.8918089,0</coordinates>
      </Point>
    </Placemark>
    <Placemark>
      <name>ALPR</name>
      <description>OSM node: https://www.openstreetmap.org/node/13759103101
Manufacturer: Flock Safety
Direction: 135
Zone: traffic
Camera type: fixed</description>
      <Point>
        <coordinates>-81.0744553,31.9859161,0</coordinates>
      </Point>
    </Placemark>
    <Placemark>
      <name>ALPR</name>
      <description>OSM node: https://www.openstreetmap.org/node/13759310601
Manufacturer: Flock Safety
Direction: 125
Zone: traffic
Camera type: fixed</description>
      <Point>
        <coordinates>-84.5879192,32.9872985,0</coordinates>
      </Point>
    </Placemark>
    <Placemark>
      <name>ALPR</name>
      <description>OSM node: https://www.openstreetmap.org/node/13759412304
Manufacturer: Flock Safety
Direction: 347
Zone: traffic
Camera type: fixed</description>
      <Point>
        <coordinates>-83.3713999,33.9508356,0</coordinates>
      </Point>
    </Placemark>
    <Placemark>
      <name>ALPR</name>
      <description>OSM node: https://www.openstreetmap.org/node/13759450401
Manufacturer: Flock Safety
Direction: 178
Zone: traffic
Camera type: fixed</description>
      <Point>
        <coordinates>-83.3837504,33.9593173,0</coordinates>
      </Point>
    </Placemark>
    <Placemark>
      <name>ALPR</name>
      <description>OSM node: https://www.openstreetmap.org/node/13759480501
Manufacturer: Flock Safety
Direction: 315
Zone: traffic
Camera type: fixed</description>
      <Point>
        <coordinates>-81.0902038,32.0683586,0</coordinates>
      </Point>
    </Placemark>
    <Placemark>
      <name>ALPR</name>
      <description>OSM node: https://www.openstreetmap.org/node/13759497201
Manufacturer: Flock Safety
Direction: 0
Zone: traffic
Camera type: fixed</description>
      <Point>
        <coordinates>-84.027839,34.1131602,0</coordinates>
      </Point>
    </Placemark>
    <Placemark>
      <name>ALPR</name>
      <description>OSM node: https://www.openstreetmap.org/node/13759497701
Manufacturer: Flock Safety
Direction: 0;0;0;157
Zone: traffic
Camera type: fixed</description>
      <Point>
        <coordinates>-84.0279347,34.1131861,0</coordinates>
      </Point>
    </Placemark>
    <Placemark>
      <name>ALPR</name>
      <description>OSM node: https://www.openstreetmap.org/node/13759615001
Manufacturer: Flock Safety
Direction: 74
Zone: traffic
Camera type: fixed</description>
      <Point>
        <coordinates>-83.1795197,32.1773064,0</coordinates>
      </Point>
    </Placemark>
    <Placemark>
      <name>ALPR</name>
      <description>OSM node: https://www.openstreetmap.org/node/13759629001
Manufacturer: Flock Safety
Direction: 237
Zone: traffic
Camera type: fixed</description>
      <Point>
        <coordinates>-82.9296746,32.5348874,0</coordinates>
      </Point>
    </Placemark>
    <Placemark>
      <name>ALPR</name>
      <description>OSM node: https://www.openstreetmap.org/node/13759630801
Manufacturer: Flock Safety
Direction: 297
Zone: traffic
Camera type: fixed</description>
      <Point>
        <coordinates>-82.9443201,32.5294357,0</coordinates>
      </Point>
    </Placemark>
    <Placemark>
      <name>ALPR</name>
      <description>OSM node: https://www.openstreetmap.org/node/13759630802
Manufacturer: Flock Safety
Direction: 121
Zone: traffic
Camera type: fixed</description>
      <Point>
        <coordinates>-82.9505303,32.5341447,0</coordinates>
      </Point>
    </Placemark>
    <Placemark>
      <name>ALPR</name>
      <description>OSM node: https://www.openstreetmap.org/node/13759634001
Manufacturer: Flock Safety
Direction: 111
Zone: traffic
Camera type: fixed</description>
      <Point>
        <coordinates>-83.0623044,32.532106,0</coordinates>
      </Point>
    </Placemark>
    <Placemark>
      <name>ALPR</name>
      <description>OSM node: https://www.openstreetmap.org/node/13759659001
Manufacturer: Flock Safety
Direction: 343
Zone: traffic
Camera type: fixed</description>
      <Point>
        <coordinates>-84.1198721,33.8232329,0</coordinates>
      </Point>
    </Placemark>
    <Placemark>
      <name>ALPR</name>
      <description>OSM node: https://www.openstreetmap.org/node/13759745402
Manufacturer: Flock Safety
Direction: 320
Zone: traffic
Camera type: fixed</description>
      <Point>
        <coordinates>-83.954952,33.0571615,0</coordinates>
      </Point>
    </Placemark>
    <Placemark>
      <name>ALPR</name>
      <description>OSM node: https://www.openstreetmap.org/node/13759757601
Manufacturer: Flock Safety
Direction: 26
Zone: traffic
Camera type: fixed</description>
      <Point>
        <coordinates>-84.9605081,34.477774,0</coordinates>
      </Point>
    </Placemark>
    <Placemark>
      <name>ALPR</name>
      <description>OSM node: https://www.openstreetmap.org/node/13759823301
Manufacturer: Flock Safety
Direction: 120
Zone: traffic
Camera type: fixed</description>
      <Point>
        <coordinates>-84.8619422,32.8687929,0</coordinates>
      </Point>
    </Placemark>
    <Placemark>
      <name>ALPR</name>
      <description>OSM node: https://www.openstreetmap.org/node/13759824401
Manufacturer: Flock Safety
Direction: 0
Zone: traffic
Camera type: fixed</description>
      <Point>
        <coordinates>-83.2632815,31.0318858,0</coordinates>
      </Point>
    </Placemark>
    <Placemark>
      <name>ALPR</name>
      <description>OSM node: https://www.openstreetmap.org/node/13760701601
Manufacturer: Flock Safety
Direction: 169
Zone: traffic
Camera type: fixed</description>
      <Point>
        <coordinates>-84.1881341,34.1012446,0</coordinates>
      </Point>
    </Placemark>
    <Placemark>
      <name>ALPR</name>
      <description>OSM node: https://www.openstreetmap.org/node/13760705601
Manufacturer: Flock Safety
Direction: 276
Zone: traffic
Camera type: fixed</description>
      <Point>
        <coordinates>-84.180832,34.0963667,0</coordinates>
      </Point>
    </Placemark>
    <Placemark>
      <name>ALPR</name>
      <description>OSM node: https://www.openstreetmap.org/node/13760714101
Manufacturer: Flock Safety
Direction: 272
Zone: traffic
Camera type: fixed</description>
      <Point>
        <coordinates>-84.1833315,34.0909386,0</coordinates>
      </Point>
    </Placemark>
    <Placemark>
      <name>ALPR</name>
      <description>OSM node: https://www.openstreetmap.org/node/13760759201
Manufacturer: Flock Safety
Direction: 161
Zone: traffic
Camera type: fixed</description>
      <Point>
        <coordinates>-84.2421968,33.8486153,0</coordinates>
      </Point>
    </Placemark>
    <Placemark>
      <name>ALPR</name>
      <description>OSM node: https://www.openstreetmap.org/node/13760817901
Manufacturer: Flock Safety
Direction: 73
Zone: traffic
Camera type: fixed</description>
      <Point>
        <coordinates>-83.8504026,33.6265756,0</coordinates>
      </Point>
    </Placemark>
    <Placemark>
      <name>ALPR</name>
      <description>OSM node: https://www.openstreetmap.org/node/13760817902
Manufacturer: Flock Safety
Direction: 261
Zone: traffic
Camera type: fixed</description>
      <Point>
        <coordinates>-83.8503934,33.626671,0</coordinates>
      </Point>
    </Placemark>
    <Placemark>
      <name>ALPR</name>
      <description>OSM node: https://www.openstreetmap.org/node/13760831002
Manufacturer: Flock Safety
Direction: 242
Zone: parking
Camera type: fixed</description>
      <Point>
        <coordinates>-83.8650745,33.626924,0</coordinates>
      </Point>
    </Placemark>
    <Placemark>
      <name>ALPR</name>
      <description>OSM node: https://www.openstreetmap.org/node/13761213301
Manufacturer: Flock Safety
Direction: 157
Zone: traffic
Camera type: fixed</description>
      <Point>
        <coordinates>-81.2501362,32.3776701,0</coordinates>
      </Point>
    </Placemark>
    <Placemark>
      <name>ALPR</name>
      <description>OSM node: https://www.openstreetmap.org/node/13761413002
Manufacturer: Flock Safety
Direction: 320
Zone: traffic
Camera type: fixed</description>
      <Point>
        <coordinates>-84.1710008,33.8111707,0</coordinates>
      </Point>
    </Placemark>
    <Placemark>
      <name>ALPR</name>
      <description>OSM node: https://www.openstreetmap.org/node/13761558102
Manufacturer: Flock Safety
Direction: 61
Zone: traffic
Camera type: fixed</description>
      <Point>
        <coordinates>-84.1785943,33.8103889,0</coordinates>
      </Point>
    </Placemark>
    <Placemark>
      <name>ALPR</name>
      <description>OSM node: https://www.openstreetmap.org/node/13761562301
Manufacturer: Flock Safety
Direction: 320
Zone: traffic
Camera type: fixed</description>
      <Point>
        <coordinates>-84.1710008,33.8111707,0</coordinates>
      </Point>
    </Placemark>
    <Placemark>
      <name>ALPR</name>
      <description>OSM node: https://www.openstreetmap.org/node/13761753001
Manufacturer: Flock Safety
Direction: 100
Zone: traffic
Camera type: fixed</description>
      <Point>
        <coordinates>-84.2275007,33.9086505,0</coordinates>
      </Point>
    </Placemark>
    <Placemark>
      <name>ALPR</name>
      <description>OSM node: https://www.openstreetmap.org/node/13761754801
Manufacturer: Flock Safety
Direction: 217
Zone: traffic
Camera type: fixed</description>
      <Point>
        <coordinates>-84.2104497,33.8952135,0</coordinates>
      </Point>
    </Placemark>
    <Placemark>
      <name>ALPR</name>
      <description>OSM node: https://www.openstreetmap.org/node/13761755401
Manufacturer: Flock Safety
Direction: 16
Zone: traffic
Camera type: fixed</description>
      <Point>
        <coordinates>-84.2362205,33.9050115,0</coordinates>
      </Point>
    </Placemark>
    <Placemark>
      <name>ALPR</name>
      <description>OSM node: https://www.openstreetmap.org/node/13761799601
Manufacturer: Flock Safety
Direction: 259
Zone: traffic
Camera type: fixed</description>
      <Point>
        <coordinates>-84.0921839,32.880241,0</coordinates>
      </Point>
    </Placemark>
    <Placemark>
      <name>ALPR</name>
      <description>OSM node: https://www.openstreetmap.org/node/13761859701
Manufacturer: Flock Safety
Direction: 267
Zone: traffic
Camera type: fixed</description>
      <Point>
        <coordinates>-84.1317108,32.9170479,0</coordinates>
      </Point>
    </Placemark>
    <Placemark>
      <name>ALPR</name>
      <description>OSM node: https://www.openstreetmap.org/node/13761860701
Manufacturer: Flock Safety
Direction: 0
Zone: traffic
Camera type: fixed</description>
      <Point>
        <coordinates>-84.0896629,32.8802408,0</coordinates>
      </Point>
    </Placemark>
    <Placemark>
      <name>ALPR</name>
      <description>OSM node: https://www.openstreetmap.org/node/13761870301
Manufacturer: Flock Safety
Direction: 85
Zone: traffic
Camera type: fixed</description>
      <Point>
        <coordinates>-84.1115055,34.4181529,0</coordinates>
      </Point>
    </Placemark>
    <Placemark>
      <name>ALPR</name>
      <description>OSM node: https://www.openstreetmap.org/node/13762195201
Manufacturer: Flock Safety
Direction: 151
Zone: traffic
Camera type: fixed</description>
      <Point>
        <coordinates>-84.7328997,33.3960778,0</coordinates>
      </Point>
    </Placemark>
    <Placemark>
      <name>ALPR</name>
      <description>OSM node: https://www.openstreetmap.org/node/13762196601
Manufacturer: Flock Safety
Direction: 0
Zone: traffic
Camera type: fixed</description>
      <Point>
        <coordinates>-84.7326833,33.3958522,0</coordinates>
      </Point>
    </Placemark>
    <Placemark>
      <name>ALPR</name>
      <description>OSM node: https://www.openstreetmap.org/node/13762196801
Manufacturer: Flock Safety
Direction: 0
Zone: traffic
Camera type: fixed</description>
      <Point>
        <coordinates>-84.7326777,33.3953707,0</coordinates>
      </Point>
    </Placemark>
    <Placemark>
      <name>ALPR</name>
      <description>OSM node: https://www.openstreetmap.org/node/13762198001
Manufacturer: Flock Safety
Direction: 182
Zone: traffic
Camera type: fixed</description>
      <Point>
        <coordinates>-84.7326777,33.3953707,0</coordinates>
      </Point>
    </Placemark>
    <Placemark>
      <name>ALPR</name>
      <description>OSM node: https://www.openstreetmap.org/node/13762250701
Manufacturer: Flock Safety
Direction: 61
Zone: traffic
Camera type: fixed</description>
      <Point>
        <coordinates>-84.7387674,33.3788744,0</coordinates>
      </Point>
    </Placemark>
    <Placemark>
      <name>ALPR</name>
      <description>OSM node: https://www.openstreetmap.org/node/13762254701
Manufacturer: Flock Safety
Direction: 206
Zone: traffic
Camera type: fixed</description>
      <Point>
        <coordinates>-84.5232128,33.8660079,0</coordinates>
      </Point>
    </Placemark>
    <Placemark>
      <name>ALPR</name>
      <description>OSM node: https://www.openstreetmap.org/node/13762262601
Manufacturer: Flock Safety
Direction: 206
Zone: traffic
Camera type: fixed</description>
      <Point>
        <coordinates>-84.5232128,33.8660079,0</coordinates>
      </Point>
    </Placemark>
    <Placemark>
      <name>ALPR</name>
      <description>OSM node: https://www.openstreetmap.org/node/13762267801
Manufacturer: Flock Safety
Direction: 147
Zone: traffic
Camera type: fixed</description>
      <Point>
        <coordinates>-82.9493018,32.5411113,0</coordinates>
      </Point>
    </Placemark>
    <Placemark>
      <name>ALPR</name>
      <description>OSM node: https://www.openstreetmap.org/node/13762332101
Manufacturer: Flock Safety
Direction: 20
Zone: traffic
Camera type: fixed</description>
      <Point>
        <coordinates>-83.9830779,33.9310868,0</coordinates>
      </Point>
    </Placemark>
    <Placemark>
      <name>ALPR</name>
      <description>OSM node: https://www.openstreetmap.org/node/13762429023
Manufacturer: Flock Safety
Direction: 50
Zone: street
Camera type: fixed</description>
      <Point>
        <coordinates>-84.5720656,33.2918349,0</coordinates>
      </Point>
    </Placemark>
    <Placemark>
      <name>ALPR</name>
      <description>OSM node: https://www.openstreetmap.org/node/13764114901
Manufacturer: Genetec
Direction: 341
Zone: traffic
Camera type: fixed</description>
      <Point>
        <coordinates>-84.3719713,33.7602987,0</coordinates>
      </Point>
    </Placemark>
    <Placemark>
      <name>ALPR</name>
      <description>OSM node: https://www.openstreetmap.org/node/13764153601
Manufacturer: Flock Safety
Direction: 318
Zone: traffic
Camera type: fixed</description>
      <Point>
        <coordinates>-84.5203739,33.8945918,0</coordinates>
      </Point>
    </Placemark>
    <Placemark>
      <name>ALPR</name>
      <description>OSM node: https://www.openstreetmap.org/node/13764154901
Manufacturer: Flock Safety
Direction: 63
Zone: traffic
Camera type: fixed</description>
      <Point>
        <coordinates>-84.2426826,33.8482353,0</coordinates>
      </Point>
    </Placemark>
    <Placemark>
      <name>ALPR</name>
      <description>OSM node: https://www.openstreetmap.org/node/13764407701
Manufacturer: Flock Safety
Direction: 345
Zone: traffic
Camera type: fixed</description>
      <Point>
        <coordinates>-84.2882168,34.0706767,0</coordinates>
      </Point>
    </Placemark>
    <Placemark>
      <name>ALPR</name>
      <description>OSM node: https://www.openstreetmap.org/node/13764411101
Manufacturer: Flock Safety
Direction: 165
Zone: traffic
Camera type: fixed</description>
      <Point>
        <coordinates>-84.2883228,34.0707381,0</coordinates>
      </Point>
    </Placemark>
    <Placemark>
      <name>ALPR</name>
      <description>OSM node: https://www.openstreetmap.org/node/13764586404
Manufacturer: Flock Safety
Direction: 186
Zone: traffic
Camera type: fixed</description>
      <Point>
        <coordinates>-81.0846841,32.0537188,0</coordinates>
      </Point>
    </Placemark>
    <Placemark>
      <name>ALPR</name>
      <description>OSM node: https://www.openstreetmap.org/node/13764593403
Manufacturer: Flock Safety
Direction: 0
Zone: traffic
Camera type: fixed</description>
      <Point>
        <coordinates>-81.0847736,32.0532471,0</coordinates>
      </Point>
    </Placemark>
    <Placemark>
      <name>ALPR</name>
      <description>OSM node: https://www.openstreetmap.org/node/13764780001
Manufacturer: Flock Safety
Direction: 306
Zone: traffic
Camera type: fixed</description>
      <Point>
        <coordinates>-84.367754,33.8510197,0</coordinates>
      </Point>
    </Placemark>
    <Placemark>
      <name>ALPR</name>
      <description>OSM node: https://www.openstreetmap.org/node/13764780002
Manufacturer: Flock Safety
Direction: 48
Zone: traffic
Camera type: fixed</description>
      <Point>
        <coordinates>-84.3677552,33.8509698,0</coordinates>
      </Point>
    </Placemark>
    <Placemark>
      <name>ALPR</name>
      <description>OSM node: https://www.openstreetmap.org/node/13764780701
Manufacturer: Flock Safety
Direction: 70
Zone: traffic
Camera type: fixed</description>
      <Point>
        <coordinates>-84.3675039,33.8505389,0</coordinates>
      </Point>
    </Placemark>
    <Placemark>
      <name>ALPR</name>
      <description>OSM node: https://www.openstreetmap.org/node/13764781601
Manufacturer: Flock Safety
Direction: 339
Zone: traffic
Camera type: fixed</description>
      <Point>
        <coordinates>-84.3675897,33.8505261,0</coordinates>
      </Point>
    </Placemark>
    <Placemark>
      <name>ALPR</name>
      <description>OSM node: https://www.openstreetmap.org/node/13765044202
Manufacturer: Flock Safety
Direction: 108
Zone: traffic
Camera type: fixed</description>
      <Point>
        <coordinates>-84.2100674,33.894194,0</coordinates>
      </Point>
    </Placemark>
    <Placemark>
      <name>ALPR</name>
      <description>OSM node: https://www.openstreetmap.org/node/13765050101
Manufacturer: Flock Safety
Direction: 243
Zone: traffic
Camera type: fixed</description>
      <Point>
        <coordinates>-84.2192187,33.8825147,0</coordinates>
      </Point>
    </Placemark>
    <Placemark>
      <name>ALPR</name>
      <description>OSM node: https://www.openstreetmap.org/node/13765338001
Manufacturer: Flock Safety
Direction: 328
Zone: traffic
Camera type: fixed</description>
      <Point>
        <coordinates>-83.7652721,34.1274162,0</coordinates>
      </Point>
    </Placemark>
    <Placemark>
      <name>ALPR</name>
      <description>OSM node: https://www.openstreetmap.org/node/13765464901
Manufacturer: Flock Safety
Direction: 318
Zone: traffic
Camera type: fixed</description>
      <Point>
        <coordinates>-83.9255969,33.946265,0</coordinates>
      </Point>
    </Placemark>
    <Placemark>
      <name>ALPR</name>
      <description>OSM node: https://www.openstreetmap.org/node/13766489301
Manufacturer: Flock Safety
Direction: 0
Zone: traffic
Camera type: fixed</description>
      <Point>
        <coordinates>-83.4667811,33.7897603,0</coordinates>
      </Point>
    </Placemark>
    <Placemark>
      <name>ALPR</name>
      <description>OSM node: https://www.openstreetmap.org/node/13767213836
Manufacturer: Flock Safety
Zone: traffic
Camera type: fixed</description>
      <Point>
        <coordinates>-84.4925742,34.6566722,0</coordinates>
      </Point>
    </Placemark>
    <Placemark>
      <name>ALPR</name>
      <description>OSM node: https://www.openstreetmap.org/node/13767264401
Manufacturer: Flock Safety
Direction: 217
Zone: traffic
Camera type: fixed</description>
      <Point>
        <coordinates>-84.8031191,33.9110656,0</coordinates>
      </Point>
    </Placemark>
    <Placemark>
      <name>ALPR</name>
      <description>OSM node: https://www.openstreetmap.org/node/13767269601
Manufacturer: Flock Safety
Direction: 113
Zone: traffic
Camera type: fixed</description>
      <Point>
        <coordinates>-83.5666967,33.8935453,0</coordinates>
      </Point>
    </Placemark>
    <Placemark>
      <name>ALPR</name>
      <description>OSM node: https://www.openstreetmap.org/node/13767285501
Manufacturer: Flock Safety
Direction: 13
Zone: traffic
Camera type: fixed</description>
      <Point>
        <coordinates>-84.1307274,33.8408397,0</coordinates>
      </Point>
    </Placemark>
    <Placemark>
      <name>ALPR</name>
      <description>OSM node: https://www.openstreetmap.org/node/13767290501
Manufacturer: Flock Safety
Direction: 136
Zone: traffic
Camera type: fixed</description>
      <Point>
        <coordinates>-84.1248357,33.8266037,0</coordinates>
      </Point>
    </Placemark>
    <Placemark>
      <name>ALPR</name>
      <description>OSM node: https://www.openstreetmap.org/node/13767290702
Manufacturer: Flock Safety
Direction: 0
Zone: traffic
Camera type: fixed</description>
      <Point>
        <coordinates>-84.1191419,33.8249067,0</coordinates>
      </Point>
    </Placemark>
    <Placemark>
      <name>ALPR</name>
      <description>OSM node: https://www.openstreetmap.org/node/13767299101
Manufacturer: Flock Safety
Direction: 106
Zone: traffic
Camera type: fixed</description>
      <Point>
        <coordinates>-84.1188314,33.8254782,0</coordinates>
      </Point>
    </Placemark>
    <Placemark>
      <name>ALPR</name>
      <description>OSM node: https://www.openstreetmap.org/node/13767307801
Manufacturer: Flock Safety
Direction: 207
Zone: traffic
Camera type: fixed</description>
      <Point>
        <coordinates>-83.7492868,33.7893706,0</coordinates>
      </Point>
    </Placemark>
    <Placemark>
      <name>ALPR</name>
      <description>OSM node: https://www.openstreetmap.org/node/13767410001
Manufacturer: Flock Safety
Direction: 153
Zone: traffic
Camera type: fixed</description>
      <Point>
        <coordinates>-84.3217621,32.9159639,0</coordinates>
      </Point>
    </Placemark>
    <Placemark>
      <name>ALPR</name>
      <description>OSM node: https://www.openstreetmap.org/node/13767435401
Manufacturer: Flock Safety
Direction: 151
Zone: traffic
Camera type: fixed</description>
      <Point>
        <coordinates>-84.3308329,32.9116132,0</coordinates>
      </Point>
    </Placemark>
    <Placemark>
      <name>ALPR</name>
      <description>OSM node: https://www.openstreetmap.org/node/13767532101
Manufacturer: Flock Safety
Direction: 325
Zone: traffic
Camera type: fixed</description>
      <Point>
        <coordinates>-81.7675723,32.4636124,0</coordinates>
      </Point>
    </Placemark>
    <Placemark>
      <name>ALPR</name>
      <description>OSM node: https://www.openstreetmap.org/node/13767554201
Manufacturer: Flock Safety
Direction: 257
Zone: traffic
Camera type: fixed</description>
      <Point>
        <coordinates>-84.3440581,33.0429833,0</coordinates>
      </Point>
    </Placemark>
    <Placemark>
      <name>ALPR</name>
      <description>OSM node: https://www.openstreetmap.org/node/13767579301
Manufacturer: Flock Safety
Direction: 322
Zone: traffic
Camera type: fixed</description>
      <Point>
        <coordinates>-84.2902716,33.9106694,0</coordinates>
      </Point>
    </Placemark>
    <Placemark>
      <name>ALPR</name>
      <description>OSM node: https://www.openstreetmap.org/node/13767630501
Manufacturer: Flock Safety
Direction: 53
Zone: traffic
Camera type: fixed</description>
      <Point>
        <coordinates>-84.4827724,33.0126713,0</coordinates>
      </Point>
    </Placemark>
    <Placemark>
      <name>ALPR</name>
      <description>OSM node: https://www.openstreetmap.org/node/13767638401
Manufacturer: Flock Safety
Direction: 14
Zone: traffic
Camera type: fixed</description>
      <Point>
        <coordinates>-84.502982,32.9988657,0</coordinates>
      </Point>
    </Placemark>
    <Placemark>
      <name>ALPR</name>
      <description>OSM node: https://www.openstreetmap.org/node/13767640501
Manufacturer: Flock Safety
Direction: 120
Zone: traffic
Camera type: fixed</description>
      <Point>
        <coordinates>-84.4996329,32.9828744,0</coordinates>
      </Point>
    </Placemark>
    <Placemark>
      <name>ALPR</name>
      <description>OSM node: https://www.openstreetmap.org/node/13767686501
Manufacturer: Flock Safety
Direction: 288
Zone: traffic
Camera type: fixed</description>
      <Point>
        <coordinates>-84.3631458,32.9057264,0</coordinates>
      </Point>
    </Placemark>
    <Placemark>
      <name>ALPR</name>
      <description>OSM node: https://www.openstreetmap.org/node/13767690601
Manufacturer: Flock Safety
Direction: 86
Zone: traffic
Camera type: fixed</description>
      <Point>
        <coordinates>-84.3556843,32.9008649,0</coordinates>
      </Point>
    </Placemark>
    <Placemark>
      <name>ALPR</name>
      <description>OSM node: https://www.openstreetmap.org/node/13767861801
Manufacturer: Flock Safety
Direction: 342
Zone: traffic
Camera type: fixed</description>
      <Point>
        <coordinates>-84.2012872,32.9901072,0</coordinates>
      </Point>
    </Placemark>
    <Placemark>
      <name>ALPR</name>
      <description>OSM node: https://www.openstreetmap.org/node/13767865001
Manufacturer: Flock Safety
Direction: 98
Zone: traffic
Camera type: fixed</description>
      <Point>
        <coordinates>-82.1963137,33.4498523,0</coordinates>
      </Point>
    </Placemark>
    <Placemark>
      <name>ALPR</name>
      <description>OSM node: https://www.openstreetmap.org/node/13767870201
Manufacturer: Genetec
Direction: 90
Zone: traffic
Camera type: fixed</description>
      <Point>
        <coordinates>-82.2065119,33.4536373,0</coordinates>
      </Point>
    </Placemark>
    <Placemark>
      <name>ALPR</name>
      <description>OSM node: https://www.openstreetmap.org/node/13767871601
Manufacturer: Genetec
Direction: 215
Zone: traffic
Camera type: fixed</description>
      <Point>
        <coordinates>-82.2079015,33.454095,0</coordinates>
      </Point>
    </Placemark>
    <Placemark>
      <name>ALPR</name>
      <description>OSM node: https://www.openstreetmap.org/node/13767917501
Manufacturer: Genetec
Direction: 270
Zone: traffic
Camera type: fixed</description>
      <Point>
        <coordinates>-82.2076877,33.4543922,0</coordinates>
      </Point>
    </Placemark>
    <Placemark>
      <name>ALPR</name>
      <description>OSM node: https://www.openstreetmap.org/node/13768034901
Manufacturer: Flock Safety
Direction: 137
Zone: traffic
Camera type: fixed</description>
      <Point>
        <coordinates>-83.4808302,33.6146392,0</coordinates>
      </Point>
    </Placemark>
    <Placemark>
      <name>ALPR</name>
      <description>OSM node: https://www.openstreetmap.org/node/13768415201
Manufacturer: Flock Safety
Direction: 67
Zone: traffic
Camera type: fixed</description>
      <Point>
        <coordinates>-84.6510315,33.7664295,0</coordinates>
      </Point>
    </Placemark>
    <Placemark>
      <name>ALPR</name>
      <description>OSM node: https://www.openstreetmap.org/node/13768417201
Manufacturer: Flock Safety
Direction: 345
Zone: traffic
Camera type: fixed</description>
      <Point>
        <coordinates>-84.6512632,33.7668008,0</coordinates>
      </Point>
    </Placemark>
    <Placemark>
      <name>ALPR</name>
      <description>OSM node: https://www.openstreetmap.org/node/13768423002
Manufacturer: Flock Safety
Direction: 168
Zone: traffic
Camera type: fixed</description>
      <Point>
        <coordinates>-84.6528823,33.7704991,0</coordinates>
      </Point>
    </Placemark>
    <Placemark>
      <name>ALPR</name>
      <description>OSM node: https://www.openstreetmap.org/node/13768449201
Manufacturer: Flock Safety
Direction: 191
Zone: traffic
Camera type: fixed</description>
      <Point>
        <coordinates>-85.1927852,34.9665329,0</coordinates>
      </Point>
    </Placemark>
    <Placemark>
      <name>ALPR</name>
      <description>OSM node: https://www.openstreetmap.org/node/13768627601
Manufacturer: Flock Safety
Direction: 27
Zone: traffic
Camera type: fixed</description>
      <Point>
        <coordinates>-83.5347237,34.5347032,0</coordinates>
      </Point>
    </Placemark>
    <Placemark>
      <name>ALPR</name>
      <description>OSM node: https://www.openstreetmap.org/node/13768780701
Manufacturer: Flock Safety
Direction: 340
Zone: traffic
Camera type: fixed</description>
      <Point>
        <coordinates>-84.2984343,33.8950593,0</coordinates>
      </Point>
    </Placemark>
    <Placemark>
      <name>ALPR</name>
      <description>OSM node: https://www.openstreetmap.org/node/13768780901
Manufacturer: Flock Safety
Direction: 151
Zone: traffic
Camera type: fixed</description>
      <Point>
        <coordinates>-84.2984343,33.8950593,0</coordinates>
      </Point>
    </Placemark>
    <Placemark>
      <name>ALPR</name>
      <description>OSM node: https://www.openstreetmap.org/node/13770584301
Manufacturer: Flock Safety
Direction: 16
Zone: traffic
Camera type: fixed</description>
      <Point>
        <coordinates>-83.8437547,31.9238496,0</coordinates>
      </Point>
    </Placemark>
    <Placemark>
      <name>ALPR</name>
      <description>OSM node: https://www.openstreetmap.org/node/13770706301
Manufacturer: Flock Safety
Direction: 102
Zone: traffic
Camera type: fixed</description>
      <Point>
        <coordinates>-84.3243796,32.2472905,0</coordinates>
      </Point>
    </Placemark>
    <Placemark>
      <name>ALPR</name>
      <description>OSM node: https://www.openstreetmap.org/node/13770850602
Manufacturer: Flock Safety
Direction: 136
Zone: traffic
Camera type: fixed</description>
      <Point>
        <coordinates>-81.1958502,32.3041163,0</coordinates>
      </Point>
    </Placemark>
    <Placemark>
      <name>ALPR</name>
      <description>OSM node: https://www.openstreetmap.org/node/13771002002
Manufacturer: Motorola Solutions
Direction: 278
Zone: traffic
Camera type: fixed</description>
      <Point>
        <coordinates>-84.9674783,33.0416841,0</coordinates>
      </Point>
    </Placemark>
    <Placemark>
      <name>ALPR</name>
      <description>OSM node: https://www.openstreetmap.org/node/13771231101
Manufacturer: Flock Safety
Direction: 291
Zone: traffic
Camera type: fixed</description>
      <Point>
        <coordinates>-84.2137695,33.8429641,0</coordinates>
      </Point>
    </Placemark>
    <Placemark>
      <name>ALPR</name>
      <description>OSM node: https://www.openstreetmap.org/node/13771619099
Manufacturer: Flock Safety
Zone: traffic
Camera type: fixed</description>
      <Point>
        <coordinates>-83.7539728,34.6187871,0</coordinates>
      </Point>
    </Placemark>
    <Placemark>
      <name>ALPR</name>
      <description>OSM node: https://www.openstreetmap.org/node/13771691301
Manufacturer: Flock Safety
Direction: 153
Zone: traffic
Camera type: fixed</description>
      <Point>
        <coordinates>-84.5668372,30.8912737,0</coordinates>
      </Point>
    </Placemark>
    <Placemark>
      <name>ALPR</name>
      <description>OSM node: https://www.openstreetmap.org/node/13771691501
Manufacturer: Flock Safety
Direction: 312
Zone: traffic
Camera type: fixed</description>
      <Point>
        <coordinates>-84.550431,30.8590838,0</coordinates>
      </Point>
    </Placemark>
    <Placemark>
      <name>ALPR</name>
      <description>OSM node: https://www.openstreetmap.org/node/13771854303
Manufacturer: Flock Safety
Direction: 339
Zone: traffic
Camera type: fixed</description>
      <Point>
        <coordinates>-84.9231255,31.3579805,0</coordinates>
      </Point>
    </Placemark>
    <Placemark>
      <name>ALPR</name>
      <description>OSM node: https://www.openstreetmap.org/node/13771854304
Manufacturer: Flock Safety
Direction: 314
Zone: traffic
Camera type: fixed</description>
      <Point>
        <coordinates>-85.0386632,31.594515,0</coordinates>
      </Point>
    </Placemark>
    <Placemark>
      <name>ALPR</name>
      <description>OSM node: https://www.openstreetmap.org/node/13771854403
Manufacturer: Flock Safety
Direction: 180
Zone: traffic
Camera type: fixed</description>
      <Point>
        <coordinates>-84.9228189,31.4100124,0</coordinates>
      </Point>
    </Placemark>
    <Placemark>
      <name>ALPR</name>
      <description>OSM node: https://www.openstreetmap.org/node/13771854602
Manufacturer: Flock Safety
Direction: 337
Zone: traffic
Camera type: fixed</description>
      <Point>
        <coordinates>-84.8623281,31.5014439,0</coordinates>
      </Point>
    </Placemark>
    <Placemark>
      <name>ALPR</name>
      <description>OSM node: https://www.openstreetmap.org/node/13771864101
Manufacturer: Flock Safety
Direction: 166
Zone: traffic
Camera type: fixed</description>
      <Point>
        <coordinates>-85.0467581,31.6265311,0</coordinates>
      </Point>
    </Placemark>
    <Placemark>
      <name>ALPR</name>
      <description>OSM node: https://www.openstreetmap.org/node/13771864702
Manufacturer: Flock Safety
Direction: 177
Zone: traffic
Camera type: fixed</description>
      <Point>
        <coordinates>-85.0918252,31.7792182,0</coordinates>
      </Point>
    </Placemark>
    <Placemark>
      <name>ALPR</name>
      <description>OSM node: https://www.openstreetmap.org/node/13772747101
Manufacturer: Flock Safety
Direction: 319
Zone: traffic
Camera type: fixed</description>
      <Point>
        <coordinates>-84.2096201,33.8934918,0</coordinates>
      </Point>
    </Placemark>
    <Placemark>
      <name>ALPR</name>
      <description>OSM node: https://www.openstreetmap.org/node/13772754401
Manufacturer: Flock Safety
Direction: 315
Zone: traffic
Camera type: fixed</description>
      <Point>
        <coordinates>-84.208235,33.9137757,0</coordinates>
      </Point>
    </Placemark>
    <Placemark>
      <name>ALPR</name>
      <description>OSM node: https://www.openstreetmap.org/node/13772755301
Manufacturer: Flock Safety
Direction: 8
Zone: traffic
Camera type: fixed</description>
      <Point>
        <coordinates>-84.2115897,33.921863,0</coordinates>
      </Point>
    </Placemark>
    <Placemark>
      <name>ALPR</name>
      <description>OSM node: https://www.openstreetmap.org/node/13772759801
Manufacturer: Flock Safety
Direction: 262
Zone: traffic
Camera type: fixed</description>
      <Point>
        <coordinates>-82.075495,33.3773253,0</coordinates>
      </Point>
    </Placemark>
    <Placemark>
      <name>ALPR</name>
      <description>OSM node: https://www.openstreetmap.org/node/13772760801
Manufacturer: Flock Safety
Direction: 331
Zone: traffic
Camera type: fixed</description>
      <Point>
        <coordinates>-82.1002944,33.3876225,0</coordinates>
      </Point>
    </Placemark>
    <Placemark>
      <name>ALPR</name>
      <description>OSM node: https://www.openstreetmap.org/node/13772766901
Manufacturer: Flock Safety
Direction: 70
Zone: traffic
Camera type: fixed</description>
      <Point>
        <coordinates>-83.5600478,32.5431961,0</coordinates>
      </Point>
    </Placemark>
    <Placemark>
      <name>ALPR</name>
      <description>OSM node: https://www.openstreetmap.org/node/13772767001
Manufacturer: Flock Safety
Direction: 38
Zone: traffic
Camera type: fixed</description>
      <Point>
        <coordinates>-84.3044828,33.9559821,0</coordinates>
      </Point>
    </Placemark>
    <Placemark>
      <name>ALPR</name>
      <description>OSM node: https://www.openstreetmap.org/node/13772786101
Manufacturer: Flock Safety
Direction: 119
Zone: traffic
Camera type: fixed</description>
      <Point>
        <coordinates>-83.3743706,32.5905436,0</coordinates>
      </Point>
    </Placemark>
    <Placemark>
      <name>ALPR</name>
      <description>OSM node: https://www.openstreetmap.org/node/13772980901
Manufacturer: Flock Safety
Direction: 207
Zone: traffic
Camera type: fixed</description>
      <Point>
        <coordinates>-84.9980697,34.7912569,0</coordinates>
      </Point>
    </Placemark>
    <Placemark>
      <name>ALPR</name>
      <description>OSM node: https://www.openstreetmap.org/node/13772980902
Manufacturer: Flock Safety
Direction: 350
Zone: traffic
Camera type: fixed</description>
      <Point>
        <coordinates>-84.9989063,34.789169,0</coordinates>
      </Point>
    </Placemark>
    <Placemark>
      <name>ALPR</name>
      <description>OSM node: https://www.openstreetmap.org/node/13772991601
Manufacturer: Flock Safety
Direction: 89
Zone: traffic
Camera type: fixed</description>
      <Point>
        <coordinates>-81.1043566,32.058133,0</coordinates>
      </Point>
    </Placemark>
    <Placemark>
      <name>ALPR</name>
      <description>OSM node: https://www.openstreetmap.org/node/13772995601
Manufacturer: Flock Safety
Direction: 37
Zone: traffic
Camera type: fixed</description>
      <Point>
        <coordinates>-81.1037032,32.0632736,0</coordinates>
      </Point>
    </Placemark>
    <Placemark>
      <name>ALPR</name>
      <description>OSM node: https://www.openstreetmap.org/node/13772997801
Manufacturer: Flock Safety
Direction: 269
Zone: traffic
Camera type: fixed</description>
      <Point>
        <coordinates>-81.1028294,32.0660329,0</coordinates>
      </Point>
    </Placemark>
    <Placemark>
      <name>ALPR</name>
      <description>OSM node: https://www.openstreetmap.org/node/13773020101
Manufacturer: Flock Safety
Direction: 75
Zone: traffic
Camera type: fixed</description>
      <Point>
        <coordinates>-81.1934294,32.21599,0</coordinates>
      </Point>
    </Placemark>
    <Placemark>
      <name>ALPR</name>
      <description>OSM node: https://www.openstreetmap.org/node/13773020601
Manufacturer: Flock Safety
Direction: 252
Zone: traffic
Camera type: fixed</description>
      <Point>
        <coordinates>-81.1933145,32.2160175,0</coordinates>
      </Point>
    </Placemark>
    <Placemark>
      <name>ALPR</name>
      <description>OSM node: https://www.openstreetmap.org/node/13773020602
Manufacturer: Flock Safety
Direction: 182
Zone: traffic
Camera type: fixed</description>
      <Point>
        <coordinates>-81.2348371,32.3123199,0</coordinates>
      </Point>
    </Placemark>
    <Placemark>
      <name>ALPR</name>
      <description>OSM node: https://www.openstreetmap.org/node/13773032501
Manufacturer: Flock Safety
Direction: 21
Zone: traffic
Camera type: fixed</description>
      <Point>
        <coordinates>-84.2929649,33.8577042,0</coordinates>
      </Point>
    </Placemark>
    <Placemark>
      <name>ALPR</name>
      <description>OSM node: https://www.openstreetmap.org/node/13773034101
Manufacturer: Flock Safety
Direction: 289
Zone: traffic
Camera type: fixed</description>
      <Point>
        <coordinates>-84.292394,33.8624854,0</coordinates>
      </Point>
    </Placemark>
    <Placemark>
      <name>ALPR</name>
      <description>OSM node: https://www.openstreetmap.org/node/13776384102
Manufacturer: Flock Safety
Direction: 281
Zone: traffic
Camera type: fixed</description>
      <Point>
        <coordinates>-85.006466,33.8799792,0</coordinates>
      </Point>
    </Placemark>
    <Placemark>
      <name>ALPR</name>
      <description>OSM node: https://www.openstreetmap.org/node/13776453001
Manufacturer: Flock Safety
Direction: 59
Zone: traffic
Camera type: fixed</description>
      <Point>
        <coordinates>-84.8857772,33.9140295,0</coordinates>
      </Point>
    </Placemark>
    <Placemark>
      <name>ALPR</name>
      <description>OSM node: https://www.openstreetmap.org/node/13776586801
Manufacturer: Flock Safety
Direction: 5
Zone: traffic
Camera type: fixed</description>
      <Point>
        <coordinates>-84.0414884,34.0137287,0</coordinates>
      </Point>
    </Placemark>
    <Placemark>
      <name>ALPR</name>
      <description>OSM node: https://www.openstreetmap.org/node/13776988901
Manufacturer: Flock Safety
Direction: 290
Zone: traffic
Camera type: fixed</description>
      <Point>
        <coordinates>-84.2919876,33.8622975,0</coordinates>
      </Point>
    </Placemark>
    <Placemark>
      <name>ALPR</name>
      <description>OSM node: https://www.openstreetmap.org/node/13776990202
Manufacturer: Flock Safety
Direction: 72
Zone: traffic
Camera type: fixed</description>
      <Point>
        <coordinates>-84.2919822,33.8622983,0</coordinates>
      </Point>
    </Placemark>
    <Placemark>
      <name>ALPR</name>
      <description>OSM node: https://www.openstreetmap.org/node/13777184802
Manufacturer: Flock Safety
Direction: 218
Zone: traffic
Camera type: fixed</description>
      <Point>
        <coordinates>-84.2711809,33.942073,0</coordinates>
      </Point>
    </Placemark>
    <Placemark>
      <name>ALPR</name>
      <description>OSM node: https://www.openstreetmap.org/node/13777564601
Manufacturer: Flock Safety
Direction: 317
Zone: traffic
Camera type: fixed</description>
      <Point>
        <coordinates>-84.6527108,33.770613,0</coordinates>
      </Point>
    </Placemark>
    <Placemark>
      <name>Lowe's ALPR</name>
      <description>OSM node: https://www.openstreetmap.org/node/13778141201
Operator: Lowe's
Manufacturer: Flock Safety
Direction: 327
Zone: traffic
Camera type: fixed</description>
      <Point>
        <coordinates>-85.0764144,33.5443547,0</coordinates>
      </Point>
    </Placemark>
    <Placemark>
      <name>ALPR</name>
      <description>OSM node: https://www.openstreetmap.org/node/13778333901
Manufacturer: Flock Safety
Direction: 172
Zone: traffic
Camera type: fixed</description>
      <Point>
        <coordinates>-81.1009871,32.0709163,0</coordinates>
      </Point>
    </Placemark>
    <Placemark>
      <name>ALPR</name>
      <description>OSM node: https://www.openstreetmap.org/node/13778596201
Manufacturer: Flock Safety
Direction: 319
Zone: traffic
Camera type: fixed</description>
      <Point>
        <coordinates>-84.4574944,34.681467,0</coordinates>
      </Point>
    </Placemark>
    <Placemark>
      <name>ALPR</name>
      <description>OSM node: https://www.openstreetmap.org/node/13778600301
Manufacturer: Flock Safety
Direction: 194
Zone: traffic
Camera type: fixed</description>
      <Point>
        <coordinates>-85.077053,33.5494447,0</coordinates>
      </Point>
    </Placemark>
    <Placemark>
      <name>ALPR</name>
      <description>OSM node: https://www.openstreetmap.org/node/13780577801
Manufacturer: Flock Safety
Direction: 293
Zone: traffic
Camera type: fixed</description>
      <Point>
        <coordinates>-81.0981883,32.0819811,0</coordinates>
      </Point>
    </Placemark>
    <Placemark>
      <name>ALPR</name>
      <description>OSM node: https://www.openstreetmap.org/node/13780580501
Manufacturer: Flock Safety
Direction: 293
Zone: traffic
Camera type: fixed</description>
      <Point>
        <coordinates>-81.0981883,32.0819811,0</coordinates>
      </Point>
    </Placemark>
    <Placemark>
      <name>ALPR</name>
      <description>OSM node: https://www.openstreetmap.org/node/13781162901
Manufacturer: Flock Safety
Direction: 64
Zone: traffic
Camera type: fixed</description>
      <Point>
        <coordinates>-83.6270755,32.3152721,0</coordinates>
      </Point>
    </Placemark>
    <Placemark>
      <name>ALPR</name>
      <description>OSM node: https://www.openstreetmap.org/node/13781177101
Manufacturer: Flock Safety
Direction: 242
Zone: traffic
Camera type: fixed</description>
      <Point>
        <coordinates>-83.6270482,32.3154333,0</coordinates>
      </Point>
    </Placemark>
    <Placemark>
      <name>ALPR</name>
      <description>OSM node: https://www.openstreetmap.org/node/13781192201
Manufacturer: Flock Safety
Direction: 128
Zone: traffic
Camera type: fixed</description>
      <Point>
        <coordinates>-84.2873651,33.8627951,0</coordinates>
      </Point>
    </Placemark>
    <Placemark>
      <name>ALPR</name>
      <description>OSM node: https://www.openstreetmap.org/node/13781631801
Manufacturer: Flock Safety
Direction: 274
Zone: traffic
Camera type: fixed</description>
      <Point>
        <coordinates>-85.0792275,33.2653568,0</coordinates>
      </Point>
    </Placemark>
    <Placemark>
      <name>ALPR</name>
      <description>OSM node: https://www.openstreetmap.org/node/13781763401
Manufacturer: Flock Safety
Direction: 254
Zone: traffic
Camera type: fixed</description>
      <Point>
        <coordinates>-84.8998283,33.1813922,0</coordinates>
      </Point>
    </Placemark>
    <Placemark>
      <name>ALPR</name>
      <description>OSM node: https://www.openstreetmap.org/node/13782239101
Manufacturer: Flock Safety
Direction: 43
Zone: traffic
Camera type: fixed</description>
      <Point>
        <coordinates>-84.2880091,34.0621006,0</coordinates>
      </Point>
    </Placemark>
    <Placemark>
      <name>ALPR</name>
      <description>OSM node: https://www.openstreetmap.org/node/13782241701
Manufacturer: Flock Safety
Direction: 161
Zone: traffic
Camera type: fixed</description>
      <Point>
        <coordinates>-84.2879433,34.062222,0</coordinates>
      </Point>
    </Placemark>
    <Placemark>
      <name>Swainsboro GA ALPR</name>
      <description>OSM node: https://www.openstreetmap.org/node/13782797681
Operator: Swainsboro GA
Manufacturer: Flock Safety
Direction: 135
Camera type: fixed</description>
      <Point>
        <coordinates>-82.376729,32.6206374,0</coordinates>
      </Point>
    </Placemark>
    <Placemark>
      <name>Swainsboro GA ALPR</name>
      <description>OSM node: https://www.openstreetmap.org/node/13782827592
Operator: Swainsboro GA
Manufacturer: Flock Safety
Direction: 80
Camera type: fixed</description>
      <Point>
        <coordinates>-82.3656131,32.5866846,0</coordinates>
      </Point>
    </Placemark>
    <Placemark>
      <name>ALPR</name>
      <description>OSM node: https://www.openstreetmap.org/node/13782902002
Manufacturer: Flock Safety
Direction: 228
Zone: traffic
Camera type: fixed</description>
      <Point>
        <coordinates>-85.0777328,33.6179599,0</coordinates>
      </Point>
    </Placemark>
    <Placemark>
      <name>Swainsboro GA ALPR</name>
      <description>OSM node: https://www.openstreetmap.org/node/13782902215
Operator: Swainsboro GA
Manufacturer: Flock Safety
Direction: 20
Camera type: fixed</description>
      <Point>
        <coordinates>-82.358667,32.5766592,0</coordinates>
      </Point>
    </Placemark>
    <Placemark>
      <name>Swainsboro GA ALPR</name>
      <description>OSM node: https://www.openstreetmap.org/node/13782924555
Operator: Swainsboro GA
Manufacturer: Flock Safety
Direction: 340
Camera type: fixed</description>
      <Point>
        <coordinates>-82.363335,32.6415336,0</coordinates>
      </Point>
    </Placemark>
    <Placemark>
      <name>ALPR</name>
      <description>OSM node: https://www.openstreetmap.org/node/13783078901
Manufacturer: Flock Safety
Direction: 139
Zone: traffic
Camera type: fixed</description>
      <Point>
        <coordinates>-81.2557424,32.3325906,0</coordinates>
      </Point>
    </Placemark>
    <Placemark>
      <name>ALPR</name>
      <description>OSM node: https://www.openstreetmap.org/node/13783080501
Manufacturer: Flock Safety
Direction: 33
Zone: traffic
Camera type: fixed</description>
      <Point>
        <coordinates>-84.486521,33.9803745,0</coordinates>
      </Point>
    </Placemark>
    <Placemark>
      <name>ALPR</name>
      <description>OSM node: https://www.openstreetmap.org/node/13783773101
Manufacturer: Flock Safety
Direction: 214
Zone: traffic
Camera type: fixed</description>
      <Point>
        <coordinates>-84.0264955,33.6676636,0</coordinates>
      </Point>
    </Placemark>
    <Placemark>
      <name>ALPR</name>
      <description>OSM node: https://www.openstreetmap.org/node/13784598902
Manufacturer: Flock Safety
Direction: 349
Zone: traffic
Camera type: fixed</description>
      <Point>
        <coordinates>-83.8831512,34.1089712,0</coordinates>
      </Point>
    </Placemark>
    <Placemark>
      <name>ALPR</name>
      <description>OSM node: https://www.openstreetmap.org/node/13784599801
Manufacturer: Flock Safety
Direction: 338
Zone: traffic
Camera type: fixed</description>
      <Point>
        <coordinates>-83.9620397,34.0888134,0</coordinates>
      </Point>
    </Placemark>
    <Placemark>
      <name>ALPR</name>
      <description>OSM node: https://www.openstreetmap.org/node/13784897901
Manufacturer: Flock Safety
Direction: 186
Zone: traffic
Camera type: fixed</description>
      <Point>
        <coordinates>-84.9071552,33.4953129,0</coordinates>
      </Point>
    </Placemark>
    <Placemark>
      <name>ALPR</name>
      <description>OSM node: https://www.openstreetmap.org/node/13785053601
Manufacturer: Flock Safety
Direction: 151
Zone: traffic
Camera type: fixed</description>
      <Point>
        <coordinates>-85.310435,34.9842881,0</coordinates>
      </Point>
    </Placemark>
    <Placemark>
      <name>ALPR</name>
      <description>OSM node: https://www.openstreetmap.org/node/13785152701
Manufacturer: Flock Safety
Direction: 277
Zone: traffic
Camera type: fixed</description>
      <Point>
        <coordinates>-84.6619687,33.4597468,0</coordinates>
      </Point>
    </Placemark>
    <Placemark>
      <name>ALPR</name>
      <description>OSM node: https://www.openstreetmap.org/node/13785159676
Manufacturer: Flock Safety
Direction: 345
Zone: traffic
Camera type: fixed</description>
      <Point>
        <coordinates>-84.0709085,33.7746767,0</coordinates>
      </Point>
    </Placemark>
    <Placemark>
      <name>ALPR</name>
      <description>OSM node: https://www.openstreetmap.org/node/13785250520
Manufacturer: Flock Safety
Direction: 46
Zone: traffic
Camera type: fixed</description>
      <Point>
        <coordinates>-81.1755515,32.1466796,0</coordinates>
      </Point>
    </Placemark>
    <Placemark>
      <name>ALPR</name>
      <description>OSM node: https://www.openstreetmap.org/node/13785252602
Manufacturer: Flock Safety
Direction: 226
Zone: traffic
Camera type: fixed</description>
      <Point>
        <coordinates>-81.1642721,32.1489471,0</coordinates>
      </Point>
    </Placemark>
  </Document>
</kml>
