<?xml version="1.0" encoding="UTF-8"?>
<kml xmlns="http://www.opengis.net/kml/2.2">
  <Document>
    <name>DeFlock ALPR Cameras -- New York (2026-10-04) -- part 3 of 3</name>
    <description>Source: OpenStreetMap (surveillance:type=ALPR), same data DeFlock.me displays. ODbL licensed -- see https://www.openstreetmap.org/copyright</description>
    <Placemark>
      <name>ALPR</name>
      <description>OSM node: https://www.openstreetmap.org/node/14086774515
Manufacturer: Motorola Solutions
Direction: 180
Zone: traffic
Camera type: fixed</description>
      <Point>
        <coordinates>-73.6997218,41.2401221,0</coordinates>
      </Point>
    </Placemark>
    <Placemark>
      <name>Bedford/Westchester County Police RTC/Intelligence Regional and National Data Sharing ALPR</name>
      <description>OSM node: https://www.openstreetmap.org/node/14086774516
Operator: Bedford/Westchester County Police RTC/Intelligence Regional and National Data Sharing
Manufacturer: Rekor
Direction: 0;180
Zone: traffic
Camera type: fixed</description>
      <Point>
        <coordinates>-73.6839952,41.2575812,0</coordinates>
      </Point>
    </Placemark>
    <Placemark>
      <name>ALPR</name>
      <description>OSM node: https://www.openstreetmap.org/node/14086789721
Manufacturer: Motorola Solutions
Direction: 290
Zone: traffic
Camera type: fixed</description>
      <Point>
        <coordinates>-73.6827965,41.2200983,0</coordinates>
      </Point>
    </Placemark>
    <Placemark>
      <name>Bedford/Westchester County Police RTC/Intelligence Regional and National Data Sharing ALPR</name>
      <description>OSM node: https://www.openstreetmap.org/node/14086809004
Operator: Bedford/Westchester County Police RTC/Intelligence Regional and National Data Sharing
Manufacturer: Rekor
Direction: 0;180
Zone: traffic
Camera type: fixed</description>
      <Point>
        <coordinates>-73.6838824,41.2562787,0</coordinates>
      </Point>
    </Placemark>
    <Placemark>
      <name>Bedford/Westchester County Police RTC/Intelligence Regional and National Data Sharing ALPR</name>
      <description>OSM node: https://www.openstreetmap.org/node/14086821878
Operator: Bedford/Westchester County Police RTC/Intelligence Regional and National Data Sharing
Manufacturer: Rekor
Direction: 90;180;290
Zone: traffic
Camera type: fixed</description>
      <Point>
        <coordinates>-73.627552,41.2025594,0</coordinates>
      </Point>
    </Placemark>
    <Placemark>
      <name>Bedford/Westchester County Police RTC/Intelligence Regional and National Data Sharing ALPR</name>
      <description>OSM node: https://www.openstreetmap.org/node/14086855149
Operator: Bedford/Westchester County Police RTC/Intelligence Regional and National Data Sharing
Manufacturer: Rekor
Direction: 340;100
Zone: traffic
Camera type: fixed</description>
      <Point>
        <coordinates>-73.6440711,41.2039034,0</coordinates>
      </Point>
    </Placemark>
    <Placemark>
      <name>Bedford/Westchester County Police RTC/Intelligence Regional and National Data Sharing ALPR</name>
      <description>OSM node: https://www.openstreetmap.org/node/14086856085
Operator: Bedford/Westchester County Police RTC/Intelligence Regional and National Data Sharing
Manufacturer: Rekor
Direction: 0;90;245
Zone: traffic
Camera type: fixed</description>
      <Point>
        <coordinates>-73.6592408,41.1927588,0</coordinates>
      </Point>
    </Placemark>
    <Placemark>
      <name>Suffolk County Police Department ALPR</name>
      <description>OSM node: https://www.openstreetmap.org/node/14086881602
Operator: Suffolk County Police Department
Manufacturer: Flock Safety
Direction: 143;310
Zone: traffic
Camera type: fixed</description>
      <Point>
        <coordinates>-73.3436476,40.8258202,0</coordinates>
      </Point>
    </Placemark>
    <Placemark>
      <name>ALPR</name>
      <description>OSM node: https://www.openstreetmap.org/node/14086883634
Manufacturer: Motorola Solutions
Direction: 140
Zone: traffic
Camera type: fixed</description>
      <Point>
        <coordinates>-73.6862636,41.2628553,0</coordinates>
      </Point>
    </Placemark>
    <Placemark>
      <name>ALPR</name>
      <description>OSM node: https://www.openstreetmap.org/node/14087621523
Manufacturer: Motorola Solutions
Direction: 126
Zone: traffic
Camera type: fixed</description>
      <Point>
        <coordinates>-75.0699817,42.4470918,0</coordinates>
      </Point>
    </Placemark>
    <Placemark>
      <name>ALPR</name>
      <description>OSM node: https://www.openstreetmap.org/node/14087625930
Manufacturer: Flock Safety
Direction: 105
Zone: traffic
Camera type: fixed</description>
      <Point>
        <coordinates>-75.0849485,42.4442524,0</coordinates>
      </Point>
    </Placemark>
    <Placemark>
      <name>ALPR</name>
      <description>OSM node: https://www.openstreetmap.org/node/14088095501
Manufacturer: Motorola Solutions
Direction: 87;284
Zone: traffic
Camera type: fixed</description>
      <Point>
        <coordinates>-77.5353115,43.1491551,0</coordinates>
      </Point>
    </Placemark>
    <Placemark>
      <name>ALPR</name>
      <description>OSM node: https://www.openstreetmap.org/node/14088100501
Manufacturer: Motorola Solutions
Direction: 71
Zone: traffic
Camera type: fixed</description>
      <Point>
        <coordinates>-77.5361123,43.1574468,0</coordinates>
      </Point>
    </Placemark>
    <Placemark>
      <name>ALPR</name>
      <description>OSM node: https://www.openstreetmap.org/node/14088140201
Manufacturer: Flock Safety
Direction: 99
Zone: traffic
Camera type: fixed</description>
      <Point>
        <coordinates>-78.9827627,43.0739842,0</coordinates>
      </Point>
    </Placemark>
    <Placemark>
      <name>ALPR</name>
      <description>OSM node: https://www.openstreetmap.org/node/14088243001
Manufacturer: Motorola Solutions
Direction: 82
Zone: traffic
Camera type: fixed</description>
      <Point>
        <coordinates>-73.2928478,40.8428413,0</coordinates>
      </Point>
    </Placemark>
    <Placemark>
      <name>ALPR</name>
      <description>OSM node: https://www.openstreetmap.org/node/14088404201
Manufacturer: Motorola Solutions
Direction: 306
Zone: traffic
Camera type: fixed</description>
      <Point>
        <coordinates>-72.8858698,40.8362497,0</coordinates>
      </Point>
    </Placemark>
    <Placemark>
      <name>ALPR</name>
      <description>OSM node: https://www.openstreetmap.org/node/14088462602
Manufacturer: Axon Outpost
Direction: 145
Zone: traffic
Camera type: fixed</description>
      <Point>
        <coordinates>-73.7738612,42.2478972,0</coordinates>
      </Point>
    </Placemark>
    <Placemark>
      <name>ALPR</name>
      <description>OSM node: https://www.openstreetmap.org/node/14088634501
Manufacturer: Axis Communications
Direction: 0;72;140;214;291
Zone: traffic
Camera type: fixed</description>
      <Point>
        <coordinates>-77.0536311,42.1457138,0</coordinates>
      </Point>
    </Placemark>
    <Placemark>
      <name>ALPR</name>
      <description>OSM node: https://www.openstreetmap.org/node/14088636901
Manufacturer: Axis Communications
Direction: 0;72;148;221;286
Zone: traffic
Camera type: fixed</description>
      <Point>
        <coordinates>-77.0536382,42.1460339,0</coordinates>
      </Point>
    </Placemark>
    <Placemark>
      <name>ALPR</name>
      <description>OSM node: https://www.openstreetmap.org/node/14088664901
Manufacturer: Motorola Solutions
Direction: 74;0
Zone: traffic
Camera type: fixed</description>
      <Point>
        <coordinates>-77.4614382,43.2144512,0</coordinates>
      </Point>
    </Placemark>
    <Placemark>
      <name>ALPR</name>
      <description>OSM node: https://www.openstreetmap.org/node/14088664902
Manufacturer: Motorola Solutions
Direction: 258
Zone: traffic
Camera type: fixed</description>
      <Point>
        <coordinates>-77.4609567,43.2139545,0</coordinates>
      </Point>
    </Placemark>
    <Placemark>
      <name>ALPR</name>
      <description>OSM node: https://www.openstreetmap.org/node/14088669701
Manufacturer: Motorola Solutions
Direction: 168
Zone: traffic
Camera type: fixed</description>
      <Point>
        <coordinates>-77.4613959,43.2137365,0</coordinates>
      </Point>
    </Placemark>
    <Placemark>
      <name>Town of Amherst ALPR</name>
      <description>OSM node: https://www.openstreetmap.org/node/14088670183
Operator: Town of Amherst
Manufacturer: Flock Safety
Direction: 160
Zone: traffic
Camera type: fixed</description>
      <Point>
        <coordinates>-78.7823953,43.0157345,0</coordinates>
      </Point>
    </Placemark>
    <Placemark>
      <name>ALPR</name>
      <description>OSM node: https://www.openstreetmap.org/node/14088748001
Manufacturer: Flock Safety
Direction: 250
Zone: traffic
Camera type: fixed</description>
      <Point>
        <coordinates>-78.786046,42.8286954,0</coordinates>
      </Point>
    </Placemark>
    <Placemark>
      <name>ALPR</name>
      <description>OSM node: https://www.openstreetmap.org/node/14088884502
Manufacturer: Flock Safety
Direction: 269
Zone: traffic
Camera type: fixed</description>
      <Point>
        <coordinates>-76.2280052,43.0815508,0</coordinates>
      </Point>
    </Placemark>
    <Placemark>
      <name>ALPR</name>
      <description>OSM node: https://www.openstreetmap.org/node/14088888001
Manufacturer: Flock Safety
Direction: 299
Zone: traffic
Camera type: fixed</description>
      <Point>
        <coordinates>-76.2514988,43.1039568,0</coordinates>
      </Point>
    </Placemark>
    <Placemark>
      <name>ALPR</name>
      <description>OSM node: https://www.openstreetmap.org/node/14088899101
Manufacturer: Flock Safety
Direction: 0
Zone: traffic
Camera type: fixed</description>
      <Point>
        <coordinates>-74.0919039,41.5102841,0</coordinates>
      </Point>
    </Placemark>
    <Placemark>
      <name>ALPR</name>
      <description>OSM node: https://www.openstreetmap.org/node/14088980201
Manufacturer: Flock Safety
Direction: 250
Zone: traffic
Camera type: fixed</description>
      <Point>
        <coordinates>-73.6148437,42.1870109,0</coordinates>
      </Point>
    </Placemark>
    <Placemark>
      <name>ALPR</name>
      <description>OSM node: https://www.openstreetmap.org/node/14089499402
Manufacturer: Flock Safety
Direction: 135
Zone: traffic
Camera type: fixed</description>
      <Point>
        <coordinates>-73.9054575,42.7932574,0</coordinates>
      </Point>
    </Placemark>
    <Placemark>
      <name>ALPR</name>
      <description>OSM node: https://www.openstreetmap.org/node/14089510501
Manufacturer: Flock Safety
Direction: 311
Zone: traffic
Camera type: fixed</description>
      <Point>
        <coordinates>-73.9091287,42.7890579,0</coordinates>
      </Point>
    </Placemark>
    <Placemark>
      <name>ALPR</name>
      <description>OSM node: https://www.openstreetmap.org/node/14089538701
Manufacturer: Axon
Direction: 160
Zone: traffic
Camera type: fixed</description>
      <Point>
        <coordinates>-73.9165361,42.8190615,0</coordinates>
      </Point>
    </Placemark>
    <Placemark>
      <name>ALPR</name>
      <description>OSM node: https://www.openstreetmap.org/node/14089655401
Manufacturer: Flock Safety
Direction: 40
Zone: traffic
Camera type: fixed</description>
      <Point>
        <coordinates>-78.8406118,42.735406,0</coordinates>
      </Point>
    </Placemark>
    <Placemark>
      <name>ALPR</name>
      <description>OSM node: https://www.openstreetmap.org/node/14089775901
Manufacturer: Flock Safety
Direction: 322
Zone: traffic
Camera type: fixed</description>
      <Point>
        <coordinates>-73.614777,40.6806432,0</coordinates>
      </Point>
    </Placemark>
    <Placemark>
      <name>ALPR</name>
      <description>OSM node: https://www.openstreetmap.org/node/14089882701
Manufacturer: Flock Safety
Direction: 288
Zone: traffic
Camera type: fixed</description>
      <Point>
        <coordinates>-77.6286156,43.0783386,0</coordinates>
      </Point>
    </Placemark>
    <Placemark>
      <name>ALPR</name>
      <description>OSM node: https://www.openstreetmap.org/node/14089885501
Manufacturer: Flock Safety
Direction: 83
Zone: traffic
Camera type: fixed</description>
      <Point>
        <coordinates>-77.6287737,43.0780495,0</coordinates>
      </Point>
    </Placemark>
    <Placemark>
      <name>ALPR</name>
      <description>OSM node: https://www.openstreetmap.org/node/14089907401
Manufacturer: Genetec
Direction: 108
Zone: traffic
Camera type: fixed</description>
      <Point>
        <coordinates>-74.211452,40.5294169,0</coordinates>
      </Point>
    </Placemark>
    <Placemark>
      <name>ALPR</name>
      <description>OSM node: https://www.openstreetmap.org/node/14090061401
Manufacturer: Flock Safety
Direction: 0
Zone: traffic
Camera type: fixed</description>
      <Point>
        <coordinates>-73.9991446,41.9749684,0</coordinates>
      </Point>
    </Placemark>
    <Placemark>
      <name>ALPR</name>
      <description>OSM node: https://www.openstreetmap.org/node/14090302401
Manufacturer: Motorola Solutions
Direction: 107
Zone: traffic
Camera type: fixed</description>
      <Point>
        <coordinates>-78.4513431,42.7074527,0</coordinates>
      </Point>
    </Placemark>
    <Placemark>
      <name>ALPR</name>
      <description>OSM node: https://www.openstreetmap.org/node/14090357701
Manufacturer: Flock Safety
Direction: 201
Zone: traffic
Camera type: fixed</description>
      <Point>
        <coordinates>-73.5058253,40.8219025,0</coordinates>
      </Point>
    </Placemark>
    <Placemark>
      <name>ALPR</name>
      <description>OSM node: https://www.openstreetmap.org/node/14090363401
Manufacturer: Leonardo
Direction: 100
Zone: traffic
Camera type: fixed</description>
      <Point>
        <coordinates>-73.9696608,41.2125993,0</coordinates>
      </Point>
    </Placemark>
    <Placemark>
      <name>ALPR</name>
      <description>OSM node: https://www.openstreetmap.org/node/14090377802
Manufacturer: Leonardo
Direction: 310;160;20;90
Zone: traffic
Camera type: fixed</description>
      <Point>
        <coordinates>-73.9855951,41.2096721,0</coordinates>
      </Point>
    </Placemark>
    <Placemark>
      <name>ALPR</name>
      <description>OSM node: https://www.openstreetmap.org/node/14090416402
Manufacturer: Leonardo
Direction: 210;280;70;140
Zone: traffic
Camera type: fixed</description>
      <Point>
        <coordinates>-73.9752888,41.1972948,0</coordinates>
      </Point>
    </Placemark>
    <Placemark>
      <name>ALPR</name>
      <description>OSM node: https://www.openstreetmap.org/node/14090499571
Direction: 10
Zone: shopping_plaza</description>
      <Point>
        <coordinates>-78.7483399,42.7973122,0</coordinates>
      </Point>
    </Placemark>
    <Placemark>
      <name>ALPR</name>
      <description>OSM node: https://www.openstreetmap.org/node/14090519455
Manufacturer: Flock Safety
Direction: 20
Camera type: fixed</description>
      <Point>
        <coordinates>-78.7483472,42.7970955,0</coordinates>
      </Point>
    </Placemark>
    <Placemark>
      <name>ALPR</name>
      <description>OSM node: https://www.openstreetmap.org/node/14090532701
Manufacturer: Leonardo
Direction: 50;120;190;260
Zone: traffic
Camera type: fixed</description>
      <Point>
        <coordinates>-73.9287475,41.0924639,0</coordinates>
      </Point>
    </Placemark>
    <Placemark>
      <name>ALPR</name>
      <description>OSM node: https://www.openstreetmap.org/node/14090637301
Manufacturer: Leonardo
Direction: 125;335;195;265
Zone: traffic
Camera type: fixed</description>
      <Point>
        <coordinates>-74.0443406,41.1091388,0</coordinates>
      </Point>
    </Placemark>
    <Placemark>
      <name>ALPR</name>
      <description>OSM node: https://www.openstreetmap.org/node/14090728201
Manufacturer: Leonardo
Direction: 255
Zone: traffic
Camera type: fixed</description>
      <Point>
        <coordinates>-74.0701156,41.1063435,0</coordinates>
      </Point>
    </Placemark>
    <Placemark>
      <name>ALPR</name>
      <description>OSM node: https://www.openstreetmap.org/node/14091122261
Manufacturer: LiveView Technologies
Zone: traffic
Camera type: fixed</description>
      <Point>
        <coordinates>-73.248982,40.71978,0</coordinates>
      </Point>
    </Placemark>
    <Placemark>
      <name>ALPR</name>
      <description>OSM node: https://www.openstreetmap.org/node/14091328701
Manufacturer: Flock Safety
Direction: 288
Zone: traffic
Camera type: fixed</description>
      <Point>
        <coordinates>-72.9830585,40.767501,0</coordinates>
      </Point>
    </Placemark>
    <Placemark>
      <name>ALPR</name>
      <description>OSM node: https://www.openstreetmap.org/node/14091329201
Manufacturer: Flock Safety
Direction: 258
Zone: traffic
Camera type: fixed</description>
      <Point>
        <coordinates>-72.9831586,40.7700939,0</coordinates>
      </Point>
    </Placemark>
    <Placemark>
      <name>ALPR</name>
      <description>OSM node: https://www.openstreetmap.org/node/14092254001
Manufacturer: Genetec
Direction: 190
Zone: traffic
Camera type: fixed</description>
      <Point>
        <coordinates>-72.3593755,40.895214,0</coordinates>
      </Point>
    </Placemark>
    <Placemark>
      <name>ALPR</name>
      <description>OSM node: https://www.openstreetmap.org/node/14092254002
Manufacturer: Genetec
Direction: 0
Zone: traffic
Camera type: fixed</description>
      <Point>
        <coordinates>-72.3593608,40.8950901,0</coordinates>
      </Point>
    </Placemark>
    <Placemark>
      <name>ALPR</name>
      <description>OSM node: https://www.openstreetmap.org/node/14092300601
Manufacturer: Flock Safety
Direction: 57
Zone: traffic
Camera type: fixed</description>
      <Point>
        <coordinates>-72.2048169,40.954453,0</coordinates>
      </Point>
    </Placemark>
    <Placemark>
      <name>ALPR</name>
      <description>OSM node: https://www.openstreetmap.org/node/14092601601
Manufacturer: Flock Safety
Direction: 0
Zone: traffic
Camera type: fixed</description>
      <Point>
        <coordinates>-78.752807,42.1647335,0</coordinates>
      </Point>
    </Placemark>
    <Placemark>
      <name>ALPR</name>
      <description>OSM node: https://www.openstreetmap.org/node/14092601602
Manufacturer: Flock Safety
Direction: 359
Zone: traffic
Camera type: fixed</description>
      <Point>
        <coordinates>-78.7447675,42.1642949,0</coordinates>
      </Point>
    </Placemark>
    <Placemark>
      <name>ALPR</name>
      <description>OSM node: https://www.openstreetmap.org/node/14092602302
Manufacturer: Flock Safety
Direction: 64
Zone: traffic
Camera type: fixed</description>
      <Point>
        <coordinates>-78.7526887,42.1647452,0</coordinates>
      </Point>
    </Placemark>
    <Placemark>
      <name>ALPR</name>
      <description>OSM node: https://www.openstreetmap.org/node/14092603801
Manufacturer: Flock Safety
Direction: 359
Zone: traffic
Camera type: fixed</description>
      <Point>
        <coordinates>-78.7496235,42.1650569,0</coordinates>
      </Point>
    </Placemark>
    <Placemark>
      <name>ALPR</name>
      <description>OSM node: https://www.openstreetmap.org/node/14092603802
Manufacturer: Flock Safety
Direction: 359
Zone: traffic
Camera type: fixed</description>
      <Point>
        <coordinates>-78.7445209,42.1652937,0</coordinates>
      </Point>
    </Placemark>
    <Placemark>
      <name>ALPR</name>
      <description>OSM node: https://www.openstreetmap.org/node/14092603803
Manufacturer: Flock Safety
Direction: 359
Zone: traffic
Camera type: fixed</description>
      <Point>
        <coordinates>-78.7392677,42.1650274,0</coordinates>
      </Point>
    </Placemark>
    <Placemark>
      <name>ALPR</name>
      <description>OSM node: https://www.openstreetmap.org/node/14092727601
Manufacturer: Leonardo
Direction: 271;0;180
Zone: traffic
Camera type: fixed</description>
      <Point>
        <coordinates>-74.1886726,40.6108844,0</coordinates>
      </Point>
    </Placemark>
    <Placemark>
      <name>ALPR</name>
      <description>OSM node: https://www.openstreetmap.org/node/14093163201
Manufacturer: Flock Safety
Direction: 68
Zone: traffic
Camera type: fixed</description>
      <Point>
        <coordinates>-72.6971172,40.8844891,0</coordinates>
      </Point>
    </Placemark>
    <Placemark>
      <name>ALPR</name>
      <description>OSM node: https://www.openstreetmap.org/node/14093359802
Manufacturer: Flock Safety
Direction: 359
Zone: traffic
Camera type: fixed</description>
      <Point>
        <coordinates>-78.7433766,42.1614675,0</coordinates>
      </Point>
    </Placemark>
    <Placemark>
      <name>ALPR</name>
      <description>OSM node: https://www.openstreetmap.org/node/14093359803
Manufacturer: Flock Safety
Direction: 359
Zone: traffic
Camera type: fixed</description>
      <Point>
        <coordinates>-78.7421963,42.1593464,0</coordinates>
      </Point>
    </Placemark>
    <Placemark>
      <name>ALPR</name>
      <description>OSM node: https://www.openstreetmap.org/node/14093451501
Manufacturer: Ekin Spotter
Direction: 118;75
Zone: traffic
Camera type: fixed</description>
      <Point>
        <coordinates>-73.8517079,40.850565,0</coordinates>
      </Point>
    </Placemark>
    <Placemark>
      <name>ALPR</name>
      <description>OSM node: https://www.openstreetmap.org/node/14093539501
Manufacturer: Flock Safety
Direction: 158;117;229
Zone: traffic
Camera type: fixed</description>
      <Point>
        <coordinates>-76.5348284,43.4537312,0</coordinates>
      </Point>
    </Placemark>
    <Placemark>
      <name>ALPR</name>
      <description>OSM node: https://www.openstreetmap.org/node/14093655101
Manufacturer: Genetec
Direction: 28
Zone: traffic
Camera type: fixed</description>
      <Point>
        <coordinates>-73.1814772,40.7500415,0</coordinates>
      </Point>
    </Placemark>
    <Placemark>
      <name>NYC Department of Transportation ALPR</name>
      <description>OSM node: https://www.openstreetmap.org/node/14093757801
Operator: NYC Department of Transportation
Manufacturer: Ekin Box Spotter
Direction: 108;93
Zone: traffic
Camera type: fixed</description>
      <Point>
        <coordinates>-73.9818424,40.7207311,0</coordinates>
      </Point>
    </Placemark>
    <Placemark>
      <name>NYC Department of Transportation ALPR</name>
      <description>OSM node: https://www.openstreetmap.org/node/14093817402
Operator: NYC Department of Transportation
Manufacturer: Ekin Box Spotter
Direction: 32;355
Zone: traffic
Camera type: fixed</description>
      <Point>
        <coordinates>-73.9864184,40.7217976,0</coordinates>
      </Point>
    </Placemark>
    <Placemark>
      <name>NYC Department of Transportation ALPR</name>
      <description>OSM node: https://www.openstreetmap.org/node/14093819701
Operator: NYC Department of Transportation
Manufacturer: Ekin Box Spotter
Direction: 23;359
Zone: traffic
Camera type: fixed</description>
      <Point>
        <coordinates>-73.9866434,40.7613333,0</coordinates>
      </Point>
    </Placemark>
    <Placemark>
      <name>ALPR</name>
      <description>OSM node: https://www.openstreetmap.org/node/14094570202
Manufacturer: Flock Safety
Direction: 176
Zone: traffic
Camera type: fixed</description>
      <Point>
        <coordinates>-75.9016354,42.1184719,0</coordinates>
      </Point>
    </Placemark>
    <Placemark>
      <name>ALPR</name>
      <description>OSM node: https://www.openstreetmap.org/node/14094908002
Manufacturer: Flock Safety
Direction: 270
Zone: traffic
Camera type: fixed</description>
      <Point>
        <coordinates>-73.9836758,40.6107101,0</coordinates>
      </Point>
    </Placemark>
    <Placemark>
      <name>ALPR</name>
      <description>OSM node: https://www.openstreetmap.org/node/14094957501
Manufacturer: Flock Safety
Direction: 94
Zone: traffic
Camera type: fixed</description>
      <Point>
        <coordinates>-73.8726381,40.9792505,0</coordinates>
      </Point>
    </Placemark>
    <Placemark>
      <name>ALPR</name>
      <description>OSM node: https://www.openstreetmap.org/node/14094972501
Manufacturer: Motorola Solutions
Direction: 49;0;0;218
Zone: traffic
Camera type: fixed</description>
      <Point>
        <coordinates>-73.8797404,40.9810643,0</coordinates>
      </Point>
    </Placemark>
    <Placemark>
      <name>ALPR</name>
      <description>OSM node: https://www.openstreetmap.org/node/14095287705
Direction: 260
Zone: street</description>
      <Point>
        <coordinates>-77.5147262,43.1003729,0</coordinates>
      </Point>
    </Placemark>
    <Placemark>
      <name>ALPR</name>
      <description>OSM node: https://www.openstreetmap.org/node/14095288104
Manufacturer: Flock Safety
Direction: 0;0;62;0;0
Zone: traffic
Camera type: fixed</description>
      <Point>
        <coordinates>-73.734589,42.534303,0</coordinates>
      </Point>
    </Placemark>
    <Placemark>
      <name>NYC Department of Transportation ALPR</name>
      <description>OSM node: https://www.openstreetmap.org/node/14095299102
Operator: NYC Department of Transportation
Manufacturer: Ekin Box Spotter
Direction: 302;313
Zone: traffic
Camera type: fixed</description>
      <Point>
        <coordinates>-73.939755,40.7504624,0</coordinates>
      </Point>
    </Placemark>
    <Placemark>
      <name>ALPR</name>
      <description>OSM node: https://www.openstreetmap.org/node/14095544701
Manufacturer: Flock Safety
Direction: 0;191
Zone: traffic
Camera type: fixed</description>
      <Point>
        <coordinates>-73.8870497,40.9774123,0</coordinates>
      </Point>
    </Placemark>
    <Placemark>
      <name>ALPR</name>
      <description>OSM node: https://www.openstreetmap.org/node/14095565301
Manufacturer: Flock Safety
Direction: 17;180
Zone: traffic
Camera type: fixed</description>
      <Point>
        <coordinates>-73.8807158,41.0029864,0</coordinates>
      </Point>
    </Placemark>
    <Placemark>
      <name>ALPR</name>
      <description>OSM node: https://www.openstreetmap.org/node/14095568301
Manufacturer: Mobotix
Direction: 21;115;205;278
Zone: traffic
Camera type: fixed</description>
      <Point>
        <coordinates>-73.8632731,40.9877027,0</coordinates>
      </Point>
    </Placemark>
    <Placemark>
      <name>ALPR</name>
      <description>OSM node: https://www.openstreetmap.org/node/14095632601
Manufacturer: Axon Enterprise
Direction: 164
Zone: traffic
Camera type: fixed</description>
      <Point>
        <coordinates>-73.9027207,42.813847,0</coordinates>
      </Point>
    </Placemark>
    <Placemark>
      <name>ALPR</name>
      <description>OSM node: https://www.openstreetmap.org/node/14095632602
Manufacturer: Axon Enterprise
Direction: 346
Zone: traffic
Camera type: fixed</description>
      <Point>
        <coordinates>-73.9023022,42.813505,0</coordinates>
      </Point>
    </Placemark>
    <Placemark>
      <name>ALPR</name>
      <description>OSM node: https://www.openstreetmap.org/node/14095720401
Manufacturer: Flock Safety
Direction: 205
Zone: traffic
Camera type: fixed</description>
      <Point>
        <coordinates>-78.9408766,42.5943059,0</coordinates>
      </Point>
    </Placemark>
    <Placemark>
      <name>Westchester County Police RTC/Intelligence Regional and National Data Sharing ALPR</name>
      <description>OSM node: https://www.openstreetmap.org/node/14095823951
Operator: Westchester County Police RTC/Intelligence Regional and National Data Sharing
Manufacturer: Rekor
Direction: 65;270
Zone: traffic
Camera type: fixed</description>
      <Point>
        <coordinates>-73.7208551,41.1967429,0</coordinates>
      </Point>
    </Placemark>
    <Placemark>
      <name>ALPR</name>
      <description>OSM node: https://www.openstreetmap.org/node/14095862201
Manufacturer: Flock Safety
Direction: 0;216
Zone: traffic
Camera type: fixed</description>
      <Point>
        <coordinates>-76.5218959,43.4410718,0</coordinates>
      </Point>
    </Placemark>
    <Placemark>
      <name>Westchester County Police RTC/Intelligence Regional and National Data Sharing ALPR</name>
      <description>OSM node: https://www.openstreetmap.org/node/14095875095
Operator: Westchester County Police RTC/Intelligence Regional and National Data Sharing
Manufacturer: Rekor
Direction: 95;160
Zone: traffic
Camera type: fixed</description>
      <Point>
        <coordinates>-73.7319576,41.1895193,0</coordinates>
      </Point>
    </Placemark>
    <Placemark>
      <name>ALPR</name>
      <description>OSM node: https://www.openstreetmap.org/node/14095879502
Manufacturer: Flock Safety
Direction: 73
Zone: traffic
Camera type: fixed</description>
      <Point>
        <coordinates>-73.7449456,40.6218062,0</coordinates>
      </Point>
    </Placemark>
    <Placemark>
      <name>ALPR</name>
      <description>OSM node: https://www.openstreetmap.org/node/14095879702
Manufacturer: Flock Safety
Direction: 0
Zone: traffic
Camera type: fixed</description>
      <Point>
        <coordinates>-73.7453933,40.6221345,0</coordinates>
      </Point>
    </Placemark>
    <Placemark>
      <name>Westchester County Police RTC/Intelligence Regional and National Data Sharing ALPR</name>
      <description>OSM node: https://www.openstreetmap.org/node/14095934017
Operator: Westchester County Police RTC/Intelligence Regional and National Data Sharing
Manufacturer: Rekor
Direction: 25
Zone: traffic
Camera type: fixed</description>
      <Point>
        <coordinates>-73.7275467,41.2045751,0</coordinates>
      </Point>
    </Placemark>
    <Placemark>
      <name>Westchester County Police RTC/Intelligence Regional and National Data Sharing ALPR</name>
      <description>OSM node: https://www.openstreetmap.org/node/14095934463
Operator: Westchester County Police RTC/Intelligence Regional and National Data Sharing
Manufacturer: Rekor
Direction: 25;200
Zone: traffic
Camera type: fixed</description>
      <Point>
        <coordinates>-73.7303374,41.2041539,0</coordinates>
      </Point>
    </Placemark>
    <Placemark>
      <name>Westchester County Police RTC/Intelligence Regional and National Data Sharing ALPR</name>
      <description>OSM node: https://www.openstreetmap.org/node/14095945267
Operator: Westchester County Police RTC/Intelligence Regional and National Data Sharing
Manufacturer: Rekor
Direction: 65;240
Zone: traffic
Camera type: fixed</description>
      <Point>
        <coordinates>-73.7258946,41.2077449,0</coordinates>
      </Point>
    </Placemark>
    <Placemark>
      <name>Westchester County Police RTC/Intelligence Regional and National Data Sharing ALPR</name>
      <description>OSM node: https://www.openstreetmap.org/node/14095964212
Operator: Westchester County Police RTC/Intelligence Regional and National Data Sharing
Manufacturer: Rekor
Direction: 25;200
Zone: traffic
Camera type: fixed</description>
      <Point>
        <coordinates>-73.7296543,41.2093565,0</coordinates>
      </Point>
    </Placemark>
    <Placemark>
      <name>Westchester County Police RTC/Intelligence Regional and National Data Sharing ALPR</name>
      <description>OSM node: https://www.openstreetmap.org/node/14095964280
Operator: Westchester County Police RTC/Intelligence Regional and National Data Sharing
Manufacturer: Rekor
Direction: 230
Zone: traffic
Camera type: fixed</description>
      <Point>
        <coordinates>-73.7320324,41.1894005,0</coordinates>
      </Point>
    </Placemark>
    <Placemark>
      <name>Westchester County Police RTC/Intelligence Regional and National Data Sharing ALPR</name>
      <description>OSM node: https://www.openstreetmap.org/node/14095975783
Operator: Westchester County Police RTC/Intelligence Regional and National Data Sharing
Manufacturer: Rekor
Direction: 350;180
Zone: traffic
Camera type: fixed</description>
      <Point>
        <coordinates>-73.7259155,41.2187857,0</coordinates>
      </Point>
    </Placemark>
    <Placemark>
      <name>Westchester County Police RTC/Intelligence Regional and National Data Sharing ALPR</name>
      <description>OSM node: https://www.openstreetmap.org/node/14095976300
Operator: Westchester County Police RTC/Intelligence Regional and National Data Sharing
Manufacturer: Rekor
Direction: 60;180
Zone: traffic
Camera type: fixed</description>
      <Point>
        <coordinates>-73.729442,41.207036,0</coordinates>
      </Point>
    </Placemark>
    <Placemark>
      <name>Westchester County Police RTC/Intelligence Regional and National Data Sharing ALPR</name>
      <description>OSM node: https://www.openstreetmap.org/node/14095982842
Operator: Westchester County Police RTC/Intelligence Regional and National Data Sharing
Manufacturer: Rekor
Direction: 25;200
Zone: traffic
Camera type: fixed</description>
      <Point>
        <coordinates>-73.7304518,41.2081222,0</coordinates>
      </Point>
    </Placemark>
    <Placemark>
      <name>Westchester County Police RTC/Intelligence Regional and National Data Sharing ALPR</name>
      <description>OSM node: https://www.openstreetmap.org/node/14095984608
Operator: Westchester County Police RTC/Intelligence Regional and National Data Sharing
Manufacturer: Rekor
Direction: 20
Zone: traffic
Camera type: fixed</description>
      <Point>
        <coordinates>-73.7200708,41.2147832,0</coordinates>
      </Point>
    </Placemark>
    <Placemark>
      <name>Westchester County Police RTC/Intelligence Regional and National Data Sharing ALPR</name>
      <description>OSM node: https://www.openstreetmap.org/node/14095989194
Operator: Westchester County Police RTC/Intelligence Regional and National Data Sharing
Manufacturer: Rekor
Direction: 145
Zone: traffic
Camera type: fixed</description>
      <Point>
        <coordinates>-73.7277145,41.2044926,0</coordinates>
      </Point>
    </Placemark>
    <Placemark>
      <name>Westchester County Police RTC/Intelligence Regional and National Data Sharing ALPR</name>
      <description>OSM node: https://www.openstreetmap.org/node/14095993126
Operator: Westchester County Police RTC/Intelligence Regional and National Data Sharing
Manufacturer: Rekor
Direction: 190
Zone: traffic
Camera type: fixed</description>
      <Point>
        <coordinates>-73.7202598,41.2145854,0</coordinates>
      </Point>
    </Placemark>
    <Placemark>
      <name>Westchester County Police RTC/Intelligence Regional and National Data Sharing ALPR</name>
      <description>OSM node: https://www.openstreetmap.org/node/14095994167
Operator: Westchester County Police RTC/Intelligence Regional and National Data Sharing
Manufacturer: Rekor
Direction: 50
Zone: traffic
Camera type: fixed</description>
      <Point>
        <coordinates>-73.7323222,41.189148,0</coordinates>
      </Point>
    </Placemark>
    <Placemark>
      <name>Westchester County Police RTC/Intelligence Regional and National Data Sharing ALPR</name>
      <description>OSM node: https://www.openstreetmap.org/node/14095998920
Operator: Westchester County Police RTC/Intelligence Regional and National Data Sharing
Manufacturer: Rekor
Direction: 230;340
Zone: traffic
Camera type: fixed</description>
      <Point>
        <coordinates>-73.7200748,41.2146993,0</coordinates>
      </Point>
    </Placemark>
    <Placemark>
      <name>Westchester County Police RTC/Intelligence Regional and National Data Sharing ALPR</name>
      <description>OSM node: https://www.openstreetmap.org/node/14095998923
Operator: Westchester County Police RTC/Intelligence Regional and National Data Sharing
Manufacturer: Rekor
Direction: 230;1
Zone: traffic
Camera type: fixed</description>
      <Point>
        <coordinates>-73.7293944,41.2068592,0</coordinates>
      </Point>
    </Placemark>
    <Placemark>
      <name>NYC Department of Transportation ALPR</name>
      <description>OSM node: https://www.openstreetmap.org/node/14096542502
Operator: NYC Department of Transportation
Manufacturer: Ekin Box Spotter
Direction: 295;264
Zone: traffic
Camera type: fixed</description>
      <Point>
        <coordinates>-73.9472356,40.7927585,0</coordinates>
      </Point>
    </Placemark>
    <Placemark>
      <name>ALPR</name>
      <description>OSM node: https://www.openstreetmap.org/node/14096796401
Manufacturer: Axon Enterprise
Direction: 31
Zone: traffic
Camera type: fixed</description>
      <Point>
        <coordinates>-73.9502509,42.8082945,0</coordinates>
      </Point>
    </Placemark>
    <Placemark>
      <name>NYC Department of Transportation ALPR</name>
      <description>OSM node: https://www.openstreetmap.org/node/14097218503
Operator: NYC Department of Transportation
Manufacturer: Ekin Box Spotter
Direction: 0;329
Zone: traffic
Camera type: fixed</description>
      <Point>
        <coordinates>-73.8088142,40.7194767,0</coordinates>
      </Point>
    </Placemark>
    <Placemark>
      <name>NYC Department of Transportation ALPR</name>
      <description>OSM node: https://www.openstreetmap.org/node/14097308801
Operator: NYC Department of Transportation
Manufacturer: Ekin Box Spotter
Direction: 298;264
Zone: traffic
Camera type: fixed</description>
      <Point>
        <coordinates>-73.8118438,40.7269238,0</coordinates>
      </Point>
    </Placemark>
    <Placemark>
      <name>NYC Department of Transportation ALPR</name>
      <description>OSM node: https://www.openstreetmap.org/node/14097308802
Operator: NYC Department of Transportation
Manufacturer: Ekin Box Spotter
Direction: 120;92
Zone: traffic
Camera type: fixed</description>
      <Point>
        <coordinates>-73.8130137,40.7273165,0</coordinates>
      </Point>
    </Placemark>
    <Placemark>
      <name>NYC Department of Transportation ALPR</name>
      <description>OSM node: https://www.openstreetmap.org/node/14097523201
Operator: NYC Department of Transportation
Manufacturer: Ekin Box Spotter
Direction: 59;36
Zone: traffic
Camera type: fixed</description>
      <Point>
        <coordinates>-73.8435466,40.7089095,0</coordinates>
      </Point>
    </Placemark>
    <Placemark>
      <name>ALPR</name>
      <description>OSM node: https://www.openstreetmap.org/node/14097753001
Manufacturer: Leonardo
Direction: 333
Zone: traffic
Camera type: fixed</description>
      <Point>
        <coordinates>-74.0649746,41.4569452,0</coordinates>
      </Point>
    </Placemark>
    <Placemark>
      <name>ALPR</name>
      <description>OSM node: https://www.openstreetmap.org/node/14097780901
Manufacturer: Axis Communications
Direction: 0
Zone: traffic
Camera type: fixed</description>
      <Point>
        <coordinates>-74.0589554,41.7604985,0</coordinates>
      </Point>
    </Placemark>
    <Placemark>
      <name>NYC Department of Transportation ALPR</name>
      <description>OSM node: https://www.openstreetmap.org/node/14097925501
Operator: NYC Department of Transportation
Manufacturer: Ekin Box Spotter
Direction: 198;169
Zone: traffic
Camera type: fixed</description>
      <Point>
        <coordinates>-73.9947727,40.718872,0</coordinates>
      </Point>
    </Placemark>
    <Placemark>
      <name>ALPR</name>
      <description>OSM node: https://www.openstreetmap.org/node/14097965701
Manufacturer: Flock Safety
Direction: 47
Zone: traffic
Camera type: fixed</description>
      <Point>
        <coordinates>-73.9038423,42.8211709,0</coordinates>
      </Point>
    </Placemark>
    <Placemark>
      <name>ALPR</name>
      <description>OSM node: https://www.openstreetmap.org/node/14098311501
Manufacturer: Flock Safety
Direction: 325
Zone: traffic
Camera type: fixed</description>
      <Point>
        <coordinates>-73.4792191,40.7743452,0</coordinates>
      </Point>
    </Placemark>
    <Placemark>
      <name>ALPR</name>
      <description>OSM node: https://www.openstreetmap.org/node/14098353302
Manufacturer: Genetec
Direction: 167
Zone: traffic
Camera type: fixed</description>
      <Point>
        <coordinates>-74.3129371,41.3861047,0</coordinates>
      </Point>
    </Placemark>
    <Placemark>
      <name>ALPR</name>
      <description>OSM node: https://www.openstreetmap.org/node/14098760401
Manufacturer: Flock Safety
Direction: 284
Zone: traffic
Camera type: fixed</description>
      <Point>
        <coordinates>-72.2158209,40.9453394,0</coordinates>
      </Point>
    </Placemark>
    <Placemark>
      <name>ALPR</name>
      <description>OSM node: https://www.openstreetmap.org/node/14098861001
Manufacturer: Flock Safety
Direction: 294
Zone: traffic
Camera type: fixed</description>
      <Point>
        <coordinates>-72.9667132,40.7847557,0</coordinates>
      </Point>
    </Placemark>
    <Placemark>
      <name>NYC Department of Transportation ALPR</name>
      <description>OSM node: https://www.openstreetmap.org/node/14098882201
Operator: NYC Department of Transportation
Manufacturer: Ekin Box Spotter
Direction: 198;169
Zone: traffic
Camera type: fixed</description>
      <Point>
        <coordinates>-73.9947727,40.718872,0</coordinates>
      </Point>
    </Placemark>
    <Placemark>
      <name>ALPR</name>
      <description>OSM node: https://www.openstreetmap.org/node/14099203201
Manufacturer: Flock Safety
Direction: 77
Zone: traffic
Camera type: fixed</description>
      <Point>
        <coordinates>-77.6047895,43.1132986,0</coordinates>
      </Point>
    </Placemark>
    <Placemark>
      <name>ALPR</name>
      <description>OSM node: https://www.openstreetmap.org/node/14099203401
Manufacturer: Flock Safety
Direction: 109
Zone: traffic
Camera type: fixed</description>
      <Point>
        <coordinates>-77.6046092,43.1143427,0</coordinates>
      </Point>
    </Placemark>
    <Placemark>
      <name>ALPR</name>
      <description>OSM node: https://www.openstreetmap.org/node/14099290003
Manufacturer: Flock Safety
Direction: 115
Zone: traffic
Camera type: fixed</description>
      <Point>
        <coordinates>-75.2350677,43.0888604,0</coordinates>
      </Point>
    </Placemark>
    <Placemark>
      <name>ALPR</name>
      <description>OSM node: https://www.openstreetmap.org/node/14099784703
Manufacturer: Flock Safety
Direction: 351;200
Zone: traffic
Camera type: fixed</description>
      <Point>
        <coordinates>-73.4194227,44.0053949,0</coordinates>
      </Point>
    </Placemark>
    <Placemark>
      <name>ALPR</name>
      <description>OSM node: https://www.openstreetmap.org/node/14099923001
Manufacturer: Motorola Solutions
Direction: 21;160
Zone: traffic
Camera type: fixed</description>
      <Point>
        <coordinates>-77.7534566,43.186713,0</coordinates>
      </Point>
    </Placemark>
    <Placemark>
      <name>ALPR</name>
      <description>OSM node: https://www.openstreetmap.org/node/14100086201
Manufacturer: Flock Safety
Direction: 335
Zone: traffic
Camera type: fixed</description>
      <Point>
        <coordinates>-73.7153499,41.7286753,0</coordinates>
      </Point>
    </Placemark>
    <Placemark>
      <name>Town of Amherst ALPR</name>
      <description>OSM node: https://www.openstreetmap.org/node/14100344618
Operator: Town of Amherst
Manufacturer: Flock Safety
Direction: 65
Zone: traffic
Camera type: fixed</description>
      <Point>
        <coordinates>-78.1839706,43.2410552,0</coordinates>
      </Point>
    </Placemark>
    <Placemark>
      <name>ALPR</name>
      <description>OSM node: https://www.openstreetmap.org/node/14100375501
Manufacturer: Flock Safety
Direction: 322
Zone: traffic
Camera type: fixed</description>
      <Point>
        <coordinates>-73.2354168,40.729508,0</coordinates>
      </Point>
    </Placemark>
    <Placemark>
      <name>ALPR</name>
      <description>OSM node: https://www.openstreetmap.org/node/14101370501
Manufacturer: Genetec
Direction: 0
Zone: traffic
Camera type: fixed</description>
      <Point>
        <coordinates>-74.9749226,44.6576348,0</coordinates>
      </Point>
    </Placemark>
    <Placemark>
      <name>ALPR</name>
      <description>OSM node: https://www.openstreetmap.org/node/14101374001
Manufacturer: Flock Safety
Direction: 0
Zone: traffic
Camera type: fixed</description>
      <Point>
        <coordinates>-74.9746423,44.6629476,0</coordinates>
      </Point>
    </Placemark>
    <Placemark>
      <name>ALPR</name>
      <description>OSM node: https://www.openstreetmap.org/node/14101457901
Manufacturer: Flock Safety
Direction: 124
Zone: traffic
Camera type: fixed</description>
      <Point>
        <coordinates>-72.5221292,40.8762129,0</coordinates>
      </Point>
    </Placemark>
    <Placemark>
      <name>ALPR</name>
      <description>OSM node: https://www.openstreetmap.org/node/14101584262
Direction: 135;315
Zone: traffic
Camera type: fixed</description>
      <Point>
        <coordinates>-73.9816775,40.7788162,0</coordinates>
      </Point>
    </Placemark>
    <Placemark>
      <name>ALPR</name>
      <description>OSM node: https://www.openstreetmap.org/node/14101690503
Manufacturer: Flock Safety
Direction: 0
Zone: traffic
Camera type: fixed</description>
      <Point>
        <coordinates>-77.6668275,43.0076794,0</coordinates>
      </Point>
    </Placemark>
    <Placemark>
      <name>ALPR</name>
      <description>OSM node: https://www.openstreetmap.org/node/14101690505
Manufacturer: Flock Safety
Direction: 181
Zone: traffic
Camera type: fixed</description>
      <Point>
        <coordinates>-77.6667418,43.0073304,0</coordinates>
      </Point>
    </Placemark>
    <Placemark>
      <name>ALPR</name>
      <description>OSM node: https://www.openstreetmap.org/node/14101734701
Manufacturer: Flock Safety
Direction: 140
Zone: traffic
Camera type: fixed</description>
      <Point>
        <coordinates>-73.6828319,42.741679,0</coordinates>
      </Point>
    </Placemark>
    <Placemark>
      <name>ALPR</name>
      <description>OSM node: https://www.openstreetmap.org/node/14101734702
Manufacturer: Flock Safety
Direction: 254
Zone: traffic
Camera type: fixed</description>
      <Point>
        <coordinates>-73.6835396,42.7376672,0</coordinates>
      </Point>
    </Placemark>
    <Placemark>
      <name>ALPR</name>
      <description>OSM node: https://www.openstreetmap.org/node/14101774203
Direction: 90;180;270;360
Zone: public</description>
      <Point>
        <coordinates>-78.8135137,42.9225938,0</coordinates>
      </Point>
    </Placemark>
    <Placemark>
      <name>ALPR</name>
      <description>OSM node: https://www.openstreetmap.org/node/14101799302
Manufacturer: Flock Safety
Direction: 0
Zone: traffic
Camera type: fixed</description>
      <Point>
        <coordinates>-73.6627608,40.6842144,0</coordinates>
      </Point>
    </Placemark>
    <Placemark>
      <name>ALPR</name>
      <description>OSM node: https://www.openstreetmap.org/node/14101833401
Manufacturer: Motorola Solutions
Direction: 190;337
Zone: traffic
Camera type: fixed</description>
      <Point>
        <coordinates>-76.2365643,43.4570355,0</coordinates>
      </Point>
    </Placemark>
    <Placemark>
      <name>ALPR</name>
      <description>OSM node: https://www.openstreetmap.org/node/14101885901
Manufacturer: Axis Communications
Direction: 0;287;216;143;74
Zone: traffic
Camera type: fixed</description>
      <Point>
        <coordinates>-77.0541513,42.1436993,0</coordinates>
      </Point>
    </Placemark>
    <Placemark>
      <name>ALPR</name>
      <description>OSM node: https://www.openstreetmap.org/node/14101917301
Manufacturer: Flock Safety
Direction: 88
Zone: traffic
Camera type: fixed</description>
      <Point>
        <coordinates>-73.480419,40.7751588,0</coordinates>
      </Point>
    </Placemark>
    <Placemark>
      <name>ALPR</name>
      <description>OSM node: https://www.openstreetmap.org/node/14101932201
Manufacturer: Axon Enterprise
Direction: 249
Zone: traffic
Camera type: fixed</description>
      <Point>
        <coordinates>-73.9141294,42.833266,0</coordinates>
      </Point>
    </Placemark>
    <Placemark>
      <name>ALPR</name>
      <description>OSM node: https://www.openstreetmap.org/node/14101933103
Manufacturer: Flock Safety
Direction: 33
Zone: traffic
Camera type: fixed</description>
      <Point>
        <coordinates>-72.6448823,40.8135028,0</coordinates>
      </Point>
    </Placemark>
    <Placemark>
      <name>ALPR</name>
      <description>OSM node: https://www.openstreetmap.org/node/14101934401
Manufacturer: Flock Safety
Direction: 130
Zone: traffic
Camera type: fixed</description>
      <Point>
        <coordinates>-72.6450832,40.8136078,0</coordinates>
      </Point>
    </Placemark>
    <Placemark>
      <name>ALPR</name>
      <description>OSM node: https://www.openstreetmap.org/node/14101989833
Manufacturer: Turing AI
Direction: 190;280
Zone: traffic
Camera type: fixed</description>
      <Point>
        <coordinates>-73.6438188,43.3096429,0</coordinates>
      </Point>
    </Placemark>
    <Placemark>
      <name>ALPR</name>
      <description>OSM node: https://www.openstreetmap.org/node/14102006401
Manufacturer: Flock Safety
Direction: 172
Zone: traffic
Camera type: fixed</description>
      <Point>
        <coordinates>-74.1319624,40.6214848,0</coordinates>
      </Point>
    </Placemark>
    <Placemark>
      <name>ALPR</name>
      <description>OSM node: https://www.openstreetmap.org/node/14102194101
Manufacturer: Flock Safety
Direction: 324
Zone: traffic
Camera type: fixed</description>
      <Point>
        <coordinates>-73.8479901,40.9292344,0</coordinates>
      </Point>
    </Placemark>
    <Placemark>
      <name>ALPR</name>
      <description>OSM node: https://www.openstreetmap.org/node/14102194301
Manufacturer: Flock Safety
Direction: 75
Zone: traffic
Camera type: fixed</description>
      <Point>
        <coordinates>-73.8493041,40.9293262,0</coordinates>
      </Point>
    </Placemark>
    <Placemark>
      <name>ALPR</name>
      <description>OSM node: https://www.openstreetmap.org/node/14102194501
Manufacturer: Flock Safety
Direction: 0
Zone: traffic
Camera type: fixed</description>
      <Point>
        <coordinates>-73.8485393,40.929222,0</coordinates>
      </Point>
    </Placemark>
    <Placemark>
      <name>ALPR</name>
      <description>OSM node: https://www.openstreetmap.org/node/14102194502
Manufacturer: Flock Safety
Direction: 0
Zone: traffic
Camera type: fixed</description>
      <Point>
        <coordinates>-73.8424466,40.9280738,0</coordinates>
      </Point>
    </Placemark>
    <Placemark>
      <name>ALPR</name>
      <description>OSM node: https://www.openstreetmap.org/node/14102195001
Manufacturer: Flock Safety
Direction: 82
Zone: traffic
Camera type: fixed</description>
      <Point>
        <coordinates>-73.8427447,40.9283524,0</coordinates>
      </Point>
    </Placemark>
    <Placemark>
      <name>ALPR</name>
      <description>OSM node: https://www.openstreetmap.org/node/14103093801
Manufacturer: Axis Communications
Direction: 0;77;148;217;285
Zone: area
Camera type: fixed</description>
      <Point>
        <coordinates>-77.0532937,42.1467197,0</coordinates>
      </Point>
    </Placemark>
    <Placemark>
      <name>ALPR</name>
      <description>OSM node: https://www.openstreetmap.org/node/14103105901
Manufacturer: Flock Safety
Direction: 228
Zone: traffic
Camera type: fixed</description>
      <Point>
        <coordinates>-78.0195148,43.2207886,0</coordinates>
      </Point>
    </Placemark>
    <Placemark>
      <name>ALPR</name>
      <description>OSM node: https://www.openstreetmap.org/node/14103467201
Manufacturer: Flock Safety
Direction: 281
Zone: traffic
Camera type: fixed</description>
      <Point>
        <coordinates>-73.8028727,43.0849884,0</coordinates>
      </Point>
    </Placemark>
    <Placemark>
      <name>ALPR</name>
      <description>OSM node: https://www.openstreetmap.org/node/14103467202
Manufacturer: Flock Safety
Direction: 26
Zone: traffic
Camera type: fixed</description>
      <Point>
        <coordinates>-73.7599676,43.0935125,0</coordinates>
      </Point>
    </Placemark>
    <Placemark>
      <name>ALPR</name>
      <description>OSM node: https://www.openstreetmap.org/node/14103683401
Manufacturer: Flock Safety
Direction: 111
Zone: traffic
Camera type: fixed</description>
      <Point>
        <coordinates>-73.6933227,40.7426498,0</coordinates>
      </Point>
    </Placemark>
    <Placemark>
      <name>ALPR</name>
      <description>OSM node: https://www.openstreetmap.org/node/14103930701
Manufacturer: Motorola Solutions
Direction: 7;214
Zone: traffic
Camera type: fixed</description>
      <Point>
        <coordinates>-77.824407,42.7839545,0</coordinates>
      </Point>
    </Placemark>
    <Placemark>
      <name>ALPR</name>
      <description>OSM node: https://www.openstreetmap.org/node/14104179950
Manufacturer: Flock Safety
Direction: 170
Camera type: fixed</description>
      <Point>
        <coordinates>-78.8470261,42.7988116,0</coordinates>
      </Point>
    </Placemark>
    <Placemark>
      <name>ALPR</name>
      <description>OSM node: https://www.openstreetmap.org/node/14104244401
Manufacturer: Flock Safety
Direction: 187
Zone: traffic
Camera type: fixed</description>
      <Point>
        <coordinates>-72.9654589,40.7840635,0</coordinates>
      </Point>
    </Placemark>
    <Placemark>
      <name>ALPR</name>
      <description>OSM node: https://www.openstreetmap.org/node/14104429537
Manufacturer: Flock Safety
Direction: 170
Zone: traffic
Camera type: fixed</description>
      <Point>
        <coordinates>-76.3212649,43.1430177,0</coordinates>
      </Point>
    </Placemark>
    <Placemark>
      <name>ALPR</name>
      <description>OSM node: https://www.openstreetmap.org/node/14104737102
Manufacturer: Flock Safety
Direction: 180
Zone: traffic
Camera type: fixed</description>
      <Point>
        <coordinates>-73.849848,40.8634508,0</coordinates>
      </Point>
    </Placemark>
    <Placemark>
      <name>ALPR</name>
      <description>OSM node: https://www.openstreetmap.org/node/14105924301
Manufacturer: Flock Safety
Direction: 0;57;123;183;248;297
Zone: traffic
Camera type: fixed</description>
      <Point>
        <coordinates>-73.484009,40.6749031,0</coordinates>
      </Point>
    </Placemark>
    <Placemark>
      <name>ALPR</name>
      <description>OSM node: https://www.openstreetmap.org/node/14106028002
Manufacturer: Flock Safety
Direction: 0;54;117;172;233;298
Zone: traffic
Camera type: fixed</description>
      <Point>
        <coordinates>-73.5109798,40.8095738,0</coordinates>
      </Point>
    </Placemark>
    <Placemark>
      <name>ALPR</name>
      <description>OSM node: https://www.openstreetmap.org/node/14106040101
Manufacturer: Flock Safety
Direction: 103
Zone: traffic
Camera type: fixed</description>
      <Point>
        <coordinates>-77.7897023,42.9178761,0</coordinates>
      </Point>
    </Placemark>
    <Placemark>
      <name>NYC Department of Transportation ALPR</name>
      <description>OSM node: https://www.openstreetmap.org/node/14106046501
Operator: NYC Department of Transportation
Manufacturer: Ekin Box Spotter
Direction: 270;300
Zone: traffic
Camera type: fixed</description>
      <Point>
        <coordinates>-74.1690453,40.5767541,0</coordinates>
      </Point>
    </Placemark>
    <Placemark>
      <name>ALPR</name>
      <description>OSM node: https://www.openstreetmap.org/node/14106094176
Direction: 45</description>
      <Point>
        <coordinates>-73.9344204,42.7757384,0</coordinates>
      </Point>
    </Placemark>
    <Placemark>
      <name>ALPR</name>
      <description>OSM node: https://www.openstreetmap.org/node/14106094181
Direction: 93420</description>
      <Point>
        <coordinates>-73.9344284,42.7757348,0</coordinates>
      </Point>
    </Placemark>
    <Placemark>
      <name>ALPR</name>
      <description>OSM node: https://www.openstreetmap.org/node/14106097333
Direction: 45
Camera type: fixed</description>
      <Point>
        <coordinates>-73.9358707,42.7736552,0</coordinates>
      </Point>
    </Placemark>
    <Placemark>
      <name>ALPR</name>
      <description>OSM node: https://www.openstreetmap.org/node/14106102970
Direction: 185</description>
      <Point>
        <coordinates>-73.9358918,42.7736363,0</coordinates>
      </Point>
    </Placemark>
    <Placemark>
      <name>ALPR</name>
      <description>OSM node: https://www.openstreetmap.org/node/14106134001
Manufacturer: NDI Recognition Systems
Direction: 260
Zone: traffic
Camera type: fixed</description>
      <Point>
        <coordinates>-74.1271265,41.1127026,0</coordinates>
      </Point>
    </Placemark>
    <Placemark>
      <name>ALPR</name>
      <description>OSM node: https://www.openstreetmap.org/node/14106148459
Direction: 120</description>
      <Point>
        <coordinates>-73.9344168,42.775744,0</coordinates>
      </Point>
    </Placemark>
    <Placemark>
      <name>ALPR</name>
      <description>OSM node: https://www.openstreetmap.org/node/14106171101
Manufacturer: NDI Recognition Systems
Direction: 75
Zone: traffic
Camera type: fixed</description>
      <Point>
        <coordinates>-74.133564,41.1121958,0</coordinates>
      </Point>
    </Placemark>
    <Placemark>
      <name>ALPR</name>
      <description>OSM node: https://www.openstreetmap.org/node/14106196053
Direction: 180</description>
      <Point>
        <coordinates>-73.930137,42.7863647,0</coordinates>
      </Point>
    </Placemark>
    <Placemark>
      <name>ALPR</name>
      <description>OSM node: https://www.openstreetmap.org/node/14106204901
Manufacturer: NDI Recognition Systems
Direction: 250
Zone: traffic
Camera type: fixed</description>
      <Point>
        <coordinates>-74.1620855,41.1257769,0</coordinates>
      </Point>
    </Placemark>
    <Placemark>
      <name>ALPR</name>
      <description>OSM node: https://www.openstreetmap.org/node/14106207257
Direction: 35</description>
      <Point>
        <coordinates>-73.9301113,42.7864127,0</coordinates>
      </Point>
    </Placemark>
    <Placemark>
      <name>ALPR</name>
      <description>OSM node: https://www.openstreetmap.org/node/14106252101
Manufacturer: Leonardo
Direction: 315
Zone: traffic
Camera type: fixed</description>
      <Point>
        <coordinates>-74.1125056,41.1439765,0</coordinates>
      </Point>
    </Placemark>
    <Placemark>
      <name>ALPR</name>
      <description>OSM node: https://www.openstreetmap.org/node/14106282101
Manufacturer: Leonardo
Direction: 225;85
Zone: traffic
Camera type: fixed</description>
      <Point>
        <coordinates>-74.068002,41.1827902,0</coordinates>
      </Point>
    </Placemark>
    <Placemark>
      <name>ALPR</name>
      <description>OSM node: https://www.openstreetmap.org/node/14106306301
Manufacturer: NDI Recognition Systems
Direction: 50;245
Zone: traffic
Camera type: fixed</description>
      <Point>
        <coordinates>-74.0719926,41.1802399,0</coordinates>
      </Point>
    </Placemark>
    <Placemark>
      <name>ALPR</name>
      <description>OSM node: https://www.openstreetmap.org/node/14106346001
Manufacturer: NDI Recognition Systems
Direction: 240
Zone: traffic
Camera type: fixed</description>
      <Point>
        <coordinates>-74.0427082,41.1850871,0</coordinates>
      </Point>
    </Placemark>
    <Placemark>
      <name>ALPR</name>
      <description>OSM node: https://www.openstreetmap.org/node/14106388201
Manufacturer: Leonardo
Direction: 260;210
Zone: traffic
Camera type: fixed</description>
      <Point>
        <coordinates>-74.0374358,41.1863765,0</coordinates>
      </Point>
    </Placemark>
    <Placemark>
      <name>ALPR</name>
      <description>OSM node: https://www.openstreetmap.org/node/14106401001
Manufacturer: Leonardo
Direction: 200;165
Zone: traffic
Camera type: fixed</description>
      <Point>
        <coordinates>-74.0361166,41.1864614,0</coordinates>
      </Point>
    </Placemark>
    <Placemark>
      <name>ALPR</name>
      <description>OSM node: https://www.openstreetmap.org/node/14106416501
Manufacturer: Leonardo
Direction: 265;230;50;120
Zone: traffic
Camera type: fixed</description>
      <Point>
        <coordinates>-74.0360299,41.1865821,0</coordinates>
      </Point>
    </Placemark>
    <Placemark>
      <name>ALPR</name>
      <description>OSM node: https://www.openstreetmap.org/node/14106434101
Manufacturer: NDI Recognition Systems
Direction: 185
Zone: traffic
Camera type: fixed</description>
      <Point>
        <coordinates>-74.0366411,41.1840665,0</coordinates>
      </Point>
    </Placemark>
    <Placemark>
      <name>ALPR</name>
      <description>OSM node: https://www.openstreetmap.org/node/14106493001
Manufacturer: NDI Recognition Systems
Direction: 100;235
Zone: traffic
Camera type: fixed</description>
      <Point>
        <coordinates>-74.0268118,41.2392674,0</coordinates>
      </Point>
    </Placemark>
    <Placemark>
      <name>ALPR</name>
      <description>OSM node: https://www.openstreetmap.org/node/14106510501
Manufacturer: Flock Safety
Direction: 102
Zone: traffic
Camera type: fixed</description>
      <Point>
        <coordinates>-78.8262247,43.3075125,0</coordinates>
      </Point>
    </Placemark>
    <Placemark>
      <name>ALPR</name>
      <description>OSM node: https://www.openstreetmap.org/node/14106675201
Manufacturer: Flock Safety
Direction: 44;188
Zone: traffic
Camera type: fixed</description>
      <Point>
        <coordinates>-73.7563471,40.8119365,0</coordinates>
      </Point>
    </Placemark>
    <Placemark>
      <name>ALPR</name>
      <description>OSM node: https://www.openstreetmap.org/node/14107511801
Manufacturer: Motorola Solutions
Direction: 109
Zone: traffic
Camera type: fixed</description>
      <Point>
        <coordinates>-77.4126061,43.1297203,0</coordinates>
      </Point>
    </Placemark>
    <Placemark>
      <name>ALPR</name>
      <description>OSM node: https://www.openstreetmap.org/node/14107511802
Manufacturer: Motorola Solutions
Direction: 217
Zone: traffic
Camera type: fixed</description>
      <Point>
        <coordinates>-77.4126061,43.1297203,0</coordinates>
      </Point>
    </Placemark>
    <Placemark>
      <name>ALPR</name>
      <description>OSM node: https://www.openstreetmap.org/node/14107674901
Manufacturer: Flock Safety
Direction: 14
Zone: traffic
Camera type: fixed</description>
      <Point>
        <coordinates>-73.8057434,42.6708983,0</coordinates>
      </Point>
    </Placemark>
    <Placemark>
      <name>ALPR</name>
      <description>OSM node: https://www.openstreetmap.org/node/14107680501
Manufacturer: Flock Safety
Direction: 61
Zone: traffic
Camera type: fixed</description>
      <Point>
        <coordinates>-73.8032038,42.6700574,0</coordinates>
      </Point>
    </Placemark>
    <Placemark>
      <name>ALPR</name>
      <description>OSM node: https://www.openstreetmap.org/node/14107688201
Manufacturer: Flock Safety
Direction: 52
Zone: traffic
Camera type: fixed</description>
      <Point>
        <coordinates>-73.801907,42.6696607,0</coordinates>
      </Point>
    </Placemark>
    <Placemark>
      <name>ALPR</name>
      <description>OSM node: https://www.openstreetmap.org/node/14108114501
Manufacturer: Motorola Solutions
Direction: 135
Zone: traffic
Camera type: fixed</description>
      <Point>
        <coordinates>-72.9470106,40.7870568,0</coordinates>
      </Point>
    </Placemark>
    <Placemark>
      <name>ALPR</name>
      <description>OSM node: https://www.openstreetmap.org/node/14108118801
Manufacturer: Motorola Solutions
Direction: 175
Zone: traffic
Camera type: fixed</description>
      <Point>
        <coordinates>-72.9408412,40.7747362,0</coordinates>
      </Point>
    </Placemark>
    <Placemark>
      <name>ALPR</name>
      <description>OSM node: https://www.openstreetmap.org/node/14108249901
Manufacturer: Flock Safety
Direction: 220
Zone: traffic
Camera type: fixed</description>
      <Point>
        <coordinates>-73.6572571,40.6570665,0</coordinates>
      </Point>
    </Placemark>
    <Placemark>
      <name>ALPR</name>
      <description>OSM node: https://www.openstreetmap.org/node/14108335601
Manufacturer: NDI Recognition Systems
Direction: 105
Zone: traffic
Camera type: fixed</description>
      <Point>
        <coordinates>-74.0682356,41.107496,0</coordinates>
      </Point>
    </Placemark>
    <Placemark>
      <name>ALPR</name>
      <description>OSM node: https://www.openstreetmap.org/node/14108638802
Manufacturer: Flock Safety
Direction: 55
Zone: traffic
Camera type: fixed</description>
      <Point>
        <coordinates>-73.8933246,42.7766353,0</coordinates>
      </Point>
    </Placemark>
    <Placemark>
      <name>ALPR</name>
      <description>OSM node: https://www.openstreetmap.org/node/14108639701
Manufacturer: Flock Safety
Direction: 275
Zone: traffic
Camera type: fixed</description>
      <Point>
        <coordinates>-73.9044863,42.780962,0</coordinates>
      </Point>
    </Placemark>
    <Placemark>
      <name>ALPR</name>
      <description>OSM node: https://www.openstreetmap.org/node/14108640301
Manufacturer: Flock Safety
Direction: 249
Zone: traffic
Camera type: fixed</description>
      <Point>
        <coordinates>-73.8933162,42.7829123,0</coordinates>
      </Point>
    </Placemark>
    <Placemark>
      <name>ALPR</name>
      <description>OSM node: https://www.openstreetmap.org/node/14108642901
Manufacturer: Flock Safety
Direction: 51
Zone: traffic
Camera type: fixed</description>
      <Point>
        <coordinates>-73.8932076,42.7744136,0</coordinates>
      </Point>
    </Placemark>
    <Placemark>
      <name>ALPR</name>
      <description>OSM node: https://www.openstreetmap.org/node/14109634101
Manufacturer: Flock Safety
Direction: 0
Zone: traffic
Camera type: fixed</description>
      <Point>
        <coordinates>-73.9247841,41.7025081,0</coordinates>
      </Point>
    </Placemark>
    <Placemark>
      <name>ALPR</name>
      <description>OSM node: https://www.openstreetmap.org/node/14109761801
Manufacturer: NDI Recognition Systems
Direction: 5
Zone: traffic
Camera type: fixed</description>
      <Point>
        <coordinates>-74.0691392,41.108559,0</coordinates>
      </Point>
    </Placemark>
    <Placemark>
      <name>ALPR</name>
      <description>OSM node: https://www.openstreetmap.org/node/14109777501
Manufacturer: NDI Recognition Systems
Direction: 175
Zone: traffic
Camera type: fixed</description>
      <Point>
        <coordinates>-74.0700351,41.1058809,0</coordinates>
      </Point>
    </Placemark>
    <Placemark>
      <name>ALPR</name>
      <description>OSM node: https://www.openstreetmap.org/node/14109804701
Manufacturer: NDI Recognition Systems
Direction: 255
Zone: traffic
Camera type: fixed</description>
      <Point>
        <coordinates>-74.0702568,41.107301,0</coordinates>
      </Point>
    </Placemark>
    <Placemark>
      <name>ALPR</name>
      <description>OSM node: https://www.openstreetmap.org/node/14109905001
Manufacturer: Genetec
Direction: 278
Zone: traffic
Camera type: fixed</description>
      <Point>
        <coordinates>-73.7795562,43.0963098,0</coordinates>
      </Point>
    </Placemark>
    <Placemark>
      <name>ALPR</name>
      <description>OSM node: https://www.openstreetmap.org/node/14109905701
Manufacturer: Genetec
Direction: 286
Zone: traffic
Camera type: fixed</description>
      <Point>
        <coordinates>-73.7792419,43.0969828,0</coordinates>
      </Point>
    </Placemark>
    <Placemark>
      <name>ALPR</name>
      <description>OSM node: https://www.openstreetmap.org/node/14109907601
Manufacturer: Genetec
Direction: 43
Zone: traffic
Camera type: fixed</description>
      <Point>
        <coordinates>-73.7889931,43.0944477,0</coordinates>
      </Point>
    </Placemark>
    <Placemark>
      <name>ALPR</name>
      <description>OSM node: https://www.openstreetmap.org/node/14110780201
Manufacturer: Flock Safety
Direction: 214;96
Zone: traffic
Camera type: fixed</description>
      <Point>
        <coordinates>-76.5064682,43.4537039,0</coordinates>
      </Point>
    </Placemark>
    <Placemark>
      <name>Lowe's ALPR</name>
      <description>OSM node: https://www.openstreetmap.org/node/14111043801
Operator: Lowe's
Manufacturer: Flock Safety
Direction: 200
Zone: traffic
Camera type: fixed</description>
      <Point>
        <coordinates>-73.9466266,41.0429453,0</coordinates>
      </Point>
    </Placemark>
    <Placemark>
      <name>ALPR</name>
      <description>OSM node: https://www.openstreetmap.org/node/14111143301
Manufacturer: NDI Recognition Systems
Direction: 105
Zone: traffic
Camera type: fixed</description>
      <Point>
        <coordinates>-73.9834345,41.0787069,0</coordinates>
      </Point>
    </Placemark>
    <Placemark>
      <name>ALPR</name>
      <description>OSM node: https://www.openstreetmap.org/node/14111159601
Manufacturer: NDI Recognition Systems
Direction: 260
Zone: traffic
Camera type: fixed</description>
      <Point>
        <coordinates>-73.9869587,41.0788091,0</coordinates>
      </Point>
    </Placemark>
    <Placemark>
      <name>ALPR</name>
      <description>OSM node: https://www.openstreetmap.org/node/14111235201
Manufacturer: NDI Recognition Systems
Direction: 10
Zone: traffic
Camera type: fixed</description>
      <Point>
        <coordinates>-73.9776414,41.0779255,0</coordinates>
      </Point>
    </Placemark>
    <Placemark>
      <name>ALPR</name>
      <description>OSM node: https://www.openstreetmap.org/node/14111345501
Manufacturer: Leonardo
Direction: 210;150;180
Zone: traffic
Camera type: fixed</description>
      <Point>
        <coordinates>-73.938276,41.0269624,0</coordinates>
      </Point>
    </Placemark>
    <Placemark>
      <name>ALPR</name>
      <description>OSM node: https://www.openstreetmap.org/node/14111417702
Manufacturer: NDI Recognition Systems
Direction: 0;130
Zone: traffic
Camera type: fixed</description>
      <Point>
        <coordinates>-74.0064638,41.1871818,0</coordinates>
      </Point>
    </Placemark>
    <Placemark>
      <name>ALPR</name>
      <description>OSM node: https://www.openstreetmap.org/node/14112263701
Manufacturer: Flock Safety
Direction: 231
Zone: traffic
Camera type: fixed</description>
      <Point>
        <coordinates>-73.0652088,40.8611235,0</coordinates>
      </Point>
    </Placemark>
    <Placemark>
      <name>ALPR</name>
      <description>OSM node: https://www.openstreetmap.org/node/14112295001
Manufacturer: NDI Recognition Systems
Direction: 0
Zone: traffic
Camera type: fixed</description>
      <Point>
        <coordinates>-73.9617338,41.0815999,0</coordinates>
      </Point>
    </Placemark>
    <Placemark>
      <name>ALPR</name>
      <description>OSM node: https://www.openstreetmap.org/node/14112353001
Manufacturer: NDI Recognition Systems
Direction: 330
Zone: traffic
Camera type: fixed</description>
      <Point>
        <coordinates>-73.9488874,41.0888834,0</coordinates>
      </Point>
    </Placemark>
    <Placemark>
      <name>ALPR</name>
      <description>OSM node: https://www.openstreetmap.org/node/14112392101
Manufacturer: NDI Recognition Systems
Direction: 0
Zone: traffic
Camera type: fixed</description>
      <Point>
        <coordinates>-73.9416476,41.0858837,0</coordinates>
      </Point>
    </Placemark>
    <Placemark>
      <name>Clarkstown Police Department ALPR</name>
      <description>OSM node: https://www.openstreetmap.org/node/14112429901
Operator: Clarkstown Police Department
Manufacturer: Flock Safety
Direction: 145
Zone: traffic
Camera type: fixed</description>
      <Point>
        <coordinates>-73.9365467,41.0951425,0</coordinates>
      </Point>
    </Placemark>
    <Placemark>
      <name>ALPR</name>
      <description>OSM node: https://www.openstreetmap.org/node/14112483701
Manufacturer: Flock Safety
Direction: 273
Zone: traffic
Camera type: fixed</description>
      <Point>
        <coordinates>-73.6608348,40.7063266,0</coordinates>
      </Point>
    </Placemark>
    <Placemark>
      <name>ALPR</name>
      <description>OSM node: https://www.openstreetmap.org/node/14112555201
Manufacturer: NDI Recognition Systems
Direction: 0
Zone: traffic
Camera type: fixed</description>
      <Point>
        <coordinates>-73.9171315,41.0986472,0</coordinates>
      </Point>
    </Placemark>
    <Placemark>
      <name>ALPR</name>
      <description>OSM node: https://www.openstreetmap.org/node/14112641801
Manufacturer: NDI Recognition Systems
Direction: 25
Zone: traffic
Camera type: fixed</description>
      <Point>
        <coordinates>-73.9237246,41.0994631,0</coordinates>
      </Point>
    </Placemark>
    <Placemark>
      <name>ALPR</name>
      <description>OSM node: https://www.openstreetmap.org/node/14112660101
Manufacturer: NDI Recognition Systems
Direction: 10
Zone: traffic
Camera type: fixed</description>
      <Point>
        <coordinates>-73.924595,41.099607,0</coordinates>
      </Point>
    </Placemark>
    <Placemark>
      <name>ALPR</name>
      <description>OSM node: https://www.openstreetmap.org/node/14112918701
Manufacturer: Flock Safety
Direction: 107
Zone: traffic
Camera type: fixed</description>
      <Point>
        <coordinates>-73.8780548,41.854077,0</coordinates>
      </Point>
    </Placemark>
    <Placemark>
      <name>ALPR</name>
      <description>OSM node: https://www.openstreetmap.org/node/14112931803
Manufacturer: Flock Safety
Direction: 89;226
Zone: traffic
Camera type: fixed</description>
      <Point>
        <coordinates>-77.6401697,43.0589113,0</coordinates>
      </Point>
    </Placemark>
    <Placemark>
      <name>ALPR</name>
      <description>OSM node: https://www.openstreetmap.org/node/14112972301
Manufacturer: Flock Safety
Direction: 22;271
Zone: traffic
Camera type: fixed</description>
      <Point>
        <coordinates>-77.6423001,43.0588756,0</coordinates>
      </Point>
    </Placemark>
    <Placemark>
      <name>ALPR</name>
      <description>OSM node: https://www.openstreetmap.org/node/14113005103
Manufacturer: Ekin Box Spotter
Direction: 321
Zone: traffic
Camera type: fixed</description>
      <Point>
        <coordinates>-73.9982291,40.597076,0</coordinates>
      </Point>
    </Placemark>
    <Placemark>
      <name>ALPR</name>
      <description>OSM node: https://www.openstreetmap.org/node/14113530401
Manufacturer: Flock Safety
Direction: 16
Zone: traffic
Camera type: fixed</description>
      <Point>
        <coordinates>-79.0390224,43.0982737,0</coordinates>
      </Point>
    </Placemark>
    <Placemark>
      <name>NYC Department of Transportation ALPR</name>
      <description>OSM node: https://www.openstreetmap.org/node/14113661209
Operator: NYC Department of Transportation
Manufacturer: Ekin Box Spotter
Direction: 5
Zone: traffic
Camera type: fixed</description>
      <Point>
        <coordinates>-74.1695744,40.5764761,0</coordinates>
      </Point>
    </Placemark>
    <Placemark>
      <name>ALPR</name>
      <description>OSM node: https://www.openstreetmap.org/node/14113687701
Manufacturer: Flock Safety
Direction: 262
Zone: traffic
Camera type: fixed</description>
      <Point>
        <coordinates>-73.9184915,40.7588495,0</coordinates>
      </Point>
    </Placemark>
    <Placemark>
      <name>ALPR</name>
      <description>OSM node: https://www.openstreetmap.org/node/14113688301
Manufacturer: Flock Safety
Direction: 283
Zone: traffic
Camera type: fixed</description>
      <Point>
        <coordinates>-73.9184907,40.7588474,0</coordinates>
      </Point>
    </Placemark>
    <Placemark>
      <name>ALPR</name>
      <description>OSM node: https://www.openstreetmap.org/node/14113706001
Manufacturer: Flock Safety
Direction: 0
Zone: traffic
Camera type: fixed</description>
      <Point>
        <coordinates>-74.4121012,41.4573185,0</coordinates>
      </Point>
    </Placemark>
    <Placemark>
      <name>ALPR</name>
      <description>OSM node: https://www.openstreetmap.org/node/14113712501
Manufacturer: Flock Safety
Direction: 0
Zone: traffic
Camera type: fixed</description>
      <Point>
        <coordinates>-74.408145,41.4547757,0</coordinates>
      </Point>
    </Placemark>
    <Placemark>
      <name>ALPR</name>
      <description>OSM node: https://www.openstreetmap.org/node/14113713201
Manufacturer: Flock Safety
Direction: 0
Zone: traffic
Camera type: fixed</description>
      <Point>
        <coordinates>-74.4071485,41.4542273,0</coordinates>
      </Point>
    </Placemark>
    <Placemark>
      <name>ALPR</name>
      <description>OSM node: https://www.openstreetmap.org/node/14113830202
Manufacturer: Flock Safety
Direction: 44;271
Zone: traffic
Camera type: fixed</description>
      <Point>
        <coordinates>-76.5123499,43.4561463,0</coordinates>
      </Point>
    </Placemark>
    <Placemark>
      <name>ALPR</name>
      <description>OSM node: https://www.openstreetmap.org/node/14113840501
Manufacturer: Flock Safety
Direction: 99
Zone: traffic
Camera type: fixed</description>
      <Point>
        <coordinates>-72.8402211,40.7575656,0</coordinates>
      </Point>
    </Placemark>
    <Placemark>
      <name>ALPR</name>
      <description>OSM node: https://www.openstreetmap.org/node/14113842901
Manufacturer: Flock Safety
Direction: 156
Zone: traffic
Camera type: fixed</description>
      <Point>
        <coordinates>-72.8289756,40.7597206,0</coordinates>
      </Point>
    </Placemark>
    <Placemark>
      <name>ALPR</name>
      <description>OSM node: https://www.openstreetmap.org/node/14114009201
Manufacturer: NDI Recognition Systems
Direction: 280
Zone: traffic
Camera type: fixed</description>
      <Point>
        <coordinates>-73.9328459,41.0908072,0</coordinates>
      </Point>
    </Placemark>
    <Placemark>
      <name>ALPR</name>
      <description>OSM node: https://www.openstreetmap.org/node/14114012502
Manufacturer: NDI Recognition Systems
Direction: 280
Zone: traffic
Camera type: fixed</description>
      <Point>
        <coordinates>-73.9325477,41.0928136,0</coordinates>
      </Point>
    </Placemark>
    <Placemark>
      <name>ALPR</name>
      <description>OSM node: https://www.openstreetmap.org/node/14114040101
Manufacturer: NDI Recognition Systems
Direction: 280
Zone: traffic
Camera type: fixed</description>
      <Point>
        <coordinates>-73.9329891,41.0917044,0</coordinates>
      </Point>
    </Placemark>
    <Placemark>
      <name>ALPR</name>
      <description>OSM node: https://www.openstreetmap.org/node/14114070101
Manufacturer: Axon Enterprise
Direction: 80;300
Zone: traffic
Camera type: fixed</description>
      <Point>
        <coordinates>-74.0031414,41.0789702,0</coordinates>
      </Point>
    </Placemark>
    <Placemark>
      <name>NYC Department of Transportation ALPR</name>
      <description>OSM node: https://www.openstreetmap.org/node/14114076301
Operator: NYC Department of Transportation
Manufacturer: Ekin Box Spotter
Direction: 207;172
Zone: traffic
Camera type: fixed</description>
      <Point>
        <coordinates>-73.9284826,40.8093697,0</coordinates>
      </Point>
    </Placemark>
    <Placemark>
      <name>NYC Department of Transportation ALPR</name>
      <description>OSM node: https://www.openstreetmap.org/node/14114076302
Operator: NYC Department of Transportation
Manufacturer: Ekin Box Spotter
Direction: 138;109
Zone: traffic
Camera type: fixed</description>
      <Point>
        <coordinates>-73.9292468,40.8090832,0</coordinates>
      </Point>
    </Placemark>
    <Placemark>
      <name>ALPR</name>
      <description>OSM node: https://www.openstreetmap.org/node/14114086501
Manufacturer: NDI Recognition Systems
Direction: 350
Zone: traffic
Camera type: fixed</description>
      <Point>
        <coordinates>-74.0025229,41.0816348,0</coordinates>
      </Point>
    </Placemark>
    <Placemark>
      <name>ALPR</name>
      <description>OSM node: https://www.openstreetmap.org/node/14115264002
Manufacturer: Rekor
Direction: 265
Zone: traffic
Camera type: fixed</description>
      <Point>
        <coordinates>-72.357477,41.08693,0</coordinates>
      </Point>
    </Placemark>
    <Placemark>
      <name>ALPR</name>
      <description>OSM node: https://www.openstreetmap.org/node/14115268101
Manufacturer: Motorola Solutions
Direction: 171;310;287
Zone: traffic
Camera type: fixed</description>
      <Point>
        <coordinates>-72.3174505,41.0449896,0</coordinates>
      </Point>
    </Placemark>
    <Placemark>
      <name>ALPR</name>
      <description>OSM node: https://www.openstreetmap.org/node/14115551101
Manufacturer: Flock Safety
Direction: 64
Zone: traffic
Camera type: fixed</description>
      <Point>
        <coordinates>-74.2082635,40.5415927,0</coordinates>
      </Point>
    </Placemark>
    <Placemark>
      <name>ALPR</name>
      <description>OSM node: https://www.openstreetmap.org/node/14115556401
Manufacturer: Flock Safety
Direction: 0
Zone: traffic
Camera type: fixed</description>
      <Point>
        <coordinates>-74.2258737,40.5294867,0</coordinates>
      </Point>
    </Placemark>
    <Placemark>
      <name>ALPR</name>
      <description>OSM node: https://www.openstreetmap.org/node/14115557002
Manufacturer: Flock Safety
Direction: 182
Zone: traffic
Camera type: fixed</description>
      <Point>
        <coordinates>-74.2257715,40.5300256,0</coordinates>
      </Point>
    </Placemark>
    <Placemark>
      <name>ALPR</name>
      <description>OSM node: https://www.openstreetmap.org/node/14116062702
Manufacturer: Flock Safety
Direction: 49
Zone: traffic
Camera type: fixed</description>
      <Point>
        <coordinates>-73.9142573,40.7513806,0</coordinates>
      </Point>
    </Placemark>
    <Placemark>
      <name>ALPR</name>
      <description>OSM node: https://www.openstreetmap.org/node/14116090502
Manufacturer: Flock Safety
Direction: 283
Zone: traffic
Camera type: fixed</description>
      <Point>
        <coordinates>-73.9126079,40.7529542,0</coordinates>
      </Point>
    </Placemark>
    <Placemark>
      <name>ALPR</name>
      <description>OSM node: https://www.openstreetmap.org/node/14116191701
Manufacturer: Flock Safety
Direction: 0
Zone: traffic
Camera type: fixed</description>
      <Point>
        <coordinates>-78.8424543,43.0563785,0</coordinates>
      </Point>
    </Placemark>
    <Placemark>
      <name>ALPR</name>
      <description>OSM node: https://www.openstreetmap.org/node/14116192001
Manufacturer: Flock Safety
Direction: 85
Zone: traffic
Camera type: fixed</description>
      <Point>
        <coordinates>-78.8424577,43.0563743,0</coordinates>
      </Point>
    </Placemark>
    <Placemark>
      <name>ALPR</name>
      <description>OSM node: https://www.openstreetmap.org/node/14116192401
Manufacturer: Flock Safety
Direction: 176
Zone: traffic
Camera type: fixed</description>
      <Point>
        <coordinates>-78.8424704,43.0563666,0</coordinates>
      </Point>
    </Placemark>
    <Placemark>
      <name>ALPR</name>
      <description>OSM node: https://www.openstreetmap.org/node/14116192501
Manufacturer: Flock Safety
Direction: 274
Zone: traffic
Camera type: fixed</description>
      <Point>
        <coordinates>-78.8424721,43.0563639,0</coordinates>
      </Point>
    </Placemark>
    <Placemark>
      <name>ALPR</name>
      <description>OSM node: https://www.openstreetmap.org/node/14116194901
Manufacturer: Flock Safety
Direction: 6
Zone: traffic
Camera type: fixed</description>
      <Point>
        <coordinates>-78.8431021,43.0568394,0</coordinates>
      </Point>
    </Placemark>
    <Placemark>
      <name>ALPR</name>
      <description>OSM node: https://www.openstreetmap.org/node/14116195201
Manufacturer: Flock Safety
Direction: 89
Zone: traffic
Camera type: fixed</description>
      <Point>
        <coordinates>-78.8431139,43.056843,0</coordinates>
      </Point>
    </Placemark>
    <Placemark>
      <name>ALPR</name>
      <description>OSM node: https://www.openstreetmap.org/node/14116195302
Manufacturer: Flock Safety
Direction: 170
Zone: traffic
Camera type: fixed</description>
      <Point>
        <coordinates>-78.8431284,43.0568365,0</coordinates>
      </Point>
    </Placemark>
    <Placemark>
      <name>ALPR</name>
      <description>OSM node: https://www.openstreetmap.org/node/14116195303
Manufacturer: Flock Safety
Direction: 258
Zone: traffic
Camera type: fixed</description>
      <Point>
        <coordinates>-78.8431271,43.0568392,0</coordinates>
      </Point>
    </Placemark>
    <Placemark>
      <name>ALPR</name>
      <description>OSM node: https://www.openstreetmap.org/node/14116471601
Manufacturer: Flock Safety
Direction: 103
Zone: traffic
Camera type: fixed</description>
      <Point>
        <coordinates>-73.6875839,40.8384675,0</coordinates>
      </Point>
    </Placemark>
    <Placemark>
      <name>ALPR</name>
      <description>OSM node: https://www.openstreetmap.org/node/14117952001
Manufacturer: NDI Recognition Systems
Direction: 350
Zone: traffic
Camera type: fixed</description>
      <Point>
        <coordinates>-74.0441821,41.0681087,0</coordinates>
      </Point>
    </Placemark>
    <Placemark>
      <name>ALPR</name>
      <description>OSM node: https://www.openstreetmap.org/node/14117962201
Manufacturer: NDI Recognition Systems
Direction: 350
Zone: traffic
Camera type: fixed</description>
      <Point>
        <coordinates>-74.0351827,41.0692533,0</coordinates>
      </Point>
    </Placemark>
    <Placemark>
      <name>ALPR</name>
      <description>OSM node: https://www.openstreetmap.org/node/14118020201
Manufacturer: NDI Recognition Systems
Direction: 300
Zone: traffic
Camera type: fixed</description>
      <Point>
        <coordinates>-74.0360397,41.0901378,0</coordinates>
      </Point>
    </Placemark>
    <Placemark>
      <name>Bedford/Westchester County Police RTC/Intelligence Regional and National Data Sharing ALPR</name>
      <description>OSM node: https://www.openstreetmap.org/node/14118078558
Operator: Bedford/Westchester County Police RTC/Intelligence Regional and National Data Sharing
Manufacturer: Rekor
Direction: 10;100;190
Zone: traffic
Camera type: fixed</description>
      <Point>
        <coordinates>-73.7135502,41.225925,0</coordinates>
      </Point>
    </Placemark>
    <Placemark>
      <name>Bedford/Westchester County Police RTC/Intelligence Regional and National Data Sharing ALPR</name>
      <description>OSM node: https://www.openstreetmap.org/node/14118080044
Operator: Bedford/Westchester County Police RTC/Intelligence Regional and National Data Sharing
Manufacturer: Rekor
Direction: 320
Zone: traffic
Camera type: fixed</description>
      <Point>
        <coordinates>-73.7139874,41.2258736,0</coordinates>
      </Point>
    </Placemark>
    <Placemark>
      <name>Yorktown/Westchester County Police RTC/Intelligence Regional and National Data Sharing ALPR</name>
      <description>OSM node: https://www.openstreetmap.org/node/14118083239
Operator: Yorktown/Westchester County Police RTC/Intelligence Regional and National Data Sharing
Manufacturer: Rekor
Direction: 45;300;;200;120
Zone: traffic
Camera type: fixed</description>
      <Point>
        <coordinates>-73.8592588,41.3182238,0</coordinates>
      </Point>
    </Placemark>
    <Placemark>
      <name>North Castle/Westchester County Police RTC/Intelligence Regional and National Data Sharing ALPR</name>
      <description>OSM node: https://www.openstreetmap.org/node/14118102004
Operator: North Castle/Westchester County Police RTC/Intelligence Regional and National Data Sharing
Manufacturer: Rekor
Direction: 320;135
Zone: traffic
Camera type: fixed</description>
      <Point>
        <coordinates>-73.7200686,41.0897661,0</coordinates>
      </Point>
    </Placemark>
    <Placemark>
      <name>Westchester County Police RTC/Intelligence Regional and National Data Sharing ALPR</name>
      <description>OSM node: https://www.openstreetmap.org/node/14118102425
Operator: Westchester County Police RTC/Intelligence Regional and National Data Sharing
Manufacturer: Rekor
Direction: 330
Zone: traffic
Camera type: fixed</description>
      <Point>
        <coordinates>-73.7741801,41.0624439,0</coordinates>
      </Point>
    </Placemark>
    <Placemark>
      <name>Mount Pleasant/Westchester County Police RTC/Intelligence Regional and National Data Sharing ALPR</name>
      <description>OSM node: https://www.openstreetmap.org/node/14118119952
Operator: Mount Pleasant/Westchester County Police RTC/Intelligence Regional and National Data Sharing
Manufacturer: Rekor
Direction: 320;135
Zone: traffic
Camera type: fixed</description>
      <Point>
        <coordinates>-73.774466,41.0745166,0</coordinates>
      </Point>
    </Placemark>
    <Placemark>
      <name>Westchester County Police RTC/Intelligence Regional and National Data Sharing ALPR</name>
      <description>OSM node: https://www.openstreetmap.org/node/14118141501
Operator: Westchester County Police RTC/Intelligence Regional and National Data Sharing
Manufacturer: Rekor
Direction: 160
Zone: traffic
Camera type: fixed</description>
      <Point>
        <coordinates>-73.7743151,41.0622207,0</coordinates>
      </Point>
    </Placemark>
    <Placemark>
      <name>White Plains/Westchester County RTC/Intelligence Regional and National Data Sharing ALPR</name>
      <description>OSM node: https://www.openstreetmap.org/node/14118143074
Operator: White Plains/Westchester County RTC/Intelligence Regional and National Data Sharing
Manufacturer: Rekor
Direction: 50;220;335;145
Zone: traffic
Camera type: fixed</description>
      <Point>
        <coordinates>-73.7412113,41.0225028,0</coordinates>
      </Point>
    </Placemark>
    <Placemark>
      <name>White Plains/Westchester County RTC/Intelligence Regional and National Data Sharing ALPR</name>
      <description>OSM node: https://www.openstreetmap.org/node/14118152020
Operator: White Plains/Westchester County RTC/Intelligence Regional and National Data Sharing
Manufacturer: Rekor
Direction: 5;95;190
Zone: traffic
Camera type: fixed</description>
      <Point>
        <coordinates>-73.7701945,41.0521228,0</coordinates>
      </Point>
    </Placemark>
    <Placemark>
      <name>White Plains/Westchester County RTC/Intelligence Regional and National Data Sharing ALPR</name>
      <description>OSM node: https://www.openstreetmap.org/node/14118187846
Operator: White Plains/Westchester County RTC/Intelligence Regional and National Data Sharing
Manufacturer: Rekor
Direction: 50;220;335
Zone: traffic
Camera type: fixed</description>
      <Point>
        <coordinates>-73.7683415,41.0272648,0</coordinates>
      </Point>
    </Placemark>
    <Placemark>
      <name>White Plains/Westchester County RTC/Intelligence Regional and National Data Sharing ALPR</name>
      <description>OSM node: https://www.openstreetmap.org/node/14118189388
Operator: White Plains/Westchester County RTC/Intelligence Regional and National Data Sharing
Manufacturer: Rekor
Direction: 0
Zone: traffic
Camera type: fixed</description>
      <Point>
        <coordinates>-73.7900534,41.0286205,0</coordinates>
      </Point>
    </Placemark>
    <Placemark>
      <name>White Plains/Westchester County RTC/Intelligence Regional and National Data Sharing ALPR</name>
      <description>OSM node: https://www.openstreetmap.org/node/14118193129
Operator: White Plains/Westchester County RTC/Intelligence Regional and National Data Sharing
Manufacturer: Rekor
Direction: 90;220;335
Zone: traffic
Camera type: fixed</description>
      <Point>
        <coordinates>-73.7738767,41.0317799,0</coordinates>
      </Point>
    </Placemark>
    <Placemark>
      <name>White Plains/Westchester County RTC/Intelligence Regional and National Data Sharing ALPR</name>
      <description>OSM node: https://www.openstreetmap.org/node/14118322417
Operator: White Plains/Westchester County RTC/Intelligence Regional and National Data Sharing
Manufacturer: Rekor
Direction: 90;240;350;170
Zone: traffic
Camera type: fixed</description>
      <Point>
        <coordinates>-73.7447722,40.986621,0</coordinates>
      </Point>
    </Placemark>
    <Placemark>
      <name>White Plains/Westchester County RTC/Intelligence Regional and National Data Sharing ALPR</name>
      <description>OSM node: https://www.openstreetmap.org/node/14118332304
Operator: White Plains/Westchester County RTC/Intelligence Regional and National Data Sharing
Manufacturer: Rekor
Direction: 200
Zone: traffic
Camera type: fixed</description>
      <Point>
        <coordinates>-73.7904777,41.0284344,0</coordinates>
      </Point>
    </Placemark>
    <Placemark>
      <name>Westchester County RTC/Intelligence Regional and National Data Sharing ALPR</name>
      <description>OSM node: https://www.openstreetmap.org/node/14118337948
Operator: Westchester County RTC/Intelligence Regional and National Data Sharing
Manufacturer: Rekor
Direction: 90
Zone: traffic
Camera type: fixed</description>
      <Point>
        <coordinates>-73.7213092,41.0140448,0</coordinates>
      </Point>
    </Placemark>
    <Placemark>
      <name>Westchester County RTC/Intelligence Regional and National Data Sharing ALPR</name>
      <description>OSM node: https://www.openstreetmap.org/node/14118356918
Operator: Westchester County RTC/Intelligence Regional and National Data Sharing
Manufacturer: Rekor
Direction: 90
Zone: traffic
Camera type: fixed</description>
      <Point>
        <coordinates>-73.7212809,41.0140895,0</coordinates>
      </Point>
    </Placemark>
    <Placemark>
      <name>Westchester County RTC/Intelligence Regional and National Data Sharing ALPR</name>
      <description>OSM node: https://www.openstreetmap.org/node/14118356919
Operator: Westchester County RTC/Intelligence Regional and National Data Sharing
Manufacturer: Rekor
Direction: 70;320
Zone: traffic
Camera type: fixed</description>
      <Point>
        <coordinates>-73.7213474,41.0140086,0</coordinates>
      </Point>
    </Placemark>
    <Placemark>
      <name>ALPR</name>
      <description>OSM node: https://www.openstreetmap.org/node/14119404302
Manufacturer: NDI Recognition Systems
Direction: 0;165;85
Zone: traffic
Camera type: fixed</description>
      <Point>
        <coordinates>-74.0968281,41.1368309,0</coordinates>
      </Point>
    </Placemark>
    <Placemark>
      <name>ALPR</name>
      <description>OSM node: https://www.openstreetmap.org/node/14119633201
Manufacturer: Flock Safety
Direction: 0;0;0;0;0;0;0;113
Zone: traffic
Camera type: fixed</description>
      <Point>
        <coordinates>-73.795483,40.9161276,0</coordinates>
      </Point>
    </Placemark>
    <Placemark>
      <name>ALPR</name>
      <description>OSM node: https://www.openstreetmap.org/node/14119633701
Manufacturer: Flock Safety
Direction: 72;270
Zone: traffic
Camera type: fixed</description>
      <Point>
        <coordinates>-73.7954971,40.9161604,0</coordinates>
      </Point>
    </Placemark>
    <Placemark>
      <name>ALPR</name>
      <description>OSM node: https://www.openstreetmap.org/node/14119736801
Manufacturer: NDI Recognition Systems
Direction: 0
Zone: traffic
Camera type: fixed</description>
      <Point>
        <coordinates>-74.0119082,41.0799308,0</coordinates>
      </Point>
    </Placemark>
    <Placemark>
      <name>ALPR</name>
      <description>OSM node: https://www.openstreetmap.org/node/14119751803
Manufacturer: NDI Recognition Systems
Direction: 355
Zone: traffic
Camera type: fixed</description>
      <Point>
        <coordinates>-74.0079414,41.0805402,0</coordinates>
      </Point>
    </Placemark>
    <Placemark>
      <name>ALPR</name>
      <description>OSM node: https://www.openstreetmap.org/node/14119823201
Manufacturer: NDI Recognition Systems
Direction: 355
Zone: traffic
Camera type: fixed</description>
      <Point>
        <coordinates>-73.9906594,41.0799147,0</coordinates>
      </Point>
    </Placemark>
    <Placemark>
      <name>ALPR</name>
      <description>OSM node: https://www.openstreetmap.org/node/14119951201
Manufacturer: NDI Recognition Systems
Direction: 10
Zone: traffic
Camera type: fixed</description>
      <Point>
        <coordinates>-73.9972853,41.0789941,0</coordinates>
      </Point>
    </Placemark>
    <Placemark>
      <name>ALPR</name>
      <description>OSM node: https://www.openstreetmap.org/node/14120165701
Manufacturer: NDI Recognition Systems
Direction: 355
Zone: traffic
Camera type: fixed</description>
      <Point>
        <coordinates>-73.9939288,41.0795286,0</coordinates>
      </Point>
    </Placemark>
    <Placemark>
      <name>ALPR</name>
      <description>OSM node: https://www.openstreetmap.org/node/14120174783
Manufacturer: Flock Safety
Direction: 160;40
Zone: traffic
Camera type: fixed</description>
      <Point>
        <coordinates>-73.8211793,41.145301,0</coordinates>
      </Point>
    </Placemark>
    <Placemark>
      <name>ALPR</name>
      <description>OSM node: https://www.openstreetmap.org/node/14120253601
Manufacturer: NDI Recognition Systems
Direction: 235
Zone: traffic
Camera type: fixed</description>
      <Point>
        <coordinates>-74.037106,41.0880972,0</coordinates>
      </Point>
    </Placemark>
    <Placemark>
      <name>ALPR</name>
      <description>OSM node: https://www.openstreetmap.org/node/14120415901
Manufacturer: Flock Safety
Direction: 77
Zone: traffic
Camera type: fixed</description>
      <Point>
        <coordinates>-73.9857373,40.5787723,0</coordinates>
      </Point>
    </Placemark>
    <Placemark>
      <name>ALPR</name>
      <description>OSM node: https://www.openstreetmap.org/node/14120422803
Manufacturer: NDI Recognition Systems
Direction: 105
Zone: traffic
Camera type: fixed</description>
      <Point>
        <coordinates>-74.0326649,41.0880534,0</coordinates>
      </Point>
    </Placemark>
    <Placemark>
      <name>ALPR</name>
      <description>OSM node: https://www.openstreetmap.org/node/14120582201
Manufacturer: NDI Recognition Systems
Direction: 0
Zone: traffic
Camera type: fixed</description>
      <Point>
        <coordinates>-74.0413553,41.1236547,0</coordinates>
      </Point>
    </Placemark>
    <Placemark>
      <name>ALPR</name>
      <description>OSM node: https://www.openstreetmap.org/node/14120639001
Manufacturer: Leonardo
Direction: 0;70;190;290
Zone: traffic
Camera type: fixed</description>
      <Point>
        <coordinates>-74.0440214,41.1174188,0</coordinates>
      </Point>
    </Placemark>
    <Placemark>
      <name>ALPR</name>
      <description>OSM node: https://www.openstreetmap.org/node/14120660701
Manufacturer: NDI Recognition Systems
Direction: 0;265
Zone: traffic
Camera type: fixed</description>
      <Point>
        <coordinates>-74.0501204,41.1171719,0</coordinates>
      </Point>
    </Placemark>
    <Placemark>
      <name>ALPR</name>
      <description>OSM node: https://www.openstreetmap.org/node/14120979201
Manufacturer: NDI Recognition Systems
Direction: 195
Zone: traffic
Camera type: fixed</description>
      <Point>
        <coordinates>-74.0830065,41.1337275,0</coordinates>
      </Point>
    </Placemark>
    <Placemark>
      <name>ALPR</name>
      <description>OSM node: https://www.openstreetmap.org/node/14120981101
Manufacturer: NDI Recognition Systems
Direction: 15
Zone: traffic
Camera type: fixed</description>
      <Point>
        <coordinates>-74.082918,41.1337096,0</coordinates>
      </Point>
    </Placemark>
    <Placemark>
      <name>ALPR</name>
      <description>OSM node: https://www.openstreetmap.org/node/14121079401
Manufacturer: Flock Safety
Direction: 60
Zone: traffic
Camera type: fixed</description>
      <Point>
        <coordinates>-78.7247943,42.8755607,0</coordinates>
      </Point>
    </Placemark>
    <Placemark>
      <name>ALPR</name>
      <description>OSM node: https://www.openstreetmap.org/node/14121237001
Manufacturer: Genetec
Direction: 338
Zone: traffic
Camera type: fixed</description>
      <Point>
        <coordinates>-73.5767755,40.7227787,0</coordinates>
      </Point>
    </Placemark>
    <Placemark>
      <name>ALPR</name>
      <description>OSM node: https://www.openstreetmap.org/node/14121239001
Manufacturer: Genetec
Direction: 72
Zone: traffic
Camera type: fixed</description>
      <Point>
        <coordinates>-73.5879355,40.7474542,0</coordinates>
      </Point>
    </Placemark>
    <Placemark>
      <name>ALPR</name>
      <description>OSM node: https://www.openstreetmap.org/node/14121285001
Manufacturer: Leonardo
Direction: 251
Zone: traffic
Camera type: fixed</description>
      <Point>
        <coordinates>-73.5703051,40.6580445,0</coordinates>
      </Point>
    </Placemark>
    <Placemark>
      <name>ALPR</name>
      <description>OSM node: https://www.openstreetmap.org/node/14121287301
Manufacturer: Leonardo
Direction: 81
Zone: traffic
Camera type: fixed</description>
      <Point>
        <coordinates>-73.601285,40.6560687,0</coordinates>
      </Point>
    </Placemark>
    <Placemark>
      <name>ALPR</name>
      <description>OSM node: https://www.openstreetmap.org/node/14121287302
Manufacturer: Leonardo
Direction: 50
Zone: traffic
Camera type: fixed</description>
      <Point>
        <coordinates>-73.5975671,40.6430021,0</coordinates>
      </Point>
    </Placemark>
    <Placemark>
      <name>ALPR</name>
      <description>OSM node: https://www.openstreetmap.org/node/14121289201
Manufacturer: Leonardo
Direction: 242
Zone: traffic
Camera type: fixed</description>
      <Point>
        <coordinates>-73.6013277,40.6563353,0</coordinates>
      </Point>
    </Placemark>
    <Placemark>
      <name>ALPR</name>
      <description>OSM node: https://www.openstreetmap.org/node/14121295401
Manufacturer: Leonardo
Direction: 228
Zone: traffic
Camera type: fixed</description>
      <Point>
        <coordinates>-73.5979093,40.6431008,0</coordinates>
      </Point>
    </Placemark>
    <Placemark>
      <name>ALPR</name>
      <description>OSM node: https://www.openstreetmap.org/node/14121297201
Manufacturer: Leonardo
Direction: 208
Zone: traffic
Camera type: fixed</description>
      <Point>
        <coordinates>-73.6020675,40.6514029,0</coordinates>
      </Point>
    </Placemark>
    <Placemark>
      <name>ALPR</name>
      <description>OSM node: https://www.openstreetmap.org/node/14121435913
Zone: traffic
Camera type: fixed</description>
      <Point>
        <coordinates>-77.2771103,42.9561111,0</coordinates>
      </Point>
    </Placemark>
    <Placemark>
      <name>ALPR</name>
      <description>OSM node: https://www.openstreetmap.org/node/14121435914
Manufacturer: Motorola Solutions
Direction: 260;180
Zone: traffic
Camera type: fixed</description>
      <Point>
        <coordinates>-77.4457956,43.0348768,0</coordinates>
      </Point>
    </Placemark>
    <Placemark>
      <name>ALPR</name>
      <description>OSM node: https://www.openstreetmap.org/node/14121677854
Direction: 270
Zone: traffic</description>
      <Point>
        <coordinates>-73.7564678,40.7496651,0</coordinates>
      </Point>
    </Placemark>
    <Placemark>
      <name>ALPR</name>
      <description>OSM node: https://www.openstreetmap.org/node/14121709733
Direction: 320
Zone: traffic</description>
      <Point>
        <coordinates>-73.7563924,40.7487505,0</coordinates>
      </Point>
    </Placemark>
    <Placemark>
      <name>ALPR</name>
      <description>OSM node: https://www.openstreetmap.org/node/14122472601
Manufacturer: NDI Recognition Systems
Direction: 265;110
Zone: traffic
Camera type: fixed</description>
      <Point>
        <coordinates>-74.0196333,41.1843355,0</coordinates>
      </Point>
    </Placemark>
    <Placemark>
      <name>ALPR</name>
      <description>OSM node: https://www.openstreetmap.org/node/14122484703
Manufacturer: NDI Recognition Systems
Direction: 245;110
Zone: traffic
Camera type: fixed</description>
      <Point>
        <coordinates>-74.0244128,41.1241561,0</coordinates>
      </Point>
    </Placemark>
    <Placemark>
      <name>ALPR</name>
      <description>OSM node: https://www.openstreetmap.org/node/14122492201
Manufacturer: Flock Safety
Direction: 67
Zone: traffic
Camera type: fixed</description>
      <Point>
        <coordinates>-73.8926913,42.7729284,0</coordinates>
      </Point>
    </Placemark>
    <Placemark>
      <name>ALPR</name>
      <description>OSM node: https://www.openstreetmap.org/node/14122492701
Manufacturer: Flock Safety
Direction: 94
Zone: traffic
Camera type: fixed</description>
      <Point>
        <coordinates>-73.8932427,42.7717101,0</coordinates>
      </Point>
    </Placemark>
    <Placemark>
      <name>ALPR</name>
      <description>OSM node: https://www.openstreetmap.org/node/14122583101
Manufacturer: Axon Enterprise
Direction: 15;255
Zone: traffic
Camera type: fixed</description>
      <Point>
        <coordinates>-74.0380078,41.1132929,0</coordinates>
      </Point>
    </Placemark>
    <Placemark>
      <name>ALPR</name>
      <description>OSM node: https://www.openstreetmap.org/node/14122653901
Manufacturer: NDI Recognition Systems
Direction: 170
Zone: traffic
Camera type: fixed</description>
      <Point>
        <coordinates>-74.0357643,41.110318,0</coordinates>
      </Point>
    </Placemark>
    <Placemark>
      <name>ALPR</name>
      <description>OSM node: https://www.openstreetmap.org/node/14122681701
Manufacturer: NDI Recognition Systems
Direction: 5
Zone: traffic
Camera type: fixed</description>
      <Point>
        <coordinates>-74.032274,41.1067634,0</coordinates>
      </Point>
    </Placemark>
    <Placemark>
      <name>ALPR</name>
      <description>OSM node: https://www.openstreetmap.org/node/14122739501
Manufacturer: Axon Enterprise
Direction: 0;290
Zone: traffic
Camera type: fixed</description>
      <Point>
        <coordinates>-74.0406354,41.1093831,0</coordinates>
      </Point>
    </Placemark>
    <Placemark>
      <name>ALPR</name>
      <description>OSM node: https://www.openstreetmap.org/node/14122776801
Manufacturer: NDI Recognition Systems
Direction: 185
Zone: traffic
Camera type: fixed</description>
      <Point>
        <coordinates>-74.03936,41.1046914,0</coordinates>
      </Point>
    </Placemark>
    <Placemark>
      <name>ALPR</name>
      <description>OSM node: https://www.openstreetmap.org/node/14122902401
Manufacturer: NDI Recognition Systems
Direction: 190
Zone: traffic
Camera type: fixed</description>
      <Point>
        <coordinates>-74.0449843,41.1076462,0</coordinates>
      </Point>
    </Placemark>
    <Placemark>
      <name>ALPR</name>
      <description>OSM node: https://www.openstreetmap.org/node/14122943701
Direction: 30
Zone: traffic
Camera type: fixed</description>
      <Point>
        <coordinates>-74.0460083,41.104996,0</coordinates>
      </Point>
    </Placemark>
    <Placemark>
      <name>ALPR</name>
      <description>OSM node: https://www.openstreetmap.org/node/14122969901
Manufacturer: Flock Safety
Direction: 0
Zone: traffic
Camera type: fixed</description>
      <Point>
        <coordinates>-73.3275824,40.757178,0</coordinates>
      </Point>
    </Placemark>
    <Placemark>
      <name>ALPR</name>
      <description>OSM node: https://www.openstreetmap.org/node/14123697702
Manufacturer: Flock Safety
Direction: 0
Zone: traffic
Camera type: fixed</description>
      <Point>
        <coordinates>-73.8325978,41.1433349,0</coordinates>
      </Point>
    </Placemark>
    <Placemark>
      <name>ALPR</name>
      <description>OSM node: https://www.openstreetmap.org/node/14123757103
Manufacturer: Flock Safety
Direction: 293
Zone: traffic
Camera type: fixed</description>
      <Point>
        <coordinates>-73.1273802,40.8679278,0</coordinates>
      </Point>
    </Placemark>
    <Placemark>
      <name>ALPR</name>
      <description>OSM node: https://www.openstreetmap.org/node/14123817001
Manufacturer: Flock Safety
Direction: 261
Zone: traffic
Camera type: fixed</description>
      <Point>
        <coordinates>-74.1632765,40.5600058,0</coordinates>
      </Point>
    </Placemark>
    <Placemark>
      <name>ALPR</name>
      <description>OSM node: https://www.openstreetmap.org/node/14123817002
Manufacturer: Flock Safety
Direction: 0
Zone: traffic
Camera type: fixed</description>
      <Point>
        <coordinates>-74.1632765,40.5600058,0</coordinates>
      </Point>
    </Placemark>
    <Placemark>
      <name>Syracuse Police Department ALPR</name>
      <description>OSM node: https://www.openstreetmap.org/node/14124021967
Operator: Syracuse Police Department
Manufacturer: Axis Communications
Direction: 0;63;128;192;253;296
Zone: traffic
Camera type: fixed</description>
      <Point>
        <coordinates>-76.1709502,43.0748809,0</coordinates>
      </Point>
    </Placemark>
    <Placemark>
      <name>Syracuse Police Department ALPR</name>
      <description>OSM node: https://www.openstreetmap.org/node/14124021968
Operator: Syracuse Police Department
Manufacturer: Axis Communications
Direction: 0;63;128;192;253;296
Zone: traffic
Camera type: fixed</description>
      <Point>
        <coordinates>-76.1620804,43.0685027,0</coordinates>
      </Point>
    </Placemark>
    <Placemark>
      <name>Syracuse Police Department ALPR</name>
      <description>OSM node: https://www.openstreetmap.org/node/14124021969
Operator: Syracuse Police Department
Manufacturer: Axis Communications
Direction: 0;63;128;192;253;296
Zone: traffic
Camera type: fixed</description>
      <Point>
        <coordinates>-76.1603295,43.0679644,0</coordinates>
      </Point>
    </Placemark>
    <Placemark>
      <name>Syracuse Police Department ALPR</name>
      <description>OSM node: https://www.openstreetmap.org/node/14124021970
Operator: Syracuse Police Department
Manufacturer: Axis Communications
Direction: 0;63;128;192;253;296
Zone: traffic
Camera type: fixed</description>
      <Point>
        <coordinates>-76.1589799,43.0675201,0</coordinates>
      </Point>
    </Placemark>
    <Placemark>
      <name>Syracuse Police Department ALPR</name>
      <description>OSM node: https://www.openstreetmap.org/node/14124021971
Operator: Syracuse Police Department
Manufacturer: Axis Communications
Direction: 0;63;128;192;253;296
Zone: traffic
Camera type: fixed</description>
      <Point>
        <coordinates>-76.1583589,43.0685422,0</coordinates>
      </Point>
    </Placemark>
    <Placemark>
      <name>Syracuse Police Department ALPR</name>
      <description>OSM node: https://www.openstreetmap.org/node/14124021972
Operator: Syracuse Police Department
Manufacturer: Axis Communications
Direction: 0;63;128;192;253;296
Zone: traffic
Camera type: fixed</description>
      <Point>
        <coordinates>-76.15642,43.0709458,0</coordinates>
      </Point>
    </Placemark>
    <Placemark>
      <name>ALPR</name>
      <description>OSM node: https://www.openstreetmap.org/node/14125325601
Manufacturer: NDI Recognition Systems
Direction: 290
Zone: traffic
Camera type: fixed</description>
      <Point>
        <coordinates>-74.0466987,41.1094191,0</coordinates>
      </Point>
    </Placemark>
    <Placemark>
      <name>ALPR</name>
      <description>OSM node: https://www.openstreetmap.org/node/14125364701
Manufacturer: Flock Safety
Direction: 37;65
Zone: traffic
Camera type: fixed</description>
      <Point>
        <coordinates>-73.5363519,40.661622,0</coordinates>
      </Point>
    </Placemark>
    <Placemark>
      <name>ALPR</name>
      <description>OSM node: https://www.openstreetmap.org/node/14125381202
Manufacturer: Axon Enterprise
Direction: 20;270
Zone: traffic
Camera type: fixed</description>
      <Point>
        <coordinates>-74.0504223,41.1101392,0</coordinates>
      </Point>
    </Placemark>
    <Placemark>
      <name>ALPR</name>
      <description>OSM node: https://www.openstreetmap.org/node/14125437141
Manufacturer: Flock Safety
Direction: 33
Zone: traffic
Camera type: fixed</description>
      <Point>
        <coordinates>-72.6985746,40.9271732,0</coordinates>
      </Point>
    </Placemark>
    <Placemark>
      <name>ALPR</name>
      <description>OSM node: https://www.openstreetmap.org/node/14125683311
Manufacturer: Genetec
Direction: 5</description>
      <Point>
        <coordinates>-75.4555036,43.2077918,0</coordinates>
      </Point>
    </Placemark>
    <Placemark>
      <name>ALPR</name>
      <description>OSM node: https://www.openstreetmap.org/node/14125780201
Manufacturer: NDI Recognition Systems
Direction: 10;250;105
Zone: traffic
Camera type: fixed</description>
      <Point>
        <coordinates>-74.1295697,41.1249055,0</coordinates>
      </Point>
    </Placemark>
    <Placemark>
      <name>ALPR</name>
      <description>OSM node: https://www.openstreetmap.org/node/14125784401
Manufacturer: NDI Recognition Systems
Direction: 220
Zone: traffic
Camera type: fixed</description>
      <Point>
        <coordinates>-74.1114152,41.1364483,0</coordinates>
      </Point>
    </Placemark>
    <Placemark>
      <name>ALPR</name>
      <description>OSM node: https://www.openstreetmap.org/node/14125784403
Manufacturer: NDI Recognition Systems
Direction: 90;290
Zone: traffic
Camera type: fixed</description>
      <Point>
        <coordinates>-74.1108019,41.1368803,0</coordinates>
      </Point>
    </Placemark>
    <Placemark>
      <name>ALPR</name>
      <description>OSM node: https://www.openstreetmap.org/node/14125820501
Direction: 105
Zone: traffic
Camera type: fixed</description>
      <Point>
        <coordinates>-74.0943577,41.1194988,0</coordinates>
      </Point>
    </Placemark>
    <Placemark>
      <name>ALPR</name>
      <description>OSM node: https://www.openstreetmap.org/node/14125908101
Manufacturer: NDI Recognition Systems
Direction: 15;190
Zone: traffic
Camera type: fixed</description>
      <Point>
        <coordinates>-74.0354889,41.1403169,0</coordinates>
      </Point>
    </Placemark>
    <Placemark>
      <name>Syracuse Police Department ALPR</name>
      <description>OSM node: https://www.openstreetmap.org/node/14127251331
Operator: Syracuse Police Department
Manufacturer: Axis Communications
Direction: 0;63;128;192;253;296
Zone: traffic
Camera type: fixed</description>
      <Point>
        <coordinates>-76.1574388,43.0695778,0</coordinates>
      </Point>
    </Placemark>
    <Placemark>
      <name>Syracuse Police Department ALPR</name>
      <description>OSM node: https://www.openstreetmap.org/node/14127251332
Operator: Syracuse Police Department
Manufacturer: Axis Communications
Direction: 0;63;128;192;253;296
Zone: traffic
Camera type: fixed</description>
      <Point>
        <coordinates>-76.1505841,43.0670779,0</coordinates>
      </Point>
    </Placemark>
    <Placemark>
      <name>Syracuse Police Department ALPR</name>
      <description>OSM node: https://www.openstreetmap.org/node/14127251333
Operator: Syracuse Police Department
Manufacturer: Axis Communications
Direction: 0;63;128;192;253;296
Zone: traffic
Camera type: fixed</description>
      <Point>
        <coordinates>-76.1514696,43.0658372,0</coordinates>
      </Point>
    </Placemark>
    <Placemark>
      <name>Syracuse Police Department ALPR</name>
      <description>OSM node: https://www.openstreetmap.org/node/14127251334
Operator: Syracuse Police Department
Manufacturer: Axis Communications
Direction: 0;63;128;192;253;296
Zone: traffic
Camera type: fixed</description>
      <Point>
        <coordinates>-76.1520633,43.0653939,0</coordinates>
      </Point>
    </Placemark>
    <Placemark>
      <name>Syracuse Police Department ALPR</name>
      <description>OSM node: https://www.openstreetmap.org/node/14127251335
Operator: Syracuse Police Department
Manufacturer: Axis Communications
Direction: 0;63;128;192;253;296
Zone: traffic
Camera type: fixed</description>
      <Point>
        <coordinates>-76.1525484,43.0646647,0</coordinates>
      </Point>
    </Placemark>
    <Placemark>
      <name>Syracuse Police Department ALPR</name>
      <description>OSM node: https://www.openstreetmap.org/node/14127251336
Operator: Syracuse Police Department
Manufacturer: Axis Communications
Direction: 320;53;192
Zone: traffic
Camera type: fixed</description>
      <Point>
        <coordinates>-76.153012,43.0640308,0</coordinates>
      </Point>
    </Placemark>
    <Placemark>
      <name>ALPR</name>
      <description>OSM node: https://www.openstreetmap.org/node/14127318901
Manufacturer: Motorola Solutions
Direction: 272
Zone: traffic
Camera type: fixed</description>
      <Point>
        <coordinates>-75.4727121,43.1203062,0</coordinates>
      </Point>
    </Placemark>
    <Placemark>
      <name>ALPR</name>
      <description>OSM node: https://www.openstreetmap.org/node/14128469401
Manufacturer: Flock Safety
Direction: 44
Zone: traffic
Camera type: fixed</description>
      <Point>
        <coordinates>-73.1053008,40.7724185,0</coordinates>
      </Point>
    </Placemark>
    <Placemark>
      <name>ALPR</name>
      <description>OSM node: https://www.openstreetmap.org/node/14128471201
Manufacturer: Flock Safety
Direction: 238
Zone: traffic
Camera type: fixed</description>
      <Point>
        <coordinates>-73.1051757,40.7724921,0</coordinates>
      </Point>
    </Placemark>
    <Placemark>
      <name>ALPR</name>
      <description>OSM node: https://www.openstreetmap.org/node/14128472701
Manufacturer: Flock Safety
Direction: 336
Zone: traffic
Camera type: fixed</description>
      <Point>
        <coordinates>-73.1052016,40.7725117,0</coordinates>
      </Point>
    </Placemark>
    <Placemark>
      <name>NYC Department of Transportation ALPR</name>
      <description>OSM node: https://www.openstreetmap.org/node/14128901401
Operator: NYC Department of Transportation
Manufacturer: Ekin Box Spotter
Direction: 277;246
Zone: traffic
Camera type: fixed</description>
      <Point>
        <coordinates>-73.8544919,40.7025736,0</coordinates>
      </Point>
    </Placemark>
    <Placemark>
      <name>ALPR</name>
      <description>OSM node: https://www.openstreetmap.org/node/14129076801
Manufacturer: Leonardo
Direction: 299
Zone: traffic
Camera type: fixed</description>
      <Point>
        <coordinates>-74.2512444,41.5129279,0</coordinates>
      </Point>
    </Placemark>
    <Placemark>
      <name>ALPR</name>
      <description>OSM node: https://www.openstreetmap.org/node/14129077001
Manufacturer: Leonardo
Direction: 27
Zone: traffic
Camera type: fixed</description>
      <Point>
        <coordinates>-74.2512444,41.5129279,0</coordinates>
      </Point>
    </Placemark>
    <Placemark>
      <name>ALPR</name>
      <description>OSM node: https://www.openstreetmap.org/node/14129506501
Manufacturer: Flock Safety
Direction: 294
Zone: traffic
Camera type: fixed</description>
      <Point>
        <coordinates>-73.0722914,40.8077907,0</coordinates>
      </Point>
    </Placemark>
    <Placemark>
      <name>ALPR</name>
      <description>OSM node: https://www.openstreetmap.org/node/14129507601
Manufacturer: Flock Safety
Direction: 161
Zone: traffic
Camera type: fixed</description>
      <Point>
        <coordinates>-73.0722511,40.8077759,0</coordinates>
      </Point>
    </Placemark>
    <Placemark>
      <name>ALPR</name>
      <description>OSM node: https://www.openstreetmap.org/node/14129617001
Manufacturer: Motorola Solutions
Direction: 275
Zone: traffic
Camera type: fixed</description>
      <Point>
        <coordinates>-75.0376161,42.4569054,0</coordinates>
      </Point>
    </Placemark>
    <Placemark>
      <name>ALPR</name>
      <description>OSM node: https://www.openstreetmap.org/node/14129761701
Manufacturer: Flock Safety
Direction: 68
Zone: traffic
Camera type: fixed</description>
      <Point>
        <coordinates>-76.0945883,43.0693453,0</coordinates>
      </Point>
    </Placemark>
    <Placemark>
      <name>ALPR</name>
      <description>OSM node: https://www.openstreetmap.org/node/14129898602
Manufacturer: Flock Safety
Direction: 327
Zone: traffic
Camera type: fixed</description>
      <Point>
        <coordinates>-79.1899753,42.1285786,0</coordinates>
      </Point>
    </Placemark>
    <Placemark>
      <name>ALPR</name>
      <description>OSM node: https://www.openstreetmap.org/node/14129907301
Manufacturer: Flock Safety
Direction: 0
Zone: traffic
Camera type: fixed</description>
      <Point>
        <coordinates>-79.1897893,42.1286353,0</coordinates>
      </Point>
    </Placemark>
    <Placemark>
      <name>ALPR</name>
      <description>OSM node: https://www.openstreetmap.org/node/14129959801
Manufacturer: Flock Safety
Direction: 0;88
Zone: traffic
Camera type: fixed</description>
      <Point>
        <coordinates>-73.8110799,40.9160713,0</coordinates>
      </Point>
    </Placemark>
    <Placemark>
      <name>ALPR</name>
      <description>OSM node: https://www.openstreetmap.org/node/14129962001
Manufacturer: Flock Safety
Direction: 44;209;294;0
Zone: traffic
Camera type: fixed</description>
      <Point>
        <coordinates>-73.803978,40.9145547,0</coordinates>
      </Point>
    </Placemark>
    <Placemark>
      <name>Hempstead Police Department ALPR</name>
      <description>OSM node: https://www.openstreetmap.org/node/14131139301
Operator: Hempstead Police Department
Manufacturer: Flock Safety
Direction: 336
Zone: traffic
Camera type: fixed</description>
      <Point>
        <coordinates>-73.6257731,40.7039102,0</coordinates>
      </Point>
    </Placemark>
    <Placemark>
      <name>Hempstead Police Department ALPR</name>
      <description>OSM node: https://www.openstreetmap.org/node/14131294302
Operator: Hempstead Police Department
Manufacturer: Flock Safety
Direction: 51
Zone: traffic
Camera type: fixed</description>
      <Point>
        <coordinates>-73.6247221,40.7117484,0</coordinates>
      </Point>
    </Placemark>
    <Placemark>
      <name>Nassau County Police Department ALPR</name>
      <description>OSM node: https://www.openstreetmap.org/node/14131320601
Operator: Nassau County Police Department
Manufacturer: Leonardo
Direction: 12;230;295
Zone: traffic
Camera type: fixed</description>
      <Point>
        <coordinates>-73.6139737,40.7141933,0</coordinates>
      </Point>
    </Placemark>
    <Placemark>
      <name>Hempstead Police Department ALPR</name>
      <description>OSM node: https://www.openstreetmap.org/node/14131321001
Operator: Hempstead Police Department
Manufacturer: Flock Safety
Direction: 0
Zone: traffic
Camera type: fixed</description>
      <Point>
        <coordinates>-73.6142344,40.7142213,0</coordinates>
      </Point>
    </Placemark>
    <Placemark>
      <name>Hempstead Police Department ALPR</name>
      <description>OSM node: https://www.openstreetmap.org/node/14131323502
Operator: Hempstead Police Department
Manufacturer: Flock Safety
Direction: 189
Zone: traffic
Camera type: fixed</description>
      <Point>
        <coordinates>-73.6079546,40.7218613,0</coordinates>
      </Point>
    </Placemark>
    <Placemark>
      <name>The Home Depot ALPR</name>
      <description>OSM node: https://www.openstreetmap.org/node/14132121801
Operator: The Home Depot
Manufacturer: Flock Safety
Direction: 287
Zone: traffic
Camera type: fixed</description>
      <Point>
        <coordinates>-78.788878,42.8546509,0</coordinates>
      </Point>
    </Placemark>
    <Placemark>
      <name>ALPR</name>
      <description>OSM node: https://www.openstreetmap.org/node/14132330301
Manufacturer: Flock Safety
Direction: 169
Zone: traffic
Camera type: fixed</description>
      <Point>
        <coordinates>-79.0449279,43.1215748,0</coordinates>
      </Point>
    </Placemark>
    <Placemark>
      <name>ALPR</name>
      <description>OSM node: https://www.openstreetmap.org/node/14132441701
Manufacturer: Flock Safety
Direction: 201
Zone: traffic
Camera type: fixed</description>
      <Point>
        <coordinates>-76.3228571,43.1409216,0</coordinates>
      </Point>
    </Placemark>
    <Placemark>
      <name>ALPR</name>
      <description>OSM node: https://www.openstreetmap.org/node/14133095601
Manufacturer: Motorola Solutions
Direction: 59
Zone: traffic
Camera type: fixed</description>
      <Point>
        <coordinates>-74.2272482,41.5257459,0</coordinates>
      </Point>
    </Placemark>
    <Placemark>
      <name>ALPR</name>
      <description>OSM node: https://www.openstreetmap.org/node/14133095701
Manufacturer: Motorola Solutions
Direction: 307
Zone: traffic
Camera type: fixed</description>
      <Point>
        <coordinates>-74.2272482,41.5257459,0</coordinates>
      </Point>
    </Placemark>
    <Placemark>
      <name>ALPR</name>
      <description>OSM node: https://www.openstreetmap.org/node/14133113801
Manufacturer: Motorola Solutions
Direction: 233
Zone: traffic
Camera type: fixed</description>
      <Point>
        <coordinates>-74.2261074,41.5183809,0</coordinates>
      </Point>
    </Placemark>
    <Placemark>
      <name>ALPR</name>
      <description>OSM node: https://www.openstreetmap.org/node/14133113901
Manufacturer: Motorola Solutions
Direction: 153
Zone: traffic
Camera type: fixed</description>
      <Point>
        <coordinates>-74.2261074,41.5183809,0</coordinates>
      </Point>
    </Placemark>
    <Placemark>
      <name>NYC Department of Transportation ALPR</name>
      <description>OSM node: https://www.openstreetmap.org/node/14133311501
Operator: NYC Department of Transportation
Manufacturer: Ekin Box Spotter
Direction: 279;314
Zone: traffic
Camera type: fixed</description>
      <Point>
        <coordinates>-73.8344542,40.7169836,0</coordinates>
      </Point>
    </Placemark>
    <Placemark>
      <name>ALPR</name>
      <description>OSM node: https://www.openstreetmap.org/node/14133358401
Manufacturer: Flock Safety
Direction: 236
Zone: traffic
Camera type: fixed</description>
      <Point>
        <coordinates>-72.6966431,40.9280581,0</coordinates>
      </Point>
    </Placemark>
    <Placemark>
      <name>ALPR</name>
      <description>OSM node: https://www.openstreetmap.org/node/14133490901
Manufacturer: Flock Safety
Direction: 180
Zone: traffic
Camera type: fixed</description>
      <Point>
        <coordinates>-77.6274629,43.0685362,0</coordinates>
      </Point>
    </Placemark>
    <Placemark>
      <name>ALPR</name>
      <description>OSM node: https://www.openstreetmap.org/node/14133490902
Manufacturer: Flock Safety
Direction: 96
Zone: traffic
Camera type: fixed</description>
      <Point>
        <coordinates>-77.6276873,43.0683786,0</coordinates>
      </Point>
    </Placemark>
    <Placemark>
      <name>ALPR</name>
      <description>OSM node: https://www.openstreetmap.org/node/14133492101
Manufacturer: Flock Safety
Direction: 266
Zone: traffic
Camera type: fixed</description>
      <Point>
        <coordinates>-77.6271844,43.0683841,0</coordinates>
      </Point>
    </Placemark>
    <Placemark>
      <name>ALPR</name>
      <description>OSM node: https://www.openstreetmap.org/node/14133492301
Manufacturer: Flock Safety
Direction: 26
Zone: traffic
Camera type: fixed</description>
      <Point>
        <coordinates>-77.627571,43.068247,0</coordinates>
      </Point>
    </Placemark>
    <Placemark>
      <name>ALPR</name>
      <description>OSM node: https://www.openstreetmap.org/node/14133642101
Manufacturer: Flock Safety
Direction: 244
Zone: traffic
Camera type: fixed</description>
      <Point>
        <coordinates>-73.8655164,41.5404803,0</coordinates>
      </Point>
    </Placemark>
    <Placemark>
      <name>ALPR</name>
      <description>OSM node: https://www.openstreetmap.org/node/14133761802
Manufacturer: Flock Safety
Direction: 73
Zone: traffic
Camera type: fixed</description>
      <Point>
        <coordinates>-78.8437291,42.9189283,0</coordinates>
      </Point>
    </Placemark>
    <Placemark>
      <name>ALPR</name>
      <description>OSM node: https://www.openstreetmap.org/node/14133779902
Manufacturer: Leonardo
Direction: 260
Zone: traffic
Camera type: fixed</description>
      <Point>
        <coordinates>-74.1920554,40.5849422,0</coordinates>
      </Point>
    </Placemark>
    <Placemark>
      <name>Lowe's ALPR</name>
      <description>OSM node: https://www.openstreetmap.org/node/14133787101
Operator: Lowe's
Manufacturer: Flock Safety
Direction: 278
Zone: traffic
Camera type: fixed</description>
      <Point>
        <coordinates>-74.2230235,40.5474915,0</coordinates>
      </Point>
    </Placemark>
    <Placemark>
      <name>Lowe's ALPR</name>
      <description>OSM node: https://www.openstreetmap.org/node/14133787102
Operator: Lowe's
Manufacturer: Flock Safety
Direction: 14
Zone: traffic
Camera type: fixed</description>
      <Point>
        <coordinates>-74.2227257,40.5469507,0</coordinates>
      </Point>
    </Placemark>
    <Placemark>
      <name>Lowe's ALPR</name>
      <description>OSM node: https://www.openstreetmap.org/node/14133787801
Operator: Lowe's
Manufacturer: Flock Safety
Direction: 329
Zone: traffic
Camera type: fixed</description>
      <Point>
        <coordinates>-74.223196,40.5482456,0</coordinates>
      </Point>
    </Placemark>
    <Placemark>
      <name>ALPR</name>
      <description>OSM node: https://www.openstreetmap.org/node/14133830501
Manufacturer: NDI Recognition Systems
Direction: 140
Zone: traffic
Camera type: fixed</description>
      <Point>
        <coordinates>-74.0404024,41.1105295,0</coordinates>
      </Point>
    </Placemark>
    <Placemark>
      <name>ALPR</name>
      <description>OSM node: https://www.openstreetmap.org/node/14133860101
Direction: 180;110
Zone: traffic
Camera type: fixed</description>
      <Point>
        <coordinates>-74.0463324,41.1039112,0</coordinates>
      </Point>
    </Placemark>
    <Placemark>
      <name>ALPR</name>
      <description>OSM node: https://www.openstreetmap.org/node/14133959101
Direction: 355
Zone: traffic
Camera type: fixed</description>
      <Point>
        <coordinates>-74.0689947,41.1145642,0</coordinates>
      </Point>
    </Placemark>
    <Placemark>
      <name>ALPR</name>
      <description>OSM node: https://www.openstreetmap.org/node/14133971501
Direction: 280
Zone: traffic
Camera type: fixed</description>
      <Point>
        <coordinates>-74.0708526,41.1156728,0</coordinates>
      </Point>
    </Placemark>
    <Placemark>
      <name>ALPR</name>
      <description>OSM node: https://www.openstreetmap.org/node/14133983401
Direction: 175
Zone: traffic
Camera type: fixed</description>
      <Point>
        <coordinates>-74.0680086,41.1237178,0</coordinates>
      </Point>
    </Placemark>
    <Placemark>
      <name>ALPR</name>
      <description>OSM node: https://www.openstreetmap.org/node/14134005501
Manufacturer: NDI Recognition Systems
Direction: 325
Zone: traffic
Camera type: fixed</description>
      <Point>
        <coordinates>-74.111723,41.1195173,0</coordinates>
      </Point>
    </Placemark>
    <Placemark>
      <name>ALPR</name>
      <description>OSM node: https://www.openstreetmap.org/node/14134027001
Manufacturer: NDI Recognition Systems
Direction: 35
Zone: traffic
Camera type: fixed</description>
      <Point>
        <coordinates>-74.1098789,41.1188235,0</coordinates>
      </Point>
    </Placemark>
    <Placemark>
      <name>ALPR</name>
      <description>OSM node: https://www.openstreetmap.org/node/14134034802
Direction: 10;180
Zone: traffic
Camera type: fixed</description>
      <Point>
        <coordinates>-74.0831678,41.1382381,0</coordinates>
      </Point>
    </Placemark>
    <Placemark>
      <name>ALPR</name>
      <description>OSM node: https://www.openstreetmap.org/node/14134042801
Direction: 10
Zone: traffic
Camera type: fixed</description>
      <Point>
        <coordinates>-74.0827477,41.1438056,0</coordinates>
      </Point>
    </Placemark>
    <Placemark>
      <name>ALPR</name>
      <description>OSM node: https://www.openstreetmap.org/node/14134044201
Direction: 180
Zone: traffic
Camera type: fixed</description>
      <Point>
        <coordinates>-74.082754,41.1437502,0</coordinates>
      </Point>
    </Placemark>
    <Placemark>
      <name>ALPR</name>
      <description>OSM node: https://www.openstreetmap.org/node/14134049102
Direction: 10;180
Zone: traffic
Camera type: fixed</description>
      <Point>
        <coordinates>-74.0824135,41.1469439,0</coordinates>
      </Point>
    </Placemark>
    <Placemark>
      <name>ALPR</name>
      <description>OSM node: https://www.openstreetmap.org/node/14134080701
Manufacturer: Flock Safety
Direction: 307
Zone: traffic
Camera type: fixed</description>
      <Point>
        <coordinates>-74.1378262,41.3141151,0</coordinates>
      </Point>
    </Placemark>
    <Placemark>
      <name>ALPR</name>
      <description>OSM node: https://www.openstreetmap.org/node/14134080702
Manufacturer: Flock Safety
Direction: 297
Zone: traffic
Camera type: fixed</description>
      <Point>
        <coordinates>-74.1387685,41.3151606,0</coordinates>
      </Point>
    </Placemark>
    <Placemark>
      <name>ALPR</name>
      <description>OSM node: https://www.openstreetmap.org/node/14134090301
Manufacturer: NDI Recognition Systems
Direction: 95
Zone: traffic
Camera type: fixed</description>
      <Point>
        <coordinates>-74.0352378,41.1404999,0</coordinates>
      </Point>
    </Placemark>
    <Placemark>
      <name>ALPR</name>
      <description>OSM node: https://www.openstreetmap.org/node/14134163801
Manufacturer: Flock Safety
Direction: 190
Zone: traffic
Camera type: fixed</description>
      <Point>
        <coordinates>-74.1494938,41.3197173,0</coordinates>
      </Point>
    </Placemark>
    <Placemark>
      <name>ALPR</name>
      <description>OSM node: https://www.openstreetmap.org/node/14134946601
Manufacturer: NDI Recognition Systems
Direction: 335;255;170
Zone: traffic
Camera type: fixed</description>
      <Point>
        <coordinates>-74.0527085,41.1276195,0</coordinates>
      </Point>
    </Placemark>
    <Placemark>
      <name>ALPR</name>
      <description>OSM node: https://www.openstreetmap.org/node/14135070202
Manufacturer: Flock Safety
Direction: 66
Zone: traffic
Camera type: fixed</description>
      <Point>
        <coordinates>-72.5675411,40.81702,0</coordinates>
      </Point>
    </Placemark>
    <Placemark>
      <name>NYC Department of Transportation ALPR</name>
      <description>OSM node: https://www.openstreetmap.org/node/14135228602
Operator: NYC Department of Transportation
Manufacturer: Ekin Box Spotter
Direction: 243;201
Zone: traffic
Camera type: fixed</description>
      <Point>
        <coordinates>-73.875358,40.6888132,0</coordinates>
      </Point>
    </Placemark>
    <Placemark>
      <name>NYC Department of Transportation ALPR</name>
      <description>OSM node: https://www.openstreetmap.org/node/14135230401
Operator: NYC Department of Transportation
Manufacturer: Ekin Box Spotter
Direction: 62;36
Zone: traffic
Camera type: fixed</description>
      <Point>
        <coordinates>-73.8760613,40.688335,0</coordinates>
      </Point>
    </Placemark>
    <Placemark>
      <name>NYC Department of Transportation ALPR</name>
      <description>OSM node: https://www.openstreetmap.org/node/14135233403
Operator: NYC Department of Transportation
Manufacturer: Ekin Box Spotter
Direction: 69;35
Zone: traffic
Camera type: fixed</description>
      <Point>
        <coordinates>-73.8827424,40.691805,0</coordinates>
      </Point>
    </Placemark>
    <Placemark>
      <name>ALPR</name>
      <description>OSM node: https://www.openstreetmap.org/node/14135377301
Manufacturer: Flock Safety
Direction: 299
Zone: traffic
Camera type: fixed</description>
      <Point>
        <coordinates>-72.9852014,40.768403,0</coordinates>
      </Point>
    </Placemark>
    <Placemark>
      <name>ALPR</name>
      <description>OSM node: https://www.openstreetmap.org/node/14135820301
Manufacturer: Flock Safety
Direction: 0;0;52
Zone: traffic
Camera type: fixed</description>
      <Point>
        <coordinates>-73.5271336,40.7691053,0</coordinates>
      </Point>
    </Placemark>
    <Placemark>
      <name>ALPR</name>
      <description>OSM node: https://www.openstreetmap.org/node/14135953602
Manufacturer: Flock Safety
Direction: 324
Zone: traffic
Camera type: fixed</description>
      <Point>
        <coordinates>-76.8016208,42.0757492,0</coordinates>
      </Point>
    </Placemark>
    <Placemark>
      <name>NYC Department of Transportation ALPR</name>
      <description>OSM node: https://www.openstreetmap.org/node/14136256901
Operator: NYC Department of Transportation
Manufacturer: Ekin Box Spotter
Direction: 0;330
Zone: traffic
Camera type: fixed</description>
      <Point>
        <coordinates>-73.9205706,40.8305176,0</coordinates>
      </Point>
    </Placemark>
    <Placemark>
      <name>ALPR</name>
      <description>OSM node: https://www.openstreetmap.org/node/14138124702
Manufacturer: Motorola Solutions
Direction: 61;300
Zone: traffic
Camera type: fixed</description>
      <Point>
        <coordinates>-72.3576559,41.0868572,0</coordinates>
      </Point>
    </Placemark>
    <Placemark>
      <name>ALPR</name>
      <description>OSM node: https://www.openstreetmap.org/node/14138302502
Manufacturer: Flock Safety
Direction: 97
Zone: traffic
Camera type: fixed</description>
      <Point>
        <coordinates>-75.9790859,42.0896486,0</coordinates>
      </Point>
    </Placemark>
    <Placemark>
      <name>stonybrook university ALPR</name>
      <description>OSM node: https://www.openstreetmap.org/node/14138406562
Operator: stonybrook university
Direction: 160
Zone: parking</description>
      <Point>
        <coordinates>-73.1284684,40.8979578,0</coordinates>
      </Point>
    </Placemark>
    <Placemark>
      <name>stonybrook university ALPR</name>
      <description>OSM node: https://www.openstreetmap.org/node/14138406563
Operator: stonybrook university
Direction: 55
Zone: street</description>
      <Point>
        <coordinates>-73.1284872,40.8979754,0</coordinates>
      </Point>
    </Placemark>
    <Placemark>
      <name>ALPR</name>
      <description>OSM node: https://www.openstreetmap.org/node/14138448101
Manufacturer: Motorola Solutions
Direction: 199;101
Zone: traffic
Camera type: fixed</description>
      <Point>
        <coordinates>-73.3906472,40.8562886,0</coordinates>
      </Point>
    </Placemark>
    <Placemark>
      <name>ALPR</name>
      <description>OSM node: https://www.openstreetmap.org/node/14138525601
Manufacturer: Flock Safety
Direction: 222
Zone: traffic
Camera type: fixed</description>
      <Point>
        <coordinates>-73.5653436,40.769732,0</coordinates>
      </Point>
    </Placemark>
    <Placemark>
      <name>ALPR</name>
      <description>OSM node: https://www.openstreetmap.org/node/14138582601
Manufacturer: Flock Safety
Direction: 183;69
Zone: traffic
Camera type: fixed</description>
      <Point>
        <coordinates>-74.2382881,41.5288325,0</coordinates>
      </Point>
    </Placemark>
    <Placemark>
      <name>ALPR</name>
      <description>OSM node: https://www.openstreetmap.org/node/14139990302
Manufacturer: Flock Safety
Direction: 222
Zone: traffic
Camera type: fixed</description>
      <Point>
        <coordinates>-76.8457379,42.9611543,0</coordinates>
      </Point>
    </Placemark>
    <Placemark>
      <name>ALPR</name>
      <description>OSM node: https://www.openstreetmap.org/node/14140034402
Manufacturer: Flock Safety
Direction: 55
Zone: traffic
Camera type: fixed</description>
      <Point>
        <coordinates>-76.0832376,43.0902132,0</coordinates>
      </Point>
    </Placemark>
    <Placemark>
      <name>ALPR</name>
      <description>OSM node: https://www.openstreetmap.org/node/14140072601
Manufacturer: Flock Safety
Direction: 189
Zone: traffic
Camera type: fixed</description>
      <Point>
        <coordinates>-77.2822104,42.9009728,0</coordinates>
      </Point>
    </Placemark>
    <Placemark>
      <name>ALPR</name>
      <description>OSM node: https://www.openstreetmap.org/node/14140178504
Manufacturer: Flock Safety
Direction: 18
Zone: traffic
Camera type: fixed</description>
      <Point>
        <coordinates>-72.8525588,40.763219,0</coordinates>
      </Point>
    </Placemark>
    <Placemark>
      <name>ALPR</name>
      <description>OSM node: https://www.openstreetmap.org/node/14140415533
Manufacturer: Flock Safety
Direction: 15
Zone: traffic
Camera type: fixed</description>
      <Point>
        <coordinates>-73.9223221,41.7123919,0</coordinates>
      </Point>
    </Placemark>
    <Placemark>
      <name>ALPR</name>
      <description>OSM node: https://www.openstreetmap.org/node/14140445201
Manufacturer: Motorola Solutions
Direction: 229
Zone: traffic
Camera type: fixed</description>
      <Point>
        <coordinates>-73.8628953,40.9218079,0</coordinates>
      </Point>
    </Placemark>
    <Placemark>
      <name>ALPR</name>
      <description>OSM node: https://www.openstreetmap.org/node/14141119201
Manufacturer: Flock Safety
Direction: 0
Zone: traffic
Camera type: fixed</description>
      <Point>
        <coordinates>-73.0250829,40.9415417,0</coordinates>
      </Point>
    </Placemark>
    <Placemark>
      <name>ALPR</name>
      <description>OSM node: https://www.openstreetmap.org/node/14141119202
Manufacturer: Motorola Solutions
Direction: 0
Zone: traffic
Camera type: fixed</description>
      <Point>
        <coordinates>-73.0552615,40.9354618,0</coordinates>
      </Point>
    </Placemark>
    <Placemark>
      <name>ALPR</name>
      <description>OSM node: https://www.openstreetmap.org/node/14141210401
Manufacturer: Flock Safety
Direction: 27;0;99;291;146
Zone: traffic
Camera type: fixed</description>
      <Point>
        <coordinates>-77.3023685,42.9146331,0</coordinates>
      </Point>
    </Placemark>
    <Placemark>
      <name>ALPR</name>
      <description>OSM node: https://www.openstreetmap.org/node/14141211501
Manufacturer: Flock Safety
Direction: 103;171;294;229
Zone: traffic
Camera type: fixed</description>
      <Point>
        <coordinates>-77.3020844,42.9148457,0</coordinates>
      </Point>
    </Placemark>
    <Placemark>
      <name>ALPR</name>
      <description>OSM node: https://www.openstreetmap.org/node/14141211502
Manufacturer: Flock Safety
Direction: 0;284;219;175
Zone: traffic
Camera type: fixed</description>
      <Point>
        <coordinates>-77.2934758,42.9049507,0</coordinates>
      </Point>
    </Placemark>
    <Placemark>
      <name>ALPR</name>
      <description>OSM node: https://www.openstreetmap.org/node/14141261602
Manufacturer: Axis Communications
Direction: 0
Zone: traffic
Camera type: fixed</description>
      <Point>
        <coordinates>-76.1642061,43.042455,0</coordinates>
      </Point>
    </Placemark>
    <Placemark>
      <name>ALPR</name>
      <description>OSM node: https://www.openstreetmap.org/node/14141261801
Manufacturer: Leonardo
Direction: 0
Zone: traffic
Camera type: fixed</description>
      <Point>
        <coordinates>-76.0913977,43.0519752,0</coordinates>
      </Point>
    </Placemark>
    <Placemark>
      <name>ALPR</name>
      <description>OSM node: https://www.openstreetmap.org/node/14141263801
Manufacturer: Axis Communications
Direction: 0
Zone: traffic
Camera type: fixed</description>
      <Point>
        <coordinates>-76.168013,43.0418075,0</coordinates>
      </Point>
    </Placemark>
    <Placemark>
      <name>stonybrook university ALPR</name>
      <description>OSM node: https://www.openstreetmap.org/node/14141323489
Operator: stonybrook university
Direction: 200
Zone: entrance</description>
      <Point>
        <coordinates>-73.1168508,40.9040378,0</coordinates>
      </Point>
    </Placemark>
    <Placemark>
      <name>stonybrook university ALPR</name>
      <description>OSM node: https://www.openstreetmap.org/node/14141323490
Operator: stonybrook university
Direction: 110
Zone: traffic</description>
      <Point>
        <coordinates>-73.1168398,40.904037,0</coordinates>
      </Point>
    </Placemark>
    <Placemark>
      <name>ALPR</name>
      <description>OSM node: https://www.openstreetmap.org/node/14141749901
Manufacturer: Flock Safety
Direction: 72
Zone: traffic
Camera type: fixed</description>
      <Point>
        <coordinates>-77.3101466,42.3329457,0</coordinates>
      </Point>
    </Placemark>
    <Placemark>
      <name>ALPR</name>
      <description>OSM node: https://www.openstreetmap.org/node/14142022202
Manufacturer: Flock Safety
Direction: 292
Zone: traffic
Camera type: fixed</description>
      <Point>
        <coordinates>-73.7135184,40.8479278,0</coordinates>
      </Point>
    </Placemark>
    <Placemark>
      <name>ALPR</name>
      <description>OSM node: https://www.openstreetmap.org/node/14142390201
Manufacturer: Flock Safety
Direction: 0
Zone: traffic
Camera type: fixed</description>
      <Point>
        <coordinates>-76.1695632,43.0481758,0</coordinates>
      </Point>
    </Placemark>
    <Placemark>
      <name>ALPR</name>
      <description>OSM node: https://www.openstreetmap.org/node/14142754001
Manufacturer: Genetec
Direction: 320
Zone: traffic
Camera type: fixed</description>
      <Point>
        <coordinates>-74.0659777,40.6139636,0</coordinates>
      </Point>
    </Placemark>
    <Placemark>
      <name>ALPR</name>
      <description>OSM node: https://www.openstreetmap.org/node/14142754302
Manufacturer: Genetec
Direction: 41
Zone: traffic
Camera type: fixed</description>
      <Point>
        <coordinates>-74.0664183,40.6138986,0</coordinates>
      </Point>
    </Placemark>
    <Placemark>
      <name>ALPR</name>
      <description>OSM node: https://www.openstreetmap.org/node/14142769901
Manufacturer: Flock Safety
Direction: 0
Zone: traffic
Camera type: fixed</description>
      <Point>
        <coordinates>-74.1007057,40.5954528,0</coordinates>
      </Point>
    </Placemark>
    <Placemark>
      <name>ALPR</name>
      <description>OSM node: https://www.openstreetmap.org/node/14143065301
Manufacturer: Flock Safety
Direction: 0
Zone: traffic
Camera type: fixed</description>
      <Point>
        <coordinates>-73.8593769,40.7412809,0</coordinates>
      </Point>
    </Placemark>
    <Placemark>
      <name>ALPR</name>
      <description>OSM node: https://www.openstreetmap.org/node/14143114602
Manufacturer: Axon Outpost
Direction: 32
Zone: traffic
Camera type: fixed</description>
      <Point>
        <coordinates>-73.7975971,42.2481558,0</coordinates>
      </Point>
    </Placemark>
    <Placemark>
      <name>ALPR</name>
      <description>OSM node: https://www.openstreetmap.org/node/14143118001
Manufacturer: Axon Outpost
Direction: 39
Zone: traffic
Camera type: fixed</description>
      <Point>
        <coordinates>-73.7776907,42.255316,0</coordinates>
      </Point>
    </Placemark>
    <Placemark>
      <name>ALPR</name>
      <description>OSM node: https://www.openstreetmap.org/node/14143367001
Manufacturer: Flock Safety
Direction: 167
Zone: traffic
Camera type: fixed</description>
      <Point>
        <coordinates>-73.9154006,42.7944306,0</coordinates>
      </Point>
    </Placemark>
    <Placemark>
      <name>ALPR</name>
      <description>OSM node: https://www.openstreetmap.org/node/14144315501
Manufacturer: Neology, Inc.
Direction: 0
Zone: traffic
Camera type: fixed</description>
      <Point>
        <coordinates>-74.1006564,40.5954281,0</coordinates>
      </Point>
    </Placemark>
    <Placemark>
      <name>ALPR</name>
      <description>OSM node: https://www.openstreetmap.org/node/14144567302
Manufacturer: Flock Safety
Direction: 144
Zone: traffic
Camera type: fixed</description>
      <Point>
        <coordinates>-73.818461,40.9350551,0</coordinates>
      </Point>
    </Placemark>
    <Placemark>
      <name>ALPR</name>
      <description>OSM node: https://www.openstreetmap.org/node/14145298702
Manufacturer: Flock Safety
Direction: 349
Zone: traffic
Camera type: fixed</description>
      <Point>
        <coordinates>-73.596945,40.6856604,0</coordinates>
      </Point>
    </Placemark>
    <Placemark>
      <name>ALPR</name>
      <description>OSM node: https://www.openstreetmap.org/node/14145300101
Manufacturer: Flock Safety
Direction: 314
Zone: traffic
Camera type: fixed</description>
      <Point>
        <coordinates>-73.5969398,40.685661,0</coordinates>
      </Point>
    </Placemark>
    <Placemark>
      <name>ALPR</name>
      <description>OSM node: https://www.openstreetmap.org/node/14145444301
Manufacturer: Flock Safety
Direction: 171
Zone: traffic
Camera type: fixed</description>
      <Point>
        <coordinates>-73.7208748,40.8598962,0</coordinates>
      </Point>
    </Placemark>
    <Placemark>
      <name>ALPR</name>
      <description>OSM node: https://www.openstreetmap.org/node/14145471101
Manufacturer: Flock Safety
Direction: 103
Zone: traffic
Camera type: fixed</description>
      <Point>
        <coordinates>-74.1577344,40.6268838,0</coordinates>
      </Point>
    </Placemark>
    <Placemark>
      <name>NYC Department of Transportation ALPR</name>
      <description>OSM node: https://www.openstreetmap.org/node/14146044101
Operator: NYC Department of Transportation
Manufacturer: Ekin Box Spotter
Direction: 0;330
Zone: traffic
Camera type: fixed</description>
      <Point>
        <coordinates>-73.9205706,40.8305176,0</coordinates>
      </Point>
    </Placemark>
    <Placemark>
      <name>NYC Department of Transportation ALPR</name>
      <description>OSM node: https://www.openstreetmap.org/node/14146045301
Operator: NYC Department of Transportation
Manufacturer: Ekin Box Spotter
Direction: 129;106
Zone: traffic
Camera type: fixed</description>
      <Point>
        <coordinates>-73.8959185,40.8160235,0</coordinates>
      </Point>
    </Placemark>
    <Placemark>
      <name>NYC Department of Transportation ALPR</name>
      <description>OSM node: https://www.openstreetmap.org/node/14148744901
Operator: NYC Department of Transportation
Manufacturer: Ekin Box Spotter
Direction: 11;334
Zone: traffic
Camera type: fixed</description>
      <Point>
        <coordinates>-73.7616282,40.6793074,0</coordinates>
      </Point>
    </Placemark>
    <Placemark>
      <name>NYC Department of Transportation ALPR</name>
      <description>OSM node: https://www.openstreetmap.org/node/14148746701
Operator: NYC Department of Transportation
Manufacturer: Ekin Box Spotter
Direction: 125;93
Zone: traffic
Camera type: fixed</description>
      <Point>
        <coordinates>-73.7621621,40.6798772,0</coordinates>
      </Point>
    </Placemark>
    <Placemark>
      <name>NYC Department of Transportation ALPR</name>
      <description>OSM node: https://www.openstreetmap.org/node/14148747520
Operator: NYC Department of Transportation
Manufacturer: Ekin Box Spotter
Direction: 330;311
Zone: traffic
Camera type: fixed</description>
      <Point>
        <coordinates>-73.8074171,40.7002458,0</coordinates>
      </Point>
    </Placemark>
    <Placemark>
      <name>ALPR</name>
      <description>OSM node: https://www.openstreetmap.org/node/14150142001
Manufacturer: Flock Safety
Direction: 227
Zone: traffic
Camera type: fixed</description>
      <Point>
        <coordinates>-72.9160991,40.813567,0</coordinates>
      </Point>
    </Placemark>
    <Placemark>
      <name>ALPR</name>
      <description>OSM node: https://www.openstreetmap.org/node/14150148401
Manufacturer: Motorola Solutions
Direction: 295
Zone: traffic
Camera type: fixed</description>
      <Point>
        <coordinates>-72.9164102,40.8190375,0</coordinates>
      </Point>
    </Placemark>
    <Placemark>
      <name>ALPR</name>
      <description>OSM node: https://www.openstreetmap.org/node/14151218712
Manufacturer: Flock Safety
Direction: 318
Zone: traffic
Camera type: fixed</description>
      <Point>
        <coordinates>-78.4780139,42.5482915,0</coordinates>
      </Point>
    </Placemark>
    <Placemark>
      <name>ALPR</name>
      <description>OSM node: https://www.openstreetmap.org/node/14152316101
Manufacturer: Axis Communications
Direction: 277
Zone: traffic
Camera type: fixed</description>
      <Point>
        <coordinates>-78.7660403,42.8941951,0</coordinates>
      </Point>
    </Placemark>
    <Placemark>
      <name>ALPR</name>
      <description>OSM node: https://www.openstreetmap.org/node/14152328301
Manufacturer: Motorola Solutions
Direction: 24
Zone: traffic
Camera type: fixed</description>
      <Point>
        <coordinates>-78.7669024,42.9337533,0</coordinates>
      </Point>
    </Placemark>
    <Placemark>
      <name>ALPR</name>
      <description>OSM node: https://www.openstreetmap.org/node/14155425301
Manufacturer: Genetec
Direction: 209
Zone: traffic
Camera type: fixed</description>
      <Point>
        <coordinates>-75.2342909,43.1055738,0</coordinates>
      </Point>
    </Placemark>
    <Placemark>
      <name>ALPR</name>
      <description>OSM node: https://www.openstreetmap.org/node/14155464601
Manufacturer: Flock Safety
Direction: 324
Zone: traffic
Camera type: fixed</description>
      <Point>
        <coordinates>-78.8237301,42.7782862,0</coordinates>
      </Point>
    </Placemark>
    <Placemark>
      <name>ALPR</name>
      <description>OSM node: https://www.openstreetmap.org/node/14155980601
Manufacturer: Flock Safety
Direction: 98
Zone: traffic
Camera type: fixed</description>
      <Point>
        <coordinates>-77.6276713,43.1043541,0</coordinates>
      </Point>
    </Placemark>
    <Placemark>
      <name>ALPR</name>
      <description>OSM node: https://www.openstreetmap.org/node/14156090901
Manufacturer: Flock Safety
Direction: 232
Zone: traffic
Camera type: fixed</description>
      <Point>
        <coordinates>-74.2318289,41.5106809,0</coordinates>
      </Point>
    </Placemark>
    <Placemark>
      <name>ALPR</name>
      <description>OSM node: https://www.openstreetmap.org/node/14156091201
Manufacturer: Flock Safety
Direction: 33
Zone: traffic
Camera type: fixed</description>
      <Point>
        <coordinates>-74.2319904,41.5107587,0</coordinates>
      </Point>
    </Placemark>
    <Placemark>
      <name>ALPR</name>
      <description>OSM node: https://www.openstreetmap.org/node/14156131201
Direction: 0
Zone: traffic
Camera type: fixed</description>
      <Point>
        <coordinates>-73.9404571,40.5934933,0</coordinates>
      </Point>
    </Placemark>
    <Placemark>
      <name>ALPR</name>
      <description>OSM node: https://www.openstreetmap.org/node/14156604591
Manufacturer: Motorola Solutions
Direction: 50
Zone: traffic
Camera type: fixed</description>
      <Point>
        <coordinates>-77.6088027,43.0686122,0</coordinates>
      </Point>
    </Placemark>
    <Placemark>
      <name>ALPR</name>
      <description>OSM node: https://www.openstreetmap.org/node/14156604592
Manufacturer: Motorola Solutions
Direction: 75
Zone: traffic
Camera type: fixed</description>
      <Point>
        <coordinates>-77.6088027,43.0686112,0</coordinates>
      </Point>
    </Placemark>
    <Placemark>
      <name>NYC Department of Transportation ALPR</name>
      <description>OSM node: https://www.openstreetmap.org/node/14156696001
Operator: NYC Department of Transportation
Manufacturer: Ekin Box Spotter
Direction: 319;293
Zone: traffic
Camera type: fixed</description>
      <Point>
        <coordinates>-73.9019544,40.631095,0</coordinates>
      </Point>
    </Placemark>
    <Placemark>
      <name>NYC Department of Transportation ALPR</name>
      <description>OSM node: https://www.openstreetmap.org/node/14157252301
Operator: NYC Department of Transportation
Manufacturer: Ekin Box Spotter
Direction: 263;297
Zone: traffic
Camera type: fixed</description>
      <Point>
        <coordinates>-73.8568935,40.6858626,0</coordinates>
      </Point>
    </Placemark>
    <Placemark>
      <name>NYC Department of Transportation ALPR</name>
      <description>OSM node: https://www.openstreetmap.org/node/14157258901
Operator: NYC Department of Transportation
Manufacturer: Ekin Box Spotter
Direction: 78;118
Zone: traffic
Camera type: fixed</description>
      <Point>
        <coordinates>-73.8578224,40.6855923,0</coordinates>
      </Point>
    </Placemark>
    <Placemark>
      <name>NYC Department of Transportation ALPR</name>
      <description>OSM node: https://www.openstreetmap.org/node/14158096301
Operator: NYC Department of Transportation
Manufacturer: Ekin Box Spotter
Direction: 277;248
Zone: traffic
Camera type: fixed</description>
      <Point>
        <coordinates>-73.946283,40.6784255,0</coordinates>
      </Point>
    </Placemark>
    <Placemark>
      <name>ALPR</name>
      <description>OSM node: https://www.openstreetmap.org/node/14158655001
Manufacturer: Motorola Solutions
Direction: 238;191
Zone: traffic
Camera type: fixed</description>
      <Point>
        <coordinates>-77.4190326,43.2178636,0</coordinates>
      </Point>
    </Placemark>
    <Placemark>
      <name>ALPR</name>
      <description>OSM node: https://www.openstreetmap.org/node/14158696001
Manufacturer: Flock Safety
Direction: 0
Zone: traffic
Camera type: fixed</description>
      <Point>
        <coordinates>-73.7992187,42.6873647,0</coordinates>
      </Point>
    </Placemark>
    <Placemark>
      <name>ALPR</name>
      <description>OSM node: https://www.openstreetmap.org/node/14158696101
Manufacturer: Flock Safety
Direction: 0
Zone: traffic
Camera type: fixed</description>
      <Point>
        <coordinates>-73.7990478,42.6878473,0</coordinates>
      </Point>
    </Placemark>
    <Placemark>
      <name>ALPR</name>
      <description>OSM node: https://www.openstreetmap.org/node/14158712808
Manufacturer: Flock Safety
Direction: 359;67;138;207;0
Zone: traffic
Camera type: fixed</description>
      <Point>
        <coordinates>-74.4282739,41.4226934,0</coordinates>
      </Point>
    </Placemark>
    <Placemark>
      <name>ALPR</name>
      <description>OSM node: https://www.openstreetmap.org/node/14159406560
Manufacturer: Flock Safety
Direction: 135
Camera type: fixed</description>
      <Point>
        <coordinates>-78.6821787,42.9286256,0</coordinates>
      </Point>
    </Placemark>
    <Placemark>
      <name>ALPR</name>
      <description>OSM node: https://www.openstreetmap.org/node/14159893401
Manufacturer: Flock Safety
Direction: 103
Zone: traffic
Camera type: fixed</description>
      <Point>
        <coordinates>-74.1420891,41.3191259,0</coordinates>
      </Point>
    </Placemark>
    <Placemark>
      <name>ALPR</name>
      <description>OSM node: https://www.openstreetmap.org/node/14160407202
Direction: 229
Zone: traffic
Camera type: fixed</description>
      <Point>
        <coordinates>-73.8841068,40.7557318,0</coordinates>
      </Point>
    </Placemark>
    <Placemark>
      <name>NYC Department of Transportation ALPR</name>
      <description>OSM node: https://www.openstreetmap.org/node/14160430701
Operator: NYC Department of Transportation
Manufacturer: Ekin Box Spotter
Direction: 0;323
Zone: traffic
Camera type: fixed</description>
      <Point>
        <coordinates>-73.9469045,40.677818,0</coordinates>
      </Point>
    </Placemark>
    <Placemark>
      <name>ALPR</name>
      <description>OSM node: https://www.openstreetmap.org/node/14161009301
Manufacturer: NDI Recognition Systems
Direction: 120;315
Zone: traffic
Camera type: fixed</description>
      <Point>
        <coordinates>-74.0333185,41.105351,0</coordinates>
      </Point>
    </Placemark>
    <Placemark>
      <name>ALPR</name>
      <description>OSM node: https://www.openstreetmap.org/node/14161357343
Manufacturer: Turing AI
Direction: 150;280
Zone: traffic
Camera type: fixed</description>
      <Point>
        <coordinates>-73.6461298,43.3108502,0</coordinates>
      </Point>
    </Placemark>
    <Placemark>
      <name>ALPR</name>
      <description>OSM node: https://www.openstreetmap.org/node/14161357344
Manufacturer: Turing AI
Direction: 0;260
Zone: traffic
Camera type: fixed</description>
      <Point>
        <coordinates>-73.6442665,43.3097028,0</coordinates>
      </Point>
    </Placemark>
    <Placemark>
      <name>ALPR</name>
      <description>OSM node: https://www.openstreetmap.org/node/14161357345
Manufacturer: Turing AI
Direction: 45;330
Zone: traffic
Camera type: fixed</description>
      <Point>
        <coordinates>-73.6438535,43.3092522,0</coordinates>
      </Point>
    </Placemark>
    <Placemark>
      <name>ALPR</name>
      <description>OSM node: https://www.openstreetmap.org/node/14161357346
Manufacturer: Turing AI
Direction: 130;90
Zone: traffic
Camera type: fixed</description>
      <Point>
        <coordinates>-73.6443929,43.3107009,0</coordinates>
      </Point>
    </Placemark>
    <Placemark>
      <name>ALPR</name>
      <description>OSM node: https://www.openstreetmap.org/node/14161357347
Manufacturer: Turing AI
Direction: 200;330
Zone: traffic
Camera type: fixed</description>
      <Point>
        <coordinates>-73.6436556,43.3109631,0</coordinates>
      </Point>
    </Placemark>
    <Placemark>
      <name>ALPR</name>
      <description>OSM node: https://www.openstreetmap.org/node/14161357348
Manufacturer: Turing AI
Direction: 155;60
Zone: traffic
Camera type: fixed</description>
      <Point>
        <coordinates>-73.6441171,43.3110361,0</coordinates>
      </Point>
    </Placemark>
    <Placemark>
      <name>ALPR</name>
      <description>OSM node: https://www.openstreetmap.org/node/14161486801
Manufacturer: Flock Safety
Direction: 36
Zone: traffic
Camera type: fixed</description>
      <Point>
        <coordinates>-73.9209453,40.6905549,0</coordinates>
      </Point>
    </Placemark>
    <Placemark>
      <name>ALPR</name>
      <description>OSM node: https://www.openstreetmap.org/node/14162415896
Manufacturer: Flock Safety
Direction: 100
Zone: traffic
Camera type: fixed</description>
      <Point>
        <coordinates>-73.9132693,41.7042621,0</coordinates>
      </Point>
    </Placemark>
    <Placemark>
      <name>ALPR</name>
      <description>OSM node: https://www.openstreetmap.org/node/14162747997
Manufacturer: Flock Safety
Direction: 280
Zone: traffic
Camera type: fixed</description>
      <Point>
        <coordinates>-73.917162,41.6271003,0</coordinates>
      </Point>
    </Placemark>
    <Placemark>
      <name>NYC Department of Transportation ALPR</name>
      <description>OSM node: https://www.openstreetmap.org/node/14162945001
Operator: NYC Department of Transportation
Manufacturer: Genetec
Direction: 320;335
Zone: traffic
Camera type: fixed</description>
      <Point>
        <coordinates>-73.9072079,40.6495366,0</coordinates>
      </Point>
    </Placemark>
    <Placemark>
      <name>ALPR</name>
      <description>OSM node: https://www.openstreetmap.org/node/14164698101
Manufacturer: Flock Safety
Direction: 199
Zone: traffic
Camera type: fixed</description>
      <Point>
        <coordinates>-76.4888366,42.4264672,0</coordinates>
      </Point>
    </Placemark>
    <Placemark>
      <name>ALPR</name>
      <description>OSM node: https://www.openstreetmap.org/node/14164722001
Manufacturer: Flock Safety
Direction: 0
Zone: traffic
Camera type: fixed</description>
      <Point>
        <coordinates>-73.7306115,40.664777,0</coordinates>
      </Point>
    </Placemark>
    <Placemark>
      <name>ALPR</name>
      <description>OSM node: https://www.openstreetmap.org/node/14164726001
Manufacturer: Axis Q1800
Direction: 0
Zone: traffic
Camera type: fixed</description>
      <Point>
        <coordinates>-73.7750049,40.9040757,0</coordinates>
      </Point>
    </Placemark>
    <Placemark>
      <name>ALPR</name>
      <description>OSM node: https://www.openstreetmap.org/node/14164995502
Manufacturer: Flock Safety
Direction: 23
Zone: traffic
Camera type: fixed</description>
      <Point>
        <coordinates>-78.8241129,43.0430165,0</coordinates>
      </Point>
    </Placemark>
    <Placemark>
      <name>ALPR</name>
      <description>OSM node: https://www.openstreetmap.org/node/14165351201
Manufacturer: Flock Safety
Direction: 0
Zone: traffic
Camera type: fixed</description>
      <Point>
        <coordinates>-73.8627672,40.8332634,0</coordinates>
      </Point>
    </Placemark>
    <Placemark>
      <name>ALPR</name>
      <description>OSM node: https://www.openstreetmap.org/node/14166500501
Manufacturer: Flock Safety
Direction: 95
Zone: traffic
Camera type: fixed</description>
      <Point>
        <coordinates>-76.1024636,43.1762892,0</coordinates>
      </Point>
    </Placemark>
    <Placemark>
      <name>ALPR</name>
      <description>OSM node: https://www.openstreetmap.org/node/14166537801
Manufacturer: Flock Safety
Direction: 280
Zone: traffic
Camera type: fixed</description>
      <Point>
        <coordinates>-73.6106198,40.7254146,0</coordinates>
      </Point>
    </Placemark>
    <Placemark>
      <name>ALPR</name>
      <description>OSM node: https://www.openstreetmap.org/node/14166538802
Manufacturer: Flock Safety
Direction: 132
Zone: traffic
Camera type: fixed</description>
      <Point>
        <coordinates>-73.6114835,40.7270359,0</coordinates>
      </Point>
    </Placemark>
    <Placemark>
      <name>ALPR</name>
      <description>OSM node: https://www.openstreetmap.org/node/14167072201
Manufacturer: Flock Safety
Direction: 15
Zone: traffic
Camera type: fixed</description>
      <Point>
        <coordinates>-73.6880467,40.6504508,0</coordinates>
      </Point>
    </Placemark>
    <Placemark>
      <name>ALPR</name>
      <description>OSM node: https://www.openstreetmap.org/node/14167082800
Direction: 5
Zone: public</description>
      <Point>
        <coordinates>-73.7581072,40.935475,0</coordinates>
      </Point>
    </Placemark>
    <Placemark>
      <name>New York City Police Department ALPR</name>
      <description>OSM node: https://www.openstreetmap.org/node/14167972502
Operator: New York City Police Department
Manufacturer: Genetec
Direction: 52
Zone: traffic
Camera type: fixed</description>
      <Point>
        <coordinates>-73.8986932,40.6557392,0</coordinates>
      </Point>
    </Placemark>
    <Placemark>
      <name>NYC DOT Red light Camera ALPR</name>
      <description>OSM node: https://www.openstreetmap.org/node/14170011003
Operator: NYC DOT Red light Camera
Direction: 242
Zone: traffic
Camera type: fixed</description>
      <Point>
        <coordinates>-73.8819604,40.7597505,0</coordinates>
      </Point>
    </Placemark>
    <Placemark>
      <name>NYC DOT Red light camera ALPR</name>
      <description>OSM node: https://www.openstreetmap.org/node/14170023752
Operator: NYC DOT Red light camera
Direction: 57
Zone: traffic
Camera type: fixed</description>
      <Point>
        <coordinates>-73.8826848,40.7594849,0</coordinates>
      </Point>
    </Placemark>
    <Placemark>
      <name>Verra Mobility NYC DOT red light camera ALPR</name>
      <description>OSM node: https://www.openstreetmap.org/node/14170068764
Operator: Verra Mobility NYC DOT red light camera
Direction: 81
Zone: traffic
Camera type: fixed</description>
      <Point>
        <coordinates>-73.9149787,40.7536133,0</coordinates>
      </Point>
    </Placemark>
    <Placemark>
      <name>ALPR</name>
      <description>OSM node: https://www.openstreetmap.org/node/14170072401
Manufacturer: Flock Safety
Direction: 74;145;214;284;356;0
Zone: traffic
Camera type: fixed</description>
      <Point>
        <coordinates>-74.4223646,41.4335276,0</coordinates>
      </Point>
    </Placemark>
    <Placemark>
      <name>Verra Mobility Operated NYC DOT Speed Camera ALPR</name>
      <description>OSM node: https://www.openstreetmap.org/node/14170080486
Operator: Verra Mobility Operated NYC DOT Speed Camera
Direction: 254
Zone: traffic
Camera type: fixed</description>
      <Point>
        <coordinates>-73.9138493,40.7536399,0</coordinates>
      </Point>
    </Placemark>
    <Placemark>
      <name>Verra Mobility operated NYC DOT Red Light Camera ALPR</name>
      <description>OSM node: https://www.openstreetmap.org/node/14170159383
Operator: Verra Mobility operated NYC DOT Red Light Camera
Direction: 85
Zone: traffic
Camera type: fixed</description>
      <Point>
        <coordinates>-73.911336,40.7688436,0</coordinates>
      </Point>
    </Placemark>
    <Placemark>
      <name>Verra Mobility NYC  DOT red light camera ALPR</name>
      <description>OSM node: https://www.openstreetmap.org/node/14170220535
Operator: Verra Mobility NYC  DOT red light camera
Direction: 267
Zone: traffic
Camera type: fixed</description>
      <Point>
        <coordinates>-73.9095959,40.7693836,0</coordinates>
      </Point>
    </Placemark>
    <Placemark>
      <name>Verra Mobility operated NYC DOT red light camera ALPR</name>
      <description>OSM node: https://www.openstreetmap.org/node/14170320116
Operator: Verra Mobility operated NYC DOT red light camera
Direction: 82
Zone: traffic
Camera type: fixed</description>
      <Point>
        <coordinates>-73.8924965,40.7656842,0</coordinates>
      </Point>
    </Placemark>
    <Placemark>
      <name>Verra Mobility operated NYC DOT red light camera ALPR</name>
      <description>OSM node: https://www.openstreetmap.org/node/14170331536
Operator: Verra Mobility operated NYC DOT red light camera
Direction: 110
Zone: traffic
Camera type: fixed</description>
      <Point>
        <coordinates>-73.9181405,40.7705562,0</coordinates>
      </Point>
    </Placemark>
    <Placemark>
      <name>Verra Mobility NYC DOT Speed camera ALPR</name>
      <description>OSM node: https://www.openstreetmap.org/node/14170587216
Operator: Verra Mobility NYC DOT Speed camera
Direction: 16
Zone: traffic
Camera type: fixed</description>
      <Point>
        <coordinates>-73.9167628,40.7602634,0</coordinates>
      </Point>
    </Placemark>
    <Placemark>
      <name>ALPR</name>
      <description>OSM node: https://www.openstreetmap.org/node/14170827901
Manufacturer: Pelco
Zone: traffic
Camera type: fixed</description>
      <Point>
        <coordinates>-73.9419811,40.6004836,0</coordinates>
      </Point>
    </Placemark>
    <Placemark>
      <name>ALPR</name>
      <description>OSM node: https://www.openstreetmap.org/node/14170919301
Manufacturer: Pelco
Zone: traffic
Camera type: fixed</description>
      <Point>
        <coordinates>-73.9655549,40.5978859,0</coordinates>
      </Point>
    </Placemark>
    <Placemark>
      <name>ALPR</name>
      <description>OSM node: https://www.openstreetmap.org/node/14172543450
Manufacturer: Turing AI
Direction: 20;320
Zone: traffic
Camera type: fixed</description>
      <Point>
        <coordinates>-73.6460462,43.3093342,0</coordinates>
      </Point>
    </Placemark>
    <Placemark>
      <name>ALPR</name>
      <description>OSM node: https://www.openstreetmap.org/node/14173591901
Manufacturer: Flock Safety
Direction: 0
Zone: traffic
Camera type: fixed</description>
      <Point>
        <coordinates>-74.3561701,41.4236778,0</coordinates>
      </Point>
    </Placemark>
    <Placemark>
      <name>ALPR</name>
      <description>OSM node: https://www.openstreetmap.org/node/14173597965
Manufacturer: Flock Safety
Zone: traffic
Camera type: fixed</description>
      <Point>
        <coordinates>-73.6836144,40.9957203,0</coordinates>
      </Point>
    </Placemark>
    <Placemark>
      <name>ALPR</name>
      <description>OSM node: https://www.openstreetmap.org/node/14173647143</description>
      <Point>
        <coordinates>-73.6561187,41.0118439,0</coordinates>
      </Point>
    </Placemark>
    <Placemark>
      <name>ALPR</name>
      <description>OSM node: https://www.openstreetmap.org/node/14173655764
Manufacturer: Flock Safety
Zone: traffic
Camera type: fixed</description>
      <Point>
        <coordinates>-73.6557703,41.0116874,0</coordinates>
      </Point>
    </Placemark>
    <Placemark>
      <name>ALPR</name>
      <description>OSM node: https://www.openstreetmap.org/node/14173674490
Manufacturer: Flock Safety
Zone: traffic
Camera type: fixed</description>
      <Point>
        <coordinates>-73.6945837,40.9729109,0</coordinates>
      </Point>
    </Placemark>
    <Placemark>
      <name>ALPR</name>
      <description>OSM node: https://www.openstreetmap.org/node/14173674630
Manufacturer: Flock Safety
Zone: traffic
Camera type: fixed</description>
      <Point>
        <coordinates>-73.6781021,41.0046889,0</coordinates>
      </Point>
    </Placemark>
    <Placemark>
      <name>ALPR</name>
      <description>OSM node: https://www.openstreetmap.org/node/14174493001
Manufacturer: Pelco
Zone: traffic
Camera type: fixed</description>
      <Point>
        <coordinates>-73.9477415,40.6321611,0</coordinates>
      </Point>
    </Placemark>
    <Placemark>
      <name>ALPR</name>
      <description>OSM node: https://www.openstreetmap.org/node/14174493002
Manufacturer: Pelco
Zone: traffic
Camera type: fixed</description>
      <Point>
        <coordinates>-73.9478386,40.6331873,0</coordinates>
      </Point>
    </Placemark>
    <Placemark>
      <name>ALPR</name>
      <description>OSM node: https://www.openstreetmap.org/node/14174493501
Manufacturer: Pelco
Zone: traffic
Camera type: fixed</description>
      <Point>
        <coordinates>-73.947485,40.6324889,0</coordinates>
      </Point>
    </Placemark>
    <Placemark>
      <name>ALPR</name>
      <description>OSM node: https://www.openstreetmap.org/node/14174494701
Manufacturer: Pelco
Zone: traffic
Camera type: fixed</description>
      <Point>
        <coordinates>-73.9474451,40.631688,0</coordinates>
      </Point>
    </Placemark>
    <Placemark>
      <name>ALPR</name>
      <description>OSM node: https://www.openstreetmap.org/node/14174494801
Manufacturer: Pelco
Zone: traffic
Camera type: fixed</description>
      <Point>
        <coordinates>-73.9464213,40.6317883,0</coordinates>
      </Point>
    </Placemark>
    <Placemark>
      <name>ALPR</name>
      <description>OSM node: https://www.openstreetmap.org/node/14175682202
Manufacturer: Flock Safety
Direction: 321
Zone: traffic
Camera type: fixed</description>
      <Point>
        <coordinates>-76.564836,42.9158099,0</coordinates>
      </Point>
    </Placemark>
    <Placemark>
      <name>NYC Department of Transportation ALPR</name>
      <description>OSM node: https://www.openstreetmap.org/node/14175869401
Operator: NYC Department of Transportation
Manufacturer: Ekin Box Spotter
Direction: 145;167
Zone: traffic
Camera type: fixed</description>
      <Point>
        <coordinates>-73.8353453,40.7174444,0</coordinates>
      </Point>
    </Placemark>
    <Placemark>
      <name>ALPR</name>
      <description>OSM node: https://www.openstreetmap.org/node/14176292301
Manufacturer: Flock Safety
Direction: 0;61;119;184;243;295
Zone: traffic
Camera type: fixed</description>
      <Point>
        <coordinates>-73.5072752,40.6947588,0</coordinates>
      </Point>
    </Placemark>
    <Placemark>
      <name>ALPR</name>
      <description>OSM node: https://www.openstreetmap.org/node/14178264201
Manufacturer: Flock Safety
Direction: 77
Zone: traffic
Camera type: fixed</description>
      <Point>
        <coordinates>-73.7413358,42.6338739,0</coordinates>
      </Point>
    </Placemark>
    <Placemark>
      <name>ALPR</name>
      <description>OSM node: https://www.openstreetmap.org/node/14178515987
Direction: 280
Zone: traffic
Camera type: fixed</description>
      <Point>
        <coordinates>-73.7815115,43.0792707,0</coordinates>
      </Point>
    </Placemark>
    <Placemark>
      <name>ALPR</name>
      <description>OSM node: https://www.openstreetmap.org/node/14178523011
Direction: 200
Zone: traffic
Camera type: fixed</description>
      <Point>
        <coordinates>-73.7815123,43.0792651,0</coordinates>
      </Point>
    </Placemark>
    <Placemark>
      <name>ALPR</name>
      <description>OSM node: https://www.openstreetmap.org/node/14178531307
Direction: 100
Zone: traffic
Camera type: fixed</description>
      <Point>
        <coordinates>-73.7815053,43.0792677,0</coordinates>
      </Point>
    </Placemark>
    <Placemark>
      <name>ALPR</name>
      <description>OSM node: https://www.openstreetmap.org/node/14180852901
Manufacturer: Flock Safety
Direction: 0;0;291
Zone: traffic
Camera type: fixed</description>
      <Point>
        <coordinates>-73.6931145,40.7426409,0</coordinates>
      </Point>
    </Placemark>
    <Placemark>
      <name>ALPR</name>
      <description>OSM node: https://www.openstreetmap.org/node/14181141301
Manufacturer: Flock Safety
Direction: 84
Zone: traffic
Camera type: fixed</description>
      <Point>
        <coordinates>-73.9475665,42.7837964,0</coordinates>
      </Point>
    </Placemark>
    <Placemark>
      <name>ALPR</name>
      <description>OSM node: https://www.openstreetmap.org/node/14181181301
Manufacturer: Flock Safety
Direction: 293;167
Zone: traffic
Camera type: fixed</description>
      <Point>
        <coordinates>-77.7497272,43.2882167,0</coordinates>
      </Point>
    </Placemark>
    <Placemark>
      <name>ALPR</name>
      <description>OSM node: https://www.openstreetmap.org/node/14181272203
Manufacturer: Motorola Solutions
Direction: 7
Zone: traffic
Camera type: fixed</description>
      <Point>
        <coordinates>-73.8453786,40.9743651,0</coordinates>
      </Point>
    </Placemark>
    <Placemark>
      <name>ALPR</name>
      <description>OSM node: https://www.openstreetmap.org/node/14181731501
Manufacturer: Flock Safety
Direction: 63
Zone: traffic
Camera type: fixed</description>
      <Point>
        <coordinates>-73.9547783,40.8204044,0</coordinates>
      </Point>
    </Placemark>
    <Placemark>
      <name>ALPR</name>
      <description>OSM node: https://www.openstreetmap.org/node/14181732401
Manufacturer: Neology, Inc.
Direction: 0
Zone: traffic
Camera type: fixed</description>
      <Point>
        <coordinates>-73.954823,40.8203942,0</coordinates>
      </Point>
    </Placemark>
    <Placemark>
      <name>ALPR</name>
      <description>OSM node: https://www.openstreetmap.org/node/14181734102
Manufacturer: Flock Safety
Direction: 247
Zone: traffic
Camera type: fixed</description>
      <Point>
        <coordinates>-73.8835943,40.7147902,0</coordinates>
      </Point>
    </Placemark>
    <Placemark>
      <name>ALPR</name>
      <description>OSM node: https://www.openstreetmap.org/node/14181734601
Manufacturer: Flock Safety
Direction: 14
Zone: traffic
Camera type: fixed</description>
      <Point>
        <coordinates>-73.9901771,41.9737789,0</coordinates>
      </Point>
    </Placemark>
    <Placemark>
      <name>ALPR</name>
      <description>OSM node: https://www.openstreetmap.org/node/14181745401
Manufacturer: Flock Safety
Direction: 89
Zone: traffic
Camera type: fixed</description>
      <Point>
        <coordinates>-73.8846299,40.7146789,0</coordinates>
      </Point>
    </Placemark>
    <Placemark>
      <name>ALPR</name>
      <description>OSM node: https://www.openstreetmap.org/node/14181931501
Manufacturer: Flock Safety
Direction: 124
Zone: traffic
Camera type: fixed</description>
      <Point>
        <coordinates>-74.139817,40.6249955,0</coordinates>
      </Point>
    </Placemark>
    <Placemark>
      <name>ALPR</name>
      <description>OSM node: https://www.openstreetmap.org/node/14182063901
Manufacturer: Flock Safety
Direction: 295
Zone: traffic
Camera type: fixed</description>
      <Point>
        <coordinates>-73.3821376,40.671267,0</coordinates>
      </Point>
    </Placemark>
    <Placemark>
      <name>ALPR</name>
      <description>OSM node: https://www.openstreetmap.org/node/14183572789
Manufacturer: Flock Safety
Zone: traffic
Camera type: fixed</description>
      <Point>
        <coordinates>-74.043823,41.5098738,0</coordinates>
      </Point>
    </Placemark>
    <Placemark>
      <name>ALPR</name>
      <description>OSM node: https://www.openstreetmap.org/node/14183572790
Manufacturer: Flock Safety
Zone: traffic
Camera type: fixed</description>
      <Point>
        <coordinates>-74.0566171,41.5064729,0</coordinates>
      </Point>
    </Placemark>
    <Placemark>
      <name>ALPR</name>
      <description>OSM node: https://www.openstreetmap.org/node/14183819402
Manufacturer: Flock Safety
Direction: 263
Zone: traffic
Camera type: fixed</description>
      <Point>
        <coordinates>-73.9998732,41.9754286,0</coordinates>
      </Point>
    </Placemark>
    <Placemark>
      <name>ALPR</name>
      <description>OSM node: https://www.openstreetmap.org/node/14183821001
Manufacturer: Flock Safety
Direction: 219
Zone: traffic
Camera type: fixed</description>
      <Point>
        <coordinates>-73.9991988,41.975936,0</coordinates>
      </Point>
    </Placemark>
    <Placemark>
      <name>ALPR</name>
      <description>OSM node: https://www.openstreetmap.org/node/14183980301
Manufacturer: Flock Safety
Direction: 238
Zone: traffic
Camera type: fixed</description>
      <Point>
        <coordinates>-73.9880884,41.9754017,0</coordinates>
      </Point>
    </Placemark>
    <Placemark>
      <name>ALPR</name>
      <description>OSM node: https://www.openstreetmap.org/node/14184087601
Manufacturer: Flock Safety
Direction: 0
Zone: traffic
Camera type: fixed</description>
      <Point>
        <coordinates>-73.9920399,41.9256063,0</coordinates>
      </Point>
    </Placemark>
    <Placemark>
      <name>ALPR</name>
      <description>OSM node: https://www.openstreetmap.org/node/14184274701
Manufacturer: Flock Safety
Direction: 200
Zone: traffic
Camera type: fixed</description>
      <Point>
        <coordinates>-72.8687981,40.8027121,0</coordinates>
      </Point>
    </Placemark>
    <Placemark>
      <name>ALPR</name>
      <description>OSM node: https://www.openstreetmap.org/node/14185154501
Manufacturer: Genetec
Direction: 127
Zone: traffic
Camera type: fixed</description>
      <Point>
        <coordinates>-73.2112489,40.7301688,0</coordinates>
      </Point>
    </Placemark>
    <Placemark>
      <name>ALPR</name>
      <description>OSM node: https://www.openstreetmap.org/node/14185421801
Manufacturer: Flock Safety
Direction: 178
Zone: traffic
Camera type: fixed</description>
      <Point>
        <coordinates>-73.5653296,40.7697277,0</coordinates>
      </Point>
    </Placemark>
    <Placemark>
      <name>ALPR</name>
      <description>OSM node: https://www.openstreetmap.org/node/14188386401
Manufacturer: Flock Safety
Direction: 270
Zone: traffic
Camera type: fixed</description>
      <Point>
        <coordinates>-77.6058518,42.2675111,0</coordinates>
      </Point>
    </Placemark>
    <Placemark>
      <name>ALPR</name>
      <description>OSM node: https://www.openstreetmap.org/node/14189157301
Manufacturer: Flock Safety
Direction: 0
Zone: traffic
Camera type: fixed</description>
      <Point>
        <coordinates>-75.6414516,42.078146,0</coordinates>
      </Point>
    </Placemark>
    <Placemark>
      <name>ALPR</name>
      <description>OSM node: https://www.openstreetmap.org/node/14189418401
Manufacturer: Flock Safety
Direction: 245
Zone: traffic
Camera type: fixed</description>
      <Point>
        <coordinates>-73.5579321,40.7813289,0</coordinates>
      </Point>
    </Placemark>
    <Placemark>
      <name>ALPR</name>
      <description>OSM node: https://www.openstreetmap.org/node/14189604556
Direction: 350;170
Zone: traffic</description>
      <Point>
        <coordinates>-74.9933463,44.7481844,0</coordinates>
      </Point>
    </Placemark>
    <Placemark>
      <name>ALPR</name>
      <description>OSM node: https://www.openstreetmap.org/node/14190415001
Manufacturer: Flock Safety
Direction: 145
Zone: traffic
Camera type: fixed</description>
      <Point>
        <coordinates>-78.222065,43.2388749,0</coordinates>
      </Point>
    </Placemark>
    <Placemark>
      <name>ALPR</name>
      <description>OSM node: https://www.openstreetmap.org/node/14190617601
Manufacturer: Axis Communications
Direction: 274;179
Zone: traffic
Camera type: fixed</description>
      <Point>
        <coordinates>-77.4095801,42.9827015,0</coordinates>
      </Point>
    </Placemark>
    <Placemark>
      <name>New York City Police Department ALPR</name>
      <description>OSM node: https://www.openstreetmap.org/node/14191614702
Operator: New York City Police Department
Manufacturer: Genetec
Direction: 211
Zone: traffic
Camera type: fixed</description>
      <Point>
        <coordinates>-73.8977462,40.7508403,0</coordinates>
      </Point>
    </Placemark>
    <Placemark>
      <name>ALPR</name>
      <description>OSM node: https://www.openstreetmap.org/node/14192311901
Manufacturer: Flock Safety
Direction: 99
Zone: traffic
Camera type: fixed</description>
      <Point>
        <coordinates>-76.1557801,43.0814235,0</coordinates>
      </Point>
    </Placemark>
    <Placemark>
      <name>ALPR</name>
      <description>OSM node: https://www.openstreetmap.org/node/14193437901
Manufacturer: Flock Safety
Direction: 3
Zone: traffic
Camera type: fixed</description>
      <Point>
        <coordinates>-73.9492314,42.8146912,0</coordinates>
      </Point>
    </Placemark>
    <Placemark>
      <name>ALPR</name>
      <description>OSM node: https://www.openstreetmap.org/node/14193452601
Manufacturer: Flock Safety
Direction: 0;197
Zone: traffic
Camera type: fixed</description>
      <Point>
        <coordinates>-73.7835806,42.9487372,0</coordinates>
      </Point>
    </Placemark>
    <Placemark>
      <name>ALPR</name>
      <description>OSM node: https://www.openstreetmap.org/node/14194610101
Manufacturer: Motorola Solutions
Direction: 0
Zone: traffic
Camera type: fixed</description>
      <Point>
        <coordinates>-73.3663623,44.9986701,0</coordinates>
      </Point>
    </Placemark>
    <Placemark>
      <name>ALPR</name>
      <description>OSM node: https://www.openstreetmap.org/node/14197110201
Manufacturer: Flock Safety
Direction: 0
Zone: traffic
Camera type: fixed</description>
      <Point>
        <coordinates>-78.8958737,42.9186337,0</coordinates>
      </Point>
    </Placemark>
    <Placemark>
      <name>ALPR</name>
      <description>OSM node: https://www.openstreetmap.org/node/14197366302
Manufacturer: Flock Safety
Direction: 289
Zone: traffic
Camera type: fixed</description>
      <Point>
        <coordinates>-73.9826558,40.738813,0</coordinates>
      </Point>
    </Placemark>
    <Placemark>
      <name>ALPR</name>
      <description>OSM node: https://www.openstreetmap.org/node/14197664801
Manufacturer: Flock Safety
Direction: 243
Zone: traffic
Camera type: fixed</description>
      <Point>
        <coordinates>-78.8160736,42.9994252,0</coordinates>
      </Point>
    </Placemark>
    <Placemark>
      <name>ALPR</name>
      <description>OSM node: https://www.openstreetmap.org/node/14197914201
Manufacturer: Flock Safety
Direction: 116
Zone: traffic
Camera type: fixed</description>
      <Point>
        <coordinates>-73.2861072,40.8032803,0</coordinates>
      </Point>
    </Placemark>
    <Placemark>
      <name>ALPR</name>
      <description>OSM node: https://www.openstreetmap.org/node/14197917401
Manufacturer: Motorola Solutions
Direction: 122
Zone: traffic
Camera type: fixed</description>
      <Point>
        <coordinates>-73.2754023,40.7935573,0</coordinates>
      </Point>
    </Placemark>
    <Placemark>
      <name>ALPR</name>
      <description>OSM node: https://www.openstreetmap.org/node/14197917501
Manufacturer: Motorola Solutions
Direction: 305
Zone: traffic
Camera type: fixed</description>
      <Point>
        <coordinates>-73.275099,40.7936863,0</coordinates>
      </Point>
    </Placemark>
    <Placemark>
      <name>ALPR</name>
      <description>OSM node: https://www.openstreetmap.org/node/14199056901
Manufacturer: Flock Safety
Direction: 272
Zone: traffic
Camera type: fixed</description>
      <Point>
        <coordinates>-73.7543484,40.5966249,0</coordinates>
      </Point>
    </Placemark>
    <Placemark>
      <name>ALPR</name>
      <description>OSM node: https://www.openstreetmap.org/node/14199422201
Manufacturer: Flock Safety
Direction: 346
Zone: traffic
Camera type: fixed</description>
      <Point>
        <coordinates>-73.7543485,40.5966267,0</coordinates>
      </Point>
    </Placemark>
    <Placemark>
      <name>NYC Department of Transportation ALPR</name>
      <description>OSM node: https://www.openstreetmap.org/node/14201175601
Operator: NYC Department of Transportation
Manufacturer: Ekin x spotter
Direction: 24;359
Zone: traffic
Camera type: fixed</description>
      <Point>
        <coordinates>-73.9560465,40.7675413,0</coordinates>
      </Point>
    </Placemark>
    <Placemark>
      <name>NYC Department of Transportation ALPR</name>
      <description>OSM node: https://www.openstreetmap.org/node/14201197001
Operator: NYC Department of Transportation
Manufacturer: Ekin x spotter
Direction: 27;346
Zone: traffic
Camera type: fixed</description>
      <Point>
        <coordinates>-73.9563307,40.7671385,0</coordinates>
      </Point>
    </Placemark>
    <Placemark>
      <name>NYC Department of Transportation ALPR</name>
      <description>OSM node: https://www.openstreetmap.org/node/14201246901
Operator: NYC Department of Transportation
Manufacturer: Mav (IQ:350XR)
Direction: 34;359
Zone: traffic
Camera type: fixed</description>
      <Point>
        <coordinates>-73.9493731,40.7765965,0</coordinates>
      </Point>
    </Placemark>
    <Placemark>
      <name>NYC Department of Transportation ALPR</name>
      <description>OSM node: https://www.openstreetmap.org/node/14201247001
Operator: NYC Department of Transportation
Manufacturer: Mav (IQ:350XR)
Direction: 38;354
Zone: traffic
Camera type: fixed</description>
      <Point>
        <coordinates>-73.9496593,40.776209,0</coordinates>
      </Point>
    </Placemark>
    <Placemark>
      <name>New York City Police Department ALPR</name>
      <description>OSM node: https://www.openstreetmap.org/node/14201274702
Operator: New York City Police Department
Manufacturer: Leonardo
Direction: 24
Zone: traffic
Camera type: fixed</description>
      <Point>
        <coordinates>-73.971049,40.744447,0</coordinates>
      </Point>
    </Placemark>
    <Placemark>
      <name>NYC Department of Transportation ALPR</name>
      <description>OSM node: https://www.openstreetmap.org/node/14201321401
Operator: NYC Department of Transportation
Manufacturer: Mav (IQ:350XR)
Direction: 121;95
Zone: traffic
Camera type: fixed</description>
      <Point>
        <coordinates>-73.9764124,40.7514871,0</coordinates>
      </Point>
    </Placemark>
    <Placemark>
      <name>NYC Department of Transportation ALPR</name>
      <description>OSM node: https://www.openstreetmap.org/node/14201322801
Operator: NYC Department of Transportation
Manufacturer: Mav (IQ:350XR)
Direction: 125;80
Zone: traffic
Camera type: fixed</description>
      <Point>
        <coordinates>-73.9769171,40.7517005,0</coordinates>
      </Point>
    </Placemark>
    <Placemark>
      <name>ALPR</name>
      <description>OSM node: https://www.openstreetmap.org/node/14202544501
Manufacturer: Flock Safety
Direction: 183
Zone: traffic
Camera type: fixed</description>
      <Point>
        <coordinates>-74.1113311,40.5666983,0</coordinates>
      </Point>
    </Placemark>
    <Placemark>
      <name>ALPR</name>
      <description>OSM node: https://www.openstreetmap.org/node/14203696601
Manufacturer: Flock Safety
Direction: 267
Zone: traffic
Camera type: fixed</description>
      <Point>
        <coordinates>-73.4772066,40.775567,0</coordinates>
      </Point>
    </Placemark>
    <Placemark>
      <name>ALPR</name>
      <description>OSM node: https://www.openstreetmap.org/node/14203781101
Manufacturer: Motorola Solutions
Direction: 284
Zone: traffic
Camera type: fixed</description>
      <Point>
        <coordinates>-74.0196149,41.9311042,0</coordinates>
      </Point>
    </Placemark>
    <Placemark>
      <name>ALPR</name>
      <description>OSM node: https://www.openstreetmap.org/node/14204078401
Manufacturer: Motorola Solutions
Direction: 101
Zone: traffic
Camera type: fixed</description>
      <Point>
        <coordinates>-73.1732647,40.7986345,0</coordinates>
      </Point>
    </Placemark>
    <Placemark>
      <name>ALPR</name>
      <description>OSM node: https://www.openstreetmap.org/node/14204121401
Manufacturer: Motorola Solutions
Direction: 312
Zone: traffic
Camera type: fixed</description>
      <Point>
        <coordinates>-73.1729291,40.7987626,0</coordinates>
      </Point>
    </Placemark>
    <Placemark>
      <name>ALPR</name>
      <description>OSM node: https://www.openstreetmap.org/node/14205342301
Manufacturer: Motorola Solutions
Direction: 162
Zone: traffic
Camera type: fixed</description>
      <Point>
        <coordinates>-73.8961238,40.7356151,0</coordinates>
      </Point>
    </Placemark>
    <Placemark>
      <name>ALPR</name>
      <description>OSM node: https://www.openstreetmap.org/node/14205449201
Manufacturer: Ekin Box Spotter
Direction: 0
Zone: traffic
Camera type: fixed</description>
      <Point>
        <coordinates>-73.8828805,40.7289595,0</coordinates>
      </Point>
    </Placemark>
    <Placemark>
      <name>ALPR</name>
      <description>OSM node: https://www.openstreetmap.org/node/14206279601
Manufacturer: Flock Safety
Direction: 6
Zone: traffic
Camera type: fixed</description>
      <Point>
        <coordinates>-74.1598282,41.3110183,0</coordinates>
      </Point>
    </Placemark>
    <Placemark>
      <name>ALPR</name>
      <description>OSM node: https://www.openstreetmap.org/node/14206999982
Manufacturer: Motorola Solutions
Direction: 25;76;125
Zone: traffic
Camera type: fixed</description>
      <Point>
        <coordinates>-77.6247566,43.0812387,0</coordinates>
      </Point>
    </Placemark>
    <Placemark>
      <name>Town of Huntington ALPR</name>
      <description>OSM node: https://www.openstreetmap.org/node/14208200301
Operator: Town of Huntington
Manufacturer: Motorola Solutions
Direction: 200;115
Zone: traffic
Camera type: fixed</description>
      <Point>
        <coordinates>-73.42584,40.8682,0</coordinates>
      </Point>
    </Placemark>
    <Placemark>
      <name>Town of Huntington ALPR</name>
      <description>OSM node: https://www.openstreetmap.org/node/14208203301
Operator: Town of Huntington
Manufacturer: Motorola Solutions
Direction: 320
Zone: traffic
Camera type: fixed</description>
      <Point>
        <coordinates>-73.4257183,40.8682074,0</coordinates>
      </Point>
    </Placemark>
    <Placemark>
      <name>ALPR</name>
      <description>OSM node: https://www.openstreetmap.org/node/14209636802
Manufacturer: Flock Safety
Direction: 198
Zone: traffic
Camera type: fixed</description>
      <Point>
        <coordinates>-73.7944976,42.6543194,0</coordinates>
      </Point>
    </Placemark>
    <Placemark>
      <name>ALPR</name>
      <description>OSM node: https://www.openstreetmap.org/node/14210150901
Manufacturer: Genetec
Direction: 17;235
Zone: traffic
Camera type: fixed</description>
      <Point>
        <coordinates>-73.9239806,40.6993908,0</coordinates>
      </Point>
    </Placemark>
    <Placemark>
      <name>ALPR</name>
      <description>OSM node: https://www.openstreetmap.org/node/14210403901
Manufacturer: Leonardo
Zone: traffic
Camera type: fixed</description>
      <Point>
        <coordinates>-73.9031978,40.6997227,0</coordinates>
      </Point>
    </Placemark>
    <Placemark>
      <name>ALPR</name>
      <description>OSM node: https://www.openstreetmap.org/node/14210418301
Manufacturer: Genetec
Direction: 235
Zone: traffic
Camera type: fixed</description>
      <Point>
        <coordinates>-73.5729451,40.7144184,0</coordinates>
      </Point>
    </Placemark>
    <Placemark>
      <name>ALPR</name>
      <description>OSM node: https://www.openstreetmap.org/node/14210703001
Manufacturer: Flock Safety
Direction: 250
Zone: traffic
Camera type: fixed</description>
      <Point>
        <coordinates>-77.3027785,42.9861945,0</coordinates>
      </Point>
    </Placemark>
    <Placemark>
      <name>ALPR</name>
      <description>OSM node: https://www.openstreetmap.org/node/14210703002
Manufacturer: Flock Safety
Direction: 91
Zone: traffic
Camera type: fixed</description>
      <Point>
        <coordinates>-77.3027652,42.9864134,0</coordinates>
      </Point>
    </Placemark>
    <Placemark>
      <name>NYC Department of Transportation ALPR</name>
      <description>OSM node: https://www.openstreetmap.org/node/14211959901
Operator: NYC Department of Transportation
Manufacturer: Ekin Box Spotter
Direction: 28;64
Zone: traffic
Camera type: fixed</description>
      <Point>
        <coordinates>-73.8706831,40.7329285,0</coordinates>
      </Point>
    </Placemark>
    <Placemark>
      <name>NYC Department of Transportation ALPR</name>
      <description>OSM node: https://www.openstreetmap.org/node/14212015201
Operator: NYC Department of Transportation
Manufacturer: Ekin Box Spotter
Direction: 208;165
Zone: traffic
Camera type: fixed</description>
      <Point>
        <coordinates>-73.9358726,40.8124999,0</coordinates>
      </Point>
    </Placemark>
    <Placemark>
      <name>ALPR</name>
      <description>OSM node: https://www.openstreetmap.org/node/14212704101
Manufacturer: Flock Safety
Direction: 0
Zone: traffic
Camera type: fixed</description>
      <Point>
        <coordinates>-73.8667451,40.6600335,0</coordinates>
      </Point>
    </Placemark>
    <Placemark>
      <name>ALPR</name>
      <description>OSM node: https://www.openstreetmap.org/node/14212963209
Direction: 355
Zone: parking</description>
      <Point>
        <coordinates>-73.7590052,40.7399651,0</coordinates>
      </Point>
    </Placemark>
    <Placemark>
      <name>ALPR</name>
      <description>OSM node: https://www.openstreetmap.org/node/14213093901
Manufacturer: Motorola Solutions
Direction: 25
Zone: traffic
Camera type: fixed</description>
      <Point>
        <coordinates>-73.3904693,40.8563035,0</coordinates>
      </Point>
    </Placemark>
    <Placemark>
      <name>ALPR</name>
      <description>OSM node: https://www.openstreetmap.org/node/14213156101
Manufacturer: Flock Safety
Direction: 171
Zone: traffic
Camera type: fixed</description>
      <Point>
        <coordinates>-76.1428765,43.0002538,0</coordinates>
      </Point>
    </Placemark>
    <Placemark>
      <name>ALPR</name>
      <description>OSM node: https://www.openstreetmap.org/node/14213563288
Manufacturer: Flock Safety
Direction: 145
Camera type: fixed</description>
      <Point>
        <coordinates>-78.7543313,42.8410678,0</coordinates>
      </Point>
    </Placemark>
    <Placemark>
      <name>ALPR</name>
      <description>OSM node: https://www.openstreetmap.org/node/14213930601
Manufacturer: Ekin Box Spotter
Direction: 0
Zone: traffic
Camera type: fixed</description>
      <Point>
        <coordinates>-73.8653999,40.710729,0</coordinates>
      </Point>
    </Placemark>
    <Placemark>
      <name>NYC Department of Transportation ALPR</name>
      <description>OSM node: https://www.openstreetmap.org/node/14213932601
Operator: NYC Department of Transportation
Manufacturer: Ekin Box Spotter
Direction: 228
Zone: traffic
Camera type: fixed</description>
      <Point>
        <coordinates>-73.8646678,40.7110204,0</coordinates>
      </Point>
    </Placemark>
    <Placemark>
      <name>ALPR</name>
      <description>OSM node: https://www.openstreetmap.org/node/14214730401
Manufacturer: Flock Safety
Direction: 239
Zone: traffic
Camera type: fixed</description>
      <Point>
        <coordinates>-73.9506912,40.5995611,0</coordinates>
      </Point>
    </Placemark>
    <Placemark>
      <name>ALPR</name>
      <description>OSM node: https://www.openstreetmap.org/node/14214732601
Manufacturer: Pelco
Zone: traffic
Camera type: fixed</description>
      <Point>
        <coordinates>-73.9515612,40.5992685,0</coordinates>
      </Point>
    </Placemark>
    <Placemark>
      <name>Hempstead Police Department ALPR</name>
      <description>OSM node: https://www.openstreetmap.org/node/14216014301
Operator: Hempstead Police Department
Manufacturer: Flock Safety
Direction: 183
Zone: traffic
Camera type: fixed</description>
      <Point>
        <coordinates>-73.6131231,40.706277,0</coordinates>
      </Point>
    </Placemark>
    <Placemark>
      <name>Hempstead Police Department ALPR</name>
      <description>OSM node: https://www.openstreetmap.org/node/14216015701
Operator: Hempstead Police Department
Manufacturer: Flock Safety
Direction: 183
Zone: traffic
Camera type: fixed</description>
      <Point>
        <coordinates>-73.6131231,40.706277,0</coordinates>
      </Point>
    </Placemark>
    <Placemark>
      <name>Hempstead Police Department ALPR</name>
      <description>OSM node: https://www.openstreetmap.org/node/14216016902
Operator: Hempstead Police Department
Manufacturer: Flock Safety
Direction: 57
Zone: traffic
Camera type: fixed</description>
      <Point>
        <coordinates>-73.6034739,40.7021597,0</coordinates>
      </Point>
    </Placemark>
    <Placemark>
      <name>Hempstead Police Department ALPR</name>
      <description>OSM node: https://www.openstreetmap.org/node/14216017601
Operator: Hempstead Police Department
Manufacturer: Flock Safety
Direction: 57
Zone: traffic
Camera type: fixed</description>
      <Point>
        <coordinates>-73.6034739,40.7021597,0</coordinates>
      </Point>
    </Placemark>
    <Placemark>
      <name>ALPR</name>
      <description>OSM node: https://www.openstreetmap.org/node/14217602601
Manufacturer: Flock Safety
Direction: 251
Zone: traffic
Camera type: fixed</description>
      <Point>
        <coordinates>-72.6959656,40.9270565,0</coordinates>
      </Point>
    </Placemark>
    <Placemark>
      <name>ALPR</name>
      <description>OSM node: https://www.openstreetmap.org/node/14219668001
Manufacturer: Genetec
Direction: 47
Zone: entrance
Camera type: fixed</description>
      <Point>
        <coordinates>-73.2534041,40.7742848,0</coordinates>
      </Point>
    </Placemark>
    <Placemark>
      <name>ALPR</name>
      <description>OSM node: https://www.openstreetmap.org/node/14219891001
Manufacturer: Flock Safety
Direction: 259
Zone: traffic
Camera type: fixed</description>
      <Point>
        <coordinates>-73.8824618,40.8233319,0</coordinates>
      </Point>
    </Placemark>
    <Placemark>
      <name>ALPR</name>
      <description>OSM node: https://www.openstreetmap.org/node/14219894321
Direction: 320
Zone: traffic
Camera type: fixed</description>
      <Point>
        <coordinates>-78.9085807,42.9590878,0</coordinates>
      </Point>
    </Placemark>
    <Placemark>
      <name>ALPR</name>
      <description>OSM node: https://www.openstreetmap.org/node/14219959844
Direction: 325
Zone: traffic
Camera type: fixed</description>
      <Point>
        <coordinates>-78.7535024,42.831761,0</coordinates>
      </Point>
    </Placemark>
    <Placemark>
      <name>ALPR</name>
      <description>OSM node: https://www.openstreetmap.org/node/14219970801
Manufacturer: Verra Mobility
Direction: 56;69
Zone: traffic
Camera type: fixed</description>
      <Point>
        <coordinates>-73.9447877,40.6023935,0</coordinates>
      </Point>
    </Placemark>
    <Placemark>
      <name>ALPR</name>
      <description>OSM node: https://www.openstreetmap.org/node/14220026956
Direction: 270
Zone: traffic
Camera type: fixed</description>
      <Point>
        <coordinates>-78.8490311,42.7803645,0</coordinates>
      </Point>
    </Placemark>
    <Placemark>
      <name>ALPR</name>
      <description>OSM node: https://www.openstreetmap.org/node/14220026957
Direction: 90
Zone: traffic
Camera type: fixed</description>
      <Point>
        <coordinates>-78.8495062,42.7804227,0</coordinates>
      </Point>
    </Placemark>
    <Placemark>
      <name>ALPR</name>
      <description>OSM node: https://www.openstreetmap.org/node/14220032609
Direction: 325
Zone: traffic
Camera type: fixed</description>
      <Point>
        <coordinates>-78.8249865,42.7398676,0</coordinates>
      </Point>
    </Placemark>
    <Placemark>
      <name>ALPR</name>
      <description>OSM node: https://www.openstreetmap.org/node/14220035035
Direction: 160
Zone: traffic
Camera type: fixed</description>
      <Point>
        <coordinates>-78.8128816,42.7330086,0</coordinates>
      </Point>
    </Placemark>
    <Placemark>
      <name>ALPR</name>
      <description>OSM node: https://www.openstreetmap.org/node/14220511301
Manufacturer: Flock Safety
Direction: 122
Zone: traffic
Camera type: fixed</description>
      <Point>
        <coordinates>-72.6496367,40.9322132,0</coordinates>
      </Point>
    </Placemark>
    <Placemark>
      <name>ALPR</name>
      <description>OSM node: https://www.openstreetmap.org/node/14220819188
Manufacturer: Flock Safety
Direction: 330
Zone: traffic
Camera type: fixed</description>
      <Point>
        <coordinates>-76.1169949,43.1690881,0</coordinates>
      </Point>
    </Placemark>
    <Placemark>
      <name>ALPR</name>
      <description>OSM node: https://www.openstreetmap.org/node/14221240701
Manufacturer: Leonardo
Direction: 15;338
Zone: traffic
Camera type: fixed</description>
      <Point>
        <coordinates>-73.7135673,40.6624665,0</coordinates>
      </Point>
    </Placemark>
    <Placemark>
      <name>ALPR</name>
      <description>OSM node: https://www.openstreetmap.org/node/14222239703
Manufacturer: Flock Safety
Direction: 0
Zone: traffic
Camera type: fixed</description>
      <Point>
        <coordinates>-79.3277219,42.4821078,0</coordinates>
      </Point>
    </Placemark>
    <Placemark>
      <name>ALPR</name>
      <description>OSM node: https://www.openstreetmap.org/node/14222240603
Manufacturer: Flock Safety
Direction: 0
Zone: traffic
Camera type: fixed</description>
      <Point>
        <coordinates>-79.3282175,42.4838853,0</coordinates>
      </Point>
    </Placemark>
    <Placemark>
      <name>ALPR</name>
      <description>OSM node: https://www.openstreetmap.org/node/14222244401
Manufacturer: Flock Safety
Direction: 0
Zone: traffic
Camera type: fixed</description>
      <Point>
        <coordinates>-79.3350516,42.4873772,0</coordinates>
      </Point>
    </Placemark>
    <Placemark>
      <name>ALPR</name>
      <description>OSM node: https://www.openstreetmap.org/node/14225406102
Manufacturer: Flock Safety
Direction: 205
Zone: traffic
Camera type: fixed</description>
      <Point>
        <coordinates>-72.9227909,40.770096,0</coordinates>
      </Point>
    </Placemark>
    <Placemark>
      <name>ALPR</name>
      <description>OSM node: https://www.openstreetmap.org/node/14225601801
Manufacturer: Flock Safety
Direction: 280
Zone: traffic
Camera type: fixed</description>
      <Point>
        <coordinates>-76.0266513,43.189151,0</coordinates>
      </Point>
    </Placemark>
    <Placemark>
      <name>ALPR</name>
      <description>OSM node: https://www.openstreetmap.org/node/14225602301
Manufacturer: Flock Safety
Direction: 89
Zone: traffic
Camera type: fixed</description>
      <Point>
        <coordinates>-76.0282904,43.1893596,0</coordinates>
      </Point>
    </Placemark>
    <Placemark>
      <name>ALPR</name>
      <description>OSM node: https://www.openstreetmap.org/node/14227265001
Manufacturer: Flock Safety
Direction: 0
Zone: traffic
Camera type: fixed</description>
      <Point>
        <coordinates>-79.130538,42.5581477,0</coordinates>
      </Point>
    </Placemark>
    <Placemark>
      <name>ALPR</name>
      <description>OSM node: https://www.openstreetmap.org/node/14228462301
Manufacturer: Flock Safety
Direction: 0
Zone: traffic
Camera type: fixed</description>
      <Point>
        <coordinates>-79.3124522,42.4588657,0</coordinates>
      </Point>
    </Placemark>
    <Placemark>
      <name>ALPR</name>
      <description>OSM node: https://www.openstreetmap.org/node/14228472701
Manufacturer: Flock Safety
Direction: 162
Zone: traffic
Camera type: fixed</description>
      <Point>
        <coordinates>-74.422402,41.4334385,0</coordinates>
      </Point>
    </Placemark>
    <Placemark>
      <name>ALPR</name>
      <description>OSM node: https://www.openstreetmap.org/node/14229583001
Manufacturer: Flock Safety
Direction: 359
Zone: traffic
Camera type: fixed</description>
      <Point>
        <coordinates>-73.8890843,40.8657684,0</coordinates>
      </Point>
    </Placemark>
    <Placemark>
      <name>ALPR</name>
      <description>OSM node: https://www.openstreetmap.org/node/14231125154
Manufacturer: Flock Safety
Direction: 160
Camera type: fixed</description>
      <Point>
        <coordinates>-78.7872335,42.8673602,0</coordinates>
      </Point>
    </Placemark>
    <Placemark>
      <name>ALPR</name>
      <description>OSM node: https://www.openstreetmap.org/node/14231957701
Manufacturer: Leonardo
Direction: 154;52
Zone: traffic
Camera type: fixed</description>
      <Point>
        <coordinates>-73.9067849,40.7449974,0</coordinates>
      </Point>
    </Placemark>
    <Placemark>
      <name>ALPR</name>
      <description>OSM node: https://www.openstreetmap.org/node/14231991101
Camera type: fixed</description>
      <Point>
        <coordinates>-73.903195,40.6997232,0</coordinates>
      </Point>
    </Placemark>
    <Placemark>
      <name>Nassau County Police Department ALPR</name>
      <description>OSM node: https://www.openstreetmap.org/node/14232331501
Operator: Nassau County Police Department
Manufacturer: Leonardo
Direction: 310
Zone: traffic
Camera type: fixed</description>
      <Point>
        <coordinates>-73.6696098,40.7714337,0</coordinates>
      </Point>
    </Placemark>
    <Placemark>
      <name>Hempstead Police Department ALPR</name>
      <description>OSM node: https://www.openstreetmap.org/node/14232547103
Operator: Hempstead Police Department
Manufacturer: Flock Safety
Direction: 267
Zone: traffic
Camera type: fixed</description>
      <Point>
        <coordinates>-73.6066308,40.6955993,0</coordinates>
      </Point>
    </Placemark>
    <Placemark>
      <name>ALPR</name>
      <description>OSM node: https://www.openstreetmap.org/node/14232737965
Direction: 5</description>
      <Point>
        <coordinates>-74.145829,40.5881856,0</coordinates>
      </Point>
    </Placemark>
    <Placemark>
      <name>ALPR</name>
      <description>OSM node: https://www.openstreetmap.org/node/14232995214
Manufacturer: Flock Safety
Direction: 340
Zone: traffic
Camera type: fixed</description>
      <Point>
        <coordinates>-73.8307904,42.7055353,0</coordinates>
      </Point>
    </Placemark>
    <Placemark>
      <name>ALPR</name>
      <description>OSM node: https://www.openstreetmap.org/node/14235004701
Manufacturer: Ekin X Spotter
Direction: 160
Zone: traffic
Camera type: fixed</description>
      <Point>
        <coordinates>-73.833075,40.754019,0</coordinates>
      </Point>
    </Placemark>
    <Placemark>
      <name>The Home Depot ALPR</name>
      <description>OSM node: https://www.openstreetmap.org/node/14235275101
Operator: The Home Depot
Manufacturer: Flock Safety
Direction: 107;175;243
Zone: traffic
Camera type: fixed</description>
      <Point>
        <coordinates>-73.2009309,40.7717303,0</coordinates>
      </Point>
    </Placemark>
    <Placemark>
      <name>ALPR</name>
      <description>OSM node: https://www.openstreetmap.org/node/14235910101
Manufacturer: Flock Safety
Direction: 359
Zone: traffic
Camera type: fixed</description>
      <Point>
        <coordinates>-77.6903151,43.1654259,0</coordinates>
      </Point>
    </Placemark>
    <Placemark>
      <name>ALPR</name>
      <description>OSM node: https://www.openstreetmap.org/node/14235910701
Manufacturer: Flock Safety
Direction: 359
Zone: traffic
Camera type: fixed</description>
      <Point>
        <coordinates>-77.6909591,43.1658138,0</coordinates>
      </Point>
    </Placemark>
    <Placemark>
      <name>ALPR</name>
      <description>OSM node: https://www.openstreetmap.org/node/14235967901
Manufacturer: Motorola Solutions
Direction: 151
Zone: traffic
Camera type: fixed</description>
      <Point>
        <coordinates>-75.2772194,43.0920589,0</coordinates>
      </Point>
    </Placemark>
    <Placemark>
      <name>ALPR</name>
      <description>OSM node: https://www.openstreetmap.org/node/14235969101
Manufacturer: Motorola Solutions
Direction: 20;31
Zone: traffic
Camera type: fixed</description>
      <Point>
        <coordinates>-75.2793001,43.0941876,0</coordinates>
      </Point>
    </Placemark>
    <Placemark>
      <name>ALPR</name>
      <description>OSM node: https://www.openstreetmap.org/node/14235970401
Manufacturer: Motorola Solutions
Direction: 39;50
Zone: traffic
Camera type: fixed</description>
      <Point>
        <coordinates>-75.2782759,43.0941415,0</coordinates>
      </Point>
    </Placemark>
    <Placemark>
      <name>ALPR</name>
      <description>OSM node: https://www.openstreetmap.org/node/14236078927
Direction: 125
Zone: traffic
Camera type: fixed</description>
      <Point>
        <coordinates>-77.5918722,43.1454254,0</coordinates>
      </Point>
    </Placemark>
    <Placemark>
      <name>ALPR</name>
      <description>OSM node: https://www.openstreetmap.org/node/14237665701
Manufacturer: Axon Enterprise
Direction: 0;90
Zone: traffic
Camera type: fixed</description>
      <Point>
        <coordinates>-74.0543032,41.1003064,0</coordinates>
      </Point>
    </Placemark>
    <Placemark>
      <name>ALPR</name>
      <description>OSM node: https://www.openstreetmap.org/node/14237677101
Direction: 5;295
Zone: traffic
Camera type: fixed</description>
      <Point>
        <coordinates>-74.0476454,41.1051514,0</coordinates>
      </Point>
    </Placemark>
    <Placemark>
      <name>ALPR</name>
      <description>OSM node: https://www.openstreetmap.org/node/14237680401
Manufacturer: NDI Recognition Systems
Direction: 100
Zone: traffic
Camera type: fixed</description>
      <Point>
        <coordinates>-74.0361573,41.1043098,0</coordinates>
      </Point>
    </Placemark>
    <Placemark>
      <name>ALPR</name>
      <description>OSM node: https://www.openstreetmap.org/node/14237750901
Direction: 265;110
Zone: traffic
Camera type: fixed</description>
      <Point>
        <coordinates>-74.0318447,41.1053658,0</coordinates>
      </Point>
    </Placemark>
    <Placemark>
      <name>ALPR</name>
      <description>OSM node: https://www.openstreetmap.org/node/14237784401
Manufacturer: NDI Recognition Systems
Direction: 0;195
Zone: traffic
Camera type: fixed</description>
      <Point>
        <coordinates>-73.9260226,41.0998434,0</coordinates>
      </Point>
    </Placemark>
    <Placemark>
      <name>ALPR</name>
      <description>OSM node: https://www.openstreetmap.org/node/14237787601
Manufacturer: NDI Recognition Systems
Direction: 350;325
Zone: traffic
Camera type: fixed</description>
      <Point>
        <coordinates>-73.9477915,41.0856951,0</coordinates>
      </Point>
    </Placemark>
    <Placemark>
      <name>Clarkstown Police Department ALPR</name>
      <description>OSM node: https://www.openstreetmap.org/node/14237798701
Operator: Clarkstown Police Department
Manufacturer: Flock Safety
Direction: 275
Zone: traffic
Camera type: fixed</description>
      <Point>
        <coordinates>-74.0103693,41.0968582,0</coordinates>
      </Point>
    </Placemark>
    <Placemark>
      <name>ALPR</name>
      <description>OSM node: https://www.openstreetmap.org/node/14239278115
Manufacturer: Motorola Solutions
Direction: 36;145
Zone: traffic
Camera type: fixed</description>
      <Point>
        <coordinates>-77.5891639,42.5798344,0</coordinates>
      </Point>
    </Placemark>
    <Placemark>
      <name>ALPR</name>
      <description>OSM node: https://www.openstreetmap.org/node/14239416503
Manufacturer: Leonardo
Direction: 320
Zone: traffic
Camera type: fixed</description>
      <Point>
        <coordinates>-73.5938955,40.7164566,0</coordinates>
      </Point>
    </Placemark>
    <Placemark>
      <name>ALPR</name>
      <description>OSM node: https://www.openstreetmap.org/node/14239543701
Manufacturer: Flock Safety
Direction: 180
Zone: traffic
Camera type: fixed</description>
      <Point>
        <coordinates>-74.6578416,41.7700892,0</coordinates>
      </Point>
    </Placemark>
    <Placemark>
      <name>Hempstead Police Department ALPR</name>
      <description>OSM node: https://www.openstreetmap.org/node/14239632303
Operator: Hempstead Police Department
Manufacturer: Flock Safety
Direction: 109
Zone: traffic
Camera type: fixed</description>
      <Point>
        <coordinates>-73.6308005,40.697746,0</coordinates>
      </Point>
    </Placemark>
    <Placemark>
      <name>Hempstead Police Department ALPR</name>
      <description>OSM node: https://www.openstreetmap.org/node/14239645501
Operator: Hempstead Police Department
Manufacturer: Flock Safety
Direction: 171
Zone: traffic
Camera type: fixed</description>
      <Point>
        <coordinates>-73.6292305,40.6985659,0</coordinates>
      </Point>
    </Placemark>
    <Placemark>
      <name>Hempstead Police Department ALPR</name>
      <description>OSM node: https://www.openstreetmap.org/node/14239645502
Operator: Hempstead Police Department
Manufacturer: Flock Safety
Direction: 162
Zone: traffic
Camera type: fixed</description>
      <Point>
        <coordinates>-73.6323174,40.692472,0</coordinates>
      </Point>
    </Placemark>
    <Placemark>
      <name>ALPR</name>
      <description>OSM node: https://www.openstreetmap.org/node/14241082101
Manufacturer: Flock Safety
Direction: 275
Zone: traffic
Camera type: fixed</description>
      <Point>
        <coordinates>-73.5591992,41.6631049,0</coordinates>
      </Point>
    </Placemark>
    <Placemark>
      <name>ALPR</name>
      <description>OSM node: https://www.openstreetmap.org/node/14242981201
Manufacturer: Flock Safety
Direction: 148;158
Zone: traffic
Camera type: fixed</description>
      <Point>
        <coordinates>-73.8548935,40.9297025,0</coordinates>
      </Point>
    </Placemark>
    <Placemark>
      <name>ALPR</name>
      <description>OSM node: https://www.openstreetmap.org/node/14243616301
Manufacturer: Axis Communications
Direction: 0
Zone: traffic
Camera type: fixed</description>
      <Point>
        <coordinates>-73.5994603,40.7161399,0</coordinates>
      </Point>
    </Placemark>
    <Placemark>
      <name>ALPR</name>
      <description>OSM node: https://www.openstreetmap.org/node/14243787898
Manufacturer: Flock Safety
Direction: 65
Camera type: fixed</description>
      <Point>
        <coordinates>-78.8789942,42.9317809,0</coordinates>
      </Point>
    </Placemark>
    <Placemark>
      <name>ALPR</name>
      <description>OSM node: https://www.openstreetmap.org/node/14243817815
Manufacturer: Flock Safety
Direction: 300
Camera type: fixed</description>
      <Point>
        <coordinates>-78.830551,42.9473007,0</coordinates>
      </Point>
    </Placemark>
    <Placemark>
      <name>Nassau County Police Department ALPR</name>
      <description>OSM node: https://www.openstreetmap.org/node/14243896701
Operator: Nassau County Police Department
Manufacturer: Leonardo
Direction: 243
Zone: traffic
Camera type: fixed</description>
      <Point>
        <coordinates>-73.6006344,40.709413,0</coordinates>
      </Point>
    </Placemark>
    <Placemark>
      <name>ALPR</name>
      <description>OSM node: https://www.openstreetmap.org/node/14246586301
Manufacturer: Flock Safety
Direction: 127
Zone: traffic
Camera type: fixed</description>
      <Point>
        <coordinates>-73.522343,40.8004256,0</coordinates>
      </Point>
    </Placemark>
    <Placemark>
      <name>ALPR</name>
      <description>OSM node: https://www.openstreetmap.org/node/14248968660</description>
      <Point>
        <coordinates>-74.1519988,40.5804136,0</coordinates>
      </Point>
    </Placemark>
    <Placemark>
      <name>ALPR</name>
      <description>OSM node: https://www.openstreetmap.org/node/14248976023</description>
      <Point>
        <coordinates>-74.1526119,40.5804563,0</coordinates>
      </Point>
    </Placemark>
  </Document>
</kml>
