<?xml version="1.0" encoding="UTF-8"?>
<kml xmlns="http://www.opengis.net/kml/2.2">
  <Document>
    <name>DeFlock ALPR Cameras -- Oklahoma (2026-08-22)</name>
    <description>Source: OpenStreetMap (surveillance:type=ALPR), same data DeFlock.me displays. ODbL licensed -- see https://www.openstreetmap.org/copyright</description>
    <Placemark>
      <name>ALPR</name>
      <description>OSM node: https://www.openstreetmap.org/node/2546410616
Manufacturer: Flock Safety
Direction: 240;160;105
Zone: traffic
Camera type: fixed</description>
      <Point>
        <coordinates>-97.3709877,35.4353472,0</coordinates>
      </Point>
    </Placemark>
    <Placemark>
      <name>Tulsa Police Department ALPR</name>
      <description>OSM node: https://www.openstreetmap.org/node/9374406862
Operator: Tulsa Police Department
Direction: 90
Zone: traffic
Camera type: fixed</description>
      <Point>
        <coordinates>-95.9040657,36.0606987,0</coordinates>
      </Point>
    </Placemark>
    <Placemark>
      <name>Tulsa Police Department ALPR</name>
      <description>OSM node: https://www.openstreetmap.org/node/9418755021
Operator: Tulsa Police Department
Direction: 270
Zone: traffic
Camera type: fixed</description>
      <Point>
        <coordinates>-95.9046148,36.0900084,0</coordinates>
      </Point>
    </Placemark>
    <Placemark>
      <name>ALPR</name>
      <description>OSM node: https://www.openstreetmap.org/node/9866792776
Manufacturer: Flock Safety
Direction: 160
Zone: traffic
Camera type: fixed</description>
      <Point>
        <coordinates>-95.9610373,36.1183219,0</coordinates>
      </Point>
    </Placemark>
    <Placemark>
      <name>ALPR</name>
      <description>OSM node: https://www.openstreetmap.org/node/9866792777
Manufacturer: Flock Safety
Direction: 210
Zone: traffic
Camera type: fixed</description>
      <Point>
        <coordinates>-95.9633715,36.1183097,0</coordinates>
      </Point>
    </Placemark>
    <Placemark>
      <name>ALPR</name>
      <description>OSM node: https://www.openstreetmap.org/node/9866792778
Manufacturer: Flock Safety
Direction: 120
Zone: traffic
Camera type: fixed</description>
      <Point>
        <coordinates>-95.9669288,36.1186048,0</coordinates>
      </Point>
    </Placemark>
    <Placemark>
      <name>ALPR</name>
      <description>OSM node: https://www.openstreetmap.org/node/9866792779
Manufacturer: Flock Safety
Direction: 120
Zone: traffic
Camera type: fixed</description>
      <Point>
        <coordinates>-95.9669615,36.1164017,0</coordinates>
      </Point>
    </Placemark>
    <Placemark>
      <name>Tulsa Police Department ALPR</name>
      <description>OSM node: https://www.openstreetmap.org/node/9942983872
Operator: Tulsa Police Department
Direction: 0
Zone: traffic
Camera type: fixed</description>
      <Point>
        <coordinates>-96.0294899,36.0900009,0</coordinates>
      </Point>
    </Placemark>
    <Placemark>
      <name>Yorktown HOA ALPR</name>
      <description>OSM node: https://www.openstreetmap.org/node/10908217417
Operator: Yorktown HOA
Manufacturer: Flock Safety
Direction: 55;41
Zone: residential;traffic
Camera type: fixed</description>
      <Point>
        <coordinates>-95.9756945,35.9786863,0</coordinates>
      </Point>
    </Placemark>
    <Placemark>
      <name>Jenks Police ALPR</name>
      <description>OSM node: https://www.openstreetmap.org/node/10908327650
Operator: Jenks Police
Manufacturer: Flock Safety
Direction: 335
Zone: street;traffic
Camera type: fixed</description>
      <Point>
        <coordinates>-95.9758421,35.9778038,0</coordinates>
      </Point>
    </Placemark>
    <Placemark>
      <name>Yorktown HOA ALPR</name>
      <description>OSM node: https://www.openstreetmap.org/node/10911318814
Operator: Yorktown HOA
Manufacturer: Flock Safety
Direction: 5
Zone: street
Camera type: fixed</description>
      <Point>
        <coordinates>-95.9733203,35.9739882,0</coordinates>
      </Point>
    </Placemark>
    <Placemark>
      <name>Flock Safety ALPR</name>
      <description>OSM node: https://www.openstreetmap.org/node/10911523118
Operator: Flock Safety
Direction: 45
Zone: ll traffic leaving a public space
Camera type: fixed</description>
      <Point>
        <coordinates>-95.9935918,36.0646497,0</coordinates>
      </Point>
    </Placemark>
    <Placemark>
      <name>Flock Safety ALPR</name>
      <description>OSM node: https://www.openstreetmap.org/node/10911523119
Operator: Flock Safety
Direction: 90
Zone: entrance
Camera type: fixed</description>
      <Point>
        <coordinates>-95.9943681,36.0707853,0</coordinates>
      </Point>
    </Placemark>
    <Placemark>
      <name>Tulsa Police Department ALPR</name>
      <description>OSM node: https://www.openstreetmap.org/node/10911751362
Operator: Tulsa Police Department
Direction: 340
Zone: traffic
Camera type: fixed</description>
      <Point>
        <coordinates>-95.9844966,36.0862908,0</coordinates>
      </Point>
    </Placemark>
    <Placemark>
      <name>Flock Safety ALPR</name>
      <description>OSM node: https://www.openstreetmap.org/node/10911752786
Operator: Flock Safety
Manufacturer: Flock Safety
Direction: 45
Zone: traffic
Camera type: fixed</description>
      <Point>
        <coordinates>-96.0099484,36.0245985,0</coordinates>
      </Point>
    </Placemark>
    <Placemark>
      <name>Tulsa Police Department ALPR</name>
      <description>OSM node: https://www.openstreetmap.org/node/10911845723
Operator: Tulsa Police Department
Direction: 0
Zone: traffic
Camera type: fixed</description>
      <Point>
        <coordinates>-95.9845838,36.0937586,0</coordinates>
      </Point>
    </Placemark>
    <Placemark>
      <name>Tulsa Police Department ALPR</name>
      <description>OSM node: https://www.openstreetmap.org/node/10911845724
Operator: Tulsa Police Department
Direction: 0
Zone: traffic
Camera type: fixed</description>
      <Point>
        <coordinates>-95.9756498,36.0875634,0</coordinates>
      </Point>
    </Placemark>
    <Placemark>
      <name>Tulsa Police Department ALPR</name>
      <description>OSM node: https://www.openstreetmap.org/node/10911845725
Operator: Tulsa Police Department
Direction: 0
Zone: traffic
Camera type: fixed</description>
      <Point>
        <coordinates>-95.9755697,36.0907457,0</coordinates>
      </Point>
    </Placemark>
    <Placemark>
      <name>Tulsa Police Department ALPR</name>
      <description>OSM node: https://www.openstreetmap.org/node/10913181983
Operator: Tulsa Police Department
Direction: 0
Zone: traffic
Camera type: fixed</description>
      <Point>
        <coordinates>-95.9578842,36.0882913,0</coordinates>
      </Point>
    </Placemark>
    <Placemark>
      <name>Tulsa Police Department ALPR</name>
      <description>OSM node: https://www.openstreetmap.org/node/10913181985
Operator: Tulsa Police Department
Direction: 180
Zone: traffic
Camera type: fixed</description>
      <Point>
        <coordinates>-95.9690956,36.0617252,0</coordinates>
      </Point>
    </Placemark>
    <Placemark>
      <name>Tulsa Police Department ALPR</name>
      <description>OSM node: https://www.openstreetmap.org/node/10913181986
Operator: Tulsa Police Department
Direction: 145
Zone: traffic
Camera type: fixed</description>
      <Point>
        <coordinates>-95.9758779,36.0646573,0</coordinates>
      </Point>
    </Placemark>
    <Placemark>
      <name>Tulsa Police Department ALPR</name>
      <description>OSM node: https://www.openstreetmap.org/node/10913181987
Operator: Tulsa Police Department
Direction: 270
Zone: traffic
Camera type: fixed</description>
      <Point>
        <coordinates>-95.9813049,36.0753619,0</coordinates>
      </Point>
    </Placemark>
    <Placemark>
      <name>Tulsa Police Department ALPR</name>
      <description>OSM node: https://www.openstreetmap.org/node/10917032831
Operator: Tulsa Police Department
Zone: traffic
Camera type: fixed</description>
      <Point>
        <coordinates>-96.0037117,36.054905,0</coordinates>
      </Point>
    </Placemark>
    <Placemark>
      <name>Tulsa Police Department ALPR</name>
      <description>OSM node: https://www.openstreetmap.org/node/10917032832
Operator: Tulsa Police Department
Zone: traffic
Camera type: fixed</description>
      <Point>
        <coordinates>-96.0027421,36.0563205,0</coordinates>
      </Point>
    </Placemark>
    <Placemark>
      <name>Tulsa Police Department ALPR</name>
      <description>OSM node: https://www.openstreetmap.org/node/10917032833
Operator: Tulsa Police Department
Zone: traffic
Camera type: fixed</description>
      <Point>
        <coordinates>-96.0036159,36.056512,0</coordinates>
      </Point>
    </Placemark>
    <Placemark>
      <name>Flock Safety ALPR</name>
      <description>OSM node: https://www.openstreetmap.org/node/10917032834
Operator: Flock Safety
Zone: traffic
Camera type: fixed</description>
      <Point>
        <coordinates>-96.0028925,36.0578326,0</coordinates>
      </Point>
    </Placemark>
    <Placemark>
      <name>Tulsa Police Department ALPR</name>
      <description>OSM node: https://www.openstreetmap.org/node/10917032835
Operator: Tulsa Police Department
Zone: traffic
Camera type: fixed</description>
      <Point>
        <coordinates>-96.0033822,36.0588801,0</coordinates>
      </Point>
    </Placemark>
    <Placemark>
      <name>Tulsa Police Department ALPR</name>
      <description>OSM node: https://www.openstreetmap.org/node/10917032836
Operator: Tulsa Police Department
Zone: traffic
Camera type: fixed</description>
      <Point>
        <coordinates>-96.0036461,36.0600835,0</coordinates>
      </Point>
    </Placemark>
    <Placemark>
      <name>Tulsa Police Department ALPR</name>
      <description>OSM node: https://www.openstreetmap.org/node/10917032837
Operator: Tulsa Police Department
Zone: traffic
Camera type: fixed</description>
      <Point>
        <coordinates>-96.0041567,36.0535779,0</coordinates>
      </Point>
    </Placemark>
    <Placemark>
      <name>Tulsa Police Department ALPR</name>
      <description>OSM node: https://www.openstreetmap.org/node/10917032838
Operator: Tulsa Police Department
Zone: traffic
Camera type: fixed</description>
      <Point>
        <coordinates>-96.0049478,36.0540053,0</coordinates>
      </Point>
    </Placemark>
    <Placemark>
      <name>ALPR</name>
      <description>OSM node: https://www.openstreetmap.org/node/11001547576
Direction: 165
Zone: traffic</description>
      <Point>
        <coordinates>-97.5132899,35.4598478,0</coordinates>
      </Point>
    </Placemark>
    <Placemark>
      <name>ALPR</name>
      <description>OSM node: https://www.openstreetmap.org/node/11001547577
Direction: 345
Zone: traffic</description>
      <Point>
        <coordinates>-97.5654954,35.523557,0</coordinates>
      </Point>
    </Placemark>
    <Placemark>
      <name>ALPR</name>
      <description>OSM node: https://www.openstreetmap.org/node/11001547578
Direction: 165
Zone: traffic</description>
      <Point>
        <coordinates>-97.5657871,35.5232193,0</coordinates>
      </Point>
    </Placemark>
    <Placemark>
      <name>ALPR</name>
      <description>OSM node: https://www.openstreetmap.org/node/11001547579
Direction: 345
Zone: traffic</description>
      <Point>
        <coordinates>-97.5655001,35.5401183,0</coordinates>
      </Point>
    </Placemark>
    <Placemark>
      <name>ALPR</name>
      <description>OSM node: https://www.openstreetmap.org/node/11001547580
Direction: 75
Zone: traffic</description>
      <Point>
        <coordinates>-97.6055388,35.5111048,0</coordinates>
      </Point>
    </Placemark>
    <Placemark>
      <name>ALPR</name>
      <description>OSM node: https://www.openstreetmap.org/node/11001547581
Direction: 255
Zone: traffic</description>
      <Point>
        <coordinates>-97.5976518,35.5116212,0</coordinates>
      </Point>
    </Placemark>
    <Placemark>
      <name>ALPR</name>
      <description>OSM node: https://www.openstreetmap.org/node/11001547582
Direction: 90
Zone: traffic</description>
      <Point>
        <coordinates>-97.6627692,35.568417,0</coordinates>
      </Point>
    </Placemark>
    <Placemark>
      <name>ALPR</name>
      <description>OSM node: https://www.openstreetmap.org/node/11001547583
Direction: 270
Zone: traffic</description>
      <Point>
        <coordinates>-97.658163,35.5668594,0</coordinates>
      </Point>
    </Placemark>
    <Placemark>
      <name>ALPR</name>
      <description>OSM node: https://www.openstreetmap.org/node/11045432954
Manufacturer: Flock Safety
Direction: 328-13
Zone: traffic
Camera type: fixed</description>
      <Point>
        <coordinates>-97.5286455,35.4680036,0</coordinates>
      </Point>
    </Placemark>
    <Placemark>
      <name>ALPR</name>
      <description>OSM node: https://www.openstreetmap.org/node/11047126750
Manufacturer: Flock Safety
Direction: 70
Zone: entrance</description>
      <Point>
        <coordinates>-97.5472742,35.5254902,0</coordinates>
      </Point>
    </Placemark>
    <Placemark>
      <name>ALPR</name>
      <description>OSM node: https://www.openstreetmap.org/node/11047126751
Manufacturer: Flock Safety
Direction: 100
Zone: entrance</description>
      <Point>
        <coordinates>-97.5472827,35.5256293,0</coordinates>
      </Point>
    </Placemark>
    <Placemark>
      <name>ALPR</name>
      <description>OSM node: https://www.openstreetmap.org/node/11047126752
Manufacturer: Flock Safety
Direction: 70
Zone: entrance</description>
      <Point>
        <coordinates>-97.5473295,35.5265776,0</coordinates>
      </Point>
    </Placemark>
    <Placemark>
      <name>ALPR</name>
      <description>OSM node: https://www.openstreetmap.org/node/11047126753
Manufacturer: Flock Safety
Direction: 330
Zone: entrance</description>
      <Point>
        <coordinates>-97.5447496,35.5230202,0</coordinates>
      </Point>
    </Placemark>
    <Placemark>
      <name>ALPR</name>
      <description>OSM node: https://www.openstreetmap.org/node/11047126754
Manufacturer: Flock Safety
Direction: 300
Zone: entrance</description>
      <Point>
        <coordinates>-97.5421133,35.5233389,0</coordinates>
      </Point>
    </Placemark>
    <Placemark>
      <name>Oklahoma City Police Department ALPR</name>
      <description>OSM node: https://www.openstreetmap.org/node/11047126755
Operator: Oklahoma City Police Department
Manufacturer: Flock Safety
Direction: 260
Zone: traffic</description>
      <Point>
        <coordinates>-97.5477821,35.5233608,0</coordinates>
      </Point>
    </Placemark>
    <Placemark>
      <name>ALPR</name>
      <description>OSM node: https://www.openstreetmap.org/node/11047526150
Direction: 250
Zone: traffic</description>
      <Point>
        <coordinates>-97.5836234,35.4644282,0</coordinates>
      </Point>
    </Placemark>
    <Placemark>
      <name>ALPR</name>
      <description>OSM node: https://www.openstreetmap.org/node/11047526151
Direction: 75
Zone: traffic</description>
      <Point>
        <coordinates>-97.5668659,35.4741668,0</coordinates>
      </Point>
    </Placemark>
    <Placemark>
      <name>ALPR</name>
      <description>OSM node: https://www.openstreetmap.org/node/11047526152
Direction: 0
Zone: traffic</description>
      <Point>
        <coordinates>-97.5745645,35.4667829,0</coordinates>
      </Point>
    </Placemark>
    <Placemark>
      <name>ALPR</name>
      <description>OSM node: https://www.openstreetmap.org/node/11047526153
Direction: 340
Zone: traffic</description>
      <Point>
        <coordinates>-97.5688367,35.4666537,0</coordinates>
      </Point>
    </Placemark>
    <Placemark>
      <name>ALPR</name>
      <description>OSM node: https://www.openstreetmap.org/node/11047526154
Direction: 110
Zone: traffic</description>
      <Point>
        <coordinates>-97.5673979,35.4693914,0</coordinates>
      </Point>
    </Placemark>
    <Placemark>
      <name>ALPR</name>
      <description>OSM node: https://www.openstreetmap.org/node/11047526155
Direction: 180
Zone: traffic</description>
      <Point>
        <coordinates>-97.5741471,35.467861,0</coordinates>
      </Point>
    </Placemark>
    <Placemark>
      <name>ALPR</name>
      <description>OSM node: https://www.openstreetmap.org/node/11081850461
Manufacturer: Flock Safety
Direction: 250
Zone: traffic
Camera type: fixed</description>
      <Point>
        <coordinates>-97.6015996,35.5224585,0</coordinates>
      </Point>
    </Placemark>
    <Placemark>
      <name>ALPR</name>
      <description>OSM node: https://www.openstreetmap.org/node/11081850462
Manufacturer: Flock Safety
Direction: 80
Zone: traffic
Camera type: fixed</description>
      <Point>
        <coordinates>-97.6272296,35.522284,0</coordinates>
      </Point>
    </Placemark>
    <Placemark>
      <name>ALPR</name>
      <description>OSM node: https://www.openstreetmap.org/node/11081850464
Manufacturer: Flock Safety
Direction: 270
Zone: traffic
Camera type: fixed</description>
      <Point>
        <coordinates>-97.5836169,35.5341854,0</coordinates>
      </Point>
    </Placemark>
    <Placemark>
      <name>ALPR</name>
      <description>OSM node: https://www.openstreetmap.org/node/11103523722
Manufacturer: Flock Safety
Direction: 218-263
Zone: traffic
Camera type: fixed</description>
      <Point>
        <coordinates>-97.5478945,35.4933975,0</coordinates>
      </Point>
    </Placemark>
    <Placemark>
      <name>ALPR</name>
      <description>OSM node: https://www.openstreetmap.org/node/11103523724
Direction: 80
Zone: traffic</description>
      <Point>
        <coordinates>-97.5300928,35.4931811,0</coordinates>
      </Point>
    </Placemark>
    <Placemark>
      <name>ALPR</name>
      <description>OSM node: https://www.openstreetmap.org/node/11103523725
Direction: 160
Zone: traffic</description>
      <Point>
        <coordinates>-97.6012934,35.4931715,0</coordinates>
      </Point>
    </Placemark>
    <Placemark>
      <name>ALPR</name>
      <description>OSM node: https://www.openstreetmap.org/node/11103523726
Direction: 80
Zone: traffic</description>
      <Point>
        <coordinates>-97.5653598,35.4350423,0</coordinates>
      </Point>
    </Placemark>
    <Placemark>
      <name>ALPR</name>
      <description>OSM node: https://www.openstreetmap.org/node/11103523727
Direction: 250
Zone: traffic</description>
      <Point>
        <coordinates>-97.5552571,35.4062845,0</coordinates>
      </Point>
    </Placemark>
    <Placemark>
      <name>ALPR</name>
      <description>OSM node: https://www.openstreetmap.org/node/11103523728
Direction: 70
Zone: traffic</description>
      <Point>
        <coordinates>-97.5653727,35.4060795,0</coordinates>
      </Point>
    </Placemark>
    <Placemark>
      <name>ALPR</name>
      <description>OSM node: https://www.openstreetmap.org/node/11124022088
Manufacturer: Flock Safety
Direction: 138-183
Zone: traffic
Camera type: fixed</description>
      <Point>
        <coordinates>-97.5133694,35.4641498,0</coordinates>
      </Point>
    </Placemark>
    <Placemark>
      <name>ALPR</name>
      <description>OSM node: https://www.openstreetmap.org/node/11124022089
Direction: 340
Zone: traffic</description>
      <Point>
        <coordinates>-97.6009813,35.4934635,0</coordinates>
      </Point>
    </Placemark>
    <Placemark>
      <name>ALPR</name>
      <description>OSM node: https://www.openstreetmap.org/node/11124022090
Direction: 70
Zone: traffic</description>
      <Point>
        <coordinates>-97.7600467,35.4788152,0</coordinates>
      </Point>
    </Placemark>
    <Placemark>
      <name>ALPR</name>
      <description>OSM node: https://www.openstreetmap.org/node/11386109365
Manufacturer: Flock Safety
Direction: 220
Zone: traffic</description>
      <Point>
        <coordinates>-97.4246667,35.4642282,0</coordinates>
      </Point>
    </Placemark>
    <Placemark>
      <name>ALPR</name>
      <description>OSM node: https://www.openstreetmap.org/node/11386109366
Manufacturer: Flock Safety
Direction: 235
Zone: traffic</description>
      <Point>
        <coordinates>-97.4242124,35.4353567,0</coordinates>
      </Point>
    </Placemark>
    <Placemark>
      <name>ALPR</name>
      <description>OSM node: https://www.openstreetmap.org/node/11386109367
Manufacturer: Flock Safety
Direction: 235
Zone: traffic</description>
      <Point>
        <coordinates>-97.4867224,35.4354595,0</coordinates>
      </Point>
    </Placemark>
    <Placemark>
      <name>ALPR</name>
      <description>OSM node: https://www.openstreetmap.org/node/11386448732
Manufacturer: Flock Safety
Direction: 330
Zone: traffic</description>
      <Point>
        <coordinates>-97.4412975,35.4364107,0</coordinates>
      </Point>
    </Placemark>
    <Placemark>
      <name>ALPR</name>
      <description>OSM node: https://www.openstreetmap.org/node/11393100171
Manufacturer: Flock Safety
Direction: 330
Zone: traffic</description>
      <Point>
        <coordinates>-97.4058298,35.4354538,0</coordinates>
      </Point>
    </Placemark>
    <Placemark>
      <name>ALPR</name>
      <description>OSM node: https://www.openstreetmap.org/node/11393100172
Manufacturer: Flock Safety
Direction: 240
Zone: traffic</description>
      <Point>
        <coordinates>-97.4261341,35.4497728,0</coordinates>
      </Point>
    </Placemark>
    <Placemark>
      <name>ALPR</name>
      <description>OSM node: https://www.openstreetmap.org/node/11447869827
Direction: 340
Zone: traffic</description>
      <Point>
        <coordinates>-97.583214,35.4934676,0</coordinates>
      </Point>
    </Placemark>
    <Placemark>
      <name>ALPR</name>
      <description>OSM node: https://www.openstreetmap.org/node/11447869828
Direction: 180
Zone: traffic</description>
      <Point>
        <coordinates>-97.6191494,35.4931486,0</coordinates>
      </Point>
    </Placemark>
    <Placemark>
      <name>ALPR</name>
      <description>OSM node: https://www.openstreetmap.org/node/11447869829
Direction: 180
Zone: traffic</description>
      <Point>
        <coordinates>-97.5657253,35.5002515,0</coordinates>
      </Point>
    </Placemark>
    <Placemark>
      <name>ALPR</name>
      <description>OSM node: https://www.openstreetmap.org/node/11447869831
Manufacturer: Flock Safety
Direction: 250
Zone: traffic
Camera type: fixed</description>
      <Point>
        <coordinates>-97.6103161,35.5369262,0</coordinates>
      </Point>
    </Placemark>
    <Placemark>
      <name>ALPR</name>
      <description>OSM node: https://www.openstreetmap.org/node/11451107770
Direction: 165
Zone: traffic</description>
      <Point>
        <coordinates>-97.6544426,35.4645393,0</coordinates>
      </Point>
    </Placemark>
    <Placemark>
      <name>ALPR</name>
      <description>OSM node: https://www.openstreetmap.org/node/11492544925
Direction: 165
Zone: traffic</description>
      <Point>
        <coordinates>-97.5657571,35.5436056,0</coordinates>
      </Point>
    </Placemark>
    <Placemark>
      <name>Yukon Police ALPR</name>
      <description>OSM node: https://www.openstreetmap.org/node/11492544926
Operator: Yukon Police
Manufacturer: Flock Safety
Direction: 140
Zone: traffic
Camera type: fixed</description>
      <Point>
        <coordinates>-97.7423559,35.4791119,0</coordinates>
      </Point>
    </Placemark>
    <Placemark>
      <name>ALPR</name>
      <description>OSM node: https://www.openstreetmap.org/node/11494098649
Manufacturer: Flock Safety
Direction: 50
Zone: traffic</description>
      <Point>
        <coordinates>-97.4588653,35.4351597,0</coordinates>
      </Point>
    </Placemark>
    <Placemark>
      <name>ALPR</name>
      <description>OSM node: https://www.openstreetmap.org/node/11494098650
Manufacturer: Flock Safety
Direction: 230
Zone: traffic</description>
      <Point>
        <coordinates>-97.4882661,35.4499955,0</coordinates>
      </Point>
    </Placemark>
    <Placemark>
      <name>ALPR</name>
      <description>OSM node: https://www.openstreetmap.org/node/11504268127
Direction: 234
Zone: traffic</description>
      <Point>
        <coordinates>-97.5760445,35.5657979,0</coordinates>
      </Point>
    </Placemark>
    <Placemark>
      <name>ALPR</name>
      <description>OSM node: https://www.openstreetmap.org/node/11657177063
Direction: 340
Zone: traffic</description>
      <Point>
        <coordinates>-97.7591762,35.4811814,0</coordinates>
      </Point>
    </Placemark>
    <Placemark>
      <name>ALPR</name>
      <description>OSM node: https://www.openstreetmap.org/node/11657177064
Direction: 30
Zone: traffic</description>
      <Point>
        <coordinates>-97.7585153,35.4811841,0</coordinates>
      </Point>
    </Placemark>
    <Placemark>
      <name>ALPR</name>
      <description>OSM node: https://www.openstreetmap.org/node/11657177065
Direction: 160
Zone: traffic</description>
      <Point>
        <coordinates>-97.7584588,35.483378,0</coordinates>
      </Point>
    </Placemark>
    <Placemark>
      <name>ALPR</name>
      <description>OSM node: https://www.openstreetmap.org/node/11657177066
Direction: 230
Zone: traffic</description>
      <Point>
        <coordinates>-97.5659522,35.5101739,0</coordinates>
      </Point>
    </Placemark>
    <Placemark>
      <name>ALPR</name>
      <description>OSM node: https://www.openstreetmap.org/node/11657177067
Direction: 200
Zone: traffic</description>
      <Point>
        <coordinates>-97.5668908,35.5109439,0</coordinates>
      </Point>
    </Placemark>
    <Placemark>
      <name>ALPR</name>
      <description>OSM node: https://www.openstreetmap.org/node/11657186433
Manufacturer: Flock Safety
Direction: 138-183
Zone: traffic
Camera type: fixed</description>
      <Point>
        <coordinates>-97.5131472,35.4621069,0</coordinates>
      </Point>
    </Placemark>
    <Placemark>
      <name>ALPR</name>
      <description>OSM node: https://www.openstreetmap.org/node/11688972737
Direction: 340
Zone: traffic</description>
      <Point>
        <coordinates>-97.4765891,35.4642998,0</coordinates>
      </Point>
    </Placemark>
    <Placemark>
      <name>ALPR</name>
      <description>OSM node: https://www.openstreetmap.org/node/11688972738
Direction: 70
Zone: traffic</description>
      <Point>
        <coordinates>-97.4941834,35.5076288,0</coordinates>
      </Point>
    </Placemark>
    <Placemark>
      <name>ALPR</name>
      <description>OSM node: https://www.openstreetmap.org/node/11688972739
Direction: 340
Zone: traffic</description>
      <Point>
        <coordinates>-97.4250818,35.7997276,0</coordinates>
      </Point>
    </Placemark>
    <Placemark>
      <name>ALPR</name>
      <description>OSM node: https://www.openstreetmap.org/node/11700959306
Direction: 70
Zone: traffic</description>
      <Point>
        <coordinates>-97.5518698,35.5945677,0</coordinates>
      </Point>
    </Placemark>
    <Placemark>
      <name>ALPR</name>
      <description>OSM node: https://www.openstreetmap.org/node/11700959307
Direction: 340
Zone: traffic</description>
      <Point>
        <coordinates>-97.5492727,35.5964753,0</coordinates>
      </Point>
    </Placemark>
    <Placemark>
      <name>ALPR</name>
      <description>OSM node: https://www.openstreetmap.org/node/11761729020
Direction: 120
Zone: traffic</description>
      <Point>
        <coordinates>-97.6363005,35.4643059,0</coordinates>
      </Point>
    </Placemark>
    <Placemark>
      <name>ALPR</name>
      <description>OSM node: https://www.openstreetmap.org/node/11761729021
Direction: 20
Zone: traffic</description>
      <Point>
        <coordinates>-97.3683121,34.9857708,0</coordinates>
      </Point>
    </Placemark>
    <Placemark>
      <name>ALPR</name>
      <description>OSM node: https://www.openstreetmap.org/node/11761729022
Direction: 150
Zone: traffic</description>
      <Point>
        <coordinates>-97.3674318,34.998288,0</coordinates>
      </Point>
    </Placemark>
    <Placemark>
      <name>ALPR</name>
      <description>OSM node: https://www.openstreetmap.org/node/11761729023
Direction: 250
Zone: traffic</description>
      <Point>
        <coordinates>-97.3594635,35.0136379,0</coordinates>
      </Point>
    </Placemark>
    <Placemark>
      <name>ALPR</name>
      <description>OSM node: https://www.openstreetmap.org/node/11766184031
Direction: 300
Zone: traffic</description>
      <Point>
        <coordinates>-97.5338624,35.5374279,0</coordinates>
      </Point>
    </Placemark>
    <Placemark>
      <name>ALPR</name>
      <description>OSM node: https://www.openstreetmap.org/node/11766184032
Direction: 60
Zone: traffic</description>
      <Point>
        <coordinates>-97.5491803,35.5507893,0</coordinates>
      </Point>
    </Placemark>
    <Placemark>
      <name>ALPR</name>
      <description>OSM node: https://www.openstreetmap.org/node/11766184033
Direction: 220
Zone: traffic</description>
      <Point>
        <coordinates>-97.5494686,35.5508847,0</coordinates>
      </Point>
    </Placemark>
    <Placemark>
      <name>ALPR</name>
      <description>OSM node: https://www.openstreetmap.org/node/11766184034
Manufacturer: Flock Safety
Direction: 70
Zone: traffic</description>
      <Point>
        <coordinates>-97.5566006,35.5483559,0</coordinates>
      </Point>
    </Placemark>
    <Placemark>
      <name>ALPR</name>
      <description>OSM node: https://www.openstreetmap.org/node/11766184035
Direction: 150
Zone: traffic</description>
      <Point>
        <coordinates>-97.5493287,35.5627059,0</coordinates>
      </Point>
    </Placemark>
    <Placemark>
      <name>ALPR</name>
      <description>OSM node: https://www.openstreetmap.org/node/11766184036
Direction: 340
Zone: traffic</description>
      <Point>
        <coordinates>-97.5491337,35.5663762,0</coordinates>
      </Point>
    </Placemark>
    <Placemark>
      <name>ALPR</name>
      <description>OSM node: https://www.openstreetmap.org/node/11766219996
Direction: 290
Zone: traffic</description>
      <Point>
        <coordinates>-97.5486809,35.5689374,0</coordinates>
      </Point>
    </Placemark>
    <Placemark>
      <name>ALPR</name>
      <description>OSM node: https://www.openstreetmap.org/node/11805581106
Direction: 340
Zone: traffic</description>
      <Point>
        <coordinates>-97.5654553,35.464401,0</coordinates>
      </Point>
    </Placemark>
    <Placemark>
      <name>Tulsa Police Department ALPR</name>
      <description>OSM node: https://www.openstreetmap.org/node/11819792543
Operator: Tulsa Police Department
Direction: 335
Zone: street
Camera type: fixed</description>
      <Point>
        <coordinates>-95.850948,36.0973073,0</coordinates>
      </Point>
    </Placemark>
    <Placemark>
      <name>Flock Safety ALPR</name>
      <description>OSM node: https://www.openstreetmap.org/node/11819875423
Operator: Flock Safety
Direction: 115
Zone: street
Camera type: fixed</description>
      <Point>
        <coordinates>-96.0228327,36.0029574,0</coordinates>
      </Point>
    </Placemark>
    <Placemark>
      <name>Flock Safety ALPR</name>
      <description>OSM node: https://www.openstreetmap.org/node/11819875424
Operator: Flock Safety
Direction: 245
Zone: street
Camera type: fixed</description>
      <Point>
        <coordinates>-96.0140555,36.0031316,0</coordinates>
      </Point>
    </Placemark>
    <Placemark>
      <name>Creek County Sheriff ALPR</name>
      <description>OSM node: https://www.openstreetmap.org/node/11819910893
Operator: Creek County Sheriff
Manufacturer: Flock Safety
Direction: 155
Zone: street</description>
      <Point>
        <coordinates>-96.0475275,36.0108136,0</coordinates>
      </Point>
    </Placemark>
    <Placemark>
      <name>Jenks Police ALPR</name>
      <description>OSM node: https://www.openstreetmap.org/node/11822744212
Operator: Jenks Police
Manufacturer: Flock Safety
Direction: 235
Zone: traffic
Camera type: fixed</description>
      <Point>
        <coordinates>-95.9593289,36.0239681,0</coordinates>
      </Point>
    </Placemark>
    <Placemark>
      <name>Flock Safety ALPR</name>
      <description>OSM node: https://www.openstreetmap.org/node/11822791927
Operator: Flock Safety
Zone: traffic
Camera type: fixed</description>
      <Point>
        <coordinates>-96.0055333,36.0540663,0</coordinates>
      </Point>
    </Placemark>
    <Placemark>
      <name>Tulsa Police Department ALPR</name>
      <description>OSM node: https://www.openstreetmap.org/node/11822849933
Operator: Tulsa Police Department
Zone: traffic
Camera type: fixed</description>
      <Point>
        <coordinates>-96.0025459,36.0535749,0</coordinates>
      </Point>
    </Placemark>
    <Placemark>
      <name>Tulsa Police Department ALPR</name>
      <description>OSM node: https://www.openstreetmap.org/node/11822849934
Operator: Tulsa Police Department
Zone: traffic
Camera type: fixed</description>
      <Point>
        <coordinates>-96.0020436,36.0579709,0</coordinates>
      </Point>
    </Placemark>
    <Placemark>
      <name>Tulsa Police Department ALPR</name>
      <description>OSM node: https://www.openstreetmap.org/node/11822849935
Operator: Tulsa Police Department
Zone: traffic
Camera type: fixed</description>
      <Point>
        <coordinates>-96.0028167,36.0589806,0</coordinates>
      </Point>
    </Placemark>
    <Placemark>
      <name>Tulsa Police Department ALPR</name>
      <description>OSM node: https://www.openstreetmap.org/node/11822849936
Operator: Tulsa Police Department
Zone: traffic
Camera type: fixed</description>
      <Point>
        <coordinates>-96.0028023,36.0599301,0</coordinates>
      </Point>
    </Placemark>
    <Placemark>
      <name>Tulsa Police Department ALPR</name>
      <description>OSM node: https://www.openstreetmap.org/node/11822849937
Operator: Tulsa Police Department
Zone: traffic
Camera type: fixed</description>
      <Point>
        <coordinates>-96.0020355,36.059903,0</coordinates>
      </Point>
    </Placemark>
    <Placemark>
      <name>ALPR</name>
      <description>OSM node: https://www.openstreetmap.org/node/11881767445
Manufacturer: Flock Safety
Direction: 340
Zone: traffic</description>
      <Point>
        <coordinates>-97.4411818,35.4210231,0</coordinates>
      </Point>
    </Placemark>
    <Placemark>
      <name>ALPR</name>
      <description>OSM node: https://www.openstreetmap.org/node/11881767446
Manufacturer: Flock Safety
Direction: 155
Zone: traffic</description>
      <Point>
        <coordinates>-97.4326572,35.4457231,0</coordinates>
      </Point>
    </Placemark>
    <Placemark>
      <name>ALPR</name>
      <description>OSM node: https://www.openstreetmap.org/node/11881767447
Manufacturer: Flock Safety
Direction: 155
Zone: traffic</description>
      <Point>
        <coordinates>-97.4416194,35.4490754,0</coordinates>
      </Point>
    </Placemark>
    <Placemark>
      <name>ALPR</name>
      <description>OSM node: https://www.openstreetmap.org/node/11904404783
Direction: 255
Zone: traffic</description>
      <Point>
        <coordinates>-97.5423872,35.5224561,0</coordinates>
      </Point>
    </Placemark>
    <Placemark>
      <name>ALPR</name>
      <description>OSM node: https://www.openstreetmap.org/node/11904404784
Direction: 240
Zone: traffic</description>
      <Point>
        <coordinates>-97.636855,35.4645801,0</coordinates>
      </Point>
    </Placemark>
    <Placemark>
      <name>ALPR</name>
      <description>OSM node: https://www.openstreetmap.org/node/11904404785
Direction: 210
Zone: traffic</description>
      <Point>
        <coordinates>-97.3750208,34.9985061,0</coordinates>
      </Point>
    </Placemark>
    <Placemark>
      <name>ALPR</name>
      <description>OSM node: https://www.openstreetmap.org/node/11904404786
Direction: 30
Zone: traffic</description>
      <Point>
        <coordinates>-97.374998,34.9985542,0</coordinates>
      </Point>
    </Placemark>
    <Placemark>
      <name>ALPR</name>
      <description>OSM node: https://www.openstreetmap.org/node/11927065681
Manufacturer: Flock Safety
Direction: 320
Zone: traffic</description>
      <Point>
        <coordinates>-97.485691,35.4347655,0</coordinates>
      </Point>
    </Placemark>
    <Placemark>
      <name>ALPR</name>
      <description>OSM node: https://www.openstreetmap.org/node/12007388723
Direction: 60
Zone: traffic</description>
      <Point>
        <coordinates>-97.1633659,34.1873482,0</coordinates>
      </Point>
    </Placemark>
    <Placemark>
      <name>ALPR</name>
      <description>OSM node: https://www.openstreetmap.org/node/12007388724
Direction: 60
Zone: traffic</description>
      <Point>
        <coordinates>-97.1376115,34.1867164,0</coordinates>
      </Point>
    </Placemark>
    <Placemark>
      <name>ALPR</name>
      <description>OSM node: https://www.openstreetmap.org/node/12043395329
Direction: 250
Zone: traffic</description>
      <Point>
        <coordinates>-97.5083169,35.4063364,0</coordinates>
      </Point>
    </Placemark>
    <Placemark>
      <name>ALPR</name>
      <description>OSM node: https://www.openstreetmap.org/node/12043395330
Direction: 180
Zone: traffic</description>
      <Point>
        <coordinates>-97.5072649,35.3933281,0</coordinates>
      </Point>
    </Placemark>
    <Placemark>
      <name>ALPR</name>
      <description>OSM node: https://www.openstreetmap.org/node/12043395331
Direction: 0
Zone: traffic</description>
      <Point>
        <coordinates>-97.5072747,35.3933532,0</coordinates>
      </Point>
    </Placemark>
    <Placemark>
      <name>ALPR</name>
      <description>OSM node: https://www.openstreetmap.org/node/12043395338
Direction: 60
Zone: traffic</description>
      <Point>
        <coordinates>-97.1634206,34.172707,0</coordinates>
      </Point>
    </Placemark>
    <Placemark>
      <name>ALPR</name>
      <description>OSM node: https://www.openstreetmap.org/node/12184895905
Direction: 170
Zone: traffic</description>
      <Point>
        <coordinates>-97.5032449,35.5221189,0</coordinates>
      </Point>
    </Placemark>
    <Placemark>
      <name>Edmond Police Department ALPR</name>
      <description>OSM node: https://www.openstreetmap.org/node/12331104954
Operator: Edmond Police Department
Direction: 60
Zone: traffic
Camera type: fixed</description>
      <Point>
        <coordinates>-97.5135808,35.6819951,0</coordinates>
      </Point>
    </Placemark>
    <Placemark>
      <name>Edmond Police Department ALPR</name>
      <description>OSM node: https://www.openstreetmap.org/node/12331165113
Operator: Edmond Police Department
Direction: 60
Zone: traffic
Camera type: fixed</description>
      <Point>
        <coordinates>-97.5145761,35.6674112,0</coordinates>
      </Point>
    </Placemark>
    <Placemark>
      <name>Edmond Police Department ALPR</name>
      <description>OSM node: https://www.openstreetmap.org/node/12331171028
Operator: Edmond Police Department
Direction: 330
Zone: traffic
Camera type: fixed</description>
      <Point>
        <coordinates>-97.4780922,35.6238934,0</coordinates>
      </Point>
    </Placemark>
    <Placemark>
      <name>Edmond Police Department ALPR</name>
      <description>OSM node: https://www.openstreetmap.org/node/12331172534
Operator: Edmond Police Department
Direction: 155
Zone: traffic
Camera type: fixed</description>
      <Point>
        <coordinates>-97.4961252,35.6525758,0</coordinates>
      </Point>
    </Placemark>
    <Placemark>
      <name>Edmond Police Department ALPR</name>
      <description>OSM node: https://www.openstreetmap.org/node/12331177750
Operator: Edmond Police Department
Direction: 245
Zone: traffic
Camera type: fixed</description>
      <Point>
        <coordinates>-97.4192796,35.6819022,0</coordinates>
      </Point>
    </Placemark>
    <Placemark>
      <name>Edmond Police Department ALPR</name>
      <description>OSM node: https://www.openstreetmap.org/node/12331572899
Operator: Edmond Police Department
Direction: 240
Zone: traffic
Camera type: fixed</description>
      <Point>
        <coordinates>-97.4267397,35.6383591,0</coordinates>
      </Point>
    </Placemark>
    <Placemark>
      <name>ALPR</name>
      <description>OSM node: https://www.openstreetmap.org/node/12332580121
Manufacturer: Motorolla
Direction: 140
Zone: traffic
Camera type: fixed</description>
      <Point>
        <coordinates>-97.5341628,35.5376083,0</coordinates>
      </Point>
    </Placemark>
    <Placemark>
      <name>ALPR</name>
      <description>OSM node: https://www.openstreetmap.org/node/12332580852
Direction: 160
Zone: traffic</description>
      <Point>
        <coordinates>-97.5215743,35.4393515,0</coordinates>
      </Point>
    </Placemark>
    <Placemark>
      <name>ALPR</name>
      <description>OSM node: https://www.openstreetmap.org/node/12332581195
Direction: 270
Zone: traffic</description>
      <Point>
        <coordinates>-97.5834997,35.4788037,0</coordinates>
      </Point>
    </Placemark>
    <Placemark>
      <name>ALPR</name>
      <description>OSM node: https://www.openstreetmap.org/node/12332581196
Direction: 70
Zone: traffic</description>
      <Point>
        <coordinates>-97.6227586,35.4787438,0</coordinates>
      </Point>
    </Placemark>
    <Placemark>
      <name>ALPR</name>
      <description>OSM node: https://www.openstreetmap.org/node/12332581197
Direction: 340
Zone: traffic</description>
      <Point>
        <coordinates>-97.6541546,35.4934581,0</coordinates>
      </Point>
    </Placemark>
    <Placemark>
      <name>ALPR</name>
      <description>OSM node: https://www.openstreetmap.org/node/12332581198
Direction: 240
Zone: traffic</description>
      <Point>
        <coordinates>-97.4668319,35.4787133,0</coordinates>
      </Point>
    </Placemark>
    <Placemark>
      <name>Flock Safety ALPR</name>
      <description>OSM node: https://www.openstreetmap.org/node/12339976871
Operator: Flock Safety
Direction: 135
Zone: traffic
Camera type: fixed</description>
      <Point>
        <coordinates>-96.0476474,36.0775398,0</coordinates>
      </Point>
    </Placemark>
    <Placemark>
      <name>Flock Safety ALPR</name>
      <description>OSM node: https://www.openstreetmap.org/node/12339976872
Operator: Flock Safety
Direction: 50
Zone: traffic
Camera type: fixed</description>
      <Point>
        <coordinates>-96.046868,36.075402,0</coordinates>
      </Point>
    </Placemark>
    <Placemark>
      <name>Broken Arrow PD ALPR</name>
      <description>OSM node: https://www.openstreetmap.org/node/12345179538
Operator: Broken Arrow PD
Direction: 180
Zone: traffic
Camera type: fixed</description>
      <Point>
        <coordinates>-95.8154064,36.060727,0</coordinates>
      </Point>
    </Placemark>
    <Placemark>
      <name>Broken Arrow PD ALPR</name>
      <description>OSM node: https://www.openstreetmap.org/node/12345179539
Operator: Broken Arrow PD
Direction: 270
Zone: traffic
Camera type: fixed</description>
      <Point>
        <coordinates>-95.8155314,36.0609872,0</coordinates>
      </Point>
    </Placemark>
    <Placemark>
      <name>Broken Arrow PD ALPR</name>
      <description>OSM node: https://www.openstreetmap.org/node/12345179540
Operator: Broken Arrow PD
Direction: 0
Zone: traffic
Camera type: fixed</description>
      <Point>
        <coordinates>-95.8152268,36.061099,0</coordinates>
      </Point>
    </Placemark>
    <Placemark>
      <name>Broken Arrow PD ALPR</name>
      <description>OSM node: https://www.openstreetmap.org/node/12345179541
Operator: Broken Arrow PD
Direction: 90
Zone: traffic
Camera type: fixed</description>
      <Point>
        <coordinates>-95.8150609,36.0608344,0</coordinates>
      </Point>
    </Placemark>
    <Placemark>
      <name>ALPR</name>
      <description>OSM node: https://www.openstreetmap.org/node/12345179542
Direction: 45
Zone: street</description>
      <Point>
        <coordinates>-95.8495772,36.0607738,0</coordinates>
      </Point>
    </Placemark>
    <Placemark>
      <name>ALPR</name>
      <description>OSM node: https://www.openstreetmap.org/node/12345179543
Direction: 225
Zone: street</description>
      <Point>
        <coordinates>-95.8489295,36.0610143,0</coordinates>
      </Point>
    </Placemark>
    <Placemark>
      <name>ALPR</name>
      <description>OSM node: https://www.openstreetmap.org/node/12345179544
Direction: 315
Zone: street</description>
      <Point>
        <coordinates>-95.7776258,36.0671401,0</coordinates>
      </Point>
    </Placemark>
    <Placemark>
      <name>ALPR</name>
      <description>OSM node: https://www.openstreetmap.org/node/12345179545
Direction: 135
Zone: street</description>
      <Point>
        <coordinates>-95.7662642,36.0628289,0</coordinates>
      </Point>
    </Placemark>
    <Placemark>
      <name>ALPR</name>
      <description>OSM node: https://www.openstreetmap.org/node/12345179546
Direction: 45
Zone: street</description>
      <Point>
        <coordinates>-95.7631081,36.0637375,0</coordinates>
      </Point>
    </Placemark>
    <Placemark>
      <name>Lowe's Home Improvement ALPR</name>
      <description>OSM node: https://www.openstreetmap.org/node/12345417374
Operator: Lowe's Home Improvement
Zone: traffic
Camera type: fixed</description>
      <Point>
        <coordinates>-95.8622848,36.0605416,0</coordinates>
      </Point>
    </Placemark>
    <Placemark>
      <name>Lowe's Home Improvement ALPR</name>
      <description>OSM node: https://www.openstreetmap.org/node/12345417375
Operator: Lowe's Home Improvement
Zone: traffic
Camera type: fixed</description>
      <Point>
        <coordinates>-95.8635172,36.060197,0</coordinates>
      </Point>
    </Placemark>
    <Placemark>
      <name>Lowe's Home Improvement ALPR</name>
      <description>OSM node: https://www.openstreetmap.org/node/12345417376
Operator: Lowe's Home Improvement
Zone: traffic
Camera type: fixed</description>
      <Point>
        <coordinates>-95.864185,36.0591852,0</coordinates>
      </Point>
    </Placemark>
    <Placemark>
      <name>Tulsa Police Department ALPR</name>
      <description>OSM node: https://www.openstreetmap.org/node/12345417377
Operator: Tulsa Police Department
Zone: traffic
Camera type: fixed</description>
      <Point>
        <coordinates>-95.8638136,36.0610532,0</coordinates>
      </Point>
    </Placemark>
    <Placemark>
      <name>Lowe's Home Improvement ALPR</name>
      <description>OSM node: https://www.openstreetmap.org/node/12345417378
Operator: Lowe's Home Improvement
Zone: traffic
Camera type: fixed</description>
      <Point>
        <coordinates>-95.7685454,36.0640148,0</coordinates>
      </Point>
    </Placemark>
    <Placemark>
      <name>Lowe's Home Improvement ALPR</name>
      <description>OSM node: https://www.openstreetmap.org/node/12345417379
Operator: Lowe's Home Improvement
Zone: traffic
Camera type: fixed</description>
      <Point>
        <coordinates>-95.7685261,36.0640086,0</coordinates>
      </Point>
    </Placemark>
    <Placemark>
      <name>Lowe's Home Improvement ALPR</name>
      <description>OSM node: https://www.openstreetmap.org/node/12345417380
Operator: Lowe's Home Improvement
Direction: 55
Zone: traffic
Camera type: fixed</description>
      <Point>
        <coordinates>-95.7662315,36.0633599,0</coordinates>
      </Point>
    </Placemark>
    <Placemark>
      <name>Lowes ALPR</name>
      <description>OSM node: https://www.openstreetmap.org/node/12349102747
Operator: Lowes
Direction: 65
Zone: traffic
Camera type: fixed</description>
      <Point>
        <coordinates>-95.9532512,36.7414875,0</coordinates>
      </Point>
    </Placemark>
    <Placemark>
      <name>Lowes ALPR</name>
      <description>OSM node: https://www.openstreetmap.org/node/12349102748
Operator: Lowes
Direction: 125
Zone: traffic
Camera type: fixed</description>
      <Point>
        <coordinates>-95.952546,36.7423615,0</coordinates>
      </Point>
    </Placemark>
    <Placemark>
      <name>Lowes ALPR</name>
      <description>OSM node: https://www.openstreetmap.org/node/12349102749
Operator: Lowes
Direction: 165
Zone: traffic
Camera type: fixed</description>
      <Point>
        <coordinates>-95.9506629,36.7423586,0</coordinates>
      </Point>
    </Placemark>
    <Placemark>
      <name>Tulsa Police Department ALPR</name>
      <description>OSM node: https://www.openstreetmap.org/node/12352215735
Operator: Tulsa Police Department
Direction: 180
Zone: traffic
Camera type: fixed</description>
      <Point>
        <coordinates>-96.0071111,36.1374522,0</coordinates>
      </Point>
    </Placemark>
    <Placemark>
      <name>Tulsa Police Department ALPR</name>
      <description>OSM node: https://www.openstreetmap.org/node/12352215736
Operator: Tulsa Police Department
Direction: 90
Zone: traffic
Camera type: fixed</description>
      <Point>
        <coordinates>-96.0064072,36.1375484,0</coordinates>
      </Point>
    </Placemark>
    <Placemark>
      <name>Tulsa Police Department ALPR</name>
      <description>OSM node: https://www.openstreetmap.org/node/12352215737
Operator: Tulsa Police Department
Direction: 0
Zone: traffic
Camera type: fixed</description>
      <Point>
        <coordinates>-96.0068529,36.1283983,0</coordinates>
      </Point>
    </Placemark>
    <Placemark>
      <name>Tulsa Police Department ALPR</name>
      <description>OSM node: https://www.openstreetmap.org/node/12352215738
Operator: Tulsa Police Department
Direction: 0
Zone: traffic
Camera type: fixed</description>
      <Point>
        <coordinates>-96.007019,36.1216398,0</coordinates>
      </Point>
    </Placemark>
    <Placemark>
      <name>Tulsa Police Department ALPR</name>
      <description>OSM node: https://www.openstreetmap.org/node/12352215739
Operator: Tulsa Police Department
Direction: 45
Zone: traffic
Camera type: fixed</description>
      <Point>
        <coordinates>-96.0294409,36.1001385,0</coordinates>
      </Point>
    </Placemark>
    <Placemark>
      <name>Tulsa Police Department ALPR</name>
      <description>OSM node: https://www.openstreetmap.org/node/12352215740
Operator: Tulsa Police Department
Direction: 225
Zone: traffic
Camera type: fixed</description>
      <Point>
        <coordinates>-95.9949281,36.1305809,0</coordinates>
      </Point>
    </Placemark>
    <Placemark>
      <name>Tulsa Police Department ALPR</name>
      <description>OSM node: https://www.openstreetmap.org/node/12352215741
Operator: Tulsa Police Department
Direction: 180
Zone: traffic
Camera type: fixed</description>
      <Point>
        <coordinates>-95.964498,36.1041593,0</coordinates>
      </Point>
    </Placemark>
    <Placemark>
      <name>Tulsa Police Department ALPR</name>
      <description>OSM node: https://www.openstreetmap.org/node/12352215742
Operator: Tulsa Police Department
Direction: 180
Zone: traffic
Camera type: fixed</description>
      <Point>
        <coordinates>-95.922473,36.0920253,0</coordinates>
      </Point>
    </Placemark>
    <Placemark>
      <name>Tulsa Police Department ALPR</name>
      <description>OSM node: https://www.openstreetmap.org/node/12352215743
Operator: Tulsa Police Department
Direction: 340
Zone: traffic
Camera type: fixed</description>
      <Point>
        <coordinates>-95.9219862,36.0755691,0</coordinates>
      </Point>
    </Placemark>
    <Placemark>
      <name>Tulsa Police Department ALPR</name>
      <description>OSM node: https://www.openstreetmap.org/node/12352215744
Operator: Tulsa Police Department
Zone: traffic
Camera type: fixed</description>
      <Point>
        <coordinates>-95.8868542,36.1144439,0</coordinates>
      </Point>
    </Placemark>
    <Placemark>
      <name>Tulsa Police Department ALPR</name>
      <description>OSM node: https://www.openstreetmap.org/node/12352215745
Operator: Tulsa Police Department
Zone: traffic
Camera type: fixed</description>
      <Point>
        <coordinates>-95.8869379,36.1122367,0</coordinates>
      </Point>
    </Placemark>
    <Placemark>
      <name>Tulsa Police Department ALPR</name>
      <description>OSM node: https://www.openstreetmap.org/node/12354157044
Operator: Tulsa Police Department
Direction: 270
Zone: traffic
Camera type: fixed</description>
      <Point>
        <coordinates>-96.0162093,36.0899125,0</coordinates>
      </Point>
    </Placemark>
    <Placemark>
      <name>Tulsa Police Department ALPR</name>
      <description>OSM node: https://www.openstreetmap.org/node/12354157045
Operator: Tulsa Police Department
Direction: 270
Zone: traffic
Camera type: fixed</description>
      <Point>
        <coordinates>-96.0593966,36.1046388,0</coordinates>
      </Point>
    </Placemark>
    <Placemark>
      <name>Tulsa Police Department ALPR</name>
      <description>OSM node: https://www.openstreetmap.org/node/12354157046
Operator: Tulsa Police Department
Zone: traffic
Camera type: fixed</description>
      <Point>
        <coordinates>-95.8508798,36.148209,0</coordinates>
      </Point>
    </Placemark>
    <Placemark>
      <name>Tulsa Police Department ALPR</name>
      <description>OSM node: https://www.openstreetmap.org/node/12354157047
Operator: Tulsa Police Department
Zone: traffic
Camera type: fixed</description>
      <Point>
        <coordinates>-95.8513862,36.1446448,0</coordinates>
      </Point>
    </Placemark>
    <Placemark>
      <name>QuikTrip Corporation ALPR</name>
      <description>OSM node: https://www.openstreetmap.org/node/12354157048
Operator: QuikTrip Corporation
Zone: parking:exit
Camera type: fixed</description>
      <Point>
        <coordinates>-96.0110477,36.0902492,0</coordinates>
      </Point>
    </Placemark>
    <Placemark>
      <name>QuikTrip Corporation ALPR</name>
      <description>OSM node: https://www.openstreetmap.org/node/12354157049
Operator: QuikTrip Corporation
Zone: parking:exit
Camera type: fixed</description>
      <Point>
        <coordinates>-96.0107916,36.0906137,0</coordinates>
      </Point>
    </Placemark>
    <Placemark>
      <name>QuikTrip Corporation ALPR</name>
      <description>OSM node: https://www.openstreetmap.org/node/12354157050
Operator: QuikTrip Corporation
Zone: parking:exit
Camera type: fixed</description>
      <Point>
        <coordinates>-96.0103127,36.0905622,0</coordinates>
      </Point>
    </Placemark>
    <Placemark>
      <name>QuikTrip Corporation ALPR</name>
      <description>OSM node: https://www.openstreetmap.org/node/12354157051
Operator: QuikTrip Corporation
Zone: parking:exit
Camera type: fixed</description>
      <Point>
        <coordinates>-96.0103834,36.0900091,0</coordinates>
      </Point>
    </Placemark>
    <Placemark>
      <name>Bartlesville Police Department ALPR</name>
      <description>OSM node: https://www.openstreetmap.org/node/12366314077
Operator: Bartlesville Police Department
Direction: 75
Zone: traffic
Camera type: fixed</description>
      <Point>
        <coordinates>-95.9732326,36.7505769,0</coordinates>
      </Point>
    </Placemark>
    <Placemark>
      <name>Tulsa Police Department ALPR</name>
      <description>OSM node: https://www.openstreetmap.org/node/12366435461
Operator: Tulsa Police Department
Zone: traffic
Camera type: fixed</description>
      <Point>
        <coordinates>-95.8595532,36.1478056,0</coordinates>
      </Point>
    </Placemark>
    <Placemark>
      <name>Tulsa Police Department ALPR</name>
      <description>OSM node: https://www.openstreetmap.org/node/12366435462
Operator: Tulsa Police Department
Direction: 310
Zone: traffic
Camera type: fixed</description>
      <Point>
        <coordinates>-95.8330641,36.1087411,0</coordinates>
      </Point>
    </Placemark>
    <Placemark>
      <name>Lowe's Home Improvement ALPR</name>
      <description>OSM node: https://www.openstreetmap.org/node/12369101287
Operator: Lowe's Home Improvement
Zone: traffic
Camera type: fixed</description>
      <Point>
        <coordinates>-95.922108,36.1391792,0</coordinates>
      </Point>
    </Placemark>
    <Placemark>
      <name>Lowe's Home Improvement ALPR</name>
      <description>OSM node: https://www.openstreetmap.org/node/12369101288
Operator: Lowe's Home Improvement
Zone: traffic
Camera type: fixed</description>
      <Point>
        <coordinates>-95.9214222,36.140408,0</coordinates>
      </Point>
    </Placemark>
    <Placemark>
      <name>Lowe's Home Improvement ALPR</name>
      <description>OSM node: https://www.openstreetmap.org/node/12369101289
Operator: Lowe's Home Improvement
Zone: traffic
Camera type: fixed</description>
      <Point>
        <coordinates>-95.9204423,36.1404181,0</coordinates>
      </Point>
    </Placemark>
    <Placemark>
      <name>ALPR</name>
      <description>OSM node: https://www.openstreetmap.org/node/12376446524
Manufacturer: Flock Safety
Direction: 160
Zone: traffic
Camera type: fixed</description>
      <Point>
        <coordinates>-97.6191874,35.5493212,0</coordinates>
      </Point>
    </Placemark>
    <Placemark>
      <name>Flock Safety ALPR</name>
      <description>OSM node: https://www.openstreetmap.org/node/12377503870
Operator: Flock Safety
Direction: 270
Zone: traffic
Camera type: fixed</description>
      <Point>
        <coordinates>-97.0518354,36.1388261,0</coordinates>
      </Point>
    </Placemark>
    <Placemark>
      <name>Flock Safety ALPR</name>
      <description>OSM node: https://www.openstreetmap.org/node/12377503871
Operator: Flock Safety
Direction: 180
Zone: traffic
Camera type: fixed</description>
      <Point>
        <coordinates>-97.0530212,36.1399416,0</coordinates>
      </Point>
    </Placemark>
    <Placemark>
      <name>Flock Safety ALPR</name>
      <description>OSM node: https://www.openstreetmap.org/node/12377503872
Operator: Flock Safety
Direction: 270
Zone: traffic
Camera type: fixed</description>
      <Point>
        <coordinates>-97.0517463,36.1399299,0</coordinates>
      </Point>
    </Placemark>
    <Placemark>
      <name>Flock Safety ALPR</name>
      <description>OSM node: https://www.openstreetmap.org/node/12379429979
Operator: Flock Safety
Direction: 55
Zone: traffic
Camera type: fixed</description>
      <Point>
        <coordinates>-98.4993464,34.6307725,0</coordinates>
      </Point>
    </Placemark>
    <Placemark>
      <name>Edmond Police Department ALPR</name>
      <description>OSM node: https://www.openstreetmap.org/node/12403695383
Operator: Edmond Police Department
Direction: 235
Zone: traffic
Camera type: fixed</description>
      <Point>
        <coordinates>-97.4974574,35.6784178,0</coordinates>
      </Point>
    </Placemark>
    <Placemark>
      <name>Flock Safety ALPR</name>
      <description>OSM node: https://www.openstreetmap.org/node/12407568122
Operator: Flock Safety
Direction: 330
Zone: traffic
Camera type: fixed</description>
      <Point>
        <coordinates>-97.459029,35.421542,0</coordinates>
      </Point>
    </Placemark>
    <Placemark>
      <name>Tulsa Police Department ALPR</name>
      <description>OSM node: https://www.openstreetmap.org/node/12416798594
Operator: Tulsa Police Department
Zone: traffic
Camera type: fixed</description>
      <Point>
        <coordinates>-95.9754708,36.1762029,0</coordinates>
      </Point>
    </Placemark>
    <Placemark>
      <name>Walmart ALPR</name>
      <description>OSM node: https://www.openstreetmap.org/node/12432252029
Operator: Walmart
Manufacturer: Flock Safety
Direction: 175
Zone: traffic</description>
      <Point>
        <coordinates>-96.01443,35.9864009,0</coordinates>
      </Point>
    </Placemark>
    <Placemark>
      <name>Sapulpa Police ALPR</name>
      <description>OSM node: https://www.openstreetmap.org/node/12432280705
Operator: Sapulpa Police
Manufacturer: Flock Safety
Direction: 165
Zone: traffic</description>
      <Point>
        <coordinates>-96.1121148,36.0135861,0</coordinates>
      </Point>
    </Placemark>
    <Placemark>
      <name>Sapulpa Police ALPR</name>
      <description>OSM node: https://www.openstreetmap.org/node/12432280940
Operator: Sapulpa Police
Manufacturer: Flock Safety
Direction: 275
Zone: traffic</description>
      <Point>
        <coordinates>-96.1108553,35.9739579,0</coordinates>
      </Point>
    </Placemark>
    <Placemark>
      <name>Sand Springs Police ALPR</name>
      <description>OSM node: https://www.openstreetmap.org/node/12434216078
Operator: Sand Springs Police
Manufacturer: Flock Safety
Direction: 345
Zone: traffic</description>
      <Point>
        <coordinates>-96.1159038,36.1302112,0</coordinates>
      </Point>
    </Placemark>
    <Placemark>
      <name>Sapulpa Police ALPR</name>
      <description>OSM node: https://www.openstreetmap.org/node/12434236452
Operator: Sapulpa Police
Manufacturer: Flock Safety
Direction: 240
Zone: traffic</description>
      <Point>
        <coordinates>-96.0873203,35.988535,0</coordinates>
      </Point>
    </Placemark>
    <Placemark>
      <name>Creek County Sheriff ALPR</name>
      <description>OSM node: https://www.openstreetmap.org/node/12434237220
Operator: Creek County Sheriff
Manufacturer: Flock Safety
Direction: 260
Zone: traffic</description>
      <Point>
        <coordinates>-96.098474,36.0465657,0</coordinates>
      </Point>
    </Placemark>
    <Placemark>
      <name>Muskogee Police ALPR</name>
      <description>OSM node: https://www.openstreetmap.org/node/12434269881
Operator: Muskogee Police
Manufacturer: Flock Safety
Direction: 270
Zone: traffic
Camera type: fixed</description>
      <Point>
        <coordinates>-95.4036077,35.7695948,0</coordinates>
      </Point>
    </Placemark>
    <Placemark>
      <name>ALPR</name>
      <description>OSM node: https://www.openstreetmap.org/node/12437439656
Manufacturer: Flock Safety
Direction: 235
Zone: traffic
Camera type: fixed</description>
      <Point>
        <coordinates>-98.4480747,34.623622,0</coordinates>
      </Point>
    </Placemark>
    <Placemark>
      <name>ALPR</name>
      <description>OSM node: https://www.openstreetmap.org/node/12437451205
Manufacturer: Flock Safety
Direction: 55
Zone: traffic
Camera type: fixed</description>
      <Point>
        <coordinates>-98.4908068,34.5944813,0</coordinates>
      </Point>
    </Placemark>
    <Placemark>
      <name>ALPR</name>
      <description>OSM node: https://www.openstreetmap.org/node/12444711846
Manufacturer: Flock Safety
Direction: 180
Zone: traffic
Camera type: fixed</description>
      <Point>
        <coordinates>-98.4479246,34.6231521,0</coordinates>
      </Point>
    </Placemark>
    <Placemark>
      <name>ALPR</name>
      <description>OSM node: https://www.openstreetmap.org/node/12444821523
Manufacturer: Flock Safety
Direction: 145
Zone: traffic
Camera type: fixed</description>
      <Point>
        <coordinates>-98.4225003,34.6231246,0</coordinates>
      </Point>
    </Placemark>
    <Placemark>
      <name>ALPR</name>
      <description>OSM node: https://www.openstreetmap.org/node/12444828837
Manufacturer: Flock Safety
Direction: 330
Zone: traffic
Camera type: fixed</description>
      <Point>
        <coordinates>-98.439614,34.5945645,0</coordinates>
      </Point>
    </Placemark>
    <Placemark>
      <name>Tulsa Police Department ALPR</name>
      <description>OSM node: https://www.openstreetmap.org/node/12453106688
Operator: Tulsa Police Department
Direction: 90
Zone: traffic
Camera type: fixed</description>
      <Point>
        <coordinates>-95.9934533,36.0608863,0</coordinates>
      </Point>
    </Placemark>
    <Placemark>
      <name>QuikTrip Corporation ALPR</name>
      <description>OSM node: https://www.openstreetmap.org/node/12465971438
Operator: QuikTrip Corporation
Direction: 0
Zone: parking:exit
Camera type: fixed</description>
      <Point>
        <coordinates>-95.8627452,36.1185942,0</coordinates>
      </Point>
    </Placemark>
    <Placemark>
      <name>QuikTrip Corporation ALPR</name>
      <description>OSM node: https://www.openstreetmap.org/node/12465971439
Operator: QuikTrip Corporation
Direction: 330
Zone: parking:exit
Camera type: fixed</description>
      <Point>
        <coordinates>-95.8618558,36.1185998,0</coordinates>
      </Point>
    </Placemark>
    <Placemark>
      <name>Tulsa Police Department ALPR</name>
      <description>OSM node: https://www.openstreetmap.org/node/12465990382
Operator: Tulsa Police Department
Direction: 90
Zone: traffic
Camera type: fixed</description>
      <Point>
        <coordinates>-95.8849264,36.0617681,0</coordinates>
      </Point>
    </Placemark>
    <Placemark>
      <name>Tulsa Police Department ALPR</name>
      <description>OSM node: https://www.openstreetmap.org/node/12465990383
Operator: Tulsa Police Department
Direction: 269
Zone: traffic
Camera type: fixed</description>
      <Point>
        <coordinates>-95.8833617,36.0651337,0</coordinates>
      </Point>
    </Placemark>
    <Placemark>
      <name>Tulsa Police Department ALPR</name>
      <description>OSM node: https://www.openstreetmap.org/node/12465990384
Operator: Tulsa Police Department
Direction: 90
Zone: traffic
Camera type: fixed</description>
      <Point>
        <coordinates>-95.8861565,36.0656093,0</coordinates>
      </Point>
    </Placemark>
    <Placemark>
      <name>Tulsa Police Department ALPR</name>
      <description>OSM node: https://www.openstreetmap.org/node/12465990385
Operator: Tulsa Police Department
Direction: 0
Zone: traffic
Camera type: fixed</description>
      <Point>
        <coordinates>-95.8835188,36.061261,0</coordinates>
      </Point>
    </Placemark>
    <Placemark>
      <name>Tulsa Police Department ALPR</name>
      <description>OSM node: https://www.openstreetmap.org/node/12465990386
Operator: Tulsa Police Department
Direction: 270
Zone: traffic
Camera type: fixed</description>
      <Point>
        <coordinates>-95.8816553,36.0652395,0</coordinates>
      </Point>
    </Placemark>
    <Placemark>
      <name>Tulsa Police Department ALPR</name>
      <description>OSM node: https://www.openstreetmap.org/node/12465990387
Operator: Tulsa Police Department
Direction: 0
Zone: traffic
Camera type: fixed</description>
      <Point>
        <coordinates>-95.8800155,36.0612745,0</coordinates>
      </Point>
    </Placemark>
    <Placemark>
      <name>Tulsa Police Department ALPR</name>
      <description>OSM node: https://www.openstreetmap.org/node/12465990388
Operator: Tulsa Police Department
Direction: 90
Zone: traffic
Camera type: fixed</description>
      <Point>
        <coordinates>-95.8815905,36.0652351,0</coordinates>
      </Point>
    </Placemark>
    <Placemark>
      <name>Tulsa Police Department ALPR</name>
      <description>OSM node: https://www.openstreetmap.org/node/12465990389
Operator: Tulsa Police Department
Direction: 0
Zone: traffic
Camera type: fixed</description>
      <Point>
        <coordinates>-95.8776954,36.0615131,0</coordinates>
      </Point>
    </Placemark>
    <Placemark>
      <name>Flock Safety ALPR</name>
      <description>OSM node: https://www.openstreetmap.org/node/12466206015
Operator: Flock Safety
Manufacturer: Flock Safety
Direction: 113
Zone: traffic</description>
      <Point>
        <coordinates>-95.9671856,36.0158941,0</coordinates>
      </Point>
    </Placemark>
    <Placemark>
      <name>Catoosa Police ALPR</name>
      <description>OSM node: https://www.openstreetmap.org/node/12466241987
Operator: Catoosa Police
Manufacturer: Flock Safety
Direction: 55
Zone: traffic</description>
      <Point>
        <coordinates>-95.7611102,36.1640608,0</coordinates>
      </Point>
    </Placemark>
    <Placemark>
      <name>Catoosa Police ALPR</name>
      <description>OSM node: https://www.openstreetmap.org/node/12466287459
Operator: Catoosa Police
Manufacturer: Flock Safety
Direction: 65
Zone: traffic</description>
      <Point>
        <coordinates>-95.7611432,36.1653778,0</coordinates>
      </Point>
    </Placemark>
    <Placemark>
      <name>Catoosa Police ALPR</name>
      <description>OSM node: https://www.openstreetmap.org/node/12466291194
Operator: Catoosa Police
Manufacturer: Flock Safety
Direction: 55
Zone: traffic</description>
      <Point>
        <coordinates>-95.7611424,36.1667796,0</coordinates>
      </Point>
    </Placemark>
    <Placemark>
      <name>ALPR</name>
      <description>OSM node: https://www.openstreetmap.org/node/12466320813
Direction: 255
Zone: traffic</description>
      <Point>
        <coordinates>-95.7619546,36.1669918,0</coordinates>
      </Point>
    </Placemark>
    <Placemark>
      <name>Tulsa Police Department ALPR</name>
      <description>OSM node: https://www.openstreetmap.org/node/12466380151
Operator: Tulsa Police Department
Direction: 270
Zone: traffic
Camera type: fixed</description>
      <Point>
        <coordinates>-95.9420913,36.13339,0</coordinates>
      </Point>
    </Placemark>
    <Placemark>
      <name>Tulsa Police Department ALPR</name>
      <description>OSM node: https://www.openstreetmap.org/node/12466380152
Operator: Tulsa Police Department
Direction: 90
Zone: traffic
Camera type: fixed</description>
      <Point>
        <coordinates>-95.8374422,36.1333444,0</coordinates>
      </Point>
    </Placemark>
    <Placemark>
      <name>Tulsa Police Department ALPR</name>
      <description>OSM node: https://www.openstreetmap.org/node/12466380153
Operator: Tulsa Police Department
Direction: 90
Zone: traffic
Camera type: fixed</description>
      <Point>
        <coordinates>-95.8676409,36.1334674,0</coordinates>
      </Point>
    </Placemark>
    <Placemark>
      <name>Tulsa Police Department ALPR</name>
      <description>OSM node: https://www.openstreetmap.org/node/12466380154
Operator: Tulsa Police Department
Direction: 90
Zone: traffic
Camera type: fixed</description>
      <Point>
        <coordinates>-95.8392877,36.1188301,0</coordinates>
      </Point>
    </Placemark>
    <Placemark>
      <name>Tulsa Police Department ALPR</name>
      <description>OSM node: https://www.openstreetmap.org/node/12466380155
Operator: Tulsa Police Department
Direction: 270
Zone: traffic
Camera type: fixed</description>
      <Point>
        <coordinates>-95.8606328,36.1336675,0</coordinates>
      </Point>
    </Placemark>
    <Placemark>
      <name>Owasso Police ALPR</name>
      <description>OSM node: https://www.openstreetmap.org/node/12466529767
Operator: Owasso Police
Manufacturer: Flock Safety
Direction: 245
Zone: traffic</description>
      <Point>
        <coordinates>-95.8491283,36.2786739,0</coordinates>
      </Point>
    </Placemark>
    <Placemark>
      <name>Owasso Police ALPR</name>
      <description>OSM node: https://www.openstreetmap.org/node/12466529768
Operator: Owasso Police
Manufacturer: Flock Safety
Direction: 75
Zone: traffic</description>
      <Point>
        <coordinates>-95.8479159,36.2929085,0</coordinates>
      </Point>
    </Placemark>
    <Placemark>
      <name>Owasso Police ALPR</name>
      <description>OSM node: https://www.openstreetmap.org/node/12466551524
Operator: Owasso Police
Manufacturer: Flock Safety
Direction: 345
Zone: traffic</description>
      <Point>
        <coordinates>-95.8661249,36.2788266,0</coordinates>
      </Point>
    </Placemark>
    <Placemark>
      <name>Bartlesville Police Department ALPR</name>
      <description>OSM node: https://www.openstreetmap.org/node/12467219111
Operator: Bartlesville Police Department
Direction: 65
Zone: traffic
Camera type: fixed</description>
      <Point>
        <coordinates>-95.9944609,36.7387982,0</coordinates>
      </Point>
    </Placemark>
    <Placemark>
      <name>Muskogee Police ALPR</name>
      <description>OSM node: https://www.openstreetmap.org/node/12467263661
Operator: Muskogee Police
Manufacturer: Flock Safety
Direction: 335
Zone: traffic</description>
      <Point>
        <coordinates>-95.3399054,35.7405095,0</coordinates>
      </Point>
    </Placemark>
    <Placemark>
      <name>ALPR</name>
      <description>OSM node: https://www.openstreetmap.org/node/12468208254
Manufacturer: Rekor Systems
Direction: 330
Zone: traffic
Camera type: fixed</description>
      <Point>
        <coordinates>-95.8518111,36.1335888,0</coordinates>
      </Point>
    </Placemark>
    <Placemark>
      <name>Owasso Police ALPR</name>
      <description>OSM node: https://www.openstreetmap.org/node/12468295956
Operator: Owasso Police
Manufacturer: Flock Safety
Direction: 165
Zone: traffic</description>
      <Point>
        <coordinates>-95.8483468,36.2852472,0</coordinates>
      </Point>
    </Placemark>
    <Placemark>
      <name>Owasso Police ALPR</name>
      <description>OSM node: https://www.openstreetmap.org/node/12468319925
Operator: Owasso Police
Manufacturer: Flock Safety
Direction: 350
Zone: traffic</description>
      <Point>
        <coordinates>-95.8480582,36.2825368,0</coordinates>
      </Point>
    </Placemark>
    <Placemark>
      <name>Owasso Police ALPR</name>
      <description>OSM node: https://www.openstreetmap.org/node/12468329925
Operator: Owasso Police
Manufacturer: Flock Safety
Direction: 250
Zone: traffic</description>
      <Point>
        <coordinates>-95.8394685,36.2931688,0</coordinates>
      </Point>
    </Placemark>
    <Placemark>
      <name>Pryor Police ALPR</name>
      <description>OSM node: https://www.openstreetmap.org/node/12470373926
Operator: Pryor Police
Manufacturer: Flock Safety
Direction: 350
Zone: traffic</description>
      <Point>
        <coordinates>-95.3241641,36.2931913,0</coordinates>
      </Point>
    </Placemark>
    <Placemark>
      <name>Pryor Police ALPR</name>
      <description>OSM node: https://www.openstreetmap.org/node/12470459871
Operator: Pryor Police
Manufacturer: Flock Safety
Direction: 175
Zone: traffic</description>
      <Point>
        <coordinates>-95.3153557,36.3174859,0</coordinates>
      </Point>
    </Placemark>
    <Placemark>
      <name>Pryor Police ALPR</name>
      <description>OSM node: https://www.openstreetmap.org/node/12470460530
Operator: Pryor Police
Manufacturer: Flock Safety
Direction: 270
Zone: traffic</description>
      <Point>
        <coordinates>-95.3087698,36.3059124,0</coordinates>
      </Point>
    </Placemark>
    <Placemark>
      <name>Pryor Police ALPR</name>
      <description>OSM node: https://www.openstreetmap.org/node/12470543557
Operator: Pryor Police
Manufacturer: Flock Safety
Direction: 45
Zone: traffic</description>
      <Point>
        <coordinates>-95.3309217,36.3087603,0</coordinates>
      </Point>
    </Placemark>
    <Placemark>
      <name>Bixby Police ALPR</name>
      <description>OSM node: https://www.openstreetmap.org/node/12470550377
Operator: Bixby Police
Manufacturer: Flock Safety
Direction: 340
Zone: traffic</description>
      <Point>
        <coordinates>-95.8864169,35.9302844,0</coordinates>
      </Point>
    </Placemark>
    <Placemark>
      <name>Bixby Police ALPR</name>
      <description>OSM node: https://www.openstreetmap.org/node/12470593266
Operator: Bixby Police
Manufacturer: Flock Safety
Direction: 60
Zone: traffic</description>
      <Point>
        <coordinates>-95.9062661,35.9446279,0</coordinates>
      </Point>
    </Placemark>
    <Placemark>
      <name>Sapulpa Police ALPR</name>
      <description>OSM node: https://www.openstreetmap.org/node/12479383531
Operator: Sapulpa Police
Manufacturer: Flock Safety
Direction: 135
Zone: traffic</description>
      <Point>
        <coordinates>-96.1415036,35.9924423,0</coordinates>
      </Point>
    </Placemark>
    <Placemark>
      <name>Edmond Police Department ALPR</name>
      <description>OSM node: https://www.openstreetmap.org/node/12499267638
Operator: Edmond Police Department
Manufacturer: Flock Safety
Direction: 330
Zone: traffic
Camera type: fixed</description>
      <Point>
        <coordinates>-97.4958877,35.6244704,0</coordinates>
      </Point>
    </Placemark>
    <Placemark>
      <name>Edmond Police Department ALPR</name>
      <description>OSM node: https://www.openstreetmap.org/node/12499335441
Operator: Edmond Police Department
Manufacturer: Flock Safety
Direction: 5
Zone: traffic
Camera type: fixed</description>
      <Point>
        <coordinates>-97.4880716,35.6208979,0</coordinates>
      </Point>
    </Placemark>
    <Placemark>
      <name>ALPR</name>
      <description>OSM node: https://www.openstreetmap.org/node/12500355152
Manufacturer: Flock Safety
Direction: 160
Zone: traffic
Camera type: fixed</description>
      <Point>
        <coordinates>-97.630481,35.5509819,0</coordinates>
      </Point>
    </Placemark>
    <Placemark>
      <name>Edmond Police Department ALPR</name>
      <description>OSM node: https://www.openstreetmap.org/node/12511345487
Operator: Edmond Police Department
Direction: 130
Zone: traffic
Camera type: fixed</description>
      <Point>
        <coordinates>-97.4966307,35.6802145,0</coordinates>
      </Point>
    </Placemark>
    <Placemark>
      <name>Edmond Police Department ALPR</name>
      <description>OSM node: https://www.openstreetmap.org/node/12511391303
Operator: Edmond Police Department
Direction: 135
Zone: traffic
Camera type: fixed</description>
      <Point>
        <coordinates>-97.4978894,35.6802267,0</coordinates>
      </Point>
    </Placemark>
    <Placemark>
      <name>Tulsa Police Department ALPR</name>
      <description>OSM node: https://www.openstreetmap.org/node/12511716857
Operator: Tulsa Police Department
Manufacturer: Flock Safety
Direction: 175
Zone: traffic</description>
      <Point>
        <coordinates>-96.0045185,36.0588608,0</coordinates>
      </Point>
    </Placemark>
    <Placemark>
      <name>Owasso Police ALPR</name>
      <description>OSM node: https://www.openstreetmap.org/node/12511716902
Operator: Owasso Police
Manufacturer: Flock Safety
Direction: 60
Zone: traffic</description>
      <Point>
        <coordinates>-95.8523246,36.2639593,0</coordinates>
      </Point>
    </Placemark>
    <Placemark>
      <name>Owasso Police ALPR</name>
      <description>OSM node: https://www.openstreetmap.org/node/12511716903
Operator: Owasso Police
Manufacturer: Flock Safety
Direction: 250
Zone: traffic</description>
      <Point>
        <coordinates>-95.8590006,36.2641456,0</coordinates>
      </Point>
    </Placemark>
    <Placemark>
      <name>Tulsa Police Department ALPR</name>
      <description>OSM node: https://www.openstreetmap.org/node/12511733767
Operator: Tulsa Police Department
Manufacturer: Flock Safety
Direction: 105
Zone: traffic</description>
      <Point>
        <coordinates>-96.0051819,36.0589099,0</coordinates>
      </Point>
    </Placemark>
    <Placemark>
      <name>Owasso Police ALPR</name>
      <description>OSM node: https://www.openstreetmap.org/node/12511734560
Operator: Owasso Police
Manufacturer: Flock Safety
Direction: 60
Zone: traffic</description>
      <Point>
        <coordinates>-95.8590686,36.263955,0</coordinates>
      </Point>
    </Placemark>
    <Placemark>
      <name>Owasso Police ALPR</name>
      <description>OSM node: https://www.openstreetmap.org/node/12511740058
Operator: Owasso Police
Manufacturer: Flock Safety
Direction: 150
Zone: traffic</description>
      <Point>
        <coordinates>-95.8483031,36.3073793,0</coordinates>
      </Point>
    </Placemark>
    <Placemark>
      <name>Redbud HOA ALPR</name>
      <description>OSM node: https://www.openstreetmap.org/node/12513253534
Operator: Redbud HOA
Manufacturer: Flock Safety
Direction: 240
Zone: entrance</description>
      <Point>
        <coordinates>-95.9939518,35.9469653,0</coordinates>
      </Point>
    </Placemark>
    <Placemark>
      <name>Redbud HOA ALPR</name>
      <description>OSM node: https://www.openstreetmap.org/node/12513283403
Operator: Redbud HOA
Manufacturer: Flock Safety
Direction: 80
Zone: traffic</description>
      <Point>
        <coordinates>-95.9940548,35.9468385,0</coordinates>
      </Point>
    </Placemark>
    <Placemark>
      <name>ALPR</name>
      <description>OSM node: https://www.openstreetmap.org/node/12519649119
Manufacturer: Flock Safety
Direction: 240
Zone: traffic
Camera type: fixed</description>
      <Point>
        <coordinates>-95.9532136,36.1139731,0</coordinates>
      </Point>
    </Placemark>
    <Placemark>
      <name>ALPR</name>
      <description>OSM node: https://www.openstreetmap.org/node/12519649120
Manufacturer: Flock Safety
Direction: 30
Zone: traffic
Camera type: fixed</description>
      <Point>
        <coordinates>-96.1172442,36.1202051,0</coordinates>
      </Point>
    </Placemark>
    <Placemark>
      <name>ALPR</name>
      <description>OSM node: https://www.openstreetmap.org/node/12526995761
Manufacturer: Flock Safety
Direction: 333
Zone: traffic
Camera type: fixed</description>
      <Point>
        <coordinates>-96.2240322,36.173597,0</coordinates>
      </Point>
    </Placemark>
    <Placemark>
      <name>Unknown ALPR</name>
      <description>OSM node: https://www.openstreetmap.org/node/12537438652
Operator: Unknown
Manufacturer: Rekor Systems
Direction: 250
Zone: traffic</description>
      <Point>
        <coordinates>-96.0526536,35.9448112,0</coordinates>
      </Point>
    </Placemark>
    <Placemark>
      <name>Glenpool police ALPR</name>
      <description>OSM node: https://www.openstreetmap.org/node/12537503727
Operator: Glenpool police
Manufacturer: Flock Safety
Direction: 250
Zone: traffic</description>
      <Point>
        <coordinates>-95.99335,35.9592606,0</coordinates>
      </Point>
    </Placemark>
    <Placemark>
      <name>ALPR</name>
      <description>OSM node: https://www.openstreetmap.org/node/12547435984
Manufacturer: Flock Safety
Direction: 267
Zone: traffic
Camera type: fixed</description>
      <Point>
        <coordinates>-98.4039818,34.623418,0</coordinates>
      </Point>
    </Placemark>
    <Placemark>
      <name>ALPR</name>
      <description>OSM node: https://www.openstreetmap.org/node/12563535678
Manufacturer: Flock Safety
Direction: 145
Zone: traffic
Camera type: fixed</description>
      <Point>
        <coordinates>-98.422411,34.6377736,0</coordinates>
      </Point>
    </Placemark>
    <Placemark>
      <name>ALPR</name>
      <description>OSM node: https://www.openstreetmap.org/node/12626226432
Manufacturer: Flock Safety
Direction: 300
Zone: traffic
Camera type: fixed</description>
      <Point>
        <coordinates>-97.4608109,35.6498641,0</coordinates>
      </Point>
    </Placemark>
    <Placemark>
      <name>ALPR</name>
      <description>OSM node: https://www.openstreetmap.org/node/12626231816
Manufacturer: Flock Safety
Direction: 60
Zone: traffic
Camera type: fixed</description>
      <Point>
        <coordinates>-97.462903,35.6510466,0</coordinates>
      </Point>
    </Placemark>
    <Placemark>
      <name>ALPR</name>
      <description>OSM node: https://www.openstreetmap.org/node/12626509199
Manufacturer: Flock Safety
Direction: 150
Zone: traffic
Camera type: fixed</description>
      <Point>
        <coordinates>-97.4629542,35.6503673,0</coordinates>
      </Point>
    </Placemark>
    <Placemark>
      <name>ALPR</name>
      <description>OSM node: https://www.openstreetmap.org/node/12626535916
Manufacturer: Flock Safety
Direction: 295
Zone: traffic
Camera type: fixed</description>
      <Point>
        <coordinates>-97.4606457,35.6507247,0</coordinates>
      </Point>
    </Placemark>
    <Placemark>
      <name>Tulsa County Sheriff ALPR</name>
      <description>OSM node: https://www.openstreetmap.org/node/12631634493
Operator: Tulsa County Sheriff
Manufacturer: Flock Safety
Direction: 340
Zone: traffic</description>
      <Point>
        <coordinates>-96.0653566,36.078758,0</coordinates>
      </Point>
    </Placemark>
    <Placemark>
      <name>Creek County Sheriff ALPR</name>
      <description>OSM node: https://www.openstreetmap.org/node/12631676569
Operator: Creek County Sheriff
Manufacturer: Flock Safety
Direction: 215
Zone: traffic</description>
      <Point>
        <coordinates>-96.0802718,36.0752426,0</coordinates>
      </Point>
    </Placemark>
    <Placemark>
      <name>Sapulpa Police ALPR</name>
      <description>OSM node: https://www.openstreetmap.org/node/12631684330
Operator: Sapulpa Police
Manufacturer: Flock Safety
Direction: 140
Zone: traffic</description>
      <Point>
        <coordinates>-96.0990086,36.0118283,0</coordinates>
      </Point>
    </Placemark>
    <Placemark>
      <name>Flock Safety ALPR</name>
      <description>OSM node: https://www.openstreetmap.org/node/12637490797
Operator: Flock Safety
Direction: 90
Zone: traffic
Camera type: fixed</description>
      <Point>
        <coordinates>-95.9223383,36.1332029,0</coordinates>
      </Point>
    </Placemark>
    <Placemark>
      <name>Owasso Police ALPR</name>
      <description>OSM node: https://www.openstreetmap.org/node/12639923833
Operator: Owasso Police
Manufacturer: Rekor
Direction: 235
Zone: traffic</description>
      <Point>
        <coordinates>-95.8407032,36.2931576,0</coordinates>
      </Point>
    </Placemark>
    <Placemark>
      <name>Tulsa Police Department ALPR</name>
      <description>OSM node: https://www.openstreetmap.org/node/12641902721
Operator: Tulsa Police Department
Manufacturer: Flock Safety
Direction: 90
Zone: traffic</description>
      <Point>
        <coordinates>-96.0130965,36.131745,0</coordinates>
      </Point>
    </Placemark>
    <Placemark>
      <name>Tulsa Sheriff ALPR</name>
      <description>OSM node: https://www.openstreetmap.org/node/12642005041
Operator: Tulsa Sheriff
Manufacturer: Flock Safety
Direction: 345
Zone: traffic</description>
      <Point>
        <coordinates>-96.0627269,36.1042869,0</coordinates>
      </Point>
    </Placemark>
    <Placemark>
      <name>Sand Springs Police ALPR</name>
      <description>OSM node: https://www.openstreetmap.org/node/12642178795
Operator: Sand Springs Police
Manufacturer: Flock Safety
Direction: 215
Zone: traffic</description>
      <Point>
        <coordinates>-96.1174315,36.1203376,0</coordinates>
      </Point>
    </Placemark>
    <Placemark>
      <name>Tulsa Police Department ALPR</name>
      <description>OSM node: https://www.openstreetmap.org/node/12644704398
Operator: Tulsa Police Department
Manufacturer: Flock Safety
Direction: 145
Zone: traffic</description>
      <Point>
        <coordinates>-96.0019524,36.0577736,0</coordinates>
      </Point>
    </Placemark>
    <Placemark>
      <name>OKC Police ALPR</name>
      <description>OSM node: https://www.openstreetmap.org/node/12648565664
Operator: OKC Police
Manufacturer: Flock Safety
Direction: 250
Zone: traffic</description>
      <Point>
        <coordinates>-97.4610159,35.5077938,0</coordinates>
      </Point>
    </Placemark>
    <Placemark>
      <name>ALPR</name>
      <description>OSM node: https://www.openstreetmap.org/node/12648785493
Manufacturer: Flock Safety
Direction: 50
Zone: traffic
Camera type: fixed</description>
      <Point>
        <coordinates>-97.5138297,35.730009,0</coordinates>
      </Point>
    </Placemark>
    <Placemark>
      <name>ALPR</name>
      <description>OSM node: https://www.openstreetmap.org/node/12649680168
Manufacturer: Flock Safety
Direction: 320
Zone: traffic
Camera type: fixed</description>
      <Point>
        <coordinates>-97.3634502,35.6528114,0</coordinates>
      </Point>
    </Placemark>
    <Placemark>
      <name>Guthrie Police ALPR</name>
      <description>OSM node: https://www.openstreetmap.org/node/12651678280
Operator: Guthrie Police
Manufacturer: Flock Safety
Direction: 150
Zone: traffic</description>
      <Point>
        <coordinates>-97.4252133,35.797944,0</coordinates>
      </Point>
    </Placemark>
    <Placemark>
      <name>ALPR</name>
      <description>OSM node: https://www.openstreetmap.org/node/12651711223
Manufacturer: Flock Safety
Direction: 150
Zone: traffic
Camera type: fixed</description>
      <Point>
        <coordinates>-97.4783698,35.6524698,0</coordinates>
      </Point>
    </Placemark>
    <Placemark>
      <name>ALPR</name>
      <description>OSM node: https://www.openstreetmap.org/node/12657746225
Manufacturer: Flock Safety
Direction: 145
Zone: traffic
Camera type: fixed</description>
      <Point>
        <coordinates>-97.4784397,35.7241113,0</coordinates>
      </Point>
    </Placemark>
    <Placemark>
      <name>Lowes ALPR</name>
      <description>OSM node: https://www.openstreetmap.org/node/12662017251
Operator: Lowes
Manufacturer: Flock Safety
Direction: 145
Zone: traffic</description>
      <Point>
        <coordinates>-97.9421631,36.3903807,0</coordinates>
      </Point>
    </Placemark>
    <Placemark>
      <name>Edmond Police Department ALPR</name>
      <description>OSM node: https://www.openstreetmap.org/node/12662019428
Operator: Edmond Police Department
Manufacturer: Flock Safety
Direction: 250
Zone: traffic</description>
      <Point>
        <coordinates>-97.4287705,35.652814,0</coordinates>
      </Point>
    </Placemark>
    <Placemark>
      <name>Edmond Police Department ALPR</name>
      <description>OSM node: https://www.openstreetmap.org/node/12662025137
Operator: Edmond Police Department
Manufacturer: Flock Safety
Direction: 235
Zone: traffic</description>
      <Point>
        <coordinates>-97.4230235,35.6676321,0</coordinates>
      </Point>
    </Placemark>
    <Placemark>
      <name>OKC PD ALPR</name>
      <description>OSM node: https://www.openstreetmap.org/node/12663337241
Operator: OKC PD
Manufacturer: Flock Safety
Direction: 155
Zone: traffic
Camera type: fixed</description>
      <Point>
        <coordinates>-97.2301453,35.6528169,0</coordinates>
      </Point>
    </Placemark>
    <Placemark>
      <name>Collinsville Police ALPR</name>
      <description>OSM node: https://www.openstreetmap.org/node/12663594492
Operator: Collinsville Police
Manufacturer: Flock Safety
Direction: 0
Zone: traffic
Camera type: fixed</description>
      <Point>
        <coordinates>-95.8480474,36.3366908,0</coordinates>
      </Point>
    </Placemark>
    <Placemark>
      <name>Creek County Sheriff ALPR</name>
      <description>OSM node: https://www.openstreetmap.org/node/12664839493
Operator: Creek County Sheriff
Manufacturer: Flock Safety
Direction: 340
Zone: traffic</description>
      <Point>
        <coordinates>-96.1923441,35.9821453,0</coordinates>
      </Point>
    </Placemark>
    <Placemark>
      <name>Lowes ALPR</name>
      <description>OSM node: https://www.openstreetmap.org/node/12669206462
Operator: Lowes
Manufacturer: Flock Safety
Direction: 135
Zone: entrance</description>
      <Point>
        <coordinates>-95.8893886,36.0026849,0</coordinates>
      </Point>
    </Placemark>
    <Placemark>
      <name>Lowes ALPR</name>
      <description>OSM node: https://www.openstreetmap.org/node/12669248670
Operator: Lowes
Manufacturer: Flock Safety
Direction: 345
Zone: entrance</description>
      <Point>
        <coordinates>-95.8891504,36.0006608,0</coordinates>
      </Point>
    </Placemark>
    <Placemark>
      <name>Lowes ALPR</name>
      <description>OSM node: https://www.openstreetmap.org/node/12669261271
Operator: Lowes
Manufacturer: Flock Safety
Direction: 15
Zone: entrance</description>
      <Point>
        <coordinates>-95.8878764,36.0006687,0</coordinates>
      </Point>
    </Placemark>
    <Placemark>
      <name>Flock Safety ALPR</name>
      <description>OSM node: https://www.openstreetmap.org/node/12673214079
Operator: Flock Safety
Manufacturer: Flock Safety
Direction: 240
Zone: traffic
Camera type: fixed</description>
      <Point>
        <coordinates>-97.2773052,35.5657189,0</coordinates>
      </Point>
    </Placemark>
    <Placemark>
      <name>Flock Safety ALPR</name>
      <description>OSM node: https://www.openstreetmap.org/node/12673259049
Operator: Flock Safety
Direction: 260
Zone: traffic</description>
      <Point>
        <coordinates>-97.5148278,35.565619,0</coordinates>
      </Point>
    </Placemark>
    <Placemark>
      <name>Jones PC ALPR</name>
      <description>OSM node: https://www.openstreetmap.org/node/12673316839
Operator: Jones PC
Manufacturer: Flock Safety
Direction: 70
Zone: traffic
Camera type: fixed</description>
      <Point>
        <coordinates>-97.296197,35.5656805,0</coordinates>
      </Point>
    </Placemark>
    <Placemark>
      <name>ALPR</name>
      <description>OSM node: https://www.openstreetmap.org/node/12674391792
Manufacturer: Flock Safety
Direction: 235
Zone: traffic
Camera type: fixed</description>
      <Point>
        <coordinates>-97.5145068,35.5512719,0</coordinates>
      </Point>
    </Placemark>
    <Placemark>
      <name>Lowes ALPR</name>
      <description>OSM node: https://www.openstreetmap.org/node/12688428329
Operator: Lowes
Manufacturer: Flock Safety
Direction: 155
Zone: entrance</description>
      <Point>
        <coordinates>-95.3297633,35.7695423,0</coordinates>
      </Point>
    </Placemark>
    <Placemark>
      <name>Lowes ALPR</name>
      <description>OSM node: https://www.openstreetmap.org/node/12688435813
Operator: Lowes
Manufacturer: Flock Safety
Direction: 200
Zone: entrance</description>
      <Point>
        <coordinates>-95.330649,35.7694292,0</coordinates>
      </Point>
    </Placemark>
    <Placemark>
      <name>ALPR</name>
      <description>OSM node: https://www.openstreetmap.org/node/12689224091
Manufacturer: Flock Safety
Direction: 55
Zone: traffic
Camera type: fixed</description>
      <Point>
        <coordinates>-97.5091422,35.5679123,0</coordinates>
      </Point>
    </Placemark>
    <Placemark>
      <name>ALPR</name>
      <description>OSM node: https://www.openstreetmap.org/node/12689688607
Manufacturer: Flock Safety
Direction: 235
Zone: traffic
Camera type: fixed</description>
      <Point>
        <coordinates>-97.5091002,35.5676188,0</coordinates>
      </Point>
    </Placemark>
    <Placemark>
      <name>ALPR</name>
      <description>OSM node: https://www.openstreetmap.org/node/12699215527
Manufacturer: Flock Safety
Direction: 40;155
Zone: traffic
Camera type: fixed</description>
      <Point>
        <coordinates>-98.4194322,35.8410931,0</coordinates>
      </Point>
    </Placemark>
    <Placemark>
      <name>ALPR</name>
      <description>OSM node: https://www.openstreetmap.org/node/12699223855
Manufacturer: Flock Safety
Direction: 235
Zone: traffic
Camera type: fixed</description>
      <Point>
        <coordinates>-98.4194992,35.8413888,0</coordinates>
      </Point>
    </Placemark>
    <Placemark>
      <name>Owasso Police ALPR</name>
      <description>OSM node: https://www.openstreetmap.org/node/12700489927
Operator: Owasso Police
Manufacturer: Flock Safety
Direction: 165
Zone: traffic
Camera type: fixed</description>
      <Point>
        <coordinates>-95.8482084,36.3345329,0</coordinates>
      </Point>
    </Placemark>
    <Placemark>
      <name>Collinsville Police ALPR</name>
      <description>OSM node: https://www.openstreetmap.org/node/12700501004
Operator: Collinsville Police
Manufacturer: Flock Safety
Direction: 250
Zone: traffic
Camera type: fixed</description>
      <Point>
        <coordinates>-95.8302854,36.3656289,0</coordinates>
      </Point>
    </Placemark>
    <Placemark>
      <name>Collinsville Police ALPR</name>
      <description>OSM node: https://www.openstreetmap.org/node/12703471400
Operator: Collinsville Police
Manufacturer: Flock Safety
Direction: 160
Zone: traffic
Camera type: fixed</description>
      <Point>
        <coordinates>-95.8302576,36.364002,0</coordinates>
      </Point>
    </Placemark>
    <Placemark>
      <name>Owasso Police ALPR</name>
      <description>OSM node: https://www.openstreetmap.org/node/12704721448
Operator: Owasso Police
Manufacturer: Flock Safety
Direction: 75
Zone: traffic
Camera type: fixed</description>
      <Point>
        <coordinates>-95.8371898,36.2929153,0</coordinates>
      </Point>
    </Placemark>
    <Placemark>
      <name>Collinsville Police ALPR</name>
      <description>OSM node: https://www.openstreetmap.org/node/12704856872
Operator: Collinsville Police
Manufacturer: Flock Safety
Direction: 160
Zone: traffic
Camera type: fixed</description>
      <Point>
        <coordinates>-95.8481791,36.3640969,0</coordinates>
      </Point>
    </Placemark>
    <Placemark>
      <name>Collinsville Police ALPR</name>
      <description>OSM node: https://www.openstreetmap.org/node/12704876604
Operator: Collinsville Police
Manufacturer: Flock Safety
Direction: 160
Zone: traffic
Camera type: fixed</description>
      <Point>
        <coordinates>-95.8392748,36.3634128,0</coordinates>
      </Point>
    </Placemark>
    <Placemark>
      <name>Brisotw Police ALPR</name>
      <description>OSM node: https://www.openstreetmap.org/node/12709271827
Operator: Brisotw Police
Manufacturer: Flock Safety
Direction: 35
Zone: traffic</description>
      <Point>
        <coordinates>-96.3908177,35.8405506,0</coordinates>
      </Point>
    </Placemark>
    <Placemark>
      <name>Bristow Police ALPR</name>
      <description>OSM node: https://www.openstreetmap.org/node/12709315091
Operator: Bristow Police
Manufacturer: Flock Safety
Direction: 230
Zone: traffic</description>
      <Point>
        <coordinates>-96.39049,35.841264,0</coordinates>
      </Point>
    </Placemark>
    <Placemark>
      <name>Wagoner County Sheriff ALPR</name>
      <description>OSM node: https://www.openstreetmap.org/node/12712321785
Operator: Wagoner County Sheriff
Manufacturer: Flock Safety
Direction: 65
Zone: traffic</description>
      <Point>
        <coordinates>-95.7168713,35.9590757,0</coordinates>
      </Point>
    </Placemark>
    <Placemark>
      <name>Wagoner Co. Sheriff ALPR</name>
      <description>OSM node: https://www.openstreetmap.org/node/12713983728
Operator: Wagoner Co. Sheriff
Manufacturer: Flock Safety
Direction: 55
Zone: traffic</description>
      <Point>
        <coordinates>-95.6764625,36.0026533,0</coordinates>
      </Point>
    </Placemark>
    <Placemark>
      <name>Muskogee Police ALPR</name>
      <description>OSM node: https://www.openstreetmap.org/node/12714048531
Operator: Muskogee Police
Manufacturer: Flock Safety
Direction: 60
Zone: traffic</description>
      <Point>
        <coordinates>-95.3759572,35.7706165,0</coordinates>
      </Point>
    </Placemark>
    <Placemark>
      <name>Muskogee Police ALPR</name>
      <description>OSM node: https://www.openstreetmap.org/node/12714056268
Operator: Muskogee Police
Manufacturer: Flock Safety
Direction: 260
Zone: traffic</description>
      <Point>
        <coordinates>-95.3650632,35.7700977,0</coordinates>
      </Point>
    </Placemark>
    <Placemark>
      <name>Owasso Police ALPR</name>
      <description>OSM node: https://www.openstreetmap.org/node/12717185365
Operator: Owasso Police
Manufacturer: Flock Safety
Direction: 350
Zone: traffic
Camera type: fixed</description>
      <Point>
        <coordinates>-95.8391771,36.2935954,0</coordinates>
      </Point>
    </Placemark>
    <Placemark>
      <name>Bristow Police ALPR</name>
      <description>OSM node: https://www.openstreetmap.org/node/12724520531
Operator: Bristow Police
Manufacturer: Flock Safety
Direction: 325
Zone: traffic</description>
      <Point>
        <coordinates>-96.387183,35.8246743,0</coordinates>
      </Point>
    </Placemark>
    <Placemark>
      <name>ALPR</name>
      <description>OSM node: https://www.openstreetmap.org/node/12726852743
Manufacturer: Flock Safety
Direction: 230
Zone: traffic
Camera type: fixed</description>
      <Point>
        <coordinates>-95.9582967,36.1262767,0</coordinates>
      </Point>
    </Placemark>
    <Placemark>
      <name>ALPR</name>
      <description>OSM node: https://www.openstreetmap.org/node/12729872758
Manufacturer: Flock Safety
Direction: 135
Zone: traffic
Camera type: fixed</description>
      <Point>
        <coordinates>-95.9670523,36.1250556,0</coordinates>
      </Point>
    </Placemark>
    <Placemark>
      <name>ALPR</name>
      <description>OSM node: https://www.openstreetmap.org/node/12730058297
Manufacturer: Flock Safety
Direction: 220
Zone: traffic
Camera type: fixed</description>
      <Point>
        <coordinates>-97.5573196,35.6084661,0</coordinates>
      </Point>
    </Placemark>
    <Placemark>
      <name>ALPR</name>
      <description>OSM node: https://www.openstreetmap.org/node/12730094187
Manufacturer: Flock Safety
Direction: 230
Zone: traffic
Camera type: fixed</description>
      <Point>
        <coordinates>-97.5552257,35.6084518,0</coordinates>
      </Point>
    </Placemark>
    <Placemark>
      <name>ALPR</name>
      <description>OSM node: https://www.openstreetmap.org/node/12730135441
Manufacturer: Flock Safety
Direction: 135
Zone: traffic
Camera type: fixed</description>
      <Point>
        <coordinates>-97.5564212,35.6084661,0</coordinates>
      </Point>
    </Placemark>
    <Placemark>
      <name>ALPR</name>
      <description>OSM node: https://www.openstreetmap.org/node/12730151491
Manufacturer: Flock Safety
Direction: 60
Zone: traffic
Camera type: fixed</description>
      <Point>
        <coordinates>-97.5580333,35.6071902,0</coordinates>
      </Point>
    </Placemark>
    <Placemark>
      <name>ALPR</name>
      <description>OSM node: https://www.openstreetmap.org/node/12731722187
Manufacturer: Flock Safety
Direction: 240
Zone: traffic
Camera type: fixed</description>
      <Point>
        <coordinates>-95.9583553,36.1251581,0</coordinates>
      </Point>
    </Placemark>
    <Placemark>
      <name>ALPR</name>
      <description>OSM node: https://www.openstreetmap.org/node/12731731469
Manufacturer: Flock Safety
Direction: 240
Zone: traffic
Camera type: fixed</description>
      <Point>
        <coordinates>-95.9583081,36.1241273,0</coordinates>
      </Point>
    </Placemark>
    <Placemark>
      <name>ALPR</name>
      <description>OSM node: https://www.openstreetmap.org/node/12731736690
Manufacturer: Flock Safety
Direction: 240
Zone: traffic
Camera type: fixed</description>
      <Point>
        <coordinates>-95.9582904,36.1214543,0</coordinates>
      </Point>
    </Placemark>
    <Placemark>
      <name>ALPR</name>
      <description>OSM node: https://www.openstreetmap.org/node/12731747202
Manufacturer: Flock Safety
Direction: 280
Zone: traffic
Camera type: fixed</description>
      <Point>
        <coordinates>-95.9584772,36.1223225,0</coordinates>
      </Point>
    </Placemark>
    <Placemark>
      <name>ALPR</name>
      <description>OSM node: https://www.openstreetmap.org/node/12731747778
Manufacturer: Flock Safety
Direction: 240
Zone: traffic
Camera type: fixed</description>
      <Point>
        <coordinates>-95.9583068,36.1200542,0</coordinates>
      </Point>
    </Placemark>
    <Placemark>
      <name>ALPR</name>
      <description>OSM node: https://www.openstreetmap.org/node/12731757428
Manufacturer: Flock Safety
Direction: 120
Zone: traffic
Camera type: fixed</description>
      <Point>
        <coordinates>-95.9674472,36.1198059,0</coordinates>
      </Point>
    </Placemark>
    <Placemark>
      <name>ALPR</name>
      <description>OSM node: https://www.openstreetmap.org/node/12731757429
Manufacturer: Flock Safety
Direction: 90
Zone: traffic
Camera type: fixed</description>
      <Point>
        <coordinates>-95.9667185,36.1216479,0</coordinates>
      </Point>
    </Placemark>
    <Placemark>
      <name>ALPR</name>
      <description>OSM node: https://www.openstreetmap.org/node/12731771610
Manufacturer: Flock Safety
Direction: 90
Zone: traffic
Camera type: fixed</description>
      <Point>
        <coordinates>-95.9671521,36.1205847,0</coordinates>
      </Point>
    </Placemark>
    <Placemark>
      <name>ALPR</name>
      <description>OSM node: https://www.openstreetmap.org/node/12732059587
Direction: 345
Zone: traffic</description>
      <Point>
        <coordinates>-97.6621191,35.4064476,0</coordinates>
      </Point>
    </Placemark>
    <Placemark>
      <name>ALPR</name>
      <description>OSM node: https://www.openstreetmap.org/node/12732084103
Direction: 250
Zone: traffic</description>
      <Point>
        <coordinates>-97.6752914,35.3917978,0</coordinates>
      </Point>
    </Placemark>
    <Placemark>
      <name>ALPR</name>
      <description>OSM node: https://www.openstreetmap.org/node/12732142459
Manufacturer: Flock Safety
Direction: 160
Zone: traffic
Camera type: fixed</description>
      <Point>
        <coordinates>-97.7249047,35.4667708,0</coordinates>
      </Point>
    </Placemark>
    <Placemark>
      <name>ALPR</name>
      <description>OSM node: https://www.openstreetmap.org/node/12732154704
Manufacturer: Flock Safety
Direction: 160
Zone: traffic
Camera type: fixed</description>
      <Point>
        <coordinates>-97.5345255,35.5112616,0</coordinates>
      </Point>
    </Placemark>
    <Placemark>
      <name>Owasso Police ALPR</name>
      <description>OSM node: https://www.openstreetmap.org/node/12734724746
Operator: Owasso Police
Manufacturer: Flock Safety
Direction: 350
Zone: traffic
Camera type: fixed</description>
      <Point>
        <coordinates>-95.8404973,36.2933265,0</coordinates>
      </Point>
    </Placemark>
    <Placemark>
      <name>Muskogee Police ALPR</name>
      <description>OSM node: https://www.openstreetmap.org/node/12735712547
Operator: Muskogee Police
Manufacturer: Flock Safety
Direction: 160
Zone: traffic</description>
      <Point>
        <coordinates>-95.3405093,35.7404038,0</coordinates>
      </Point>
    </Placemark>
    <Placemark>
      <name>Muskogee Police ALPR</name>
      <description>OSM node: https://www.openstreetmap.org/node/12735800953
Operator: Muskogee Police
Manufacturer: Flock Safety
Direction: 355
Zone: traffic</description>
      <Point>
        <coordinates>-95.3556065,35.7518153,0</coordinates>
      </Point>
    </Placemark>
    <Placemark>
      <name>ALPR</name>
      <description>OSM node: https://www.openstreetmap.org/node/12737005666
Manufacturer: Flock Safety
Direction: 340
Zone: traffic
Camera type: fixed</description>
      <Point>
        <coordinates>-97.6186498,35.4607217,0</coordinates>
      </Point>
    </Placemark>
    <Placemark>
      <name>ALPR</name>
      <description>OSM node: https://www.openstreetmap.org/node/12737047186
Manufacturer: Flock Safety
Direction: 255
Zone: traffic
Camera type: fixed</description>
      <Point>
        <coordinates>-97.7089034,35.3773094,0</coordinates>
      </Point>
    </Placemark>
    <Placemark>
      <name>ALPR</name>
      <description>OSM node: https://www.openstreetmap.org/node/12737421257
Manufacturer: Flock Safety
Direction: 70
Zone: traffic
Camera type: fixed</description>
      <Point>
        <coordinates>-97.4932665,35.406151,0</coordinates>
      </Point>
    </Placemark>
    <Placemark>
      <name>ALPR</name>
      <description>OSM node: https://www.openstreetmap.org/node/12737509633
Manufacturer: Flock Safety
Direction: 170
Zone: traffic
Camera type: fixed</description>
      <Point>
        <coordinates>-97.4946169,35.3333206,0</coordinates>
      </Point>
    </Placemark>
    <Placemark>
      <name>ALPR</name>
      <description>OSM node: https://www.openstreetmap.org/node/12737513501
Manufacturer: Flock Safety
Direction: 80
Zone: traffic
Camera type: fixed</description>
      <Point>
        <coordinates>-97.4873803,35.4206892,0</coordinates>
      </Point>
    </Placemark>
    <Placemark>
      <name>ALPR</name>
      <description>OSM node: https://www.openstreetmap.org/node/12737521052
Manufacturer: Flock Safety
Direction: 75
Zone: traffic
Camera type: fixed</description>
      <Point>
        <coordinates>-97.4876596,35.3199326,0</coordinates>
      </Point>
    </Placemark>
    <Placemark>
      <name>ALPR</name>
      <description>OSM node: https://www.openstreetmap.org/node/12737546934
Manufacturer: Flock Safety
Direction: 180
Zone: traffic
Camera type: fixed</description>
      <Point>
        <coordinates>-97.4916161,35.3208084,0</coordinates>
      </Point>
    </Placemark>
    <Placemark>
      <name>ALPR</name>
      <description>OSM node: https://www.openstreetmap.org/node/12737567613
Manufacturer: Flock Safety
Direction: 350
Zone: traffic
Camera type: fixed</description>
      <Point>
        <coordinates>-97.5299523,35.3919131,0</coordinates>
      </Point>
    </Placemark>
    <Placemark>
      <name>ALPR</name>
      <description>OSM node: https://www.openstreetmap.org/node/12737602296
Manufacturer: Flock Safety
Direction: 180
Zone: traffic
Camera type: fixed</description>
      <Point>
        <coordinates>-97.5479905,35.3909189,0</coordinates>
      </Point>
    </Placemark>
    <Placemark>
      <name>ALPR</name>
      <description>OSM node: https://www.openstreetmap.org/node/12737829612
Manufacturer: Flock Safety
Direction: 165
Zone: traffic
Camera type: fixed</description>
      <Point>
        <coordinates>-97.724791,35.4055585,0</coordinates>
      </Point>
    </Placemark>
    <Placemark>
      <name>ALPR</name>
      <description>OSM node: https://www.openstreetmap.org/node/12739301697
Manufacturer: Flock Safety
Direction: 120
Zone: traffic
Camera type: fixed</description>
      <Point>
        <coordinates>-97.6887465,35.4624344,0</coordinates>
      </Point>
    </Placemark>
    <Placemark>
      <name>ALPR</name>
      <description>OSM node: https://www.openstreetmap.org/node/12739323059
Manufacturer: Flock Safety
Direction: 75
Zone: traffic
Camera type: fixed</description>
      <Point>
        <coordinates>-97.6887545,35.4624517,0</coordinates>
      </Point>
    </Placemark>
    <Placemark>
      <name>Owasso Police ALPR</name>
      <description>OSM node: https://www.openstreetmap.org/node/12739451885
Operator: Owasso Police
Manufacturer: Flock Safety
Direction: 110
Zone: traffic
Camera type: fixed</description>
      <Point>
        <coordinates>-95.8418699,36.2938442,0</coordinates>
      </Point>
    </Placemark>
    <Placemark>
      <name>ALPR</name>
      <description>OSM node: https://www.openstreetmap.org/node/12739631945
Manufacturer: Flock Safety
Direction: 350
Zone: traffic
Camera type: fixed</description>
      <Point>
        <coordinates>-97.6911323,35.4572181,0</coordinates>
      </Point>
    </Placemark>
    <Placemark>
      <name>ALPR</name>
      <description>OSM node: https://www.openstreetmap.org/node/12740069756
Manufacturer: Flock Safety
Direction: 170
Zone: traffic
Camera type: fixed</description>
      <Point>
        <coordinates>-97.6893885,35.4592277,0</coordinates>
      </Point>
    </Placemark>
    <Placemark>
      <name>ALPR</name>
      <description>OSM node: https://www.openstreetmap.org/node/12740077952
Manufacturer: Flock Safety
Direction: 250
Zone: traffic
Camera type: fixed</description>
      <Point>
        <coordinates>-97.4889323,35.4209823,0</coordinates>
      </Point>
    </Placemark>
    <Placemark>
      <name>Locust Grove Police ALPR</name>
      <description>OSM node: https://www.openstreetmap.org/node/12740633252
Operator: Locust Grove Police
Manufacturer: Flock Safety
Direction: 355
Zone: traffic</description>
      <Point>
        <coordinates>-95.1730401,36.1945241,0</coordinates>
      </Point>
    </Placemark>
    <Placemark>
      <name>Locust Grove Police ALPR</name>
      <description>OSM node: https://www.openstreetmap.org/node/12740665510
Operator: Locust Grove Police
Manufacturer: Flock Safety
Direction: 65
Zone: traffic</description>
      <Point>
        <coordinates>-95.1729315,36.1908357,0</coordinates>
      </Point>
    </Placemark>
    <Placemark>
      <name>ALPR</name>
      <description>OSM node: https://www.openstreetmap.org/node/12741922124
Manufacturer: Flock Safety
Direction: 345
Zone: traffic
Camera type: fixed</description>
      <Point>
        <coordinates>-97.5123343,35.3924348,0</coordinates>
      </Point>
    </Placemark>
    <Placemark>
      <name>ALPR</name>
      <description>OSM node: https://www.openstreetmap.org/node/12743117268
Manufacturer: Flock Safety
Direction: 335
Zone: traffic
Camera type: fixed</description>
      <Point>
        <coordinates>-97.5067127,35.3924678,0</coordinates>
      </Point>
    </Placemark>
    <Placemark>
      <name>ALPR</name>
      <description>OSM node: https://www.openstreetmap.org/node/12743380072
Manufacturer: Flock Safety
Direction: 175
Zone: traffic
Camera type: fixed</description>
      <Point>
        <coordinates>-97.6012532,35.4577855,0</coordinates>
      </Point>
    </Placemark>
    <Placemark>
      <name>ALPR</name>
      <description>OSM node: https://www.openstreetmap.org/node/12744972073
Manufacturer: Flock Safety
Direction: 350
Zone: traffic
Camera type: fixed</description>
      <Point>
        <coordinates>-95.9609272,36.1189919,0</coordinates>
      </Point>
    </Placemark>
    <Placemark>
      <name>ALPR</name>
      <description>OSM node: https://www.openstreetmap.org/node/12744978319
Manufacturer: Flock Safety
Direction: 190
Zone: traffic
Camera type: fixed</description>
      <Point>
        <coordinates>-95.9625887,36.126596,0</coordinates>
      </Point>
    </Placemark>
    <Placemark>
      <name>ALPR</name>
      <description>OSM node: https://www.openstreetmap.org/node/12745003723
Manufacturer: Flock Safety
Direction: 20
Zone: traffic
Camera type: fixed</description>
      <Point>
        <coordinates>-95.9634992,36.1189476,0</coordinates>
      </Point>
    </Placemark>
    <Placemark>
      <name>Tulsa Police Department ALPR</name>
      <description>OSM node: https://www.openstreetmap.org/node/12745863600
Operator: Tulsa Police Department
Manufacturer: Flock Safety
Direction: 260
Zone: traffic
Camera type: fixed</description>
      <Point>
        <coordinates>-95.8489449,36.1481775,0</coordinates>
      </Point>
    </Placemark>
    <Placemark>
      <name>ALPR</name>
      <description>OSM node: https://www.openstreetmap.org/node/12745870334
Manufacturer: Flock Safety
Zone: traffic
Camera type: fixed</description>
      <Point>
        <coordinates>-95.9220493,36.090114,0</coordinates>
      </Point>
    </Placemark>
    <Placemark>
      <name>ALPR</name>
      <description>OSM node: https://www.openstreetmap.org/node/12745927689
Manufacturer: Flock Safety
Direction: 245
Zone: traffic
Camera type: fixed</description>
      <Point>
        <coordinates>-97.5706878,35.4352572,0</coordinates>
      </Point>
    </Placemark>
    <Placemark>
      <name>ALPR</name>
      <description>OSM node: https://www.openstreetmap.org/node/12745931318
Manufacturer: Flock Safety
Direction: 135
Zone: traffic
Camera type: fixed</description>
      <Point>
        <coordinates>-95.9925665,36.1612623,0</coordinates>
      </Point>
    </Placemark>
    <Placemark>
      <name>Tulsa Police Department ALPR</name>
      <description>OSM node: https://www.openstreetmap.org/node/12748821478
Operator: Tulsa Police Department
Manufacturer: Flock Safety
Direction: 335
Zone: traffic</description>
      <Point>
        <coordinates>-95.9580617,36.1612625,0</coordinates>
      </Point>
    </Placemark>
    <Placemark>
      <name>Tulsa Police Department ALPR</name>
      <description>OSM node: https://www.openstreetmap.org/node/12748857253
Operator: Tulsa Police Department
Manufacturer: Flock Safety
Direction: 60
Zone: traffic</description>
      <Point>
        <coordinates>-95.992384,36.2204197,0</coordinates>
      </Point>
    </Placemark>
    <Placemark>
      <name>Tulsa Police Department ALPR</name>
      <description>OSM node: https://www.openstreetmap.org/node/12748925703
Operator: Tulsa Police Department
Manufacturer: Flock Safety
Direction: 345
Zone: traffic</description>
      <Point>
        <coordinates>-95.9934134,36.2061089,0</coordinates>
      </Point>
    </Placemark>
    <Placemark>
      <name>Tulsa Police Department ALPR</name>
      <description>OSM node: https://www.openstreetmap.org/node/12748931504
Operator: Tulsa Police Department
Manufacturer: Flock Safety
Direction: 55
Zone: traffic</description>
      <Point>
        <coordinates>-95.9933575,36.2058434,0</coordinates>
      </Point>
    </Placemark>
    <Placemark>
      <name>Tulsa Police Department ALPR</name>
      <description>OSM node: https://www.openstreetmap.org/node/12748942043
Operator: Tulsa Police Department
Manufacturer: Flock Safety
Direction: 250
Zone: traffic</description>
      <Point>
        <coordinates>-95.9590031,36.2496161,0</coordinates>
      </Point>
    </Placemark>
    <Placemark>
      <name>Tulsa Police Department ALPR</name>
      <description>OSM node: https://www.openstreetmap.org/node/12748942060
Operator: Tulsa Police Department
Manufacturer: Flock Safety
Direction: 245
Zone: traffic</description>
      <Point>
        <coordinates>-95.9404709,36.1608838,0</coordinates>
      </Point>
    </Placemark>
    <Placemark>
      <name>Tulsa Police Department ALPR</name>
      <description>OSM node: https://www.openstreetmap.org/node/12748955775
Operator: Tulsa Police Department
Manufacturer: Flock Safety
Direction: 345
Zone: traffic</description>
      <Point>
        <coordinates>-95.9582961,36.2353451,0</coordinates>
      </Point>
    </Placemark>
    <Placemark>
      <name>Tulsa Police Department ALPR</name>
      <description>OSM node: https://www.openstreetmap.org/node/12748963466
Operator: Tulsa Police Department
Manufacturer: Flock Safety
Direction: 165
Zone: traffic</description>
      <Point>
        <coordinates>-95.9583378,36.1769461,0</coordinates>
      </Point>
    </Placemark>
    <Placemark>
      <name>Tulsa Police Department ALPR</name>
      <description>OSM node: https://www.openstreetmap.org/node/12748966343
Operator: Tulsa Police Department
Manufacturer: Flock Safety
Direction: 65
Zone: traffic</description>
      <Point>
        <coordinates>-95.9400915,36.1915044,0</coordinates>
      </Point>
    </Placemark>
    <Placemark>
      <name>Tulsa Police Department ALPR</name>
      <description>OSM node: https://www.openstreetmap.org/node/12749024615
Operator: Tulsa Police Department
Manufacturer: Flock Safety
Direction: 345
Zone: traffic</description>
      <Point>
        <coordinates>-95.9223502,36.1609783,0</coordinates>
      </Point>
    </Placemark>
    <Placemark>
      <name>Tulsa Police Department ALPR</name>
      <description>OSM node: https://www.openstreetmap.org/node/12749031707
Operator: Tulsa Police Department
Manufacturer: Flock Safety
Direction: 155
Zone: traffic</description>
      <Point>
        <coordinates>-95.9047056,36.1187077,0</coordinates>
      </Point>
    </Placemark>
    <Placemark>
      <name>Tulsa Police Department ALPR</name>
      <description>OSM node: https://www.openstreetmap.org/node/12749077226
Operator: Tulsa Police Department
Manufacturer: Flock Safety
Direction: 255
Zone: traffic</description>
      <Point>
        <coordinates>-95.88692,36.177174,0</coordinates>
      </Point>
    </Placemark>
    <Placemark>
      <name>Tulsa Police Department ALPR</name>
      <description>OSM node: https://www.openstreetmap.org/node/12749366319
Operator: Tulsa Police Department
Manufacturer: Flock Safety
Direction: 155;23
Zone: traffic</description>
      <Point>
        <coordinates>-95.9935614,36.2481822,0</coordinates>
      </Point>
    </Placemark>
    <Placemark>
      <name>ALPR</name>
      <description>OSM node: https://www.openstreetmap.org/node/12750226061
Direction: 340
Zone: traffic</description>
      <Point>
        <coordinates>-97.7245257,35.4794576,0</coordinates>
      </Point>
    </Placemark>
    <Placemark>
      <name>Tulsa Police Department ALPR</name>
      <description>OSM node: https://www.openstreetmap.org/node/12750375243
Operator: Tulsa Police Department
Manufacturer: Flock Safety
Direction: 345
Zone: traffic</description>
      <Point>
        <coordinates>-96.0196899,36.1768248,0</coordinates>
      </Point>
    </Placemark>
    <Placemark>
      <name>Casino Security ALPR</name>
      <description>OSM node: https://www.openstreetmap.org/node/12751672463
Operator: Casino Security
Manufacturer: Leonardo
Direction: 215
Zone: entrance</description>
      <Point>
        <coordinates>-95.9639383,36.0439262,0</coordinates>
      </Point>
    </Placemark>
    <Placemark>
      <name>Tulsa Police Department ALPR</name>
      <description>OSM node: https://www.openstreetmap.org/node/12751678304
Operator: Tulsa Police Department
Manufacturer: Flock Safety
Direction: 262
Zone: traffic</description>
      <Point>
        <coordinates>-95.9869228,36.1252867,0</coordinates>
      </Point>
    </Placemark>
    <Placemark>
      <name>River Spirit Casino Security ALPR</name>
      <description>OSM node: https://www.openstreetmap.org/node/12751717999
Operator: River Spirit Casino Security
Manufacturer: Rekor
Direction: 225
Zone: traffic</description>
      <Point>
        <coordinates>-95.959336,36.0384574,0</coordinates>
      </Point>
    </Placemark>
    <Placemark>
      <name>Tulsa Police Department ALPR</name>
      <description>OSM node: https://www.openstreetmap.org/node/12752588933
Operator: Tulsa Police Department
Manufacturer: Flock Safety
Direction: 160
Zone: traffic</description>
      <Point>
        <coordinates>-95.958306,36.1476712,0</coordinates>
      </Point>
    </Placemark>
    <Placemark>
      <name>Tulsa Police Department ALPR</name>
      <description>OSM node: https://www.openstreetmap.org/node/12753383692
Operator: Tulsa Police Department
Manufacturer: Flock Safety
Direction: 260
Zone: traffic</description>
      <Point>
        <coordinates>-95.8235466,36.1335641,0</coordinates>
      </Point>
    </Placemark>
    <Placemark>
      <name>Tulsa Police Department ALPR</name>
      <description>OSM node: https://www.openstreetmap.org/node/12753383973
Operator: Tulsa Police Department
Manufacturer: Flock Safety
Direction: 335
Zone: traffic</description>
      <Point>
        <coordinates>-95.8510004,36.1252497,0</coordinates>
      </Point>
    </Placemark>
    <Placemark>
      <name>Bretton Woods HOA ALPR</name>
      <description>OSM node: https://www.openstreetmap.org/node/12753393998
Operator: Bretton Woods HOA
Manufacturer: Flock Safety
Direction: 70
Zone: traffic</description>
      <Point>
        <coordinates>-95.8507468,36.0560276,0</coordinates>
      </Point>
    </Placemark>
    <Placemark>
      <name>Tulsa Police Department ALPR</name>
      <description>OSM node: https://www.openstreetmap.org/node/12753403755
Operator: Tulsa Police Department
Manufacturer: Flock Safety
Direction: 345
Zone: traffic</description>
      <Point>
        <coordinates>-95.8859887,36.0465554,0</coordinates>
      </Point>
    </Placemark>
    <Placemark>
      <name>Tulsa Police Department ALPR</name>
      <description>OSM node: https://www.openstreetmap.org/node/12753407573
Operator: Tulsa Police Department
Manufacturer: Flock Safety
Direction: 255
Zone: traffic</description>
      <Point>
        <coordinates>-95.8512068,36.0610506,0</coordinates>
      </Point>
    </Placemark>
    <Placemark>
      <name>Tulsa Police Department ALPR</name>
      <description>OSM node: https://www.openstreetmap.org/node/12753415795
Operator: Tulsa Police Department
Manufacturer: Flock Safety
Direction: 335
Zone: traffic</description>
      <Point>
        <coordinates>-95.8508721,36.0734392,0</coordinates>
      </Point>
    </Placemark>
    <Placemark>
      <name>Tulsa Police Department ALPR</name>
      <description>OSM node: https://www.openstreetmap.org/node/12753418021
Operator: Tulsa Police Department
Manufacturer: Flock Safety
Direction: 345
Zone: traffic</description>
      <Point>
        <coordinates>-95.8862547,36.0680179,0</coordinates>
      </Point>
    </Placemark>
    <Placemark>
      <name>Bretton Woods HOA ALPR</name>
      <description>OSM node: https://www.openstreetmap.org/node/12753428901
Operator: Bretton Woods HOA
Manufacturer: Flock Safety
Direction: 255
Zone: traffic</description>
      <Point>
        <coordinates>-95.8505783,36.0561859,0</coordinates>
      </Point>
    </Placemark>
    <Placemark>
      <name>Tulsa Police Department ALPR</name>
      <description>OSM node: https://www.openstreetmap.org/node/12753446163
Operator: Tulsa Police Department
Manufacturer: Flock Safety
Direction: 140
Zone: traffic</description>
      <Point>
        <coordinates>-95.8687243,36.0751886,0</coordinates>
      </Point>
    </Placemark>
    <Placemark>
      <name>Tulsa Police Department ALPR</name>
      <description>OSM node: https://www.openstreetmap.org/node/12753461701
Operator: Tulsa Police Department
Manufacturer: Flock Safety
Direction: 120
Zone: traffic</description>
      <Point>
        <coordinates>-95.885895,36.063396,0</coordinates>
      </Point>
    </Placemark>
    <Placemark>
      <name>Tulsa Police Department ALPR</name>
      <description>OSM node: https://www.openstreetmap.org/node/12753466530
Operator: Tulsa Police Department
Manufacturer: Flock Safety
Direction: 65
Zone: traffic</description>
      <Point>
        <coordinates>-95.8862909,36.0898375,0</coordinates>
      </Point>
    </Placemark>
    <Placemark>
      <name>Marshall HOA ALPR</name>
      <description>OSM node: https://www.openstreetmap.org/node/12754474066
Operator: Marshall HOA
Manufacturer: Flock Safety
Direction: 315
Zone: entrance</description>
      <Point>
        <coordinates>-95.9044866,36.0527727,0</coordinates>
      </Point>
    </Placemark>
    <Placemark>
      <name>Marshall Park HOA ALPR</name>
      <description>OSM node: https://www.openstreetmap.org/node/12754483465
Operator: Marshall Park HOA
Manufacturer: Flock Safety
Direction: 245
Zone: entrance</description>
      <Point>
        <coordinates>-95.9044636,36.0560057,0</coordinates>
      </Point>
    </Placemark>
    <Placemark>
      <name>Marshall Park HOA ALPR</name>
      <description>OSM node: https://www.openstreetmap.org/node/12754483663
Operator: Marshall Park HOA
Manufacturer: Flock Safety
Direction: 355
Zone: street</description>
      <Point>
        <coordinates>-95.9089053,36.0557943,0</coordinates>
      </Point>
    </Placemark>
    <Placemark>
      <name>Holland Pointe HOA ALPR</name>
      <description>OSM node: https://www.openstreetmap.org/node/12755469253
Operator: Holland Pointe HOA
Manufacturer: Flock Safety
Direction: 140
Zone: traffic</description>
      <Point>
        <coordinates>-95.9144895,36.0499975,0</coordinates>
      </Point>
    </Placemark>
    <Placemark>
      <name>Holland Pointe HOA ALPR</name>
      <description>OSM node: https://www.openstreetmap.org/node/12755505948
Operator: Holland Pointe HOA
Manufacturer: Flock Safety
Direction: 350
Zone: entrance</description>
      <Point>
        <coordinates>-95.9124224,36.0465164,0</coordinates>
      </Point>
    </Placemark>
    <Placemark>
      <name>Holland Pointe HOA ALPR</name>
      <description>OSM node: https://www.openstreetmap.org/node/12755509894
Operator: Holland Pointe HOA
Manufacturer: Flock Safety
Direction: 235
Zone: entrance</description>
      <Point>
        <coordinates>-95.9114513,36.0495885,0</coordinates>
      </Point>
    </Placemark>
    <Placemark>
      <name>Bixby Police ALPR</name>
      <description>OSM node: https://www.openstreetmap.org/node/12757817705
Operator: Bixby Police
Manufacturer: Flock Safety
Direction: 65
Zone: traffic</description>
      <Point>
        <coordinates>-95.904256,35.98819,0</coordinates>
      </Point>
    </Placemark>
    <Placemark>
      <name>Tulsa Sheriff ALPR</name>
      <description>OSM node: https://www.openstreetmap.org/node/12758712361
Operator: Tulsa Sheriff
Manufacturer: Flock Safety
Direction: 335
Zone: traffic</description>
      <Point>
        <coordinates>-96.0650148,36.1511694,0</coordinates>
      </Point>
    </Placemark>
    <Placemark>
      <name>Tulsa Police Department ALPR</name>
      <description>OSM node: https://www.openstreetmap.org/node/12758892708
Operator: Tulsa Police Department
Manufacturer: Flock Safety
Direction: 65
Zone: traffic</description>
      <Point>
        <coordinates>-95.9995446,36.1478498,0</coordinates>
      </Point>
    </Placemark>
    <Placemark>
      <name>Tulsa Police Department ALPR</name>
      <description>OSM node: https://www.openstreetmap.org/node/12760507121
Operator: Tulsa Police Department
Manufacturer: Flock Safety
Direction: 170
Zone: traffic
Camera type: fixed</description>
      <Point>
        <coordinates>-95.7608083,36.2399531,0</coordinates>
      </Point>
    </Placemark>
    <Placemark>
      <name>Owasso Police ALPR</name>
      <description>OSM node: https://www.openstreetmap.org/node/12762946710
Operator: Owasso Police
Manufacturer: Flock Safety
Direction: 45
Zone: traffic
Camera type: fixed</description>
      <Point>
        <coordinates>-95.8423774,36.2944559,0</coordinates>
      </Point>
    </Placemark>
    <Placemark>
      <name>Owasso Police ALPR</name>
      <description>OSM node: https://www.openstreetmap.org/node/12762965402
Operator: Owasso Police
Manufacturer: Flock Safety
Direction: 245
Zone: traffic
Camera type: fixed</description>
      <Point>
        <coordinates>-95.8106494,36.2786222,0</coordinates>
      </Point>
    </Placemark>
    <Placemark>
      <name>ALPR</name>
      <description>OSM node: https://www.openstreetmap.org/node/12766676165
Direction: 60
Zone: traffic
Camera type: fixed</description>
      <Point>
        <coordinates>-98.3988373,34.7264688,0</coordinates>
      </Point>
    </Placemark>
    <Placemark>
      <name>ALPR</name>
      <description>OSM node: https://www.openstreetmap.org/node/12766676166
Direction: 250
Zone: traffic
Camera type: fixed</description>
      <Point>
        <coordinates>-98.3988373,34.7264949,0</coordinates>
      </Point>
    </Placemark>
    <Placemark>
      <name>Owasso Police ALPR</name>
      <description>OSM node: https://www.openstreetmap.org/node/12769037815
Operator: Owasso Police
Manufacturer: Flock Safety
Direction: 245
Zone: traffic
Camera type: fixed</description>
      <Point>
        <coordinates>-95.8122744,36.2641068,0</coordinates>
      </Point>
    </Placemark>
    <Placemark>
      <name>Tulsa Police Department ALPR</name>
      <description>OSM node: https://www.openstreetmap.org/node/12771128212
Operator: Tulsa Police Department
Manufacturer: Flock Safety
Direction: 340
Zone: traffic
Camera type: fixed</description>
      <Point>
        <coordinates>-95.9044531,36.140962,0</coordinates>
      </Point>
    </Placemark>
    <Placemark>
      <name>ALPR</name>
      <description>OSM node: https://www.openstreetmap.org/node/12771305011
Manufacturer: Flock Safety
Direction: 75
Zone: traffic
Camera type: fixed</description>
      <Point>
        <coordinates>-97.7065608,35.3892793,0</coordinates>
      </Point>
    </Placemark>
    <Placemark>
      <name>ALPR</name>
      <description>OSM node: https://www.openstreetmap.org/node/12771309911
Manufacturer: Flock Safety
Direction: 75
Zone: traffic
Camera type: fixed</description>
      <Point>
        <coordinates>-97.7065503,35.3902556,0</coordinates>
      </Point>
    </Placemark>
    <Placemark>
      <name>Tulsa Police Department ALPR</name>
      <description>OSM node: https://www.openstreetmap.org/node/12771471110
Operator: Tulsa Police Department
Manufacturer: Flock Safety
Direction: 165
Zone: traffic</description>
      <Point>
        <coordinates>-95.9046529,36.1666971,0</coordinates>
      </Point>
    </Placemark>
    <Placemark>
      <name>Tulsa Police Department ALPR</name>
      <description>OSM node: https://www.openstreetmap.org/node/12772594639
Operator: Tulsa Police Department
Manufacturer: Flock Safety
Direction: 160
Zone: traffic</description>
      <Point>
        <coordinates>-95.9757172,36.1477981,0</coordinates>
      </Point>
    </Placemark>
    <Placemark>
      <name>Tulsa Police Department ALPR</name>
      <description>OSM node: https://www.openstreetmap.org/node/12772596517
Operator: Tulsa Police Department
Manufacturer: Flock Safety
Direction: 265
Zone: traffic</description>
      <Point>
        <coordinates>-95.9824471,36.1517733,0</coordinates>
      </Point>
    </Placemark>
    <Placemark>
      <name>Tulsa Police Department ALPR</name>
      <description>OSM node: https://www.openstreetmap.org/node/12772611103
Operator: Tulsa Police Department
Manufacturer: Flock Safety
Direction: 290
Zone: traffic</description>
      <Point>
        <coordinates>-95.9816259,36.1586607,0</coordinates>
      </Point>
    </Placemark>
    <Placemark>
      <name>ALPR</name>
      <description>OSM node: https://www.openstreetmap.org/node/12772804838
Manufacturer: Flock Safety
Direction: 190
Zone: traffic
Camera type: fixed</description>
      <Point>
        <coordinates>-97.7044708,35.3913463,0</coordinates>
      </Point>
    </Placemark>
    <Placemark>
      <name>ALPR</name>
      <description>OSM node: https://www.openstreetmap.org/node/12773055883
Manufacturer: Flock Safety
Direction: 285
Zone: traffic
Camera type: fixed</description>
      <Point>
        <coordinates>-97.5658411,35.38765,0</coordinates>
      </Point>
    </Placemark>
    <Placemark>
      <name>ALPR</name>
      <description>OSM node: https://www.openstreetmap.org/node/12773057488
Manufacturer: Flock Safety
Direction: 170
Zone: traffic
Camera type: fixed</description>
      <Point>
        <coordinates>-97.5657308,35.3914679,0</coordinates>
      </Point>
    </Placemark>
    <Placemark>
      <name>ALPR</name>
      <description>OSM node: https://www.openstreetmap.org/node/12773139310
Manufacturer: Flock Safety
Direction: 345
Zone: traffic
Camera type: fixed</description>
      <Point>
        <coordinates>-97.5654344,35.3944218,0</coordinates>
      </Point>
    </Placemark>
    <Placemark>
      <name>ALPR</name>
      <description>OSM node: https://www.openstreetmap.org/node/12773140268
Manufacturer: Flock Safety
Direction: 170
Zone: traffic
Camera type: fixed</description>
      <Point>
        <coordinates>-97.5700591,35.3914805,0</coordinates>
      </Point>
    </Placemark>
    <Placemark>
      <name>ALPR</name>
      <description>OSM node: https://www.openstreetmap.org/node/12773144937
Manufacturer: Flock Safety
Direction: 265
Zone: traffic
Camera type: fixed</description>
      <Point>
        <coordinates>-97.5657861,35.385238,0</coordinates>
      </Point>
    </Placemark>
    <Placemark>
      <name>Tulsa Police Department ALPR</name>
      <description>OSM node: https://www.openstreetmap.org/node/12774285198
Operator: Tulsa Police Department
Manufacturer: Flock Safety
Direction: 315
Zone: traffic</description>
      <Point>
        <coordinates>-95.9822746,36.1443545,0</coordinates>
      </Point>
    </Placemark>
    <Placemark>
      <name>ALPR</name>
      <description>OSM node: https://www.openstreetmap.org/node/12777156823
Manufacturer: Flock Safety
Direction: 245
Zone: traffic
Camera type: fixed</description>
      <Point>
        <coordinates>-97.5014044,35.4644306,0</coordinates>
      </Point>
    </Placemark>
    <Placemark>
      <name>ALPR</name>
      <description>OSM node: https://www.openstreetmap.org/node/12777198276
Manufacturer: Flock Safety
Direction: 255
Zone: traffic
Camera type: fixed</description>
      <Point>
        <coordinates>-97.4771059,35.4932268,0</coordinates>
      </Point>
    </Placemark>
    <Placemark>
      <name>ALPR</name>
      <description>OSM node: https://www.openstreetmap.org/node/12777211346
Manufacturer: Flock Safety
Direction: 90
Zone: traffic
Camera type: fixed</description>
      <Point>
        <coordinates>-97.5109549,35.4930754,0</coordinates>
      </Point>
    </Placemark>
    <Placemark>
      <name>Owasso Police ALPR</name>
      <description>OSM node: https://www.openstreetmap.org/node/12779226140
Operator: Owasso Police
Manufacturer: Flock Safety
Direction: 60
Zone: traffic
Camera type: fixed</description>
      <Point>
        <coordinates>-95.8185549,36.3219365,0</coordinates>
      </Point>
    </Placemark>
    <Placemark>
      <name>Bristow Police ALPR</name>
      <description>OSM node: https://www.openstreetmap.org/node/12790661751
Operator: Bristow Police
Manufacturer: Flock Safety
Direction: 60
Zone: traffic</description>
      <Point>
        <coordinates>-96.3832983,35.8281822,0</coordinates>
      </Point>
    </Placemark>
    <Placemark>
      <name>Bristow Police ALPR</name>
      <description>OSM node: https://www.openstreetmap.org/node/12790911093
Operator: Bristow Police
Manufacturer: Flock Safety
Direction: 255
Zone: traffic</description>
      <Point>
        <coordinates>-96.3832334,35.8282852,0</coordinates>
      </Point>
    </Placemark>
    <Placemark>
      <name>Brisotw Police ALPR</name>
      <description>OSM node: https://www.openstreetmap.org/node/12790913013
Operator: Brisotw Police
Manufacturer: Flock Safety
Direction: 195
Zone: traffic</description>
      <Point>
        <coordinates>-96.4051799,35.821982,0</coordinates>
      </Point>
    </Placemark>
    <Placemark>
      <name>QuikTrip ALPR</name>
      <description>OSM node: https://www.openstreetmap.org/node/12801554269
Operator: QuikTrip
Manufacturer: Flock Safety
Direction: 55
Zone: traffic
Camera type: fixed</description>
      <Point>
        <coordinates>-95.8328754,36.0937445,0</coordinates>
      </Point>
    </Placemark>
    <Placemark>
      <name>QuikTrip ALPR</name>
      <description>OSM node: https://www.openstreetmap.org/node/12801555025
Operator: QuikTrip
Manufacturer: Flock Safety
Direction: 240
Zone: traffic
Camera type: fixed</description>
      <Point>
        <coordinates>-95.8322379,36.0939142,0</coordinates>
      </Point>
    </Placemark>
    <Placemark>
      <name>Tulsa Police Department ALPR</name>
      <description>OSM node: https://www.openstreetmap.org/node/12801581578
Operator: Tulsa Police Department
Manufacturer: Flock Safety
Direction: 345
Zone: traffic
Camera type: fixed</description>
      <Point>
        <coordinates>-95.8330614,36.0940192,0</coordinates>
      </Point>
    </Placemark>
    <Placemark>
      <name>QuikTrip ALPR</name>
      <description>OSM node: https://www.openstreetmap.org/node/12804629191
Operator: QuikTrip
Manufacturer: Flock Safety
Direction: 145
Zone: traffic
Camera type: fixed</description>
      <Point>
        <coordinates>-95.832864,36.0968759,0</coordinates>
      </Point>
    </Placemark>
    <Placemark>
      <name>Tulsa Police Department ALPR</name>
      <description>OSM node: https://www.openstreetmap.org/node/12808890631
Operator: Tulsa Police Department
Direction: 170
Zone: traffic
Camera type: fixed</description>
      <Point>
        <coordinates>-95.8885857,36.1170719,0</coordinates>
      </Point>
    </Placemark>
    <Placemark>
      <name>ALPR</name>
      <description>OSM node: https://www.openstreetmap.org/node/12810579305
Direction: 355
Zone: street</description>
      <Point>
        <coordinates>-97.5313918,35.5512644,0</coordinates>
      </Point>
    </Placemark>
    <Placemark>
      <name>ALPR</name>
      <description>OSM node: https://www.openstreetmap.org/node/12812349112
Direction: 350
Zone: traffic
Camera type: fixed</description>
      <Point>
        <coordinates>-95.8860553,36.0612131,0</coordinates>
      </Point>
    </Placemark>
    <Placemark>
      <name>ALPR</name>
      <description>OSM node: https://www.openstreetmap.org/node/12812349216
Zone: traffic
Camera type: fixed</description>
      <Point>
        <coordinates>-95.8866645,36.0606094,0</coordinates>
      </Point>
    </Placemark>
    <Placemark>
      <name>ALPR</name>
      <description>OSM node: https://www.openstreetmap.org/node/12830171406
Manufacturer: Flock Safety
Direction: 80
Zone: traffic
Camera type: fixed</description>
      <Point>
        <coordinates>-97.5118068,35.3196697,0</coordinates>
      </Point>
    </Placemark>
    <Placemark>
      <name>ALPR</name>
      <description>OSM node: https://www.openstreetmap.org/node/12834769034
Manufacturer: Flock Safety
Direction: 335
Zone: traffic</description>
      <Point>
        <coordinates>-97.6365158,35.4862306,0</coordinates>
      </Point>
    </Placemark>
    <Placemark>
      <name>ALPR</name>
      <description>OSM node: https://www.openstreetmap.org/node/12834769035
Manufacturer: Flock Safety
Direction: 150
Zone: traffic</description>
      <Point>
        <coordinates>-97.955087,35.5479849,0</coordinates>
      </Point>
    </Placemark>
    <Placemark>
      <name>ALPR</name>
      <description>OSM node: https://www.openstreetmap.org/node/12834769036
Manufacturer: Flock Safety
Direction: 335
Zone: traffic</description>
      <Point>
        <coordinates>-97.9725488,35.510414,0</coordinates>
      </Point>
    </Placemark>
    <Placemark>
      <name>ALPR</name>
      <description>OSM node: https://www.openstreetmap.org/node/12834790481
Manufacturer: Flock Safety
Direction: 240
Zone: traffic</description>
      <Point>
        <coordinates>-97.5106113,35.4781945,0</coordinates>
      </Point>
    </Placemark>
    <Placemark>
      <name>ALPR</name>
      <description>OSM node: https://www.openstreetmap.org/node/12851373176
Manufacturer: Flock Safety
Direction: 340
Zone: traffic</description>
      <Point>
        <coordinates>-97.5668331,35.5090308,0</coordinates>
      </Point>
    </Placemark>
    <Placemark>
      <name>ALPR</name>
      <description>OSM node: https://www.openstreetmap.org/node/12851373177
Manufacturer: Flock Safety
Direction: 0
Zone: traffic</description>
      <Point>
        <coordinates>-97.5659691,35.5090251,0</coordinates>
      </Point>
    </Placemark>
    <Placemark>
      <name>ALPR</name>
      <description>OSM node: https://www.openstreetmap.org/node/12851373178
Manufacturer: Flock Safety
Direction: 150
Zone: traffic</description>
      <Point>
        <coordinates>-97.5817882,35.5941852,0</coordinates>
      </Point>
    </Placemark>
    <Placemark>
      <name>ALPR</name>
      <description>OSM node: https://www.openstreetmap.org/node/12851373179
Manufacturer: Flock Safety
Direction: 140
Zone: traffic</description>
      <Point>
        <coordinates>-97.5738381,35.594519,0</coordinates>
      </Point>
    </Placemark>
    <Placemark>
      <name>ALPR</name>
      <description>OSM node: https://www.openstreetmap.org/node/12851373180
Manufacturer: Flock Safety
Direction: 240
Zone: traffic</description>
      <Point>
        <coordinates>-97.5674418,35.5880981,0</coordinates>
      </Point>
    </Placemark>
    <Placemark>
      <name>ALPR</name>
      <description>OSM node: https://www.openstreetmap.org/node/12851685045
Direction: 315
Zone: traffic</description>
      <Point>
        <coordinates>-95.531657,35.4721175,0</coordinates>
      </Point>
    </Placemark>
    <Placemark>
      <name>Checotah Police ALPR</name>
      <description>OSM node: https://www.openstreetmap.org/node/12853463359
Operator: Checotah Police
Manufacturer: Flock Safety
Direction: 45
Zone: traffic</description>
      <Point>
        <coordinates>-95.5231359,35.4700305,0</coordinates>
      </Point>
    </Placemark>
    <Placemark>
      <name>Checotah Police ALPR</name>
      <description>OSM node: https://www.openstreetmap.org/node/12853471384
Operator: Checotah Police
Manufacturer: Flock Safety
Direction: 235
Zone: traffic</description>
      <Point>
        <coordinates>-95.5228958,35.4702117,0</coordinates>
      </Point>
    </Placemark>
    <Placemark>
      <name>Checotah Police ALPR</name>
      <description>OSM node: https://www.openstreetmap.org/node/12853476578
Operator: Checotah Police
Manufacturer: Flock Safety
Direction: 320
Zone: traffic</description>
      <Point>
        <coordinates>-95.5229222,35.4700221,0</coordinates>
      </Point>
    </Placemark>
    <Placemark>
      <name>Owasso Police Department ALPR</name>
      <description>OSM node: https://www.openstreetmap.org/node/12853939440
Operator: Owasso Police Department
Manufacturer: Flock Safety
Direction: 340
Zone: traffic
Camera type: fixed</description>
      <Point>
        <coordinates>-95.7762782,36.2644415,0</coordinates>
      </Point>
    </Placemark>
    <Placemark>
      <name>Owasso Police ALPR</name>
      <description>OSM node: https://www.openstreetmap.org/node/12865821887
Operator: Owasso Police
Manufacturer: Flock Safety
Direction: 255
Camera type: fixed</description>
      <Point>
        <coordinates>-95.8313109,36.2931779,0</coordinates>
      </Point>
    </Placemark>
    <Placemark>
      <name>Owasso Police ALPR</name>
      <description>OSM node: https://www.openstreetmap.org/node/12865881388
Operator: Owasso Police
Manufacturer: Flock Safety
Direction: 75
Camera type: fixed</description>
      <Point>
        <coordinates>-95.846242,36.2639476,0</coordinates>
      </Point>
    </Placemark>
    <Placemark>
      <name>Owasso Police ALPR</name>
      <description>OSM node: https://www.openstreetmap.org/node/12865891334
Operator: Owasso Police
Manufacturer: Flock Safety
Direction: 145
Camera type: fixed</description>
      <Point>
        <coordinates>-95.8303137,36.2905988,0</coordinates>
      </Point>
    </Placemark>
    <Placemark>
      <name>Owasso Police ALPR</name>
      <description>OSM node: https://www.openstreetmap.org/node/12865891454
Operator: Owasso Police
Manufacturer: Flock Safety
Direction: 245
Camera type: fixed</description>
      <Point>
        <coordinates>-95.846599,36.2641532,0</coordinates>
      </Point>
    </Placemark>
    <Placemark>
      <name>Owasso Police ALPR</name>
      <description>OSM node: https://www.openstreetmap.org/node/12869565727
Operator: Owasso Police
Manufacturer: Flock Safety
Direction: 250
Camera type: fixed</description>
      <Point>
        <coordinates>-95.8220771,36.3221632,0</coordinates>
      </Point>
    </Placemark>
    <Placemark>
      <name>ALPR</name>
      <description>OSM node: https://www.openstreetmap.org/node/12880268095
Manufacturer: Flock Safety
Direction: 242
Zone: traffic
Camera type: fixed</description>
      <Point>
        <coordinates>-97.2830223,35.4932623,0</coordinates>
      </Point>
    </Placemark>
    <Placemark>
      <name>ALPR</name>
      <description>OSM node: https://www.openstreetmap.org/node/12880304859
Manufacturer: Flock Safety
Direction: 225
Zone: traffic
Camera type: fixed</description>
      <Point>
        <coordinates>-97.1638709,35.4907278,0</coordinates>
      </Point>
    </Placemark>
    <Placemark>
      <name>ALPR</name>
      <description>OSM node: https://www.openstreetmap.org/node/12885040984
Manufacturer: Flock Safety
Direction: 150
Zone: traffic
Camera type: fixed</description>
      <Point>
        <coordinates>-97.6368493,35.5368562,0</coordinates>
      </Point>
    </Placemark>
    <Placemark>
      <name>ALPR</name>
      <description>OSM node: https://www.openstreetmap.org/node/12885040985
Manufacturer: Flock Safety
Direction: 70
Zone: traffic
Camera type: fixed</description>
      <Point>
        <coordinates>-97.6320797,35.5368717,0</coordinates>
      </Point>
    </Placemark>
    <Placemark>
      <name>ALPR</name>
      <description>OSM node: https://www.openstreetmap.org/node/12885040986
Manufacturer: Flock Safety
Direction: 340
Zone: traffic
Camera type: fixed</description>
      <Point>
        <coordinates>-97.6383318,35.5582878,0</coordinates>
      </Point>
    </Placemark>
    <Placemark>
      <name>ALPR</name>
      <description>OSM node: https://www.openstreetmap.org/node/12885040987
Direction: 330
Zone: traffic
Camera type: fixed</description>
      <Point>
        <coordinates>-97.6383372,35.5789816,0</coordinates>
      </Point>
    </Placemark>
    <Placemark>
      <name>ALPR</name>
      <description>OSM node: https://www.openstreetmap.org/node/12885040988
Manufacturer: Flock Safety
Direction: 0
Zone: traffic
Camera type: fixed</description>
      <Point>
        <coordinates>-97.5752396,35.5803699,0</coordinates>
      </Point>
    </Placemark>
    <Placemark>
      <name>ALPR</name>
      <description>OSM node: https://www.openstreetmap.org/node/12885040989
Manufacturer: Flock Safety
Direction: 0
Zone: traffic
Camera type: fixed</description>
      <Point>
        <coordinates>-97.5742971,35.5803799,0</coordinates>
      </Point>
    </Placemark>
    <Placemark>
      <name>ALPR</name>
      <description>OSM node: https://www.openstreetmap.org/node/12885040990
Manufacturer: Flock Safety
Direction: 0
Zone: traffic
Camera type: fixed</description>
      <Point>
        <coordinates>-97.5714163,35.5803978,0</coordinates>
      </Point>
    </Placemark>
    <Placemark>
      <name>ALPR</name>
      <description>OSM node: https://www.openstreetmap.org/node/12885040991
Manufacturer: Flock Safety
Direction: 240
Zone: traffic
Camera type: fixed</description>
      <Point>
        <coordinates>-97.5154439,35.5802343,0</coordinates>
      </Point>
    </Placemark>
    <Placemark>
      <name>ALPR</name>
      <description>OSM node: https://www.openstreetmap.org/node/12892323105
Manufacturer: Motorola Solutions
Direction: 170
Zone: traffic
Camera type: fixed</description>
      <Point>
        <coordinates>-97.5493433,35.5587603,0</coordinates>
      </Point>
    </Placemark>
    <Placemark>
      <name>ALPR</name>
      <description>OSM node: https://www.openstreetmap.org/node/12892346181
Manufacturer: Motorola Solutions
Direction: 290
Zone: traffic
Camera type: fixed</description>
      <Point>
        <coordinates>-97.5301841,35.5376569,0</coordinates>
      </Point>
    </Placemark>
    <Placemark>
      <name>ALPR</name>
      <description>OSM node: https://www.openstreetmap.org/node/12892375745
Manufacturer: Motorola Solutions
Direction: 350
Zone: traffic
Camera type: fixed</description>
      <Point>
        <coordinates>-97.5474468,35.5371705,0</coordinates>
      </Point>
    </Placemark>
    <Placemark>
      <name>ALPR</name>
      <description>OSM node: https://www.openstreetmap.org/node/12895851898
Manufacturer: Flock Safety
Direction: 335
Camera type: fixed</description>
      <Point>
        <coordinates>-97.3706308,35.4353949,0</coordinates>
      </Point>
    </Placemark>
    <Placemark>
      <name>ALPR</name>
      <description>OSM node: https://www.openstreetmap.org/node/12900202798
Manufacturer: Flock Safety
Direction: 240
Camera type: fixed</description>
      <Point>
        <coordinates>-97.5812221,35.5802749,0</coordinates>
      </Point>
    </Placemark>
    <Placemark>
      <name>ALPR</name>
      <description>OSM node: https://www.openstreetmap.org/node/12901154856
Direction: 30
Zone: traffic
Camera type: fixed</description>
      <Point>
        <coordinates>-97.1340724,33.8466295,0</coordinates>
      </Point>
    </Placemark>
    <Placemark>
      <name>ALPR</name>
      <description>OSM node: https://www.openstreetmap.org/node/12901154857
Manufacturer: Motorola Solutions
Direction: 170-230
Zone: traffic
Camera type: fixed</description>
      <Point>
        <coordinates>-97.1341188,33.8464434,0</coordinates>
      </Point>
    </Placemark>
    <Placemark>
      <name>Quapaw Nation ALPR</name>
      <description>OSM node: https://www.openstreetmap.org/node/12908576992
Operator: Quapaw Nation
Manufacturer: Flock Safety
Direction: 330
Zone: traffic
Camera type: fixed</description>
      <Point>
        <coordinates>-94.7405896,36.998531,0</coordinates>
      </Point>
    </Placemark>
    <Placemark>
      <name>Quapaw Nation ALPR</name>
      <description>OSM node: https://www.openstreetmap.org/node/12908580050
Operator: Quapaw Nation
Manufacturer: Flock Safety
Direction: 160
Zone: traffic
Camera type: fixed</description>
      <Point>
        <coordinates>-94.7408109,36.9985335,0</coordinates>
      </Point>
    </Placemark>
    <Placemark>
      <name>ALPR</name>
      <description>OSM node: https://www.openstreetmap.org/node/12911704387
Manufacturer: Flock Safety
Zone: traffic
Camera type: fixed</description>
      <Point>
        <coordinates>-97.7451134,35.6422583,0</coordinates>
      </Point>
    </Placemark>
    <Placemark>
      <name>ALPR</name>
      <description>OSM node: https://www.openstreetmap.org/node/12913254281
Manufacturer: Flock Safety
Direction: 60
Camera type: fixed</description>
      <Point>
        <coordinates>-95.8839588,36.3092276,0</coordinates>
      </Point>
    </Placemark>
    <Placemark>
      <name>ALPR</name>
      <description>OSM node: https://www.openstreetmap.org/node/12915676766
Manufacturer: Flock Safety
Direction: 245
Camera type: fixed</description>
      <Point>
        <coordinates>-96.0296981,36.1045812,0</coordinates>
      </Point>
    </Placemark>
    <Placemark>
      <name>Glenpool Police ALPR</name>
      <description>OSM node: https://www.openstreetmap.org/node/12941782138
Operator: Glenpool Police
Manufacturer: Flock Safety
Direction: 60
Zone: traffic</description>
      <Point>
        <coordinates>-96.0245076,35.9591503,0</coordinates>
      </Point>
    </Placemark>
    <Placemark>
      <name>ALPR</name>
      <description>OSM node: https://www.openstreetmap.org/node/12963289830
Manufacturer: Flock Safety
Direction: 350
Zone: traffic</description>
      <Point>
        <coordinates>-97.5655592,35.5366932,0</coordinates>
      </Point>
    </Placemark>
    <Placemark>
      <name>ALPR</name>
      <description>OSM node: https://www.openstreetmap.org/node/13048184304
Manufacturer: Flock Safety
Direction: 90
Zone: traffic
Camera type: fixed</description>
      <Point>
        <coordinates>-97.6382723,35.5577125,0</coordinates>
      </Point>
    </Placemark>
    <Placemark>
      <name>ALPR</name>
      <description>OSM node: https://www.openstreetmap.org/node/13048184305
Manufacturer: Flock Safety
Direction: 150
Zone: traffic
Camera type: fixed</description>
      <Point>
        <coordinates>-97.6545112,35.5224139,0</coordinates>
      </Point>
    </Placemark>
    <Placemark>
      <name>ALPR</name>
      <description>OSM node: https://www.openstreetmap.org/node/13048184306
Manufacturer: Flock Safety
Direction: 250
Zone: traffic
Camera type: fixed</description>
      <Point>
        <coordinates>-97.5564002,35.5484573,0</coordinates>
      </Point>
    </Placemark>
    <Placemark>
      <name>Quapaw Nation ALPR</name>
      <description>OSM node: https://www.openstreetmap.org/node/13049335486
Operator: Quapaw Nation
Manufacturer: Flock Safety
Direction: 60
Zone: traffic
Camera type: fixed</description>
      <Point>
        <coordinates>-94.8307984,36.9987193,0</coordinates>
      </Point>
    </Placemark>
    <Placemark>
      <name>Quapaw Nation ALPR</name>
      <description>OSM node: https://www.openstreetmap.org/node/13049359964
Operator: Quapaw Nation
Manufacturer: Flock Safety
Direction: 330
Zone: traffic
Camera type: fixed</description>
      <Point>
        <coordinates>-94.8309378,36.998685,0</coordinates>
      </Point>
    </Placemark>
    <Placemark>
      <name>ALPR</name>
      <description>OSM node: https://www.openstreetmap.org/node/13050225808
Manufacturer: Flock Safety
Direction: 340
Camera type: fixed</description>
      <Point>
        <coordinates>-97.5765379,35.5803285,0</coordinates>
      </Point>
    </Placemark>
    <Placemark>
      <name>ALPR</name>
      <description>OSM node: https://www.openstreetmap.org/node/13050225809
Manufacturer: Flock Safety
Direction: 160
Camera type: fixed</description>
      <Point>
        <coordinates>-97.5829537,35.5945015,0</coordinates>
      </Point>
    </Placemark>
    <Placemark>
      <name>ALPR</name>
      <description>OSM node: https://www.openstreetmap.org/node/13050225810
Manufacturer: Flock Safety
Direction: 340
Camera type: fixed</description>
      <Point>
        <coordinates>-97.5827148,35.594806,0</coordinates>
      </Point>
    </Placemark>
    <Placemark>
      <name>ALPR</name>
      <description>OSM node: https://www.openstreetmap.org/node/13050225811
Manufacturer: Flock Safety
Direction: 0
Camera type: fixed</description>
      <Point>
        <coordinates>-97.5817292,35.5949162,0</coordinates>
      </Point>
    </Placemark>
    <Placemark>
      <name>ALPR</name>
      <description>OSM node: https://www.openstreetmap.org/node/13050225812
Manufacturer: Flock Safety
Direction: 340
Camera type: fixed</description>
      <Point>
        <coordinates>-97.5778648,35.5947985,0</coordinates>
      </Point>
    </Placemark>
    <Placemark>
      <name>ALPR</name>
      <description>OSM node: https://www.openstreetmap.org/node/13050225813
Manufacturer: Flock Safety
Direction: 320
Camera type: fixed</description>
      <Point>
        <coordinates>-97.5762887,35.5948004,0</coordinates>
      </Point>
    </Placemark>
    <Placemark>
      <name>ALPR</name>
      <description>OSM node: https://www.openstreetmap.org/node/13050225814
Manufacturer: Flock Safety
Direction: 340
Camera type: fixed</description>
      <Point>
        <coordinates>-97.573688,35.5948452,0</coordinates>
      </Point>
    </Placemark>
    <Placemark>
      <name>ALPR</name>
      <description>OSM node: https://www.openstreetmap.org/node/13050225815
Manufacturer: Flock Safety
Direction: 340
Camera type: fixed</description>
      <Point>
        <coordinates>-97.5699591,35.5948789,0</coordinates>
      </Point>
    </Placemark>
    <Placemark>
      <name>ALPR</name>
      <description>OSM node: https://www.openstreetmap.org/node/13050225816
Manufacturer: Flock Safety
Direction: 140
Camera type: fixed</description>
      <Point>
        <coordinates>-97.5701168,35.5943819,0</coordinates>
      </Point>
    </Placemark>
    <Placemark>
      <name>ALPR</name>
      <description>OSM node: https://www.openstreetmap.org/node/13050225817
Manufacturer: Flock Safety
Direction: 140
Camera type: fixed</description>
      <Point>
        <coordinates>-97.5471705,35.513733,0</coordinates>
      </Point>
    </Placemark>
    <Placemark>
      <name>ALPR</name>
      <description>OSM node: https://www.openstreetmap.org/node/13051367226
Manufacturer: Flock Safety
Direction: 340
Camera type: fixed</description>
      <Point>
        <coordinates>-97.567046,35.5658574,0</coordinates>
      </Point>
    </Placemark>
    <Placemark>
      <name>ALPR</name>
      <description>OSM node: https://www.openstreetmap.org/node/13051367227
Manufacturer: Flock Safety
Direction: 340
Camera type: fixed</description>
      <Point>
        <coordinates>-97.5670655,35.5803872,0</coordinates>
      </Point>
    </Placemark>
    <Placemark>
      <name>ALPR</name>
      <description>OSM node: https://www.openstreetmap.org/node/13052528172
Manufacturer: Flock Safety
Zone: traffic
Camera type: fixed</description>
      <Point>
        <coordinates>-98.4224767,34.6089626,0</coordinates>
      </Point>
    </Placemark>
    <Placemark>
      <name>ALPR</name>
      <description>OSM node: https://www.openstreetmap.org/node/13061111586
Manufacturer: Flock Safety
Direction: 330
Camera type: fixed</description>
      <Point>
        <coordinates>-97.6365288,35.5133827,0</coordinates>
      </Point>
    </Placemark>
    <Placemark>
      <name>ALPR</name>
      <description>OSM node: https://www.openstreetmap.org/node/13061111587
Manufacturer: Flock Safety
Direction: 150
Camera type: fixed</description>
      <Point>
        <coordinates>-97.6367677,35.5128368,0</coordinates>
      </Point>
    </Placemark>
    <Placemark>
      <name>ALPR</name>
      <description>OSM node: https://www.openstreetmap.org/node/13061111588
Direction: 60
Camera type: fixed</description>
      <Point>
        <coordinates>-97.6247304,35.5110349,0</coordinates>
      </Point>
    </Placemark>
    <Placemark>
      <name>ALPR</name>
      <description>OSM node: https://www.openstreetmap.org/node/13069780912
Manufacturer: Flock Safety
Direction: 165
Zone: traffic</description>
      <Point>
        <coordinates>-97.5673153,35.5798875,0</coordinates>
      </Point>
    </Placemark>
    <Placemark>
      <name>ALPR</name>
      <description>OSM node: https://www.openstreetmap.org/node/13069835377
Manufacturer: Flock Safety
Direction: 280
Zone: traffic
Camera type: fixed</description>
      <Point>
        <coordinates>-97.6237449,35.5517393,0</coordinates>
      </Point>
    </Placemark>
    <Placemark>
      <name>ALPR</name>
      <description>OSM node: https://www.openstreetmap.org/node/13087465630
Manufacturer: Flock Safety
Direction: 340
Camera type: fixed</description>
      <Point>
        <coordinates>-96.055394,36.2381431,0</coordinates>
      </Point>
    </Placemark>
    <Placemark>
      <name>ALPR</name>
      <description>OSM node: https://www.openstreetmap.org/node/13087473220
Manufacturer: Flock Safety
Direction: 230
Zone: traffic
Camera type: fixed</description>
      <Point>
        <coordinates>-96.0063726,36.1915366,0</coordinates>
      </Point>
    </Placemark>
    <Placemark>
      <name>ALPR</name>
      <description>OSM node: https://www.openstreetmap.org/node/13099084641
Manufacturer: Flock Safety
Direction: 76
Zone: traffic</description>
      <Point>
        <coordinates>-97.5762391,35.5801043,0</coordinates>
      </Point>
    </Placemark>
    <Placemark>
      <name>ALPR</name>
      <description>OSM node: https://www.openstreetmap.org/node/13101239979
Manufacturer: Flock Safety
Direction: 145
Zone: traffic</description>
      <Point>
        <coordinates>-97.7453832,35.6427366,0</coordinates>
      </Point>
    </Placemark>
    <Placemark>
      <name>ALPR</name>
      <description>OSM node: https://www.openstreetmap.org/node/13114373973
Direction: 300
Camera type: fixed</description>
      <Point>
        <coordinates>-95.5904222,35.2826266,0</coordinates>
      </Point>
    </Placemark>
    <Placemark>
      <name>Locust Grove Police ALPR</name>
      <description>OSM node: https://www.openstreetmap.org/node/13120224554
Operator: Locust Grove Police
Manufacturer: Flock Safety
Direction: 240
Camera type: fixed</description>
      <Point>
        <coordinates>-95.1593746,36.189964,0</coordinates>
      </Point>
    </Placemark>
    <Placemark>
      <name>ALPR</name>
      <description>OSM node: https://www.openstreetmap.org/node/13124278902
Manufacturer: Flock Safety
Direction: 180
Camera type: fixed</description>
      <Point>
        <coordinates>-95.9123329,36.0317156,0</coordinates>
      </Point>
    </Placemark>
    <Placemark>
      <name>ALPR</name>
      <description>OSM node: https://www.openstreetmap.org/node/13128194989
Direction: 80</description>
      <Point>
        <coordinates>-95.0011486,35.9201433,0</coordinates>
      </Point>
    </Placemark>
    <Placemark>
      <name>ALPR</name>
      <description>OSM node: https://www.openstreetmap.org/node/13133611383
Manufacturer: Flock Safety
Direction: 75
Camera type: fixed</description>
      <Point>
        <coordinates>-97.116977,34.1851697,0</coordinates>
      </Point>
    </Placemark>
    <Placemark>
      <name>ALPR</name>
      <description>OSM node: https://www.openstreetmap.org/node/13133932805
Manufacturer: Flock Safety
Direction: 255
Camera type: fixed</description>
      <Point>
        <coordinates>-97.1191569,34.185869,0</coordinates>
      </Point>
    </Placemark>
    <Placemark>
      <name>ALPR</name>
      <description>OSM node: https://www.openstreetmap.org/node/13139987759
Manufacturer: Unknown
Direction: 200
Zone: traffic
Camera type: fixed</description>
      <Point>
        <coordinates>-97.6206995,35.6690526,0</coordinates>
      </Point>
    </Placemark>
    <Placemark>
      <name>ALPR</name>
      <description>OSM node: https://www.openstreetmap.org/node/13143796255
Manufacturer: Flock Safety
Direction: 180
Zone: traffic
Camera type: fixed</description>
      <Point>
        <coordinates>-94.9678233,35.8919385,0</coordinates>
      </Point>
    </Placemark>
    <Placemark>
      <name>Quapaw Nation ALPR</name>
      <description>OSM node: https://www.openstreetmap.org/node/13147837987
Operator: Quapaw Nation
Manufacturer: Flock Safety
Direction: 345
Zone: traffic
Camera type: fixed</description>
      <Point>
        <coordinates>-94.7877553,36.9188546,0</coordinates>
      </Point>
    </Placemark>
    <Placemark>
      <name>ALPR</name>
      <description>OSM node: https://www.openstreetmap.org/node/13148135818
Direction: 35
Zone: traffic</description>
      <Point>
        <coordinates>-97.5195623,35.460741,0</coordinates>
      </Point>
    </Placemark>
    <Placemark>
      <name>ALPR</name>
      <description>OSM node: https://www.openstreetmap.org/node/13148135819
Manufacturer: Flock Safety
Direction: 50
Camera type: fixed</description>
      <Point>
        <coordinates>-97.4764465,35.5244967,0</coordinates>
      </Point>
    </Placemark>
    <Placemark>
      <name>ALPR</name>
      <description>OSM node: https://www.openstreetmap.org/node/13148135820
Manufacturer: Flock Safety
Direction: 150
Camera type: fixed</description>
      <Point>
        <coordinates>-97.4755794,35.5252489,0</coordinates>
      </Point>
    </Placemark>
    <Placemark>
      <name>ALPR</name>
      <description>OSM node: https://www.openstreetmap.org/node/13148135821
Manufacturer: Flock Safety
Direction: 230
Camera type: fixed</description>
      <Point>
        <coordinates>-97.4739165,35.5243546,0</coordinates>
      </Point>
    </Placemark>
    <Placemark>
      <name>ALPR</name>
      <description>OSM node: https://www.openstreetmap.org/node/13148135822
Direction: 320
Camera type: fixed</description>
      <Point>
        <coordinates>-97.4735029,35.525714,0</coordinates>
      </Point>
    </Placemark>
    <Placemark>
      <name>ALPR</name>
      <description>OSM node: https://www.openstreetmap.org/node/13148135823
Direction: 220
Camera type: fixed</description>
      <Point>
        <coordinates>-97.4735021,35.5256978,0</coordinates>
      </Point>
    </Placemark>
    <Placemark>
      <name>ALPR</name>
      <description>OSM node: https://www.openstreetmap.org/node/13148135824
Direction: 310
Camera type: fixed</description>
      <Point>
        <coordinates>-97.475093,35.527609,0</coordinates>
      </Point>
    </Placemark>
    <Placemark>
      <name>Quapaw Nation ALPR</name>
      <description>OSM node: https://www.openstreetmap.org/node/13149550371
Operator: Quapaw Nation
Manufacturer: Flock Safety
Direction: 165
Zone: traffic
Camera type: fixed</description>
      <Point>
        <coordinates>-94.7878422,36.9442555,0</coordinates>
      </Point>
    </Placemark>
    <Placemark>
      <name>Quapaw Nation ALPR</name>
      <description>OSM node: https://www.openstreetmap.org/node/13149603477
Operator: Quapaw Nation
Manufacturer: Flock Safety
Direction: 45
Zone: traffic
Camera type: fixed</description>
      <Point>
        <coordinates>-94.6816427,36.9290222,0</coordinates>
      </Point>
    </Placemark>
    <Placemark>
      <name>Quapaw Nation ALPR</name>
      <description>OSM node: https://www.openstreetmap.org/node/13149629922
Operator: Quapaw Nation
Manufacturer: Flock Safety
Direction: 355
Zone: traffic
Camera type: fixed</description>
      <Point>
        <coordinates>-94.8418112,36.9181613,0</coordinates>
      </Point>
    </Placemark>
    <Placemark>
      <name>Quapaw Nation ALPR</name>
      <description>OSM node: https://www.openstreetmap.org/node/13149630060
Operator: Quapaw Nation
Manufacturer: Flock Safety
Direction: 270
Zone: traffic
Camera type: fixed</description>
      <Point>
        <coordinates>-94.6817122,36.9291682,0</coordinates>
      </Point>
    </Placemark>
    <Placemark>
      <name>Quapaw Nation ALPR</name>
      <description>OSM node: https://www.openstreetmap.org/node/13149637131
Operator: Quapaw Nation
Manufacturer: Flock Safety
Direction: 70
Zone: traffic
Camera type: fixed</description>
      <Point>
        <coordinates>-94.7727989,36.9435434,0</coordinates>
      </Point>
    </Placemark>
    <Placemark>
      <name>ALPR</name>
      <description>OSM node: https://www.openstreetmap.org/node/13153753247
Manufacturer: Flock Safety
Direction: 250
Zone: traffic</description>
      <Point>
        <coordinates>-97.6927903,35.638553,0</coordinates>
      </Point>
    </Placemark>
    <Placemark>
      <name>ALPR</name>
      <description>OSM node: https://www.openstreetmap.org/node/13158530045
Manufacturer: Flock Safety
Direction: 280
Camera type: fixed</description>
      <Point>
        <coordinates>-97.2467255,35.4759941,0</coordinates>
      </Point>
    </Placemark>
    <Placemark>
      <name>ALPR</name>
      <description>OSM node: https://www.openstreetmap.org/node/13158530046
Manufacturer: Flock Safety
Direction: 100
Camera type: fixed</description>
      <Point>
        <coordinates>-97.2468802,35.4759851,0</coordinates>
      </Point>
    </Placemark>
    <Placemark>
      <name>ALPR</name>
      <description>OSM node: https://www.openstreetmap.org/node/13158530047
Manufacturer: Flock Safety
Direction: 340
Camera type: fixed</description>
      <Point>
        <coordinates>-97.2397938,35.4784473,0</coordinates>
      </Point>
    </Placemark>
    <Placemark>
      <name>ALPR</name>
      <description>OSM node: https://www.openstreetmap.org/node/13158530048
Manufacturer: Flock Safety
Direction: 160
Camera type: fixed</description>
      <Point>
        <coordinates>-97.2397917,35.4785353,0</coordinates>
      </Point>
    </Placemark>
    <Placemark>
      <name>Boeing ALPR</name>
      <description>OSM node: https://www.openstreetmap.org/node/13164150360
Operator: Boeing
Manufacturer: Flock Safety
Direction: 215
Camera type: fixed</description>
      <Point>
        <coordinates>-97.4103815,35.401783,0</coordinates>
      </Point>
    </Placemark>
    <Placemark>
      <name>Boeing ALPR</name>
      <description>OSM node: https://www.openstreetmap.org/node/13164150361
Operator: Boeing
Manufacturer: Flock Safety
Direction: 0;180
Camera type: fixed</description>
      <Point>
        <coordinates>-97.4085388,35.4060311,0</coordinates>
      </Point>
    </Placemark>
    <Placemark>
      <name>Boeing ALPR</name>
      <description>OSM node: https://www.openstreetmap.org/node/13168561364
Operator: Boeing
Manufacturer: Flock Safety
Direction: 270
Camera type: fixed</description>
      <Point>
        <coordinates>-97.4062152,35.4043228,0</coordinates>
      </Point>
    </Placemark>
    <Placemark>
      <name>Boeing ALPR</name>
      <description>OSM node: https://www.openstreetmap.org/node/13168561365
Operator: Boeing
Manufacturer: Flock Safety
Direction: 90
Camera type: fixed</description>
      <Point>
        <coordinates>-97.4064561,35.404226,0</coordinates>
      </Point>
    </Placemark>
    <Placemark>
      <name>Nordam ALPR</name>
      <description>OSM node: https://www.openstreetmap.org/node/13176326321
Operator: Nordam
Manufacturer: Flock Safety
Direction: 240
Zone: traffic</description>
      <Point>
        <coordinates>-95.9072922,36.2564343,0</coordinates>
      </Point>
    </Placemark>
    <Placemark>
      <name>ALPR</name>
      <description>OSM node: https://www.openstreetmap.org/node/13181483096
Manufacturer: Flock Safety
Direction: 245
Zone: traffic</description>
      <Point>
        <coordinates>-97.5404773,35.5657107,0</coordinates>
      </Point>
    </Placemark>
    <Placemark>
      <name>Boeing ALPR</name>
      <description>OSM node: https://www.openstreetmap.org/node/13185252708
Operator: Boeing
Manufacturer: Flock Safety
Direction: 0;180
Camera type: fixed</description>
      <Point>
        <coordinates>-97.4103561,35.4069631,0</coordinates>
      </Point>
    </Placemark>
    <Placemark>
      <name>Boeing ALPR</name>
      <description>OSM node: https://www.openstreetmap.org/node/13185252709
Operator: Boeing
Manufacturer: Flock Safety
Direction: 340
Camera type: fixed</description>
      <Point>
        <coordinates>-97.4083789,35.4066578,0</coordinates>
      </Point>
    </Placemark>
    <Placemark>
      <name>Boeing ALPR</name>
      <description>OSM node: https://www.openstreetmap.org/node/13185252710
Operator: Boeing
Manufacturer: Flock Safety
Direction: 165
Camera type: fixed</description>
      <Point>
        <coordinates>-97.4086686,35.4066646,0</coordinates>
      </Point>
    </Placemark>
    <Placemark>
      <name>Boeing ALPR</name>
      <description>OSM node: https://www.openstreetmap.org/node/13185252711
Operator: Boeing
Manufacturer: Flock Safety
Direction: 150
Camera type: fixed</description>
      <Point>
        <coordinates>-97.4106389,35.4035735,0</coordinates>
      </Point>
    </Placemark>
    <Placemark>
      <name>Boeing ALPR</name>
      <description>OSM node: https://www.openstreetmap.org/node/13185252712
Operator: Boeing
Manufacturer: Flock Safety
Direction: 140
Camera type: fixed</description>
      <Point>
        <coordinates>-97.4104827,35.4017813,0</coordinates>
      </Point>
    </Placemark>
    <Placemark>
      <name>Nordam ALPR</name>
      <description>OSM node: https://www.openstreetmap.org/node/13191841721
Operator: Nordam
Manufacturer: Flock Safety
Direction: 295
Zone: traffic</description>
      <Point>
        <coordinates>-95.9073711,36.2579132,0</coordinates>
      </Point>
    </Placemark>
    <Placemark>
      <name>ALPR</name>
      <description>OSM node: https://www.openstreetmap.org/node/13196319862
Manufacturer: Flock Safety
Direction: 320
Zone: street
Camera type: fixed</description>
      <Point>
        <coordinates>-95.5169623,34.0112877,0</coordinates>
      </Point>
    </Placemark>
    <Placemark>
      <name>ALPR</name>
      <description>OSM node: https://www.openstreetmap.org/node/13196571601
Manufacturer: Flock Safety
Direction: 93
Zone: traffic
Camera type: fixed</description>
      <Point>
        <coordinates>-95.4898815,34.0061473,0</coordinates>
      </Point>
    </Placemark>
    <Placemark>
      <name>ALPR</name>
      <description>OSM node: https://www.openstreetmap.org/node/13196575701
Manufacturer: Flock Safety
Direction: 178;187
Zone: traffic
Camera type: fixed</description>
      <Point>
        <coordinates>-95.5228405,33.9978342,0</coordinates>
      </Point>
    </Placemark>
    <Placemark>
      <name>ALPR</name>
      <description>OSM node: https://www.openstreetmap.org/node/13197815853
Manufacturer: Flock Safety
Direction: 150
Camera type: fixed</description>
      <Point>
        <coordinates>-97.7604472,35.4890569,0</coordinates>
      </Point>
    </Placemark>
    <Placemark>
      <name>ALPR</name>
      <description>OSM node: https://www.openstreetmap.org/node/13197815854
Direction: 75
Camera type: fixed</description>
      <Point>
        <coordinates>-97.5662373,35.5287655,0</coordinates>
      </Point>
    </Placemark>
    <Placemark>
      <name>ALPR</name>
      <description>OSM node: https://www.openstreetmap.org/node/13197815855
Direction: 105
Camera type: fixed</description>
      <Point>
        <coordinates>-97.5662475,35.5282053,0</coordinates>
      </Point>
    </Placemark>
    <Placemark>
      <name>ALPR</name>
      <description>OSM node: https://www.openstreetmap.org/node/13233637252
Manufacturer: Flock Safety
Direction: 260
Zone: traffic
Camera type: fixed</description>
      <Point>
        <coordinates>-94.949028,35.9299162,0</coordinates>
      </Point>
    </Placemark>
    <Placemark>
      <name>Flock Safety ALPR</name>
      <description>OSM node: https://www.openstreetmap.org/node/13234008088
Operator: Flock Safety
Zone: entrance
Camera type: fixed</description>
      <Point>
        <coordinates>-96.0596613,36.1335038,0</coordinates>
      </Point>
    </Placemark>
    <Placemark>
      <name>Flock Safety ALPR</name>
      <description>OSM node: https://www.openstreetmap.org/node/13234009577
Operator: Flock Safety
Zone: entrance
Camera type: fixed</description>
      <Point>
        <coordinates>-96.0042894,36.0752725,0</coordinates>
      </Point>
    </Placemark>
    <Placemark>
      <name>ALPR</name>
      <description>OSM node: https://www.openstreetmap.org/node/13234646223
Manufacturer: Flock Safety
Direction: 170
Zone: traffic
Camera type: fixed</description>
      <Point>
        <coordinates>-94.9670227,35.951427,0</coordinates>
      </Point>
    </Placemark>
    <Placemark>
      <name>ALPR</name>
      <description>OSM node: https://www.openstreetmap.org/node/13239390195
Manufacturer: Flock Safety
Direction: -5;125
Zone: traffic
Camera type: fixed</description>
      <Point>
        <coordinates>-95.5182546,36.1650978,0</coordinates>
      </Point>
    </Placemark>
    <Placemark>
      <name>ALPR</name>
      <description>OSM node: https://www.openstreetmap.org/node/13239395466
Manufacturer: Flock Safety
Direction: -25
Zone: traffic
Camera type: fixed</description>
      <Point>
        <coordinates>-95.5295592,36.1683221,0</coordinates>
      </Point>
    </Placemark>
    <Placemark>
      <name>ALPR</name>
      <description>OSM node: https://www.openstreetmap.org/node/13239427088
Manufacturer: Flock Safety
Direction: -80;70
Zone: traffic
Camera type: fixed</description>
      <Point>
        <coordinates>-95.5007488,36.1478316,0</coordinates>
      </Point>
    </Placemark>
    <Placemark>
      <name>ALPR</name>
      <description>OSM node: https://www.openstreetmap.org/node/13244770778
Manufacturer: Flock Safety
Direction: 200
Zone: traffic
Camera type: fixed</description>
      <Point>
        <coordinates>-95.9393795,36.1195782,0</coordinates>
      </Point>
    </Placemark>
    <Placemark>
      <name>ALPR</name>
      <description>OSM node: https://www.openstreetmap.org/node/13246129274
Manufacturer: Flock Safety
Direction: 145
Camera type: fixed</description>
      <Point>
        <coordinates>-95.5297626,36.1679887,0</coordinates>
      </Point>
    </Placemark>
    <Placemark>
      <name>Jenks Police ALPR</name>
      <description>OSM node: https://www.openstreetmap.org/node/13251128485
Operator: Jenks Police
Manufacturer: Flock Safety
Direction: 220
Zone: traffic</description>
      <Point>
        <coordinates>-95.9577936,36.0213601,0</coordinates>
      </Point>
    </Placemark>
    <Placemark>
      <name>Jenks Police ALPR</name>
      <description>OSM node: https://www.openstreetmap.org/node/13251154010
Operator: Jenks Police
Manufacturer: Flock Safety
Direction: 245
Zone: traffic</description>
      <Point>
        <coordinates>-95.958374,36.0147371,0</coordinates>
      </Point>
    </Placemark>
    <Placemark>
      <name>Jenks Police ALPR</name>
      <description>OSM node: https://www.openstreetmap.org/node/13251154487
Operator: Jenks Police
Manufacturer: Flock Safety
Direction: 345
Zone: traffic</description>
      <Point>
        <coordinates>-95.9616025,36.0133752,0</coordinates>
      </Point>
    </Placemark>
    <Placemark>
      <name>Jenks Police ALPR</name>
      <description>OSM node: https://www.openstreetmap.org/node/13257116927
Operator: Jenks Police
Manufacturer: Flock Safety
Direction: 150
Zone: traffic</description>
      <Point>
        <coordinates>-95.9630394,36.0164645,0</coordinates>
      </Point>
    </Placemark>
    <Placemark>
      <name>ALPR</name>
      <description>OSM node: https://www.openstreetmap.org/node/13261901052
Direction: 300
Zone: street</description>
      <Point>
        <coordinates>-97.3189989,35.5657016,0</coordinates>
      </Point>
    </Placemark>
    <Placemark>
      <name>ALPR</name>
      <description>OSM node: https://www.openstreetmap.org/node/13263922181
Direction: 290
Zone: traffic</description>
      <Point>
        <coordinates>-94.7761078,36.9435659,0</coordinates>
      </Point>
    </Placemark>
    <Placemark>
      <name>ALPR</name>
      <description>OSM node: https://www.openstreetmap.org/node/13263922183
Direction: 45
Zone: traffic</description>
      <Point>
        <coordinates>-94.6310336,36.9978857,0</coordinates>
      </Point>
    </Placemark>
    <Placemark>
      <name>ALPR</name>
      <description>OSM node: https://www.openstreetmap.org/node/13268668909
Direction: 255
Zone: traffic</description>
      <Point>
        <coordinates>-94.6315169,36.8195268,0</coordinates>
      </Point>
    </Placemark>
    <Placemark>
      <name>ALPR</name>
      <description>OSM node: https://www.openstreetmap.org/node/13283866226
Manufacturer: Flock Safety
Direction: 315
Camera type: fixed</description>
      <Point>
        <coordinates>-95.9349315,36.699222,0</coordinates>
      </Point>
    </Placemark>
    <Placemark>
      <name>ALPR</name>
      <description>OSM node: https://www.openstreetmap.org/node/13283895172
Manufacturer: Flock Safety
Direction: 25
Camera type: fixed</description>
      <Point>
        <coordinates>-95.9560542,36.7567804,0</coordinates>
      </Point>
    </Placemark>
    <Placemark>
      <name>ALPR</name>
      <description>OSM node: https://www.openstreetmap.org/node/13285494701
Manufacturer: Flock Safety
Direction: 270
Zone: street
Camera type: fixed</description>
      <Point>
        <coordinates>-96.9292901,35.3808992,0</coordinates>
      </Point>
    </Placemark>
    <Placemark>
      <name>ALPR</name>
      <description>OSM node: https://www.openstreetmap.org/node/13288245709
Manufacturer: Flock Safety
Direction: 135
Camera type: fixed</description>
      <Point>
        <coordinates>-95.9356363,36.771398,0</coordinates>
      </Point>
    </Placemark>
    <Placemark>
      <name>ALPR</name>
      <description>OSM node: https://www.openstreetmap.org/node/13288246855
Manufacturer: Flock Safety
Direction: 225
Camera type: fixed</description>
      <Point>
        <coordinates>-95.890074,36.7281979,0</coordinates>
      </Point>
    </Placemark>
    <Placemark>
      <name>ALPR</name>
      <description>OSM node: https://www.openstreetmap.org/node/13288300501
Manufacturer: Flock Safety
Direction: 260
Zone: traffic
Camera type: fixed</description>
      <Point>
        <coordinates>-97.2319315,35.6526896,0</coordinates>
      </Point>
    </Placemark>
    <Placemark>
      <name>Lowe's ALPR</name>
      <description>OSM node: https://www.openstreetmap.org/node/13293685187
Operator: Lowe's
Manufacturer: Flock Safety
Direction: 200
Zone: traffic</description>
      <Point>
        <coordinates>-96.9270283,35.3831787,0</coordinates>
      </Point>
    </Placemark>
    <Placemark>
      <name>ALPR</name>
      <description>OSM node: https://www.openstreetmap.org/node/13298343634
Manufacturer: Flock Safety
Direction: 225
Camera type: fixed</description>
      <Point>
        <coordinates>-95.9006498,36.742617,0</coordinates>
      </Point>
    </Placemark>
    <Placemark>
      <name>ALPR</name>
      <description>OSM node: https://www.openstreetmap.org/node/13300299401
Manufacturer: Flock Safety
Direction: 170
Zone: traffic
Camera type: fixed</description>
      <Point>
        <coordinates>-98.4573199,34.6378257,0</coordinates>
      </Point>
    </Placemark>
    <Placemark>
      <name>ALPR</name>
      <description>OSM node: https://www.openstreetmap.org/node/13305072101
Manufacturer: Flock Safety
Direction: 68
Zone: traffic
Camera type: fixed</description>
      <Point>
        <coordinates>-95.7454833,36.1604674,0</coordinates>
      </Point>
    </Placemark>
    <Placemark>
      <name>ALPR</name>
      <description>OSM node: https://www.openstreetmap.org/node/13307451201
Manufacturer: Flock Safety
Direction: 84
Zone: traffic
Camera type: fixed</description>
      <Point>
        <coordinates>-97.5153195,35.6383525,0</coordinates>
      </Point>
    </Placemark>
    <Placemark>
      <name>ALPR</name>
      <description>OSM node: https://www.openstreetmap.org/node/13310206001
Manufacturer: Flock Safety
Direction: 126
Zone: traffic
Camera type: fixed</description>
      <Point>
        <coordinates>-95.9403245,35.9607786,0</coordinates>
      </Point>
    </Placemark>
    <Placemark>
      <name>ALPR</name>
      <description>OSM node: https://www.openstreetmap.org/node/13312164901
Manufacturer: Flock Safety
Direction: 180
Zone: traffic
Camera type: fixed</description>
      <Point>
        <coordinates>-95.8240552,36.2062503,0</coordinates>
      </Point>
    </Placemark>
    <Placemark>
      <name>ALPR</name>
      <description>OSM node: https://www.openstreetmap.org/node/13312168801
Manufacturer: Flock Safety
Direction: 345
Zone: traffic
Camera type: fixed</description>
      <Point>
        <coordinates>-95.8192096,36.1918236,0</coordinates>
      </Point>
    </Placemark>
    <Placemark>
      <name>ALPR</name>
      <description>OSM node: https://www.openstreetmap.org/node/13312177101
Manufacturer: Flock Safety
Direction: 164
Zone: traffic
Camera type: fixed</description>
      <Point>
        <coordinates>-95.7440573,36.1189656,0</coordinates>
      </Point>
    </Placemark>
    <Placemark>
      <name>ALPR</name>
      <description>OSM node: https://www.openstreetmap.org/node/13312198703
Manufacturer: Flock Safety
Direction: 246
Zone: traffic
Camera type: fixed</description>
      <Point>
        <coordinates>-95.7539551,36.1606618,0</coordinates>
      </Point>
    </Placemark>
    <Placemark>
      <name>ALPR</name>
      <description>OSM node: https://www.openstreetmap.org/node/13313493601
Manufacturer: Flock Safety
Direction: 191
Zone: traffic
Camera type: fixed</description>
      <Point>
        <coordinates>-95.8331263,36.2076779,0</coordinates>
      </Point>
    </Placemark>
    <Placemark>
      <name>ALPR</name>
      <description>OSM node: https://www.openstreetmap.org/node/13313733804
Manufacturer: Flock Safety
Direction: 62;319
Zone: traffic
Camera type: fixed</description>
      <Point>
        <coordinates>-95.8840601,36.3136692,0</coordinates>
      </Point>
    </Placemark>
    <Placemark>
      <name>Boeing ALPR</name>
      <description>OSM node: https://www.openstreetmap.org/node/13315550783
Operator: Boeing
Manufacturer: Flock Safety
Direction: 240
Zone: traffic
Camera type: fixed</description>
      <Point>
        <coordinates>-97.4097316,35.4025706,0</coordinates>
      </Point>
    </Placemark>
    <Placemark>
      <name>Boeing ALPR</name>
      <description>OSM node: https://www.openstreetmap.org/node/13315581338
Operator: Boeing
Manufacturer: Flock Safety
Direction: 175
Zone: traffic
Camera type: fixed</description>
      <Point>
        <coordinates>-97.4102407,35.4045563,0</coordinates>
      </Point>
    </Placemark>
    <Placemark>
      <name>ALPR</name>
      <description>OSM node: https://www.openstreetmap.org/node/13315631801
Manufacturer: Flock Safety
Direction: 38
Zone: traffic
Camera type: fixed</description>
      <Point>
        <coordinates>-97.3711289,35.7035402,0</coordinates>
      </Point>
    </Placemark>
    <Placemark>
      <name>ALPR</name>
      <description>OSM node: https://www.openstreetmap.org/node/13315632001
Manufacturer: Flock Safety
Direction: 163
Zone: traffic
Camera type: fixed</description>
      <Point>
        <coordinates>-97.3708797,35.7040517,0</coordinates>
      </Point>
    </Placemark>
    <Placemark>
      <name>ALPR</name>
      <description>OSM node: https://www.openstreetmap.org/node/13315632002
Manufacturer: Flock Safety
Direction: 150
Zone: traffic
Camera type: fixed</description>
      <Point>
        <coordinates>-97.3687781,35.7105167,0</coordinates>
      </Point>
    </Placemark>
    <Placemark>
      <name>ALPR</name>
      <description>OSM node: https://www.openstreetmap.org/node/13318211801
Manufacturer: Flock Safety
Direction: 61
Zone: traffic
Camera type: fixed</description>
      <Point>
        <coordinates>-97.3713538,35.7079932,0</coordinates>
      </Point>
    </Placemark>
    <Placemark>
      <name>ALPR</name>
      <description>OSM node: https://www.openstreetmap.org/node/13319143501
Manufacturer: Flock Safety
Direction: 69
Zone: traffic
Camera type: fixed</description>
      <Point>
        <coordinates>-95.8387685,36.2058804,0</coordinates>
      </Point>
    </Placemark>
    <Placemark>
      <name>ALPR</name>
      <description>OSM node: https://www.openstreetmap.org/node/13322377401
Manufacturer: Flock Safety
Direction: 250
Zone: traffic
Camera type: fixed</description>
      <Point>
        <coordinates>-95.3938898,35.7487062,0</coordinates>
      </Point>
    </Placemark>
    <Placemark>
      <name>ALPR</name>
      <description>OSM node: https://www.openstreetmap.org/node/13322629402
Manufacturer: Flock Safety
Direction: 281
Zone: traffic
Camera type: fixed</description>
      <Point>
        <coordinates>-95.9596879,36.2423301,0</coordinates>
      </Point>
    </Placemark>
    <Placemark>
      <name>ALPR</name>
      <description>OSM node: https://www.openstreetmap.org/node/13323428512
Manufacturer: Flock Safety
Direction: 180;270
Camera type: fixed</description>
      <Point>
        <coordinates>-97.0436737,35.9782213,0</coordinates>
      </Point>
    </Placemark>
    <Placemark>
      <name>ALPR</name>
      <description>OSM node: https://www.openstreetmap.org/node/13323559301
Manufacturer: Flock Safety
Direction: 82
Zone: traffic
Camera type: fixed</description>
      <Point>
        <coordinates>-95.9930123,36.2421237,0</coordinates>
      </Point>
    </Placemark>
    <Placemark>
      <name>Tulsa Police ALPR</name>
      <description>OSM node: https://www.openstreetmap.org/node/13324901393
Operator: Tulsa Police
Manufacturer: Flock Safety
Direction: 70
Zone: traffic</description>
      <Point>
        <coordinates>-95.9354837,36.0897269,0</coordinates>
      </Point>
    </Placemark>
    <Placemark>
      <name>Tulsa Police ALPR</name>
      <description>OSM node: https://www.openstreetmap.org/node/13325535215
Operator: Tulsa Police
Manufacturer: Flock Safety
Direction: 45
Zone: traffic</description>
      <Point>
        <coordinates>-95.997842,36.1521078,0</coordinates>
      </Point>
    </Placemark>
    <Placemark>
      <name>ALPR</name>
      <description>OSM node: https://www.openstreetmap.org/node/13326372801
Manufacturer: Flock Safety
Direction: 251
Zone: traffic
Camera type: fixed</description>
      <Point>
        <coordinates>-97.5043987,35.6219422,0</coordinates>
      </Point>
    </Placemark>
    <Placemark>
      <name>ALPR</name>
      <description>OSM node: https://www.openstreetmap.org/node/13326377701
Manufacturer: Flock Safety
Direction: 68
Zone: traffic
Camera type: fixed</description>
      <Point>
        <coordinates>-97.5045226,35.6217906,0</coordinates>
      </Point>
    </Placemark>
    <Placemark>
      <name>Lowe's ALPR</name>
      <description>OSM node: https://www.openstreetmap.org/node/13328819100
Operator: Lowe's
Manufacturer: Flock Safety
Direction: 290
Zone: traffic</description>
      <Point>
        <coordinates>-96.928722,35.3816692,0</coordinates>
      </Point>
    </Placemark>
    <Placemark>
      <name>ALPR</name>
      <description>OSM node: https://www.openstreetmap.org/node/13329242901
Manufacturer: Flock Safety
Direction: 67
Zone: traffic
Camera type: fixed</description>
      <Point>
        <coordinates>-95.8799307,36.3219878,0</coordinates>
      </Point>
    </Placemark>
    <Placemark>
      <name>ALPR</name>
      <description>OSM node: https://www.openstreetmap.org/node/13331558001
Manufacturer: Flock Safety
Direction: 326-11
Zone: traffic
Camera type: fixed</description>
      <Point>
        <coordinates>-97.5476444,35.3918598,0</coordinates>
      </Point>
    </Placemark>
    <Placemark>
      <name>ALPR</name>
      <description>OSM node: https://www.openstreetmap.org/node/13331563602
Manufacturer: Flock Safety
Direction: 222-267
Zone: traffic
Camera type: fixed</description>
      <Point>
        <coordinates>-97.5480419,35.4496659,0</coordinates>
      </Point>
    </Placemark>
    <Placemark>
      <name>El Reno Police ALPR</name>
      <description>OSM node: https://www.openstreetmap.org/node/13334076956
Operator: El Reno Police
Manufacturer: Flock Safety
Direction: 145
Zone: traffic</description>
      <Point>
        <coordinates>-97.9727247,35.5312633,0</coordinates>
      </Point>
    </Placemark>
    <Placemark>
      <name>ALPR</name>
      <description>OSM node: https://www.openstreetmap.org/node/13343363901
Manufacturer: Flock Safety
Direction: 138-183
Zone: traffic
Camera type: fixed</description>
      <Point>
        <coordinates>-97.1606413,34.2018618,0</coordinates>
      </Point>
    </Placemark>
    <Placemark>
      <name>ALPR</name>
      <description>OSM node: https://www.openstreetmap.org/node/13343509601
Manufacturer: Flock Safety
Direction: 313-358
Zone: traffic
Camera type: fixed</description>
      <Point>
        <coordinates>-97.5832473,35.4875534,0</coordinates>
      </Point>
    </Placemark>
    <Placemark>
      <name>ALPR</name>
      <description>OSM node: https://www.openstreetmap.org/node/13348875201
Manufacturer: Flock Safety
Direction: 232-277
Zone: traffic
Camera type: fixed</description>
      <Point>
        <coordinates>-97.4061913,35.4641373,0</coordinates>
      </Point>
    </Placemark>
    <Placemark>
      <name>ALPR</name>
      <description>OSM node: https://www.openstreetmap.org/node/13348877201
Manufacturer: Flock Safety
Direction: 48-93
Zone: traffic
Camera type: fixed</description>
      <Point>
        <coordinates>-97.4035341,35.464044,0</coordinates>
      </Point>
    </Placemark>
    <Placemark>
      <name>ALPR</name>
      <description>OSM node: https://www.openstreetmap.org/node/13348929901
Manufacturer: Flock Safety
Direction: 240-285
Zone: traffic
Camera type: fixed</description>
      <Point>
        <coordinates>-97.1774717,35.1453714,0</coordinates>
      </Point>
    </Placemark>
    <Placemark>
      <name>ALPR</name>
      <description>OSM node: https://www.openstreetmap.org/node/13352158001
Manufacturer: Flock Safety
Direction: 258
Zone: traffic
Camera type: fixed</description>
      <Point>
        <coordinates>-95.8253024,36.2062069,0</coordinates>
      </Point>
    </Placemark>
    <Placemark>
      <name>ALPR</name>
      <description>OSM node: https://www.openstreetmap.org/node/13356113001
Manufacturer: Flock Safety
Direction: 338-23
Zone: traffic
Camera type: fixed</description>
      <Point>
        <coordinates>-95.6317209,36.2896528,0</coordinates>
      </Point>
    </Placemark>
    <Placemark>
      <name>ALPR</name>
      <description>OSM node: https://www.openstreetmap.org/node/13356325305
Manufacturer: Flock Safety
Direction: 325
Camera type: fixed</description>
      <Point>
        <coordinates>-95.9532437,36.6991374,0</coordinates>
      </Point>
    </Placemark>
    <Placemark>
      <name>ALPR</name>
      <description>OSM node: https://www.openstreetmap.org/node/13356329020
Manufacturer: Flock Safety
Direction: 225
Camera type: fixed</description>
      <Point>
        <coordinates>-95.8992374,36.7352985,0</coordinates>
      </Point>
    </Placemark>
    <Placemark>
      <name>ALPR</name>
      <description>OSM node: https://www.openstreetmap.org/node/13358613701
Manufacturer: Flock Safety
Direction: 67-112
Zone: traffic
Camera type: fixed</description>
      <Point>
        <coordinates>-95.6325233,36.2889344,0</coordinates>
      </Point>
    </Placemark>
    <Placemark>
      <name>ALPR</name>
      <description>OSM node: https://www.openstreetmap.org/node/13358615801
Manufacturer: Flock Safety
Direction: 251-296
Zone: traffic
Camera type: fixed</description>
      <Point>
        <coordinates>-95.6303637,36.2897603,0</coordinates>
      </Point>
    </Placemark>
    <Placemark>
      <name>ALPR</name>
      <description>OSM node: https://www.openstreetmap.org/node/13358618202
Manufacturer: Flock Safety
Direction: 248-293
Zone: traffic
Camera type: fixed</description>
      <Point>
        <coordinates>-95.6306568,36.2890812,0</coordinates>
      </Point>
    </Placemark>
    <Placemark>
      <name>ALPR</name>
      <description>OSM node: https://www.openstreetmap.org/node/13373029401
Manufacturer: Flock Safety
Direction: 158
Zone: traffic
Camera type: fixed</description>
      <Point>
        <coordinates>-97.7069801,35.4060381,0</coordinates>
      </Point>
    </Placemark>
    <Placemark>
      <name>ALPR</name>
      <description>OSM node: https://www.openstreetmap.org/node/13376074901
Manufacturer: Flock Safety
Direction: 263
Zone: traffic
Camera type: fixed</description>
      <Point>
        <coordinates>-98.4907791,34.594805,0</coordinates>
      </Point>
    </Placemark>
    <Placemark>
      <name>ALPR</name>
      <description>OSM node: https://www.openstreetmap.org/node/13376077701
Manufacturer: Flock Safety
Direction: 75
Zone: traffic
Camera type: fixed</description>
      <Point>
        <coordinates>-98.4221289,34.608808,0</coordinates>
      </Point>
    </Placemark>
    <Placemark>
      <name>ALPR</name>
      <description>OSM node: https://www.openstreetmap.org/node/13376079601
Manufacturer: Flock Safety
Direction: 75
Zone: traffic
Camera type: fixed</description>
      <Point>
        <coordinates>-98.4484618,34.6223419,0</coordinates>
      </Point>
    </Placemark>
    <Placemark>
      <name>Lowe's ALPR</name>
      <description>OSM node: https://www.openstreetmap.org/node/13376094601
Operator: Lowe's
Manufacturer: Flock Safety
Direction: 80
Zone: traffic
Camera type: fixed</description>
      <Point>
        <coordinates>-98.4485658,34.6216716,0</coordinates>
      </Point>
    </Placemark>
    <Placemark>
      <name>ALPR</name>
      <description>OSM node: https://www.openstreetmap.org/node/13378310302
Manufacturer: Flock Safety
Direction: 342
Zone: traffic
Camera type: fixed</description>
      <Point>
        <coordinates>-97.4926353,35.3242656,0</coordinates>
      </Point>
    </Placemark>
    <Placemark>
      <name>ALPR</name>
      <description>OSM node: https://www.openstreetmap.org/node/13378311305
Manufacturer: Flock Safety
Direction: 205
Zone: traffic
Camera type: fixed</description>
      <Point>
        <coordinates>-97.5038733,35.3046444,0</coordinates>
      </Point>
    </Placemark>
    <Placemark>
      <name>ALPR</name>
      <description>OSM node: https://www.openstreetmap.org/node/13378322802
Manufacturer: Flock Safety
Direction: 124
Zone: traffic
Camera type: fixed</description>
      <Point>
        <coordinates>-97.4918692,35.3259785,0</coordinates>
      </Point>
    </Placemark>
    <Placemark>
      <name>ALPR</name>
      <description>OSM node: https://www.openstreetmap.org/node/13378325201
Manufacturer: Flock Safety
Direction: 42
Zone: traffic
Camera type: fixed</description>
      <Point>
        <coordinates>-97.5040468,35.3046884,0</coordinates>
      </Point>
    </Placemark>
    <Placemark>
      <name>ALPR</name>
      <description>OSM node: https://www.openstreetmap.org/node/13378325202
Manufacturer: Flock Safety
Direction: 256
Zone: traffic
Camera type: fixed</description>
      <Point>
        <coordinates>-97.4918421,35.3252806,0</coordinates>
      </Point>
    </Placemark>
    <Placemark>
      <name>ALPR</name>
      <description>OSM node: https://www.openstreetmap.org/node/13378327001
Manufacturer: Flock Safety
Direction: 16
Zone: traffic
Camera type: fixed</description>
      <Point>
        <coordinates>-97.4918534,35.3241394,0</coordinates>
      </Point>
    </Placemark>
    <Placemark>
      <name>ALPR</name>
      <description>OSM node: https://www.openstreetmap.org/node/13378328701
Manufacturer: Flock Safety
Direction: 241
Zone: traffic
Camera type: fixed</description>
      <Point>
        <coordinates>-97.4928481,35.3260927,0</coordinates>
      </Point>
    </Placemark>
    <Placemark>
      <name>ALPR</name>
      <description>OSM node: https://www.openstreetmap.org/node/13378744101
Manufacturer: Flock Safety
Direction: 174
Zone: traffic
Camera type: fixed</description>
      <Point>
        <coordinates>-98.4748246,34.635695,0</coordinates>
      </Point>
    </Placemark>
    <Placemark>
      <name>ALPR</name>
      <description>OSM node: https://www.openstreetmap.org/node/13378750801
Manufacturer: Genetec
Direction: 66
Zone: traffic
Camera type: fixed</description>
      <Point>
        <coordinates>-98.4492104,34.6232081,0</coordinates>
      </Point>
    </Placemark>
    <Placemark>
      <name>ALPR</name>
      <description>OSM node: https://www.openstreetmap.org/node/13380325601
Manufacturer: Flock Safety
Direction: 10
Zone: traffic
Camera type: fixed</description>
      <Point>
        <coordinates>-95.7738855,36.0902332,0</coordinates>
      </Point>
    </Placemark>
    <Placemark>
      <name>ALPR</name>
      <description>OSM node: https://www.openstreetmap.org/node/13380326101
Manufacturer: Flock Safety
Direction: 191
Zone: traffic
Camera type: fixed</description>
      <Point>
        <coordinates>-95.773888,36.0904271,0</coordinates>
      </Point>
    </Placemark>
    <Placemark>
      <name>ALPR</name>
      <description>OSM node: https://www.openstreetmap.org/node/13381796501
Manufacturer: Flock Safety
Direction: 157-202
Zone: traffic
Camera type: fixed</description>
      <Point>
        <coordinates>-97.5656189,35.3915976,0</coordinates>
      </Point>
    </Placemark>
    <Placemark>
      <name>ALPR</name>
      <description>OSM node: https://www.openstreetmap.org/node/13387045338
Direction: 155</description>
      <Point>
        <coordinates>-96.0565918,36.1330505,0</coordinates>
      </Point>
    </Placemark>
    <Placemark>
      <name>ALPR</name>
      <description>OSM node: https://www.openstreetmap.org/node/13390080001
Manufacturer: Flock Safety
Direction: 316
Zone: traffic
Camera type: fixed</description>
      <Point>
        <coordinates>-97.4981592,35.323076,0</coordinates>
      </Point>
    </Placemark>
    <Placemark>
      <name>ALPR</name>
      <description>OSM node: https://www.openstreetmap.org/node/13390080401
Manufacturer: Flock Safety
Direction: 75
Zone: traffic
Camera type: fixed</description>
      <Point>
        <coordinates>-97.4981592,35.323076,0</coordinates>
      </Point>
    </Placemark>
    <Placemark>
      <name>ALPR</name>
      <description>OSM node: https://www.openstreetmap.org/node/13392057801
Manufacturer: Flock Safety
Direction: 47-92
Zone: traffic
Camera type: fixed</description>
      <Point>
        <coordinates>-97.5130159,35.4642232,0</coordinates>
      </Point>
    </Placemark>
    <Placemark>
      <name>Pryor Police ALPR</name>
      <description>OSM node: https://www.openstreetmap.org/node/13396430801
Operator: Pryor Police
Manufacturer: Flock Safety
Direction: 38-83
Zone: traffic
Camera type: fixed</description>
      <Point>
        <coordinates>-95.32344,36.2927671,0</coordinates>
      </Point>
    </Placemark>
    <Placemark>
      <name>ALPR</name>
      <description>OSM node: https://www.openstreetmap.org/node/13397969601
Manufacturer: Flock Safety
Direction: 57-102
Zone: traffic
Camera type: fixed</description>
      <Point>
        <coordinates>-97.5694766,35.4495291,0</coordinates>
      </Point>
    </Placemark>
    <Placemark>
      <name>ALPR</name>
      <description>OSM node: https://www.openstreetmap.org/node/13398022041
Manufacturer: Flock Safety
Direction: 135
Camera type: fixed</description>
      <Point>
        <coordinates>-95.8219363,36.0898273,0</coordinates>
      </Point>
    </Placemark>
    <Placemark>
      <name>ALPR</name>
      <description>OSM node: https://www.openstreetmap.org/node/13398022042
Manufacturer: Flock Safety
Direction: 210
Camera type: fixed</description>
      <Point>
        <coordinates>-95.8237109,36.08982,0</coordinates>
      </Point>
    </Placemark>
    <Placemark>
      <name>ALPR</name>
      <description>OSM node: https://www.openstreetmap.org/node/13398630402
Manufacturer: Flock Safety
Direction: 329-14;70-115
Zone: traffic
Camera type: fixed</description>
      <Point>
        <coordinates>-95.3148542,36.2426464,0</coordinates>
      </Point>
    </Placemark>
    <Placemark>
      <name>ALPR</name>
      <description>OSM node: https://www.openstreetmap.org/node/13399571801
Manufacturer: Flock Safety
Direction: 78-123
Zone: traffic
Camera type: fixed</description>
      <Point>
        <coordinates>-97.627338,35.4497391,0</coordinates>
      </Point>
    </Placemark>
    <Placemark>
      <name>ALPR</name>
      <description>OSM node: https://www.openstreetmap.org/node/13403170101
Manufacturer: Flock Safety
Direction: 157
Zone: traffic
Camera type: fixed</description>
      <Point>
        <coordinates>-97.6209223,35.6086366,0</coordinates>
      </Point>
    </Placemark>
    <Placemark>
      <name>ALPR</name>
      <description>OSM node: https://www.openstreetmap.org/node/13409124454
Manufacturer: Flock Safety
Direction: 275
Zone: residential
Camera type: fixed</description>
      <Point>
        <coordinates>-97.5823873,35.3430894,0</coordinates>
      </Point>
    </Placemark>
    <Placemark>
      <name>ALPR</name>
      <description>OSM node: https://www.openstreetmap.org/node/13414135901
Manufacturer: Flock Safety
Direction: 132-177
Zone: traffic
Camera type: fixed</description>
      <Point>
        <coordinates>-97.1436058,33.7366711,0</coordinates>
      </Point>
    </Placemark>
    <Placemark>
      <name>ALPR</name>
      <description>OSM node: https://www.openstreetmap.org/node/13414200001
Manufacturer: Flock Safety
Direction: 44-89
Zone: traffic
Camera type: fixed</description>
      <Point>
        <coordinates>-97.1632066,34.1886875,0</coordinates>
      </Point>
    </Placemark>
    <Placemark>
      <name>ALPR</name>
      <description>OSM node: https://www.openstreetmap.org/node/13418501989
Manufacturer: Flock Safety
Direction: 255
Zone: entrance;traffic
Camera type: fixed</description>
      <Point>
        <coordinates>-95.9756206,35.9788486,0</coordinates>
      </Point>
    </Placemark>
    <Placemark>
      <name>ALPR</name>
      <description>OSM node: https://www.openstreetmap.org/node/13418545611
Manufacturer: Flock Safety
Direction: 75
Zone: traffic</description>
      <Point>
        <coordinates>-95.7776711,36.2639168,0</coordinates>
      </Point>
    </Placemark>
    <Placemark>
      <name>ALPR</name>
      <description>OSM node: https://www.openstreetmap.org/node/13418687103
Manufacturer: Flock Safety
Direction: 0
Zone: traffic
Camera type: fixed</description>
      <Point>
        <coordinates>-97.265257,35.0151114,0</coordinates>
      </Point>
    </Placemark>
    <Placemark>
      <name>ALPR</name>
      <description>OSM node: https://www.openstreetmap.org/node/13419147201
Manufacturer: Flock Safety
Direction: 252
Zone: traffic
Camera type: fixed</description>
      <Point>
        <coordinates>-95.7378899,36.1914791,0</coordinates>
      </Point>
    </Placemark>
    <Placemark>
      <name>ALPR</name>
      <description>OSM node: https://www.openstreetmap.org/node/13424491401
Manufacturer: Flock Safety
Direction: 246
Zone: traffic
Camera type: fixed</description>
      <Point>
        <coordinates>-97.5036818,35.3634232,0</coordinates>
      </Point>
    </Placemark>
    <Placemark>
      <name>ALPR</name>
      <description>OSM node: https://www.openstreetmap.org/node/13427443102
Manufacturer: Flock Safety
Direction: 213
Zone: traffic
Camera type: fixed</description>
      <Point>
        <coordinates>-97.6634419,35.3623098,0</coordinates>
      </Point>
    </Placemark>
    <Placemark>
      <name>ALPR</name>
      <description>OSM node: https://www.openstreetmap.org/node/13428800202
Manufacturer: Flock Safety
Direction: 155
Zone: traffic
Camera type: fixed</description>
      <Point>
        <coordinates>-95.8225748,35.9881785,0</coordinates>
      </Point>
    </Placemark>
    <Placemark>
      <name>ALPR</name>
      <description>OSM node: https://www.openstreetmap.org/node/13429197401
Manufacturer: Flock Safety
Direction: 49-94;27-72
Zone: traffic
Camera type: fixed</description>
      <Point>
        <coordinates>-97.5727265,35.5655886,0</coordinates>
      </Point>
    </Placemark>
    <Placemark>
      <name>ALPR</name>
      <description>OSM node: https://www.openstreetmap.org/node/13433462301
Manufacturer: Flock Safety
Direction: 262
Zone: traffic
Camera type: fixed</description>
      <Point>
        <coordinates>-95.8493111,36.2785985,0</coordinates>
      </Point>
    </Placemark>
    <Placemark>
      <name>ALPR</name>
      <description>OSM node: https://www.openstreetmap.org/node/13435843901
Manufacturer: Flock Safety
Direction: 178
Zone: traffic
Camera type: fixed</description>
      <Point>
        <coordinates>-98.4573426,34.5953927,0</coordinates>
      </Point>
    </Placemark>
    <Placemark>
      <name>ALPR</name>
      <description>OSM node: https://www.openstreetmap.org/node/13438679901
Manufacturer: Flock Safety
Direction: 7
Zone: traffic
Camera type: fixed</description>
      <Point>
        <coordinates>-97.6199663,35.6079879,0</coordinates>
      </Point>
    </Placemark>
    <Placemark>
      <name>ALPR</name>
      <description>OSM node: https://www.openstreetmap.org/node/13438681001
Manufacturer: Flock Safety
Direction: 346
Zone: traffic
Camera type: fixed</description>
      <Point>
        <coordinates>-97.6201979,35.6080041,0</coordinates>
      </Point>
    </Placemark>
    <Placemark>
      <name>ALPR</name>
      <description>OSM node: https://www.openstreetmap.org/node/13441699801
Manufacturer: Flock Safety
Direction: 250
Zone: traffic
Camera type: fixed</description>
      <Point>
        <coordinates>-95.9162586,36.1771698,0</coordinates>
      </Point>
    </Placemark>
    <Placemark>
      <name>ALPR</name>
      <description>OSM node: https://www.openstreetmap.org/node/13443260001
Manufacturer: Flock Safety
Direction: 0
Zone: traffic
Camera type: fixed</description>
      <Point>
        <coordinates>-98.4044663,34.6325555,0</coordinates>
      </Point>
    </Placemark>
    <Placemark>
      <name>ALPR</name>
      <description>OSM node: https://www.openstreetmap.org/node/13446993720
Manufacturer: Flock Safety
Direction: 220
Camera type: fixed</description>
      <Point>
        <coordinates>-97.3263508,35.4497614,0</coordinates>
      </Point>
    </Placemark>
    <Placemark>
      <name>ALPR</name>
      <description>OSM node: https://www.openstreetmap.org/node/13447008844
Manufacturer: Flock Safety
Direction: 35
Camera type: fixed</description>
      <Point>
        <coordinates>-97.3262802,35.4493503,0</coordinates>
      </Point>
    </Placemark>
    <Placemark>
      <name>ALPR</name>
      <description>OSM node: https://www.openstreetmap.org/node/13447015203
Manufacturer: Flock Safety
Direction: 190
Zone: residential
Camera type: fixed</description>
      <Point>
        <coordinates>-97.3225539,35.4497601,0</coordinates>
      </Point>
    </Placemark>
    <Placemark>
      <name>ALPR</name>
      <description>OSM node: https://www.openstreetmap.org/node/13447015204
Manufacturer: Flock Safety
Direction: 20
Zone: residential
Camera type: fixed</description>
      <Point>
        <coordinates>-97.3224278,35.4494501,0</coordinates>
      </Point>
    </Placemark>
    <Placemark>
      <name>ALPR</name>
      <description>OSM node: https://www.openstreetmap.org/node/13447017807
Manufacturer: Flock Safety
Direction: 220
Zone: residential
Camera type: fixed</description>
      <Point>
        <coordinates>-97.324548,35.4497652,0</coordinates>
      </Point>
    </Placemark>
    <Placemark>
      <name>ALPR</name>
      <description>OSM node: https://www.openstreetmap.org/node/13447017808
Manufacturer: Flock Safety
Direction: 55
Zone: residential
Camera type: fixed</description>
      <Point>
        <coordinates>-97.3244541,35.449458,0</coordinates>
      </Point>
    </Placemark>
    <Placemark>
      <name>ALPR</name>
      <description>OSM node: https://www.openstreetmap.org/node/13447038230
Manufacturer: Flock Safety
Direction: 285
Zone: residential
Camera type: fixed</description>
      <Point>
        <coordinates>-97.3348348,35.4431052,0</coordinates>
      </Point>
    </Placemark>
    <Placemark>
      <name>ALPR</name>
      <description>OSM node: https://www.openstreetmap.org/node/13447038231
Manufacturer: Flock Safety
Direction: 110
Camera type: fixed</description>
      <Point>
        <coordinates>-97.335475,35.4430732,0</coordinates>
      </Point>
    </Placemark>
    <Placemark>
      <name>ALPR</name>
      <description>OSM node: https://www.openstreetmap.org/node/13452167101
Manufacturer: Flock Safety
Direction: 19
Zone: traffic
Camera type: fixed</description>
      <Point>
        <coordinates>-95.877756,35.9454883,0</coordinates>
      </Point>
    </Placemark>
    <Placemark>
      <name>ALPR</name>
      <description>OSM node: https://www.openstreetmap.org/node/13452167401
Manufacturer: Flock Safety
Direction: 243
Zone: traffic
Camera type: fixed</description>
      <Point>
        <coordinates>-95.8826729,35.948926,0</coordinates>
      </Point>
    </Placemark>
    <Placemark>
      <name>ALPR</name>
      <description>OSM node: https://www.openstreetmap.org/node/13452174001
Manufacturer: Flock Safety
Direction: 163
Zone: traffic
Camera type: fixed</description>
      <Point>
        <coordinates>-95.8878545,36.0024678,0</coordinates>
      </Point>
    </Placemark>
    <Placemark>
      <name>ALPR</name>
      <description>OSM node: https://www.openstreetmap.org/node/13452176001
Manufacturer: Motorola Solutions
Direction: 35
Zone: traffic
Camera type: fixed</description>
      <Point>
        <coordinates>-95.7752344,36.0608981,0</coordinates>
      </Point>
    </Placemark>
    <Placemark>
      <name>ALPR</name>
      <description>OSM node: https://www.openstreetmap.org/node/13456408401
Manufacturer: Flock Safety
Direction: 160
Zone: traffic
Camera type: fixed</description>
      <Point>
        <coordinates>-95.4936803,36.0741984,0</coordinates>
      </Point>
    </Placemark>
    <Placemark>
      <name>ALPR</name>
      <description>OSM node: https://www.openstreetmap.org/node/13456559201
Manufacturer: Motorola Solutions
Direction: 177
Zone: traffic
Camera type: fixed</description>
      <Point>
        <coordinates>-95.9117132,36.1749278,0</coordinates>
      </Point>
    </Placemark>
    <Placemark>
      <name>ALPR</name>
      <description>OSM node: https://www.openstreetmap.org/node/13460449259
Manufacturer: Flock Safety
Direction: 155
Camera type: fixed</description>
      <Point>
        <coordinates>-97.1432547,34.1926737,0</coordinates>
      </Point>
    </Placemark>
    <Placemark>
      <name>The Home Depot ALPR</name>
      <description>OSM node: https://www.openstreetmap.org/node/13460585901
Operator: The Home Depot
Manufacturer: Flock Safety
Direction: 134;29
Zone: traffic
Camera type: fixed</description>
      <Point>
        <coordinates>-95.8303028,36.2896388,0</coordinates>
      </Point>
    </Placemark>
    <Placemark>
      <name>ALPR</name>
      <description>OSM node: https://www.openstreetmap.org/node/13461186771
Manufacturer: Flock Safety
Direction: 240
Camera type: fixed</description>
      <Point>
        <coordinates>-97.1083532,34.1742403,0</coordinates>
      </Point>
    </Placemark>
    <Placemark>
      <name>ALPR</name>
      <description>OSM node: https://www.openstreetmap.org/node/13461196032
Manufacturer: Flock Safety
Direction: 255
Camera type: fixed</description>
      <Point>
        <coordinates>-97.1186111,34.1585298,0</coordinates>
      </Point>
    </Placemark>
    <Placemark>
      <name>ALPR</name>
      <description>OSM node: https://www.openstreetmap.org/node/13461262601
Manufacturer: Flock Safety
Direction: 60
Zone: traffic
Camera type: fixed</description>
      <Point>
        <coordinates>-97.1349219,34.158376,0</coordinates>
      </Point>
    </Placemark>
    <Placemark>
      <name>ALPR</name>
      <description>OSM node: https://www.openstreetmap.org/node/13461264101
Manufacturer: Flock Safety
Direction: 341
Zone: traffic
Camera type: fixed</description>
      <Point>
        <coordinates>-97.12146,34.1627892,0</coordinates>
      </Point>
    </Placemark>
    <Placemark>
      <name>The Home Depot ALPR</name>
      <description>OSM node: https://www.openstreetmap.org/node/13461426465
Operator: The Home Depot
Manufacturer: Flock Safety
Camera type: fixed</description>
      <Point>
        <coordinates>-97.4831182,35.2094131,0</coordinates>
      </Point>
    </Placemark>
    <Placemark>
      <name>The Home Depot ALPR</name>
      <description>OSM node: https://www.openstreetmap.org/node/13461426466
Operator: The Home Depot
Manufacturer: Flock Safety
Camera type: fixed</description>
      <Point>
        <coordinates>-97.4838976,35.2094331,0</coordinates>
      </Point>
    </Placemark>
    <Placemark>
      <name>ALPR</name>
      <description>OSM node: https://www.openstreetmap.org/node/13461439702
Manufacturer: Flock Safety
Direction: 270
Zone: traffic
Camera type: fixed</description>
      <Point>
        <coordinates>-97.5851394,35.7223282,0</coordinates>
      </Point>
    </Placemark>
    <Placemark>
      <name>The Home Depot ALPR</name>
      <description>OSM node: https://www.openstreetmap.org/node/13461552701
Operator: The Home Depot
Manufacturer: Flock Safety
Direction: 171
Zone: traffic
Camera type: fixed</description>
      <Point>
        <coordinates>-95.8329022,36.2916757,0</coordinates>
      </Point>
    </Placemark>
    <Placemark>
      <name>ALPR</name>
      <description>OSM node: https://www.openstreetmap.org/node/13462632301
Manufacturer: Flock Safety
Direction: 146
Zone: traffic
Camera type: fixed</description>
      <Point>
        <coordinates>-97.1239777,34.1845924,0</coordinates>
      </Point>
    </Placemark>
    <Placemark>
      <name>ALPR</name>
      <description>OSM node: https://www.openstreetmap.org/node/13462662301
Manufacturer: Flock Safety
Direction: 326
Zone: traffic
Camera type: fixed</description>
      <Point>
        <coordinates>-97.1081181,34.175143,0</coordinates>
      </Point>
    </Placemark>
    <Placemark>
      <name>ALPR</name>
      <description>OSM node: https://www.openstreetmap.org/node/13462714601
Manufacturer: Flock Safety
Direction: 56
Zone: traffic
Camera type: fixed</description>
      <Point>
        <coordinates>-97.1275323,34.1626617,0</coordinates>
      </Point>
    </Placemark>
    <Placemark>
      <name>ALPR</name>
      <description>OSM node: https://www.openstreetmap.org/node/13462718401
Manufacturer: Flock Safety
Direction: 180
Zone: traffic
Camera type: fixed</description>
      <Point>
        <coordinates>-97.1284855,34.1724952,0</coordinates>
      </Point>
    </Placemark>
    <Placemark>
      <name>ALPR</name>
      <description>OSM node: https://www.openstreetmap.org/node/13462719101
Manufacturer: Flock Safety
Direction: 0
Zone: traffic
Camera type: fixed</description>
      <Point>
        <coordinates>-97.1283122,34.1726145,0</coordinates>
      </Point>
    </Placemark>
    <Placemark>
      <name>ALPR</name>
      <description>OSM node: https://www.openstreetmap.org/node/13462727803
Manufacturer: Flock Safety
Direction: 314
Zone: traffic
Camera type: fixed</description>
      <Point>
        <coordinates>-97.1605996,34.1886761,0</coordinates>
      </Point>
    </Placemark>
    <Placemark>
      <name>ALPR</name>
      <description>OSM node: https://www.openstreetmap.org/node/13462734202
Manufacturer: Flock Safety
Direction: 64
Zone: traffic
Camera type: fixed</description>
      <Point>
        <coordinates>-97.1428008,34.1743619,0</coordinates>
      </Point>
    </Placemark>
    <Placemark>
      <name>ALPR</name>
      <description>OSM node: https://www.openstreetmap.org/node/13464420901
Manufacturer: Flock Safety
Direction: 100
Zone: traffic
Camera type: fixed</description>
      <Point>
        <coordinates>-97.5470132,35.5265708,0</coordinates>
      </Point>
    </Placemark>
    <Placemark>
      <name>ALPR</name>
      <description>OSM node: https://www.openstreetmap.org/node/13464610951
Manufacturer: Flock Safety
Direction: 65
Zone: traffic
Camera type: fixed</description>
      <Point>
        <coordinates>-97.4019782,35.4495707,0</coordinates>
      </Point>
    </Placemark>
    <Placemark>
      <name>ALPR</name>
      <description>OSM node: https://www.openstreetmap.org/node/13465339001
Manufacturer: Leonardo
Direction: 167
Zone: traffic
Camera type: fixed</description>
      <Point>
        <coordinates>-95.7975631,36.0705892,0</coordinates>
      </Point>
    </Placemark>
    <Placemark>
      <name>ALPR</name>
      <description>OSM node: https://www.openstreetmap.org/node/13465376702
Manufacturer: Leonardo
Direction: 343
Zone: traffic
Camera type: fixed</description>
      <Point>
        <coordinates>-95.7973742,36.0694562,0</coordinates>
      </Point>
    </Placemark>
    <Placemark>
      <name>The Home Depot ALPR</name>
      <description>OSM node: https://www.openstreetmap.org/node/13471122401
Operator: The Home Depot
Manufacturer: Flock Safety
Direction: 69
Zone: traffic
Camera type: fixed</description>
      <Point>
        <coordinates>-95.9044202,36.1052784,0</coordinates>
      </Point>
    </Placemark>
    <Placemark>
      <name>The Home Depot ALPR</name>
      <description>OSM node: https://www.openstreetmap.org/node/13471126301
Operator: The Home Depot
Manufacturer: Flock Safety
Direction: 343;284
Zone: traffic
Camera type: fixed</description>
      <Point>
        <coordinates>-95.9027357,36.1044932,0</coordinates>
      </Point>
    </Placemark>
    <Placemark>
      <name>Tulsa Police Department ALPR</name>
      <description>OSM node: https://www.openstreetmap.org/node/13472391743
Operator: Tulsa Police Department
Manufacturer: Flock Safety
Direction: 180
Zone: traffic
Camera type: fixed</description>
      <Point>
        <coordinates>-95.8866034,36.0743061,0</coordinates>
      </Point>
    </Placemark>
    <Placemark>
      <name>ALPR</name>
      <description>OSM node: https://www.openstreetmap.org/node/13472396701
Manufacturer: Flock Safety
Direction: 234
Zone: traffic
Camera type: fixed</description>
      <Point>
        <coordinates>-97.0234031,35.9276295,0</coordinates>
      </Point>
    </Placemark>
    <Placemark>
      <name>ALPR</name>
      <description>OSM node: https://www.openstreetmap.org/node/13472398501
Manufacturer: Flock Safety
Direction: 49
Zone: traffic
Camera type: fixed</description>
      <Point>
        <coordinates>-97.0164012,35.9153829,0</coordinates>
      </Point>
    </Placemark>
    <Placemark>
      <name>ALPR</name>
      <description>OSM node: https://www.openstreetmap.org/node/13472404101
Manufacturer: Flock Safety
Direction: 126
Zone: traffic
Camera type: fixed</description>
      <Point>
        <coordinates>-97.0163267,35.9151727,0</coordinates>
      </Point>
    </Placemark>
    <Placemark>
      <name>ALPR</name>
      <description>OSM node: https://www.openstreetmap.org/node/13474580090
Manufacturer: Flock Safety
Camera type: fixed</description>
      <Point>
        <coordinates>-95.5095005,36.151254,0</coordinates>
      </Point>
    </Placemark>
    <Placemark>
      <name>ALPR</name>
      <description>OSM node: https://www.openstreetmap.org/node/13475502302
Manufacturer: Flock Safety
Direction: 185
Zone: traffic
Camera type: fixed</description>
      <Point>
        <coordinates>-95.9203631,36.1389196,0</coordinates>
      </Point>
    </Placemark>
    <Placemark>
      <name>ALPR</name>
      <description>OSM node: https://www.openstreetmap.org/node/13477294901
Manufacturer: Leonardo
Direction: 164
Zone: traffic
Camera type: fixed</description>
      <Point>
        <coordinates>-95.7975115,36.0598638,0</coordinates>
      </Point>
    </Placemark>
    <Placemark>
      <name>ALPR</name>
      <description>OSM node: https://www.openstreetmap.org/node/13477298001
Manufacturer: Flock Safety
Direction: 238
Zone: traffic
Camera type: fixed</description>
      <Point>
        <coordinates>-97.5121718,35.2233901,0</coordinates>
      </Point>
    </Placemark>
    <Placemark>
      <name>ALPR</name>
      <description>OSM node: https://www.openstreetmap.org/node/13477324806
Manufacturer: Flock Safety
Direction: 238
Zone: traffic
Camera type: fixed</description>
      <Point>
        <coordinates>-97.5121657,35.2197795,0</coordinates>
      </Point>
    </Placemark>
    <Placemark>
      <name>ALPR</name>
      <description>OSM node: https://www.openstreetmap.org/node/13481061272
Manufacturer: Flock Safety
Direction: 90
Zone: traffic
Camera type: fixed</description>
      <Point>
        <coordinates>-95.9980178,35.90109,0</coordinates>
      </Point>
    </Placemark>
    <Placemark>
      <name>ALPR</name>
      <description>OSM node: https://www.openstreetmap.org/node/13481187620
Manufacturer: Flock Safety
Direction: 300
Zone: traffic
Camera type: fixed</description>
      <Point>
        <coordinates>-97.1433911,33.7363865,0</coordinates>
      </Point>
    </Placemark>
    <Placemark>
      <name>ALPR</name>
      <description>OSM node: https://www.openstreetmap.org/node/13481660783
Manufacturer: Flock Safety
Direction: 335
Camera type: fixed</description>
      <Point>
        <coordinates>-97.2649395,35.4356167,0</coordinates>
      </Point>
    </Placemark>
    <Placemark>
      <name>ALPR</name>
      <description>OSM node: https://www.openstreetmap.org/node/13484129801
Manufacturer: Flock Safety
Direction: 151-196
Zone: traffic
Camera type: fixed</description>
      <Point>
        <coordinates>-95.7433922,34.9166347,0</coordinates>
      </Point>
    </Placemark>
    <Placemark>
      <name>ALPR</name>
      <description>OSM node: https://www.openstreetmap.org/node/13484130901
Manufacturer: Flock Safety
Direction: 223-268
Zone: traffic
Camera type: fixed</description>
      <Point>
        <coordinates>-95.743365,34.91507,0</coordinates>
      </Point>
    </Placemark>
    <Placemark>
      <name>ALPR</name>
      <description>OSM node: https://www.openstreetmap.org/node/13484131701
Manufacturer: Flock Safety
Direction: 164-208
Zone: traffic
Camera type: fixed</description>
      <Point>
        <coordinates>-95.7440276,34.9167271,0</coordinates>
      </Point>
    </Placemark>
    <Placemark>
      <name>ALPR</name>
      <description>OSM node: https://www.openstreetmap.org/node/13484913802
Manufacturer: Flock Safety
Direction: 145
Zone: traffic
Camera type: fixed</description>
      <Point>
        <coordinates>-95.9213359,36.0513199,0</coordinates>
      </Point>
    </Placemark>
    <Placemark>
      <name>ALPR</name>
      <description>OSM node: https://www.openstreetmap.org/node/13484914901
Manufacturer: Flock Safety
Direction: 82
Zone: traffic
Camera type: fixed</description>
      <Point>
        <coordinates>-95.921851,36.0501182,0</coordinates>
      </Point>
    </Placemark>
    <Placemark>
      <name>ALPR</name>
      <description>OSM node: https://www.openstreetmap.org/node/13484921501
Manufacturer: Flock Safety
Direction: 196
Zone: traffic
Camera type: fixed</description>
      <Point>
        <coordinates>-95.9319257,36.0750936,0</coordinates>
      </Point>
    </Placemark>
    <Placemark>
      <name>The Home Depot ALPR</name>
      <description>OSM node: https://www.openstreetmap.org/node/13485181501
Operator: The Home Depot
Manufacturer: Flock Safety
Direction: 159;265
Zone: traffic
Camera type: fixed</description>
      <Point>
        <coordinates>-97.6491948,35.5612402,0</coordinates>
      </Point>
    </Placemark>
    <Placemark>
      <name>The Home Depot ALPR</name>
      <description>OSM node: https://www.openstreetmap.org/node/13485183301
Operator: The Home Depot
Manufacturer: Flock Safety
Direction: 0
Zone: traffic
Camera type: fixed</description>
      <Point>
        <coordinates>-97.6492556,35.5611649,0</coordinates>
      </Point>
    </Placemark>
    <Placemark>
      <name>ALPR</name>
      <description>OSM node: https://www.openstreetmap.org/node/13500723601
Manufacturer: Flock Safety
Direction: 244
Zone: traffic
Camera type: fixed</description>
      <Point>
        <coordinates>-97.3363639,35.1313662,0</coordinates>
      </Point>
    </Placemark>
    <Placemark>
      <name>ALPR</name>
      <description>OSM node: https://www.openstreetmap.org/node/13514915501
Manufacturer: Flock Safety
Direction: 119
Zone: traffic
Camera type: fixed</description>
      <Point>
        <coordinates>-97.1083458,34.1850895,0</coordinates>
      </Point>
    </Placemark>
    <Placemark>
      <name>ALPR</name>
      <description>OSM node: https://www.openstreetmap.org/node/13515521401
Manufacturer: Flock Safety
Direction: 69
Zone: traffic
Camera type: fixed</description>
      <Point>
        <coordinates>-95.855737,36.104277,0</coordinates>
      </Point>
    </Placemark>
    <Placemark>
      <name>ALPR</name>
      <description>OSM node: https://www.openstreetmap.org/node/13515522301
Manufacturer: Flock Safety
Direction: 178
Zone: traffic
Camera type: fixed</description>
      <Point>
        <coordinates>-95.8640126,36.1038535,0</coordinates>
      </Point>
    </Placemark>
    <Placemark>
      <name>ALPR</name>
      <description>OSM node: https://www.openstreetmap.org/node/13517499801
Manufacturer: Flock Safety
Direction: 251
Zone: traffic
Camera type: fixed</description>
      <Point>
        <coordinates>-96.101515,36.1385453,0</coordinates>
      </Point>
    </Placemark>
    <Placemark>
      <name>ALPR</name>
      <description>OSM node: https://www.openstreetmap.org/node/13520561501
Manufacturer: Flock Safety
Direction: 82
Zone: traffic
Camera type: fixed</description>
      <Point>
        <coordinates>-95.993217,36.1942023,0</coordinates>
      </Point>
    </Placemark>
    <Placemark>
      <name>ALPR</name>
      <description>OSM node: https://www.openstreetmap.org/node/13520562501
Manufacturer: Flock Safety
Direction: 87
Zone: traffic
Camera type: fixed</description>
      <Point>
        <coordinates>-95.9828517,36.1914721,0</coordinates>
      </Point>
    </Placemark>
    <Placemark>
      <name>ALPR</name>
      <description>OSM node: https://www.openstreetmap.org/node/13524887201
Manufacturer: Flock Safety
Direction: 194
Zone: traffic
Camera type: fixed</description>
      <Point>
        <coordinates>-97.5878542,35.3490489,0</coordinates>
      </Point>
    </Placemark>
    <Placemark>
      <name>The Home Depot ALPR</name>
      <description>OSM node: https://www.openstreetmap.org/node/13527234301
Operator: The Home Depot
Manufacturer: Flock Safety
Direction: 43
Zone: traffic
Camera type: fixed</description>
      <Point>
        <coordinates>-95.9518915,36.0334493,0</coordinates>
      </Point>
    </Placemark>
    <Placemark>
      <name>ALPR</name>
      <description>OSM node: https://www.openstreetmap.org/node/13527285401
Manufacturer: Flock Safety
Direction: 261
Zone: traffic
Camera type: fixed</description>
      <Point>
        <coordinates>-97.7209451,35.49348,0</coordinates>
      </Point>
    </Placemark>
    <Placemark>
      <name>ALPR</name>
      <description>OSM node: https://www.openstreetmap.org/node/13529338401
Manufacturer: Flock Safety
Direction: 249-294
Zone: traffic
Camera type: fixed</description>
      <Point>
        <coordinates>-97.6310015,35.4630295,0</coordinates>
      </Point>
    </Placemark>
    <Placemark>
      <name>ALPR</name>
      <description>OSM node: https://www.openstreetmap.org/node/13529338601
Manufacturer: Flock Safety
Direction: 187-232
Zone: traffic
Camera type: fixed</description>
      <Point>
        <coordinates>-97.6310015,35.4630295,0</coordinates>
      </Point>
    </Placemark>
    <Placemark>
      <name>ALPR</name>
      <description>OSM node: https://www.openstreetmap.org/node/13529340101
Manufacturer: Flock Safety
Direction: 231-276
Zone: traffic
Camera type: fixed</description>
      <Point>
        <coordinates>-97.6310211,35.462276,0</coordinates>
      </Point>
    </Placemark>
    <Placemark>
      <name>ALPR</name>
      <description>OSM node: https://www.openstreetmap.org/node/13529342001
Manufacturer: Flock Safety
Direction: 96-141
Zone: traffic
Camera type: fixed</description>
      <Point>
        <coordinates>-97.6318612,35.4622674,0</coordinates>
      </Point>
    </Placemark>
    <Placemark>
      <name>ALPR</name>
      <description>OSM node: https://www.openstreetmap.org/node/13529342501
Manufacturer: Flock Safety
Direction: 218-263
Zone: traffic
Camera type: fixed</description>
      <Point>
        <coordinates>-97.6318612,35.4622674,0</coordinates>
      </Point>
    </Placemark>
    <Placemark>
      <name>ALPR</name>
      <description>OSM node: https://www.openstreetmap.org/node/13529343201
Manufacturer: Flock Safety
Direction: 319-4
Zone: traffic
Camera type: fixed</description>
      <Point>
        <coordinates>-97.632301,35.4622694,0</coordinates>
      </Point>
    </Placemark>
    <Placemark>
      <name>ALPR</name>
      <description>OSM node: https://www.openstreetmap.org/node/13529343301
Manufacturer: Flock Safety
Direction: 95-140
Zone: traffic
Camera type: fixed</description>
      <Point>
        <coordinates>-97.632301,35.4622694,0</coordinates>
      </Point>
    </Placemark>
    <Placemark>
      <name>ALPR</name>
      <description>OSM node: https://www.openstreetmap.org/node/13529347001
Manufacturer: Flock Safety
Direction: 1-46
Zone: traffic
Camera type: fixed</description>
      <Point>
        <coordinates>-97.6331324,35.4619859,0</coordinates>
      </Point>
    </Placemark>
    <Placemark>
      <name>The Home Depot ALPR</name>
      <description>OSM node: https://www.openstreetmap.org/node/13530343701
Operator: The Home Depot
Manufacturer: Flock Safety
Direction: 0
Zone: traffic
Camera type: fixed</description>
      <Point>
        <coordinates>-97.4219515,35.4477722,0</coordinates>
      </Point>
    </Placemark>
    <Placemark>
      <name>The Home Depot ALPR</name>
      <description>OSM node: https://www.openstreetmap.org/node/13530628601
Operator: The Home Depot
Manufacturer: Flock Safety
Direction: 80
Zone: traffic
Camera type: fixed</description>
      <Point>
        <coordinates>-95.9500573,36.0334111,0</coordinates>
      </Point>
    </Placemark>
    <Placemark>
      <name>The Home Depot ALPR</name>
      <description>OSM node: https://www.openstreetmap.org/node/13532402701
Operator: The Home Depot
Manufacturer: Flock Safety
Direction: 202
Zone: traffic
Camera type: fixed</description>
      <Point>
        <coordinates>-97.4827119,35.2087123,0</coordinates>
      </Point>
    </Placemark>
    <Placemark>
      <name>ALPR</name>
      <description>OSM node: https://www.openstreetmap.org/node/13532411801
Manufacturer: Flock Safety
Direction: 231;332
Zone: traffic
Camera type: fixed</description>
      <Point>
        <coordinates>-97.4828893,35.2076904,0</coordinates>
      </Point>
    </Placemark>
    <Placemark>
      <name>ALPR</name>
      <description>OSM node: https://www.openstreetmap.org/node/13537787101
Manufacturer: Flock Safety
Direction: 242
Zone: traffic
Camera type: fixed</description>
      <Point>
        <coordinates>-97.5522722,35.5656991,0</coordinates>
      </Point>
    </Placemark>
    <Placemark>
      <name>ALPR</name>
      <description>OSM node: https://www.openstreetmap.org/node/13541697201
Manufacturer: Flock Safety
Direction: 223
Zone: traffic
Camera type: fixed</description>
      <Point>
        <coordinates>-97.5126806,35.3897453,0</coordinates>
      </Point>
    </Placemark>
    <Placemark>
      <name>ALPR</name>
      <description>OSM node: https://www.openstreetmap.org/node/13541698401
Manufacturer: Flock Safety
Direction: 185
Zone: traffic
Camera type: fixed</description>
      <Point>
        <coordinates>-97.5128362,35.3907496,0</coordinates>
      </Point>
    </Placemark>
    <Placemark>
      <name>ALPR</name>
      <description>OSM node: https://www.openstreetmap.org/node/13541699602
Manufacturer: Flock Safety
Direction: 142
Zone: traffic
Camera type: fixed</description>
      <Point>
        <coordinates>-97.5125924,35.391493,0</coordinates>
      </Point>
    </Placemark>
    <Placemark>
      <name>ALPR</name>
      <description>OSM node: https://www.openstreetmap.org/node/13541701501
Manufacturer: Flock Safety
Direction: 238
Zone: traffic
Camera type: fixed</description>
      <Point>
        <coordinates>-97.5130428,35.390758,0</coordinates>
      </Point>
    </Placemark>
    <Placemark>
      <name>ALPR</name>
      <description>OSM node: https://www.openstreetmap.org/node/13541701901
Manufacturer: Flock Safety
Direction: 147
Zone: traffic
Camera type: fixed</description>
      <Point>
        <coordinates>-97.5140378,35.3907554,0</coordinates>
      </Point>
    </Placemark>
    <Placemark>
      <name>ALPR</name>
      <description>OSM node: https://www.openstreetmap.org/node/13542054301
Manufacturer: Flock Safety
Direction: 235
Zone: traffic
Camera type: fixed</description>
      <Point>
        <coordinates>-95.8721563,35.9658677,0</coordinates>
      </Point>
    </Placemark>
    <Placemark>
      <name>ALPR</name>
      <description>OSM node: https://www.openstreetmap.org/node/13542055001
Manufacturer: Flock Safety
Direction: 68
Zone: traffic
Camera type: fixed</description>
      <Point>
        <coordinates>-95.8723361,35.9657477,0</coordinates>
      </Point>
    </Placemark>
    <Placemark>
      <name>ALPR</name>
      <description>OSM node: https://www.openstreetmap.org/node/13542065401
Manufacturer: Flock Safety
Direction: 72
Zone: traffic
Camera type: fixed</description>
      <Point>
        <coordinates>-97.5479581,35.5655671,0</coordinates>
      </Point>
    </Placemark>
    <Placemark>
      <name>ALPR</name>
      <description>OSM node: https://www.openstreetmap.org/node/13544732901
Manufacturer: Flock Safety
Direction: 143-188
Zone: traffic
Camera type: fixed</description>
      <Point>
        <coordinates>-95.3151832,36.2484847,0</coordinates>
      </Point>
    </Placemark>
    <Placemark>
      <name>ALPR</name>
      <description>OSM node: https://www.openstreetmap.org/node/13544733701
Manufacturer: Flock Safety
Direction: 172-216
Zone: traffic
Camera type: fixed</description>
      <Point>
        <coordinates>-95.3097581,36.2485682,0</coordinates>
      </Point>
    </Placemark>
    <Placemark>
      <name>ALPR</name>
      <description>OSM node: https://www.openstreetmap.org/node/13556305401
Manufacturer: Flock Safety
Direction: 178
Zone: traffic
Camera type: fixed</description>
      <Point>
        <coordinates>-95.9583229,36.196042,0</coordinates>
      </Point>
    </Placemark>
    <Placemark>
      <name>ALPR</name>
      <description>OSM node: https://www.openstreetmap.org/node/13556315401
Manufacturer: Flock Safety
Direction: 171
Zone: traffic
Camera type: fixed</description>
      <Point>
        <coordinates>-95.9585766,36.2488758,0</coordinates>
      </Point>
    </Placemark>
    <Placemark>
      <name>ALPR</name>
      <description>OSM node: https://www.openstreetmap.org/node/13556315402
Manufacturer: Flock Safety
Direction: 88
Zone: traffic
Camera type: fixed</description>
      <Point>
        <coordinates>-95.9932662,36.2494912,0</coordinates>
      </Point>
    </Placemark>
    <Placemark>
      <name>ALPR</name>
      <description>OSM node: https://www.openstreetmap.org/node/13564481301
Manufacturer: Flock Safety
Direction: 306;106
Zone: traffic
Camera type: fixed</description>
      <Point>
        <coordinates>-97.4228286,35.4478925,0</coordinates>
      </Point>
    </Placemark>
    <Placemark>
      <name>Lowe's ALPR</name>
      <description>OSM node: https://www.openstreetmap.org/node/13564482601
Operator: Lowe's
Manufacturer: Flock Safety
Direction: 57
Zone: traffic
Camera type: fixed</description>
      <Point>
        <coordinates>-97.4043982,35.4367621,0</coordinates>
      </Point>
    </Placemark>
    <Placemark>
      <name>Lowe's ALPR</name>
      <description>OSM node: https://www.openstreetmap.org/node/13564482901
Operator: Lowe's
Manufacturer: Flock Safety
Direction: 253
Zone: traffic
Camera type: fixed</description>
      <Point>
        <coordinates>-97.4018952,35.4368784,0</coordinates>
      </Point>
    </Placemark>
    <Placemark>
      <name>ALPR</name>
      <description>OSM node: https://www.openstreetmap.org/node/13564530901
Manufacturer: Flock Safety
Direction: 104
Zone: traffic
Camera type: fixed</description>
      <Point>
        <coordinates>-95.8825941,35.9666554,0</coordinates>
      </Point>
    </Placemark>
    <Placemark>
      <name>ALPR</name>
      <description>OSM node: https://www.openstreetmap.org/node/13564530902
Manufacturer: Flock Safety
Direction: 32
Zone: traffic
Camera type: fixed</description>
      <Point>
        <coordinates>-95.8738523,35.9665826,0</coordinates>
      </Point>
    </Placemark>
    <Placemark>
      <name>ALPR</name>
      <description>OSM node: https://www.openstreetmap.org/node/13564531101
Manufacturer: Flock Safety
Direction: 242
Zone: traffic
Camera type: fixed</description>
      <Point>
        <coordinates>-95.8812,35.966185,0</coordinates>
      </Point>
    </Placemark>
    <Placemark>
      <name>ALPR</name>
      <description>OSM node: https://www.openstreetmap.org/node/13564532001
Manufacturer: Flock Safety
Direction: 149
Zone: traffic
Camera type: fixed</description>
      <Point>
        <coordinates>-95.873859,35.9668265,0</coordinates>
      </Point>
    </Placemark>
    <Placemark>
      <name>ALPR</name>
      <description>OSM node: https://www.openstreetmap.org/node/13564692301
Manufacturer: Flock Safety
Direction: 247
Zone: traffic
Camera type: fixed</description>
      <Point>
        <coordinates>-95.290945,36.2929424,0</coordinates>
      </Point>
    </Placemark>
    <Placemark>
      <name>ALPR</name>
      <description>OSM node: https://www.openstreetmap.org/node/13564696801
Manufacturer: Flock Safety
Direction: 244
Zone: traffic
Camera type: fixed</description>
      <Point>
        <coordinates>-95.2899542,36.2929431,0</coordinates>
      </Point>
    </Placemark>
    <Placemark>
      <name>ALPR</name>
      <description>OSM node: https://www.openstreetmap.org/node/13564794701
Manufacturer: Flock Safety
Direction: 290
Zone: traffic
Camera type: fixed</description>
      <Point>
        <coordinates>-96.4079626,34.0031097,0</coordinates>
      </Point>
    </Placemark>
    <Placemark>
      <name>ALPR</name>
      <description>OSM node: https://www.openstreetmap.org/node/13564795001
Manufacturer: Flock Safety
Direction: 257
Zone: traffic
Camera type: fixed</description>
      <Point>
        <coordinates>-96.4079916,34.0024789,0</coordinates>
      </Point>
    </Placemark>
    <Placemark>
      <name>ALPR</name>
      <description>OSM node: https://www.openstreetmap.org/node/13564795002
Manufacturer: Flock Safety
Direction: 77
Zone: traffic
Camera type: fixed</description>
      <Point>
        <coordinates>-96.41007,34.002469,0</coordinates>
      </Point>
    </Placemark>
    <Placemark>
      <name>ALPR</name>
      <description>OSM node: https://www.openstreetmap.org/node/13564798201
Manufacturer: Flock Safety
Direction: 68
Zone: traffic
Camera type: fixed</description>
      <Point>
        <coordinates>-96.4100366,34.0030504,0</coordinates>
      </Point>
    </Placemark>
    <Placemark>
      <name>ALPR</name>
      <description>OSM node: https://www.openstreetmap.org/node/13564829901
Manufacturer: Flock Safety
Direction: 165
Zone: traffic
Camera type: fixed</description>
      <Point>
        <coordinates>-97.5672428,35.5796109,0</coordinates>
      </Point>
    </Placemark>
    <Placemark>
      <name>ALPR</name>
      <description>OSM node: https://www.openstreetmap.org/node/13565068801
Manufacturer: Flock Safety
Direction: 340
Zone: traffic
Camera type: fixed</description>
      <Point>
        <coordinates>-97.5688729,35.5305129,0</coordinates>
      </Point>
    </Placemark>
    <Placemark>
      <name>ALPR</name>
      <description>OSM node: https://www.openstreetmap.org/node/13565069101
Manufacturer: Flock Safety
Direction: 157
Zone: traffic
Camera type: fixed</description>
      <Point>
        <coordinates>-97.5689092,35.5319158,0</coordinates>
      </Point>
    </Placemark>
    <Placemark>
      <name>ALPR</name>
      <description>OSM node: https://www.openstreetmap.org/node/13565479501
Manufacturer: Flock Safety
Direction: 0
Zone: traffic
Camera type: fixed</description>
      <Point>
        <coordinates>-95.9879244,36.2543612,0</coordinates>
      </Point>
    </Placemark>
    <Placemark>
      <name>ALPR</name>
      <description>OSM node: https://www.openstreetmap.org/node/13565794401
Manufacturer: Flock Safety
Direction: 208
Zone: traffic
Camera type: fixed</description>
      <Point>
        <coordinates>-97.1317363,33.7516301,0</coordinates>
      </Point>
    </Placemark>
    <Placemark>
      <name>ALPR</name>
      <description>OSM node: https://www.openstreetmap.org/node/13565837601
Manufacturer: Flock Safety
Direction: 43
Zone: traffic
Camera type: fixed</description>
      <Point>
        <coordinates>-97.2824508,35.4929664,0</coordinates>
      </Point>
    </Placemark>
    <Placemark>
      <name>ALPR</name>
      <description>OSM node: https://www.openstreetmap.org/node/13568681034
Manufacturer: Flock Safety
Direction: 245
Camera type: fixed</description>
      <Point>
        <coordinates>-95.9223599,36.0228281,0</coordinates>
      </Point>
    </Placemark>
    <Placemark>
      <name>ALPR</name>
      <description>OSM node: https://www.openstreetmap.org/node/13568681056
Manufacturer: Flock Safety
Direction: 340
Camera type: fixed</description>
      <Point>
        <coordinates>-95.9286088,36.0212966,0</coordinates>
      </Point>
    </Placemark>
    <Placemark>
      <name>The Home Depot ALPR</name>
      <description>OSM node: https://www.openstreetmap.org/node/13570251701
Operator: The Home Depot
Manufacturer: Flock Safety
Direction: 126-171
Zone: traffic
Camera type: fixed</description>
      <Point>
        <coordinates>-97.6331601,35.4640955,0</coordinates>
      </Point>
    </Placemark>
    <Placemark>
      <name>ALPR</name>
      <description>OSM node: https://www.openstreetmap.org/node/13571365901
Manufacturer: Flock Safety
Direction: 52-97
Zone: traffic
Camera type: fixed</description>
      <Point>
        <coordinates>-97.5835949,35.6963445,0</coordinates>
      </Point>
    </Placemark>
    <Placemark>
      <name>ALPR</name>
      <description>OSM node: https://www.openstreetmap.org/node/13574420201
Manufacturer: Flock Safety
Direction: 328
Zone: traffic
Camera type: fixed</description>
      <Point>
        <coordinates>-97.7095351,35.6403077,0</coordinates>
      </Point>
    </Placemark>
    <Placemark>
      <name>ALPR</name>
      <description>OSM node: https://www.openstreetmap.org/node/13578266301
Manufacturer: Flock Safety
Direction: 163
Zone: traffic
Camera type: destroyed</description>
      <Point>
        <coordinates>-97.2650589,35.3625954,0</coordinates>
      </Point>
    </Placemark>
    <Placemark>
      <name>ALPR</name>
      <description>OSM node: https://www.openstreetmap.org/node/13583631701
Manufacturer: Axis Communications
Direction: 176
Zone: traffic
Camera type: fixed</description>
      <Point>
        <coordinates>-97.9368888,35.0524012,0</coordinates>
      </Point>
    </Placemark>
    <Placemark>
      <name>ALPR</name>
      <description>OSM node: https://www.openstreetmap.org/node/13585374101
Manufacturer: Rekor
Direction: 239
Zone: traffic
Camera type: fixed</description>
      <Point>
        <coordinates>-97.5658166,35.4787795,0</coordinates>
      </Point>
    </Placemark>
    <Placemark>
      <name>ALPR</name>
      <description>OSM node: https://www.openstreetmap.org/node/13585761501
Manufacturer: Flock Safety
Direction: 149
Zone: traffic
Camera type: fixed</description>
      <Point>
        <coordinates>-97.5302501,35.4351974,0</coordinates>
      </Point>
    </Placemark>
    <Placemark>
      <name>ALPR</name>
      <description>OSM node: https://www.openstreetmap.org/node/13587382801
Manufacturer: Flock Safety
Direction: 180
Zone: traffic
Camera type: fixed</description>
      <Point>
        <coordinates>-95.9509782,36.1187336,0</coordinates>
      </Point>
    </Placemark>
    <Placemark>
      <name>ALPR</name>
      <description>OSM node: https://www.openstreetmap.org/node/13587845417
Manufacturer: Flock Safety
Direction: 120
Zone: traffic
Camera type: fixed</description>
      <Point>
        <coordinates>-94.6235173,36.8250848,0</coordinates>
      </Point>
    </Placemark>
    <Placemark>
      <name>ALPR</name>
      <description>OSM node: https://www.openstreetmap.org/node/13587910115
Manufacturer: Flock Safety
Direction: 175
Zone: traffic
Camera type: fixed</description>
      <Point>
        <coordinates>-94.626198,36.8229732,0</coordinates>
      </Point>
    </Placemark>
    <Placemark>
      <name>ALPR</name>
      <description>OSM node: https://www.openstreetmap.org/node/13587928132
Manufacturer: Flock Safety
Direction: 0
Zone: traffic
Camera type: fixed</description>
      <Point>
        <coordinates>-94.6259713,36.8234907,0</coordinates>
      </Point>
    </Placemark>
    <Placemark>
      <name>ALPR</name>
      <description>OSM node: https://www.openstreetmap.org/node/13588454201
Manufacturer: Flock Safety
Direction: 78
Zone: traffic
Camera type: fixed</description>
      <Point>
        <coordinates>-95.8150555,36.1770152,0</coordinates>
      </Point>
    </Placemark>
    <Placemark>
      <name>ALPR</name>
      <description>OSM node: https://www.openstreetmap.org/node/13591400901
Manufacturer: Flock Safety
Direction: 70
Zone: traffic
Camera type: destroyed</description>
      <Point>
        <coordinates>-97.3407825,35.2182119,0</coordinates>
      </Point>
    </Placemark>
    <Placemark>
      <name>ALPR</name>
      <description>OSM node: https://www.openstreetmap.org/node/13594119601
Manufacturer: Flock Safety
Direction: 247
Zone: traffic
Camera type: fixed</description>
      <Point>
        <coordinates>-95.3296885,35.8278406,0</coordinates>
      </Point>
    </Placemark>
    <Placemark>
      <name>ALPR</name>
      <description>OSM node: https://www.openstreetmap.org/node/13598578003
Manufacturer: Flock Safety
Direction: 55
Zone: traffic
Camera type: fixed</description>
      <Point>
        <coordinates>-97.4826106,35.224373,0</coordinates>
      </Point>
    </Placemark>
    <Placemark>
      <name>ALPR</name>
      <description>OSM node: https://www.openstreetmap.org/node/13598598101
Manufacturer: Flock Safety
Direction: 311
Zone: parking_entrance
Camera type: fixed</description>
      <Point>
        <coordinates>-97.48037,35.2233396,0</coordinates>
      </Point>
    </Placemark>
    <Placemark>
      <name>ALPR</name>
      <description>OSM node: https://www.openstreetmap.org/node/13599126201
Manufacturer: Flock Safety
Direction: 87
Zone: traffic
Camera type: fixed</description>
      <Point>
        <coordinates>-95.3415134,35.958974,0</coordinates>
      </Point>
    </Placemark>
    <Placemark>
      <name>ALPR</name>
      <description>OSM node: https://www.openstreetmap.org/node/13606100401
Manufacturer: Flock Safety
Direction: 320
Zone: traffic
Camera type: fixed</description>
      <Point>
        <coordinates>-97.5616875,35.3483456,0</coordinates>
      </Point>
    </Placemark>
    <Placemark>
      <name>ALPR</name>
      <description>OSM node: https://www.openstreetmap.org/node/13606101601
Manufacturer: Flock Safety
Direction: 127
Zone: traffic
Camera type: fixed</description>
      <Point>
        <coordinates>-97.5618829,35.3483558,0</coordinates>
      </Point>
    </Placemark>
    <Placemark>
      <name>ALPR</name>
      <description>OSM node: https://www.openstreetmap.org/node/13606140701
Manufacturer: Flock Safety
Direction: 55
Zone: traffic
Camera type: fixed</description>
      <Point>
        <coordinates>-97.4983651,35.3188729,0</coordinates>
      </Point>
    </Placemark>
    <Placemark>
      <name>ALPR</name>
      <description>OSM node: https://www.openstreetmap.org/node/13606144401
Manufacturer: Flock Safety
Direction: 43-113
Zone: traffic
Camera type: fixed</description>
      <Point>
        <coordinates>-97.4987273,35.3180861,0</coordinates>
      </Point>
    </Placemark>
    <Placemark>
      <name>ALPR</name>
      <description>OSM node: https://www.openstreetmap.org/node/13606145601
Manufacturer: Flock Safety
Direction: 307
Zone: traffic
Camera type: fixed</description>
      <Point>
        <coordinates>-97.4965738,35.3188732,0</coordinates>
      </Point>
    </Placemark>
    <Placemark>
      <name>ALPR</name>
      <description>OSM node: https://www.openstreetmap.org/node/13606146701
Manufacturer: Flock Safety
Direction: 248
Zone: traffic
Camera type: fixed</description>
      <Point>
        <coordinates>-97.4964296,35.3182598,0</coordinates>
      </Point>
    </Placemark>
    <Placemark>
      <name>ALPR</name>
      <description>OSM node: https://www.openstreetmap.org/node/13608088301
Manufacturer: Flock Safety
Direction: 21;206
Zone: traffic
Camera type: fixed</description>
      <Point>
        <coordinates>-97.568039,35.5311342,0</coordinates>
      </Point>
    </Placemark>
    <Placemark>
      <name>ALPR</name>
      <description>OSM node: https://www.openstreetmap.org/node/13608088801
Manufacturer: Flock Safety
Direction: 174
Zone: traffic
Camera type: fixed</description>
      <Point>
        <coordinates>-97.5680271,35.5318722,0</coordinates>
      </Point>
    </Placemark>
    <Placemark>
      <name>The Home Depot ALPR</name>
      <description>OSM node: https://www.openstreetmap.org/node/13608329502
Operator: The Home Depot
Manufacturer: Flock Safety
Direction: 193
Zone: traffic
Camera type: fixed</description>
      <Point>
        <coordinates>-97.647755,35.5618552,0</coordinates>
      </Point>
    </Placemark>
    <Placemark>
      <name>The Home Depot ALPR</name>
      <description>OSM node: https://www.openstreetmap.org/node/13608333101
Operator: The Home Depot
Manufacturer: Flock Safety
Direction: 225
Zone: traffic
Camera type: fixed</description>
      <Point>
        <coordinates>-97.6486283,35.5621565,0</coordinates>
      </Point>
    </Placemark>
    <Placemark>
      <name>ALPR</name>
      <description>OSM node: https://www.openstreetmap.org/node/13608342601
Manufacturer: Flock Safety
Direction: 0;84
Zone: traffic
Camera type: fixed</description>
      <Point>
        <coordinates>-95.9827553,36.1486656,0</coordinates>
      </Point>
    </Placemark>
    <Placemark>
      <name>ALPR</name>
      <description>OSM node: https://www.openstreetmap.org/node/13608343801
Manufacturer: Flock Safety
Direction: 334-44
Zone: traffic
Camera type: fixed</description>
      <Point>
        <coordinates>-95.9811765,36.1484227,0</coordinates>
      </Point>
    </Placemark>
    <Placemark>
      <name>ALPR</name>
      <description>OSM node: https://www.openstreetmap.org/node/13608368301
Manufacturer: Flock Safety
Direction: 29-99;79-149
Zone: traffic
Camera type: fixed</description>
      <Point>
        <coordinates>-95.9832235,36.1493735,0</coordinates>
      </Point>
    </Placemark>
    <Placemark>
      <name>The Home Depot ALPR</name>
      <description>OSM node: https://www.openstreetmap.org/node/13608638401
Operator: The Home Depot
Manufacturer: Flock Safety
Direction: 50-95
Zone: traffic
Camera type: fixed</description>
      <Point>
        <coordinates>-97.5702532,35.5304988,0</coordinates>
      </Point>
    </Placemark>
    <Placemark>
      <name>Lowe's ALPR</name>
      <description>OSM node: https://www.openstreetmap.org/node/13610771901
Operator: Lowe's
Manufacturer: Flock Safety
Direction: 47-92
Zone: traffic
Camera type: fixed</description>
      <Point>
        <coordinates>-97.7599151,35.4825823,0</coordinates>
      </Point>
    </Placemark>
    <Placemark>
      <name>ALPR</name>
      <description>OSM node: https://www.openstreetmap.org/node/13612096101
Manufacturer: Flock Safety
Direction: 157
Zone: traffic
Camera type: fixed</description>
      <Point>
        <coordinates>-98.4430866,34.6225613,0</coordinates>
      </Point>
    </Placemark>
    <Placemark>
      <name>ALPR</name>
      <description>OSM node: https://www.openstreetmap.org/node/13614026001
Manufacturer: Flock Safety
Direction: 268
Zone: traffic
Camera type: fixed</description>
      <Point>
        <coordinates>-95.7790552,36.0944039,0</coordinates>
      </Point>
    </Placemark>
    <Placemark>
      <name>ALPR</name>
      <description>OSM node: https://www.openstreetmap.org/node/13614026401
Manufacturer: Flock Safety
Direction: 89
Zone: traffic
Camera type: fixed</description>
      <Point>
        <coordinates>-95.7793944,36.0943976,0</coordinates>
      </Point>
    </Placemark>
    <Placemark>
      <name>ALPR</name>
      <description>OSM node: https://www.openstreetmap.org/node/13621460319
Manufacturer: Flock Safety
Direction: 80;170
Zone: traffic
Camera type: fixed</description>
      <Point>
        <coordinates>-97.5494319,35.5799731,0</coordinates>
      </Point>
    </Placemark>
    <Placemark>
      <name>ALPR</name>
      <description>OSM node: https://www.openstreetmap.org/node/13621529302
Manufacturer: Flock Safety
Direction: 152
Zone: traffic
Camera type: fixed</description>
      <Point>
        <coordinates>-97.4769819,35.3512697,0</coordinates>
      </Point>
    </Placemark>
    <Placemark>
      <name>ALPR</name>
      <description>OSM node: https://www.openstreetmap.org/node/13621542301
Manufacturer: Flock Safety
Direction: 216
Zone: traffic
Camera type: fixed</description>
      <Point>
        <coordinates>-97.5166539,35.5081716,0</coordinates>
      </Point>
    </Placemark>
    <Placemark>
      <name>ALPR</name>
      <description>OSM node: https://www.openstreetmap.org/node/13623542601
Manufacturer: Flock Safety
Direction: 178
Zone: traffic
Camera type: fixed</description>
      <Point>
        <coordinates>-95.8086869,36.2644625,0</coordinates>
      </Point>
    </Placemark>
    <Placemark>
      <name>ALPR</name>
      <description>OSM node: https://www.openstreetmap.org/node/13623543201
Manufacturer: Flock Safety
Direction: 347
Zone: traffic
Camera type: fixed</description>
      <Point>
        <coordinates>-95.8084851,36.2642051,0</coordinates>
      </Point>
    </Placemark>
    <Placemark>
      <name>ALPR</name>
      <description>OSM node: https://www.openstreetmap.org/node/13637298472
Direction: 115
Zone: traffic</description>
      <Point>
        <coordinates>-95.9502522,36.1346251,0</coordinates>
      </Point>
    </Placemark>
    <Placemark>
      <name>ALPR</name>
      <description>OSM node: https://www.openstreetmap.org/node/13646554701
Manufacturer: Flock Safety
Direction: 0
Zone: traffic
Camera type: fixed</description>
      <Point>
        <coordinates>-95.9272024,36.0899469,0</coordinates>
      </Point>
    </Placemark>
    <Placemark>
      <name>ALPR</name>
      <description>OSM node: https://www.openstreetmap.org/node/13646554801
Manufacturer: Flock Safety
Direction: 0
Zone: traffic
Camera type: fixed</description>
      <Point>
        <coordinates>-95.9278486,36.0899408,0</coordinates>
      </Point>
    </Placemark>
    <Placemark>
      <name>ALPR</name>
      <description>OSM node: https://www.openstreetmap.org/node/13646618591
Manufacturer: Flock Safety
Direction: 150
Zone: traffic
Camera type: fixed</description>
      <Point>
        <coordinates>-95.8686384,36.0171531,0</coordinates>
      </Point>
    </Placemark>
    <Placemark>
      <name>The Home Depot ALPR</name>
      <description>OSM node: https://www.openstreetmap.org/node/13650499801
Operator: The Home Depot
Manufacturer: Flock Safety
Direction: 110
Zone: traffic
Camera type: fixed</description>
      <Point>
        <coordinates>-97.4234401,35.4486224,0</coordinates>
      </Point>
    </Placemark>
    <Placemark>
      <name>The Home Depot ALPR</name>
      <description>OSM node: https://www.openstreetmap.org/node/13650501301
Operator: The Home Depot
Manufacturer: Flock Safety
Direction: 135
Zone: traffic
Camera type: fixed</description>
      <Point>
        <coordinates>-97.4228086,35.4495167,0</coordinates>
      </Point>
    </Placemark>
    <Placemark>
      <name>ALPR</name>
      <description>OSM node: https://www.openstreetmap.org/node/13651150001
Manufacturer: Flock Safety
Direction: 324
Zone: traffic
Camera type: fixed</description>
      <Point>
        <coordinates>-96.7493401,35.9653174,0</coordinates>
      </Point>
    </Placemark>
    <Placemark>
      <name>ALPR</name>
      <description>OSM node: https://www.openstreetmap.org/node/13654690602
Manufacturer: Flock Safety
Direction: 152
Zone: traffic
Camera type: fixed</description>
      <Point>
        <coordinates>-96.7499171,35.9911022,0</coordinates>
      </Point>
    </Placemark>
    <Placemark>
      <name>ALPR</name>
      <description>OSM node: https://www.openstreetmap.org/node/13663140401
Manufacturer: Flock Safety
Direction: 335
Zone: traffic
Camera type: fixed</description>
      <Point>
        <coordinates>-95.9921982,36.1454183,0</coordinates>
      </Point>
    </Placemark>
    <Placemark>
      <name>ALPR</name>
      <description>OSM node: https://www.openstreetmap.org/node/13663809101
Manufacturer: Flock Safety
Direction: 223-268
Zone: traffic
Camera type: fixed</description>
      <Point>
        <coordinates>-95.3317765,36.2639508,0</coordinates>
      </Point>
    </Placemark>
    <Placemark>
      <name>ALPR</name>
      <description>OSM node: https://www.openstreetmap.org/node/13666266202
Manufacturer: Flock Safety
Direction: 0
Zone: traffic
Camera type: fixed</description>
      <Point>
        <coordinates>-97.5201136,35.3922267,0</coordinates>
      </Point>
    </Placemark>
    <Placemark>
      <name>ALPR</name>
      <description>OSM node: https://www.openstreetmap.org/node/13666271501
Manufacturer: Flock Safety
Direction: 0
Zone: traffic
Camera type: fixed</description>
      <Point>
        <coordinates>-97.5198319,35.3923559,0</coordinates>
      </Point>
    </Placemark>
    <Placemark>
      <name>ALPR</name>
      <description>OSM node: https://www.openstreetmap.org/node/13666273402
Manufacturer: Flock Safety
Direction: 0
Zone: traffic
Camera type: fixed</description>
      <Point>
        <coordinates>-97.5214793,35.3922705,0</coordinates>
      </Point>
    </Placemark>
    <Placemark>
      <name>ALPR</name>
      <description>OSM node: https://www.openstreetmap.org/node/13674595701
Manufacturer: Flock Safety
Direction: 155
Zone: traffic
Camera type: fixed</description>
      <Point>
        <coordinates>-95.6367063,36.0606412,0</coordinates>
      </Point>
    </Placemark>
    <Placemark>
      <name>ALPR</name>
      <description>OSM node: https://www.openstreetmap.org/node/13675096901
Manufacturer: Flock Safety
Direction: 226;117
Zone: traffic
Camera type: fixed</description>
      <Point>
        <coordinates>-94.881895,36.8709205,0</coordinates>
      </Point>
    </Placemark>
    <Placemark>
      <name>ALPR</name>
      <description>OSM node: https://www.openstreetmap.org/node/13675201601
Manufacturer: Flock Safety
Direction: 238
Zone: traffic
Camera type: fixed</description>
      <Point>
        <coordinates>-97.1751838,35.08732,0</coordinates>
      </Point>
    </Placemark>
    <Placemark>
      <name>ALPR</name>
      <description>OSM node: https://www.openstreetmap.org/node/13679290101
Manufacturer: Flock Safety
Direction: 279
Zone: traffic
Camera type: fixed</description>
      <Point>
        <coordinates>-95.9495387,36.0291562,0</coordinates>
      </Point>
    </Placemark>
    <Placemark>
      <name>ALPR</name>
      <description>OSM node: https://www.openstreetmap.org/node/13679293701
Manufacturer: Flock Safety
Direction: 253
Zone: traffic
Camera type: fixed</description>
      <Point>
        <coordinates>-95.9494468,36.0354726,0</coordinates>
      </Point>
    </Placemark>
    <Placemark>
      <name>ALPR</name>
      <description>OSM node: https://www.openstreetmap.org/node/13680732402
Manufacturer: Flock Safety
Direction: 184
Zone: traffic
Camera type: fixed</description>
      <Point>
        <coordinates>-97.5984332,34.8368646,0</coordinates>
      </Point>
    </Placemark>
    <Placemark>
      <name>ALPR</name>
      <description>OSM node: https://www.openstreetmap.org/node/13680871101
Manufacturer: Flock Safety
Direction: 0
Zone: traffic
Camera type: fixed</description>
      <Point>
        <coordinates>-95.8684982,36.0464549,0</coordinates>
      </Point>
    </Placemark>
    <Placemark>
      <name>ALPR</name>
      <description>OSM node: https://www.openstreetmap.org/node/13681931901
Manufacturer: Flock Safety
Direction: 148
Zone: traffic
Camera type: fixed</description>
      <Point>
        <coordinates>-97.1596518,35.2980876,0</coordinates>
      </Point>
    </Placemark>
    <Placemark>
      <name>ALPR</name>
      <description>OSM node: https://www.openstreetmap.org/node/13681932601
Manufacturer: Flock Safety
Direction: 331
Zone: traffic
Camera type: fixed</description>
      <Point>
        <coordinates>-97.1595044,35.2977857,0</coordinates>
      </Point>
    </Placemark>
    <Placemark>
      <name>ALPR</name>
      <description>OSM node: https://www.openstreetmap.org/node/13684773305
Manufacturer: Flock Safety
Direction: 319
Zone: traffic
Camera type: fixed</description>
      <Point>
        <coordinates>-97.4273243,35.3199136,0</coordinates>
      </Point>
    </Placemark>
    <Placemark>
      <name>ALPR</name>
      <description>OSM node: https://www.openstreetmap.org/node/13685676901
Manufacturer: Flock Safety
Direction: 6
Zone: traffic
Camera type: fixed</description>
      <Point>
        <coordinates>-95.9549896,36.1116562,0</coordinates>
      </Point>
    </Placemark>
    <Placemark>
      <name>ALPR</name>
      <description>OSM node: https://www.openstreetmap.org/node/13685678601
Manufacturer: Flock Safety
Direction: 76
Zone: traffic
Camera type: fixed</description>
      <Point>
        <coordinates>-95.9577941,36.114165,0</coordinates>
      </Point>
    </Placemark>
    <Placemark>
      <name>ALPR</name>
      <description>OSM node: https://www.openstreetmap.org/node/13686502801
Manufacturer: Flock Safety
Direction: 242
Zone: traffic
Camera type: fixed</description>
      <Point>
        <coordinates>-98.3816465,34.5945966,0</coordinates>
      </Point>
    </Placemark>
    <Placemark>
      <name>ALPR</name>
      <description>OSM node: https://www.openstreetmap.org/node/13686519101
Manufacturer: Flock Safety
Direction: 329
Zone: traffic
Camera type: fixed</description>
      <Point>
        <coordinates>-98.4045147,34.5815528,0</coordinates>
      </Point>
    </Placemark>
    <Placemark>
      <name>ALPR</name>
      <description>OSM node: https://www.openstreetmap.org/node/13689055401
Manufacturer: Flock Safety
Direction: 193
Zone: traffic
Camera type: fixed</description>
      <Point>
        <coordinates>-95.8791482,36.017203,0</coordinates>
      </Point>
    </Placemark>
    <Placemark>
      <name>ALPR</name>
      <description>OSM node: https://www.openstreetmap.org/node/13695633503
Manufacturer: Flock Safety
Direction: 59
Zone: traffic
Camera type: fixed</description>
      <Point>
        <coordinates>-97.6487599,35.5605045,0</coordinates>
      </Point>
    </Placemark>
    <Placemark>
      <name>ALPR</name>
      <description>OSM node: https://www.openstreetmap.org/node/13700007201
Manufacturer: Flock Safety
Direction: 0
Zone: traffic
Camera type: fixed</description>
      <Point>
        <coordinates>-97.1348324,33.751342,0</coordinates>
      </Point>
    </Placemark>
    <Placemark>
      <name>ALPR</name>
      <description>OSM node: https://www.openstreetmap.org/node/13700007202
Manufacturer: Flock Safety
Direction: 171
Zone: traffic
Camera type: fixed</description>
      <Point>
        <coordinates>-97.1351709,33.751116,0</coordinates>
      </Point>
    </Placemark>
    <Placemark>
      <name>ALPR</name>
      <description>OSM node: https://www.openstreetmap.org/node/13706325701
Manufacturer: Flock Safety
Direction: 248
Zone: traffic
Camera type: fixed</description>
      <Point>
        <coordinates>-97.5680306,35.5817117,0</coordinates>
      </Point>
    </Placemark>
    <Placemark>
      <name>ALPR</name>
      <description>OSM node: https://www.openstreetmap.org/node/13708782202
Manufacturer: Flock Safety
Direction: 36
Zone: traffic
Camera type: fixed</description>
      <Point>
        <coordinates>-95.8963194,36.0320024,0</coordinates>
      </Point>
    </Placemark>
    <Placemark>
      <name>ALPR</name>
      <description>OSM node: https://www.openstreetmap.org/node/13710036401
Manufacturer: Flock Safety
Direction: 10
Zone: traffic
Camera type: fixed</description>
      <Point>
        <coordinates>-94.6014805,36.0955834,0</coordinates>
      </Point>
    </Placemark>
    <Placemark>
      <name>ALPR</name>
      <description>OSM node: https://www.openstreetmap.org/node/13712627736
Manufacturer: Flock Safety
Direction: 50
Zone: traffic
Camera type: fixed</description>
      <Point>
        <coordinates>-97.353314,35.4494778,0</coordinates>
      </Point>
    </Placemark>
    <Placemark>
      <name>ALPR</name>
      <description>OSM node: https://www.openstreetmap.org/node/13712627737
Manufacturer: Flock Safety
Direction: 220
Zone: traffic
Camera type: fixed</description>
      <Point>
        <coordinates>-97.3530434,35.4497609,0</coordinates>
      </Point>
    </Placemark>
    <Placemark>
      <name>ALPR</name>
      <description>OSM node: https://www.openstreetmap.org/node/13714399601
Manufacturer: Flock Safety
Direction: 325
Zone: traffic
Camera type: fixed</description>
      <Point>
        <coordinates>-95.8510278,36.1101338,0</coordinates>
      </Point>
    </Placemark>
    <Placemark>
      <name>ALPR</name>
      <description>OSM node: https://www.openstreetmap.org/node/13716118001
Manufacturer: Flock Safety
Direction: 90
Zone: traffic
Camera type: fixed</description>
      <Point>
        <coordinates>-97.4044699,35.4361817,0</coordinates>
      </Point>
    </Placemark>
    <Placemark>
      <name>ALPR</name>
      <description>OSM node: https://www.openstreetmap.org/node/13718325501
Manufacturer: Flock Safety
Direction: 354
Zone: traffic
Camera type: fixed</description>
      <Point>
        <coordinates>-97.5495381,35.7130578,0</coordinates>
      </Point>
    </Placemark>
    <Placemark>
      <name>ALPR</name>
      <description>OSM node: https://www.openstreetmap.org/node/13718325502
Manufacturer: Flock Safety
Direction: 198
Zone: traffic
Camera type: fixed</description>
      <Point>
        <coordinates>-97.54951,35.7146862,0</coordinates>
      </Point>
    </Placemark>
    <Placemark>
      <name>ALPR</name>
      <description>OSM node: https://www.openstreetmap.org/node/13719981548
Manufacturer: Flock Safety
Direction: 200
Zone: traffic
Camera type: fixed</description>
      <Point>
        <coordinates>-95.672854,35.9882738,0</coordinates>
      </Point>
    </Placemark>
    <Placemark>
      <name>The Home Depot ALPR</name>
      <description>OSM node: https://www.openstreetmap.org/node/13720110681
Operator: The Home Depot
Manufacturer: Flock Safety
Direction: 250
Zone: traffic
Camera type: fixed</description>
      <Point>
        <coordinates>-97.4840411,35.6355226,0</coordinates>
      </Point>
    </Placemark>
    <Placemark>
      <name>The Home Depot ALPR</name>
      <description>OSM node: https://www.openstreetmap.org/node/13720113851
Operator: The Home Depot
Manufacturer: Flock Safety
Direction: 40
Zone: traffic
Camera type: fixed</description>
      <Point>
        <coordinates>-97.4851199,35.633522,0</coordinates>
      </Point>
    </Placemark>
    <Placemark>
      <name>ALPR</name>
      <description>OSM node: https://www.openstreetmap.org/node/13722063001
Manufacturer: Flock Safety
Direction: 168
Zone: traffic
Camera type: fixed</description>
      <Point>
        <coordinates>-95.9046881,36.1874112,0</coordinates>
      </Point>
    </Placemark>
    <Placemark>
      <name>Lowe's ALPR</name>
      <description>OSM node: https://www.openstreetmap.org/node/13724097702
Operator: Lowe's
Manufacturer: Flock Safety
Direction: 181
Zone: traffic
Camera type: fixed</description>
      <Point>
        <coordinates>-95.9208623,36.1400515,0</coordinates>
      </Point>
    </Placemark>
    <Placemark>
      <name>The Home Depot ALPR</name>
      <description>OSM node: https://www.openstreetmap.org/node/13724554660
Operator: The Home Depot
Manufacturer: Flock Safety
Direction: 221
Zone: traffic
Camera type: fixed</description>
      <Point>
        <coordinates>-97.4841012,35.6349431,0</coordinates>
      </Point>
    </Placemark>
    <Placemark>
      <name>ALPR</name>
      <description>OSM node: https://www.openstreetmap.org/node/13732801631
Manufacturer: Flock Safety
Direction: 250
Zone: traffic
Camera type: fixed</description>
      <Point>
        <coordinates>-97.6329787,35.5370351,0</coordinates>
      </Point>
    </Placemark>
    <Placemark>
      <name>ALPR</name>
      <description>OSM node: https://www.openstreetmap.org/node/13738464801
Manufacturer: Flock Safety
Direction: 336
Zone: traffic
Camera type: fixed</description>
      <Point>
        <coordinates>-98.3171786,35.6369444,0</coordinates>
      </Point>
    </Placemark>
    <Placemark>
      <name>ALPR</name>
      <description>OSM node: https://www.openstreetmap.org/node/13738843001
Manufacturer: Flock Safety
Direction: 89
Zone: traffic
Camera type: fixed</description>
      <Point>
        <coordinates>-97.7247954,35.3991014,0</coordinates>
      </Point>
    </Placemark>
    <Placemark>
      <name>ALPR</name>
      <description>OSM node: https://www.openstreetmap.org/node/13738843601
Manufacturer: Flock Safety
Direction: 249
Zone: traffic
Camera type: fixed</description>
      <Point>
        <coordinates>-97.7247963,35.3991022,0</coordinates>
      </Point>
    </Placemark>
    <Placemark>
      <name>ALPR</name>
      <description>OSM node: https://www.openstreetmap.org/node/13741615803
Manufacturer: Leonardo
Direction: 337
Zone: traffic
Camera type: fixed</description>
      <Point>
        <coordinates>-95.8150503,36.0780177,0</coordinates>
      </Point>
    </Placemark>
    <Placemark>
      <name>ALPR</name>
      <description>OSM node: https://www.openstreetmap.org/node/13741674701
Manufacturer: Flock Safety
Direction: 20
Zone: traffic
Camera type: fixed</description>
      <Point>
        <coordinates>-95.7865019,34.8863408,0</coordinates>
      </Point>
    </Placemark>
    <Placemark>
      <name>ALPR</name>
      <description>OSM node: https://www.openstreetmap.org/node/13752745301
Manufacturer: Flock Safety
Direction: 27;133
Zone: traffic
Camera type: fixed</description>
      <Point>
        <coordinates>-94.8775722,36.8702464,0</coordinates>
      </Point>
    </Placemark>
    <Placemark>
      <name>ALPR</name>
      <description>OSM node: https://www.openstreetmap.org/node/13752872301
Manufacturer: Flock Safety
Direction: 264-309;232-277;142-187;2-47
Zone: traffic
Camera type: fixed</description>
      <Point>
        <coordinates>-97.4158933,35.4405244,0</coordinates>
      </Point>
    </Placemark>
    <Placemark>
      <name>ALPR</name>
      <description>OSM node: https://www.openstreetmap.org/node/13752994901
Manufacturer: Flock Safety
Direction: 306-351;34-79;175-220
Zone: traffic
Camera type: fixed</description>
      <Point>
        <coordinates>-97.4157502,35.4424911,0</coordinates>
      </Point>
    </Placemark>
    <Placemark>
      <name>ALPR</name>
      <description>OSM node: https://www.openstreetmap.org/node/13754114905
Manufacturer: Flock Safety
Direction: 234
Zone: traffic
Camera type: fixed</description>
      <Point>
        <coordinates>-97.5505226,35.6135697,0</coordinates>
      </Point>
    </Placemark>
    <Placemark>
      <name>ALPR</name>
      <description>OSM node: https://www.openstreetmap.org/node/13754636501
Manufacturer: Flock Safety
Direction: 144
Zone: traffic
Camera type: fixed</description>
      <Point>
        <coordinates>-97.8410754,36.38565,0</coordinates>
      </Point>
    </Placemark>
    <Placemark>
      <name>ALPR</name>
      <description>OSM node: https://www.openstreetmap.org/node/13757396201
Manufacturer: Flock Safety
Direction: 0
Zone: traffic
Camera type: fixed</description>
      <Point>
        <coordinates>-97.0886549,35.4650149,0</coordinates>
      </Point>
    </Placemark>
    <Placemark>
      <name>ALPR</name>
      <description>OSM node: https://www.openstreetmap.org/node/13757776403
Manufacturer: Flock Safety
Direction: 88
Zone: traffic
Camera type: fixed</description>
      <Point>
        <coordinates>-97.3265756,35.0149146,0</coordinates>
      </Point>
    </Placemark>
    <Placemark>
      <name>ALPR</name>
      <description>OSM node: https://www.openstreetmap.org/node/13759634002
Manufacturer: Flock Safety
Direction: 343
Zone: traffic
Camera type: fixed</description>
      <Point>
        <coordinates>-98.4221258,34.6362426,0</coordinates>
      </Point>
    </Placemark>
    <Placemark>
      <name>ALPR</name>
      <description>OSM node: https://www.openstreetmap.org/node/13759936901
Manufacturer: Flock Safety
Direction: 131
Zone: traffic
Camera type: fixed</description>
      <Point>
        <coordinates>-98.6482468,36.8043413,0</coordinates>
      </Point>
    </Placemark>
    <Placemark>
      <name>ALPR</name>
      <description>OSM node: https://www.openstreetmap.org/node/13760721301
Manufacturer: Flock Safety
Direction: 0
Zone: traffic
Camera type: fixed</description>
      <Point>
        <coordinates>-98.4578089,34.6095684,0</coordinates>
      </Point>
    </Placemark>
    <Placemark>
      <name>ALPR</name>
      <description>OSM node: https://www.openstreetmap.org/node/13762339901
Manufacturer: Flock Safety
Direction: 205
Zone: traffic
Camera type: fixed</description>
      <Point>
        <coordinates>-97.4941957,35.3199841,0</coordinates>
      </Point>
    </Placemark>
    <Placemark>
      <name>ALPR</name>
      <description>OSM node: https://www.openstreetmap.org/node/13762339902
Manufacturer: Flock Safety
Direction: 140
Zone: traffic
Camera type: fixed</description>
      <Point>
        <coordinates>-97.4944973,35.3195724,0</coordinates>
      </Point>
    </Placemark>
    <Placemark>
      <name>ALPR</name>
      <description>OSM node: https://www.openstreetmap.org/node/13762339903
Manufacturer: Flock Safety
Direction: 205
Zone: traffic
Camera type: fixed</description>
      <Point>
        <coordinates>-97.5298487,35.3489569,0</coordinates>
      </Point>
    </Placemark>
    <Placemark>
      <name>ALPR</name>
      <description>OSM node: https://www.openstreetmap.org/node/13762460301
Manufacturer: Flock Safety
Direction: 294-339
Zone: traffic
Camera type: fixed</description>
      <Point>
        <coordinates>-94.6924299,36.7700337,0</coordinates>
      </Point>
    </Placemark>
    <Placemark>
      <name>ALPR</name>
      <description>OSM node: https://www.openstreetmap.org/node/13776279701
Manufacturer: Flock Safety
Direction: 333
Zone: traffic
Camera type: fixed</description>
      <Point>
        <coordinates>-95.3049938,35.8581374,0</coordinates>
      </Point>
    </Placemark>
    <Placemark>
      <name>ALPR</name>
      <description>OSM node: https://www.openstreetmap.org/node/13782107901
Manufacturer: Flock Safety
Direction: 46
Zone: traffic
Camera type: fixed</description>
      <Point>
        <coordinates>-95.9520592,36.029851,0</coordinates>
      </Point>
    </Placemark>
    <Placemark>
      <name>ALPR</name>
      <description>OSM node: https://www.openstreetmap.org/node/13782790102
Manufacturer: Flock Safety
Direction: 316
Zone: traffic
Camera type: fixed</description>
      <Point>
        <coordinates>-94.6979362,36.8197953,0</coordinates>
      </Point>
    </Placemark>
    <Placemark>
      <name>ALPR</name>
      <description>OSM node: https://www.openstreetmap.org/node/13782812901
Manufacturer: Flock Safety
Direction: 142
Zone: traffic
Camera type: fixed</description>
      <Point>
        <coordinates>-94.6981825,36.8197442,0</coordinates>
      </Point>
    </Placemark>
    <Placemark>
      <name>ALPR</name>
      <description>OSM node: https://www.openstreetmap.org/node/13783221509
Manufacturer: Flock Safety
Direction: 240
Zone: traffic
Camera type: fixed</description>
      <Point>
        <coordinates>-97.8474063,35.406288,0</coordinates>
      </Point>
    </Placemark>
    <Placemark>
      <name>ALPR</name>
      <description>OSM node: https://www.openstreetmap.org/node/13783262501
Manufacturer: Flock Safety
Direction: 253
Zone: traffic
Camera type: fixed</description>
      <Point>
        <coordinates>-97.9410246,36.3893868,0</coordinates>
      </Point>
    </Placemark>
    <Placemark>
      <name>ALPR</name>
      <description>OSM node: https://www.openstreetmap.org/node/13783304102
Manufacturer: Flock Safety
Direction: 124
Zone: traffic
Camera type: fixed</description>
      <Point>
        <coordinates>-97.9434709,36.3894305,0</coordinates>
      </Point>
    </Placemark>
    <Placemark>
      <name>ALPR</name>
      <description>OSM node: https://www.openstreetmap.org/node/13783488701
Manufacturer: Flock Safety
Direction: 349
Zone: traffic
Camera type: fixed</description>
      <Point>
        <coordinates>-97.9429238,36.3898594,0</coordinates>
      </Point>
    </Placemark>
    <Placemark>
      <name>ALPR</name>
      <description>OSM node: https://www.openstreetmap.org/node/13784774503
Manufacturer: Flock Safety
Direction: 226
Zone: traffic
Camera type: fixed</description>
      <Point>
        <coordinates>-97.1769771,35.231976,0</coordinates>
      </Point>
    </Placemark>
    <Placemark>
      <name>ALPR</name>
      <description>OSM node: https://www.openstreetmap.org/node/13784906902
Manufacturer: Flock Safety
Direction: 339
Zone: traffic
Camera type: fixed</description>
      <Point>
        <coordinates>-97.7774605,35.49841,0</coordinates>
      </Point>
    </Placemark>
    <Placemark>
      <name>Lowe's ALPR</name>
      <description>OSM node: https://www.openstreetmap.org/node/13785168601
Operator: Lowe's
Manufacturer: Flock Safety
Direction: 354
Zone: traffic
Camera type: fixed</description>
      <Point>
        <coordinates>-97.0686133,36.7459549,0</coordinates>
      </Point>
    </Placemark>
    <Placemark>
      <name>ALPR</name>
      <description>OSM node: https://www.openstreetmap.org/node/13788223901
Manufacturer: Flock Safety
Direction: 26
Zone: traffic
Camera type: fixed</description>
      <Point>
        <coordinates>-95.9142481,36.0174158,0</coordinates>
      </Point>
    </Placemark>
    <Placemark>
      <name>ALPR</name>
      <description>OSM node: https://www.openstreetmap.org/node/13797401101
Manufacturer: Flock Safety
Direction: 337
Zone: traffic
Camera type: fixed</description>
      <Point>
        <coordinates>-97.9690444,34.4933258,0</coordinates>
      </Point>
    </Placemark>
    <Placemark>
      <name>ALPR</name>
      <description>OSM node: https://www.openstreetmap.org/node/13800149733
Manufacturer: Flock Safety
Direction: 345
Zone: traffic
Camera type: fixed</description>
      <Point>
        <coordinates>-97.5312574,35.579435,0</coordinates>
      </Point>
    </Placemark>
    <Placemark>
      <name>ALPR</name>
      <description>OSM node: https://www.openstreetmap.org/node/13800154852
Manufacturer: Flock Safety
Direction: 250;260
Zone: traffic
Camera type: fixed</description>
      <Point>
        <coordinates>-97.540647,35.5802021,0</coordinates>
      </Point>
    </Placemark>
    <Placemark>
      <name>ALPR</name>
      <description>OSM node: https://www.openstreetmap.org/node/13800169723
Manufacturer: Flock Safety
Direction: 180
Zone: traffic
Camera type: fixed</description>
      <Point>
        <coordinates>-97.5315791,35.594402,0</coordinates>
      </Point>
    </Placemark>
    <Placemark>
      <name>ALPR</name>
      <description>OSM node: https://www.openstreetmap.org/node/13800323202
Manufacturer: Flock Safety
Direction: 165
Zone: traffic
Camera type: fixed</description>
      <Point>
        <coordinates>-97.4414223,35.4195304,0</coordinates>
      </Point>
    </Placemark>
    <Placemark>
      <name>ALPR</name>
      <description>OSM node: https://www.openstreetmap.org/node/13801876648
Manufacturer: Flock Safety
Direction: 335
Zone: traffic
Camera type: fixed</description>
      <Point>
        <coordinates>-97.5492608,35.597454,0</coordinates>
      </Point>
    </Placemark>
    <Placemark>
      <name>ALPR</name>
      <description>OSM node: https://www.openstreetmap.org/node/13807157002
Manufacturer: Flock Safety
Direction: 253
Zone: traffic
Camera type: fixed</description>
      <Point>
        <coordinates>-94.7926516,33.8955202,0</coordinates>
      </Point>
    </Placemark>
    <Placemark>
      <name>ALPR</name>
      <description>OSM node: https://www.openstreetmap.org/node/13811842001
Manufacturer: Flock Safety
Direction: 0
Zone: traffic
Camera type: fixed</description>
      <Point>
        <coordinates>-95.9934663,36.2353157,0</coordinates>
      </Point>
    </Placemark>
    <Placemark>
      <name>ALPR</name>
      <description>OSM node: https://www.openstreetmap.org/node/13819349801
Manufacturer: Flock Safety
Direction: 55
Zone: traffic
Camera type: fixed</description>
      <Point>
        <coordinates>-97.6009485,35.4558495,0</coordinates>
      </Point>
    </Placemark>
    <Placemark>
      <name>ALPR</name>
      <description>OSM node: https://www.openstreetmap.org/node/13819349901
Manufacturer: Flock Safety
Direction: 160
Zone: traffic
Camera type: fixed</description>
      <Point>
        <coordinates>-97.6004401,35.4568506,0</coordinates>
      </Point>
    </Placemark>
    <Placemark>
      <name>ALPR</name>
      <description>OSM node: https://www.openstreetmap.org/node/13819352301
Manufacturer: Flock Safety
Direction: 190
Zone: traffic
Camera type: fixed</description>
      <Point>
        <coordinates>-97.5996228,35.4568674,0</coordinates>
      </Point>
    </Placemark>
    <Placemark>
      <name>ALPR</name>
      <description>OSM node: https://www.openstreetmap.org/node/13819352302
Manufacturer: Flock Safety
Direction: 109
Zone: traffic
Camera type: fixed</description>
      <Point>
        <coordinates>-97.6010041,35.4565538,0</coordinates>
      </Point>
    </Placemark>
    <Placemark>
      <name>ALPR</name>
      <description>OSM node: https://www.openstreetmap.org/node/13822213801
Manufacturer: Flock Safety
Direction: 249
Zone: traffic
Camera type: fixed</description>
      <Point>
        <coordinates>-97.4769495,35.3017389,0</coordinates>
      </Point>
    </Placemark>
    <Placemark>
      <name>ALPR</name>
      <description>OSM node: https://www.openstreetmap.org/node/13822490128
Direction: 0
Zone: entrance</description>
      <Point>
        <coordinates>-97.1298681,33.765226,0</coordinates>
      </Point>
    </Placemark>
    <Placemark>
      <name>ALPR</name>
      <description>OSM node: https://www.openstreetmap.org/node/13832440601
Manufacturer: Flock Safety
Direction: 226
Zone: traffic
Camera type: fixed</description>
      <Point>
        <coordinates>-97.7231112,35.2357538,0</coordinates>
      </Point>
    </Placemark>
    <Placemark>
      <name>ALPR</name>
      <description>OSM node: https://www.openstreetmap.org/node/13836372601
Manufacturer: Flock Safety
Direction: 16
Zone: traffic
Camera type: fixed</description>
      <Point>
        <coordinates>-97.4483951,35.6094721,0</coordinates>
      </Point>
    </Placemark>
    <Placemark>
      <name>ALPR</name>
      <description>OSM node: https://www.openstreetmap.org/node/13841690001
Manufacturer: Flock Safety
Direction: 135;225;315
Zone: traffic
Camera type: fixed</description>
      <Point>
        <coordinates>-97.4238176,35.4643117,0</coordinates>
      </Point>
    </Placemark>
    <Placemark>
      <name>ALPR</name>
      <description>OSM node: https://www.openstreetmap.org/node/13841992401
Manufacturer: Flock Safety
Direction: 339
Zone: traffic
Camera type: fixed</description>
      <Point>
        <coordinates>-95.3098066,36.2855861,0</coordinates>
      </Point>
    </Placemark>
    <Placemark>
      <name>ALPR</name>
      <description>OSM node: https://www.openstreetmap.org/node/13844548801
Manufacturer: Flock Safety
Direction: 118
Zone: traffic
Camera type: fixed</description>
      <Point>
        <coordinates>-97.3978078,35.1508778,0</coordinates>
      </Point>
    </Placemark>
    <Placemark>
      <name>ALPR</name>
      <description>OSM node: https://www.openstreetmap.org/node/13845532501
Manufacturer: Flock Safety
Direction: 159
Zone: traffic
Camera type: fixed</description>
      <Point>
        <coordinates>-96.4254292,33.9542086,0</coordinates>
      </Point>
    </Placemark>
    <Placemark>
      <name>ALPR</name>
      <description>OSM node: https://www.openstreetmap.org/node/13845565501
Manufacturer: Flock Safety
Direction: 244
Zone: traffic
Camera type: fixed</description>
      <Point>
        <coordinates>-96.3907992,33.9253488,0</coordinates>
      </Point>
    </Placemark>
    <Placemark>
      <name>ALPR</name>
      <description>OSM node: https://www.openstreetmap.org/node/13845565502
Manufacturer: Flock Safety
Direction: 22
Zone: traffic
Camera type: fixed</description>
      <Point>
        <coordinates>-96.4288486,33.9346671,0</coordinates>
      </Point>
    </Placemark>
    <Placemark>
      <name>ALPR</name>
      <description>OSM node: https://www.openstreetmap.org/node/13845706501
Manufacturer: Flock Safety
Direction: 352
Zone: traffic
Camera type: fixed</description>
      <Point>
        <coordinates>-95.8567063,36.0750615,0</coordinates>
      </Point>
    </Placemark>
    <Placemark>
      <name>ALPR</name>
      <description>OSM node: https://www.openstreetmap.org/node/13846502901
Manufacturer: Axon Enterprise
Direction: 64
Zone: traffic
Camera type: fixed</description>
      <Point>
        <coordinates>-97.5300664,35.4061798,0</coordinates>
      </Point>
    </Placemark>
    <Placemark>
      <name>ALPR</name>
      <description>OSM node: https://www.openstreetmap.org/node/13849581101
Manufacturer: Flock Safety
Direction: 66
Zone: traffic
Camera type: fixed</description>
      <Point>
        <coordinates>-96.4503633,33.9398746,0</coordinates>
      </Point>
    </Placemark>
    <Placemark>
      <name>ALPR</name>
      <description>OSM node: https://www.openstreetmap.org/node/13849991321
Zone: traffic
Camera type: fixed</description>
      <Point>
        <coordinates>-96.0029853,36.0360509,0</coordinates>
      </Point>
    </Placemark>
    <Placemark>
      <name>ALPR</name>
      <description>OSM node: https://www.openstreetmap.org/node/13849991322
Zone: traffic
Camera type: fixed</description>
      <Point>
        <coordinates>-96.0029811,36.0388955,0</coordinates>
      </Point>
    </Placemark>
    <Placemark>
      <name>ALPR</name>
      <description>OSM node: https://www.openstreetmap.org/node/13850638901
Manufacturer: Flock Safety
Direction: 95;249
Zone: traffic
Camera type: fixed</description>
      <Point>
        <coordinates>-97.9531106,34.5143609,0</coordinates>
      </Point>
    </Placemark>
    <Placemark>
      <name>ALPR</name>
      <description>OSM node: https://www.openstreetmap.org/node/13850814201
Manufacturer: Flock Safety
Direction: 0
Zone: traffic
Camera type: fixed</description>
      <Point>
        <coordinates>-95.8728895,36.0031279,0</coordinates>
      </Point>
    </Placemark>
    <Placemark>
      <name>ALPR</name>
      <description>OSM node: https://www.openstreetmap.org/node/13850848201
Manufacturer: Flock Safety
Direction: 127;228
Zone: traffic
Camera type: fixed</description>
      <Point>
        <coordinates>-94.8819064,36.870939,0</coordinates>
      </Point>
    </Placemark>
    <Placemark>
      <name>ALPR</name>
      <description>OSM node: https://www.openstreetmap.org/node/13851112301
Manufacturer: Flock Safety
Direction: 135
Zone: traffic
Camera type: fixed</description>
      <Point>
        <coordinates>-97.8489879,35.5017292,0</coordinates>
      </Point>
    </Placemark>
    <Placemark>
      <name>ALPR</name>
      <description>OSM node: https://www.openstreetmap.org/node/13854604852
Manufacturer: Flock Safety
Direction: 45;140;235
Zone: traffic
Camera type: fixed</description>
      <Point>
        <coordinates>-97.3533995,35.4352997,0</coordinates>
      </Point>
    </Placemark>
    <Placemark>
      <name>ALPR</name>
      <description>OSM node: https://www.openstreetmap.org/node/13854604853
Manufacturer: Flock Safety
Direction: 130;220;330
Zone: traffic
Camera type: fixed</description>
      <Point>
        <coordinates>-97.3355556,35.4500969,0</coordinates>
      </Point>
    </Placemark>
    <Placemark>
      <name>ALPR</name>
      <description>OSM node: https://www.openstreetmap.org/node/13857677801
Manufacturer: Flock Safety
Direction: 154
Zone: traffic
Camera type: fixed</description>
      <Point>
        <coordinates>-95.9046206,36.1578988,0</coordinates>
      </Point>
    </Placemark>
    <Placemark>
      <name>ALPR</name>
      <description>OSM node: https://www.openstreetmap.org/node/13858685601
Manufacturer: Flock Safety
Direction: 142;228
Zone: traffic
Camera type: fixed</description>
      <Point>
        <coordinates>-94.8525307,36.8712439,0</coordinates>
      </Point>
    </Placemark>
    <Placemark>
      <name>ALPR</name>
      <description>OSM node: https://www.openstreetmap.org/node/13858700901
Manufacturer: Flock Safety
Direction: 0
Zone: traffic
Camera type: fixed</description>
      <Point>
        <coordinates>-95.8328951,35.9033681,0</coordinates>
      </Point>
    </Placemark>
    <Placemark>
      <name>ALPR</name>
      <description>OSM node: https://www.openstreetmap.org/node/13858710601
Manufacturer: Flock Safety
Direction: 148
Zone: traffic
Camera type: fixed</description>
      <Point>
        <coordinates>-94.8775643,36.9199347,0</coordinates>
      </Point>
    </Placemark>
    <Placemark>
      <name>ALPR</name>
      <description>OSM node: https://www.openstreetmap.org/node/13859168674
Manufacturer: Flock Safety
Direction: 30;150
Zone: traffic
Camera type: fixed</description>
      <Point>
        <coordinates>-97.3709722,35.4495039,0</coordinates>
      </Point>
    </Placemark>
    <Placemark>
      <name>ALPR</name>
      <description>OSM node: https://www.openstreetmap.org/node/13859168675
Manufacturer: Flock Safety
Direction: 35;120;240
Zone: traffic
Camera type: fixed</description>
      <Point>
        <coordinates>-97.3533451,35.4641773,0</coordinates>
      </Point>
    </Placemark>
    <Placemark>
      <name>ALPR</name>
      <description>OSM node: https://www.openstreetmap.org/node/13859168676
Manufacturer: Flock Safety
Direction: 226;311;137
Zone: traffic
Camera type: fixed</description>
      <Point>
        <coordinates>-97.3706678,35.4461399,0</coordinates>
      </Point>
    </Placemark>
    <Placemark>
      <name>ALPR</name>
      <description>OSM node: https://www.openstreetmap.org/node/13859268901
Manufacturer: Flock Safety
Direction: 88
Zone: traffic
Camera type: fixed</description>
      <Point>
        <coordinates>-95.8726914,36.3365765,0</coordinates>
      </Point>
    </Placemark>
    <Placemark>
      <name>ALPR</name>
      <description>OSM node: https://www.openstreetmap.org/node/13859694001
Manufacturer: Flock Safety
Direction: 319
Zone: traffic
Camera type: fixed</description>
      <Point>
        <coordinates>-98.6479437,36.7992075,0</coordinates>
      </Point>
    </Placemark>
    <Placemark>
      <name>ALPR</name>
      <description>OSM node: https://www.openstreetmap.org/node/13860559201
Manufacturer: Flock Safety
Direction: 230
Zone: traffic
Camera type: fixed</description>
      <Point>
        <coordinates>-97.6287755,35.4934122,0</coordinates>
      </Point>
    </Placemark>
    <Placemark>
      <name>ALPR</name>
      <description>OSM node: https://www.openstreetmap.org/node/13861052801
Manufacturer: Flock Safety
Direction: 154
Zone: traffic
Camera type: fixed</description>
      <Point>
        <coordinates>-97.6385983,35.5945073,0</coordinates>
      </Point>
    </Placemark>
    <Placemark>
      <name>The Home Depot ALPR</name>
      <description>OSM node: https://www.openstreetmap.org/node/13862567802
Operator: The Home Depot
Manufacturer: Flock Safety
Direction: 207
Zone: traffic
Camera type: fixed</description>
      <Point>
        <coordinates>-96.6715395,34.789389,0</coordinates>
      </Point>
    </Placemark>
    <Placemark>
      <name>The Home Depot ALPR</name>
      <description>OSM node: https://www.openstreetmap.org/node/13862702701
Operator: The Home Depot
Manufacturer: Flock Safety
Direction: 298
Zone: traffic
Camera type: fixed</description>
      <Point>
        <coordinates>-96.6702302,34.7882577,0</coordinates>
      </Point>
    </Placemark>
    <Placemark>
      <name>The Home Depot ALPR</name>
      <description>OSM node: https://www.openstreetmap.org/node/13862795803
Operator: The Home Depot
Manufacturer: Flock Safety
Direction: 111
Zone: traffic
Camera type: fixed</description>
      <Point>
        <coordinates>-96.6724617,34.789359,0</coordinates>
      </Point>
    </Placemark>
    <Placemark>
      <name>The Home Depot ALPR</name>
      <description>OSM node: https://www.openstreetmap.org/node/13862831501
Operator: The Home Depot
Manufacturer: Flock Safety
Direction: 165
Zone: traffic
Camera type: fixed</description>
      <Point>
        <coordinates>-96.6724948,34.7893419,0</coordinates>
      </Point>
    </Placemark>
    <Placemark>
      <name>ALPR</name>
      <description>OSM node: https://www.openstreetmap.org/node/13864522147
Manufacturer: Axon Enterprise
Direction: 245
Zone: traffic
Camera type: fixed</description>
      <Point>
        <coordinates>-97.5774457,35.5223616,0</coordinates>
      </Point>
    </Placemark>
    <Placemark>
      <name>ALPR</name>
      <description>OSM node: https://www.openstreetmap.org/node/13864685996
Manufacturer: Flock Safety
Direction: 245
Zone: traffic
Camera type: fixed</description>
      <Point>
        <coordinates>-97.5906675,35.5369187,0</coordinates>
      </Point>
    </Placemark>
    <Placemark>
      <name>The Home Depot ALPR</name>
      <description>OSM node: https://www.openstreetmap.org/node/13869843101
Operator: The Home Depot
Manufacturer: Flock Safety
Direction: 196
Zone: traffic
Camera type: fixed</description>
      <Point>
        <coordinates>-97.9473573,34.4926963,0</coordinates>
      </Point>
    </Placemark>
    <Placemark>
      <name>The Home Depot ALPR</name>
      <description>OSM node: https://www.openstreetmap.org/node/13873488001
Operator: The Home Depot
Manufacturer: Flock Safety
Direction: 136
Zone: traffic
Camera type: fixed</description>
      <Point>
        <coordinates>-95.902812,36.1044992,0</coordinates>
      </Point>
    </Placemark>
    <Placemark>
      <name>ALPR</name>
      <description>OSM node: https://www.openstreetmap.org/node/13873489801
Manufacturer: Flock Safety
Direction: 171
Zone: traffic
Camera type: fixed</description>
      <Point>
        <coordinates>-97.5981845,35.6234545,0</coordinates>
      </Point>
    </Placemark>
    <Placemark>
      <name>The Home Depot ALPR</name>
      <description>OSM node: https://www.openstreetmap.org/node/13873503201
Operator: The Home Depot
Manufacturer: Flock Safety
Direction: 210
Zone: traffic
Camera type: fixed</description>
      <Point>
        <coordinates>-95.8673022,36.0608063,0</coordinates>
      </Point>
    </Placemark>
    <Placemark>
      <name>The Home Depot ALPR</name>
      <description>OSM node: https://www.openstreetmap.org/node/13873521901
Operator: The Home Depot
Manufacturer: Flock Safety
Direction: 144
Zone: traffic
Camera type: fixed</description>
      <Point>
        <coordinates>-95.8666112,36.0608016,0</coordinates>
      </Point>
    </Placemark>
    <Placemark>
      <name>The Home Depot ALPR</name>
      <description>OSM node: https://www.openstreetmap.org/node/13873599601
Operator: The Home Depot
Manufacturer: Flock Safety
Direction: 141
Zone: traffic
Camera type: fixed</description>
      <Point>
        <coordinates>-95.8651959,36.0607342,0</coordinates>
      </Point>
    </Placemark>
    <Placemark>
      <name>ALPR</name>
      <description>OSM node: https://www.openstreetmap.org/node/13873905201
Manufacturer: Flock Safety
Direction: 51
Zone: traffic
Camera type: fixed</description>
      <Point>
        <coordinates>-94.8297552,36.9869739,0</coordinates>
      </Point>
    </Placemark>
    <Placemark>
      <name>ALPR</name>
      <description>OSM node: https://www.openstreetmap.org/node/13873905202
Manufacturer: Flock Safety
Direction: 248
Zone: traffic
Camera type: fixed</description>
      <Point>
        <coordinates>-94.8313426,36.9871531,0</coordinates>
      </Point>
    </Placemark>
    <Placemark>
      <name>ALPR</name>
      <description>OSM node: https://www.openstreetmap.org/node/13874015401
Manufacturer: Flock Safety
Direction: 342
Zone: traffic
Camera type: fixed</description>
      <Point>
        <coordinates>-94.8666637,36.9519503,0</coordinates>
      </Point>
    </Placemark>
    <Placemark>
      <name>ALPR</name>
      <description>OSM node: https://www.openstreetmap.org/node/13874016901
Manufacturer: Flock Safety
Direction: 161
Zone: traffic
Camera type: fixed</description>
      <Point>
        <coordinates>-94.8668247,36.953282,0</coordinates>
      </Point>
    </Placemark>
    <Placemark>
      <name>ALPR</name>
      <description>OSM node: https://www.openstreetmap.org/node/13874031701
Manufacturer: Flock Safety
Direction: 131;41
Zone: traffic
Camera type: fixed</description>
      <Point>
        <coordinates>-94.8775926,36.8998104,0</coordinates>
      </Point>
    </Placemark>
    <Placemark>
      <name>ALPR</name>
      <description>OSM node: https://www.openstreetmap.org/node/13874172902
Manufacturer: Flock Safety
Direction: 322;231
Zone: traffic
Camera type: fixed</description>
      <Point>
        <coordinates>-94.8597625,36.8711853,0</coordinates>
      </Point>
    </Placemark>
    <Placemark>
      <name>Lowe's ALPR</name>
      <description>OSM node: https://www.openstreetmap.org/node/13879965701
Operator: Lowe's
Manufacturer: Flock Safety
Direction: 359;359;359
Zone: traffic
Camera type: fixed</description>
      <Point>
        <coordinates>-97.1397929,34.1612911,0</coordinates>
      </Point>
    </Placemark>
    <Placemark>
      <name>ALPR</name>
      <description>OSM node: https://www.openstreetmap.org/node/13883040101
Manufacturer: Flock Safety
Direction: 163
Zone: traffic
Camera type: fixed</description>
      <Point>
        <coordinates>-98.4398945,34.6158351,0</coordinates>
      </Point>
    </Placemark>
    <Placemark>
      <name>ALPR</name>
      <description>OSM node: https://www.openstreetmap.org/node/13883228206
Manufacturer: Flock Safety
Direction: 340
Zone: traffic
Camera type: fixed</description>
      <Point>
        <coordinates>-97.1594243,35.4233149,0</coordinates>
      </Point>
    </Placemark>
    <Placemark>
      <name>ALPR</name>
      <description>OSM node: https://www.openstreetmap.org/node/13885981001
Manufacturer: Rekor
Direction: 158
Zone: traffic
Camera type: fixed</description>
      <Point>
        <coordinates>-97.5303657,35.4209596,0</coordinates>
      </Point>
    </Placemark>
    <Placemark>
      <name>ALPR</name>
      <description>OSM node: https://www.openstreetmap.org/node/13885982301
Manufacturer: Flock Safety
Direction: 155
Zone: traffic
Camera type: fixed</description>
      <Point>
        <coordinates>-97.5302577,35.4048863,0</coordinates>
      </Point>
    </Placemark>
    <Placemark>
      <name>ALPR</name>
      <description>OSM node: https://www.openstreetmap.org/node/13886550401
Manufacturer: Flock Safety
Direction: 107;247
Zone: traffic
Camera type: fixed</description>
      <Point>
        <coordinates>-95.367474,36.0172527,0</coordinates>
      </Point>
    </Placemark>
    <Placemark>
      <name>ALPR</name>
      <description>OSM node: https://www.openstreetmap.org/node/13888173601
Manufacturer: Flock Safety
Direction: 333
Zone: traffic
Camera type: fixed</description>
      <Point>
        <coordinates>-96.0554894,36.1065871,0</coordinates>
      </Point>
    </Placemark>
    <Placemark>
      <name>ALPR</name>
      <description>OSM node: https://www.openstreetmap.org/node/13889740201
Manufacturer: Motorola Solutions
Direction: 339
Zone: traffic
Camera type: fixed</description>
      <Point>
        <coordinates>-97.4814021,35.2525964,0</coordinates>
      </Point>
    </Placemark>
    <Placemark>
      <name>ALPR</name>
      <description>OSM node: https://www.openstreetmap.org/node/13889746401
Manufacturer: Motorola Solutions
Direction: 0
Zone: traffic
Camera type: fixed</description>
      <Point>
        <coordinates>-97.4810095,35.2526489,0</coordinates>
      </Point>
    </Placemark>
    <Placemark>
      <name>ALPR</name>
      <description>OSM node: https://www.openstreetmap.org/node/13889748501
Manufacturer: Motorola Solutions
Direction: 82
Zone: traffic
Camera type: fixed</description>
      <Point>
        <coordinates>-97.4805323,35.2521365,0</coordinates>
      </Point>
    </Placemark>
    <Placemark>
      <name>ALPR</name>
      <description>OSM node: https://www.openstreetmap.org/node/13889749701
Manufacturer: Motorola Solutions
Direction: 139
Zone: traffic
Camera type: fixed</description>
      <Point>
        <coordinates>-97.4801148,35.2515407,0</coordinates>
      </Point>
    </Placemark>
    <Placemark>
      <name>ALPR</name>
      <description>OSM node: https://www.openstreetmap.org/node/13889765801
Manufacturer: Motorola Solutions
Direction: 163
Zone: traffic
Camera type: fixed</description>
      <Point>
        <coordinates>-97.4803043,35.2512797,0</coordinates>
      </Point>
    </Placemark>
    <Placemark>
      <name>ALPR</name>
      <description>OSM node: https://www.openstreetmap.org/node/13889908938
Manufacturer: Flock Safety
Direction: 240
Zone: traffic
Camera type: fixed</description>
      <Point>
        <coordinates>-97.370717,35.449839,0</coordinates>
      </Point>
    </Placemark>
    <Placemark>
      <name>ALPR</name>
      <description>OSM node: https://www.openstreetmap.org/node/13890170401
Manufacturer: Flock Safety
Direction: 262
Zone: traffic
Camera type: fixed</description>
      <Point>
        <coordinates>-95.4055441,35.8713209,0</coordinates>
      </Point>
    </Placemark>
    <Placemark>
      <name>ALPR</name>
      <description>OSM node: https://www.openstreetmap.org/node/13891830601
Manufacturer: Flock Safety
Direction: 66
Zone: traffic
Camera type: fixed</description>
      <Point>
        <coordinates>-97.620427,35.6287758,0</coordinates>
      </Point>
    </Placemark>
    <Placemark>
      <name>ALPR</name>
      <description>OSM node: https://www.openstreetmap.org/node/13892429301
Manufacturer: Flock Safety
Direction: 45;315;225
Zone: traffic
Camera type: fixed</description>
      <Point>
        <coordinates>-97.3885111,35.4640078,0</coordinates>
      </Point>
    </Placemark>
    <Placemark>
      <name>ALPR</name>
      <description>OSM node: https://www.openstreetmap.org/node/13892435801
Manufacturer: Flock Safety
Direction: 30;315;241
Zone: traffic
Camera type: fixed</description>
      <Point>
        <coordinates>-97.3978278,35.4639948,0</coordinates>
      </Point>
    </Placemark>
    <Placemark>
      <name>ALPR</name>
      <description>OSM node: https://www.openstreetmap.org/node/13892441901
Manufacturer: Flock Safety
Direction: 270;0;90
Zone: traffic
Camera type: fixed</description>
      <Point>
        <coordinates>-97.3709138,35.4532772,0</coordinates>
      </Point>
    </Placemark>
    <Placemark>
      <name>ALPR</name>
      <description>OSM node: https://www.openstreetmap.org/node/13892484301
Manufacturer: Flock Safety
Direction: 45;315;135
Zone: traffic
Camera type: fixed</description>
      <Point>
        <coordinates>-97.4064438,35.4639123,0</coordinates>
      </Point>
    </Placemark>
    <Placemark>
      <name>ALPR</name>
      <description>OSM node: https://www.openstreetmap.org/node/13892895701
Manufacturer: Axon Enterprise
Direction: 340
Zone: traffic
Camera type: fixed</description>
      <Point>
        <coordinates>-97.6539691,35.4645372,0</coordinates>
      </Point>
    </Placemark>
    <Placemark>
      <name>ALPR</name>
      <description>OSM node: https://www.openstreetmap.org/node/13892895702
Manufacturer: Flock Safety
Direction: 19
Zone: traffic
Camera type: fixed</description>
      <Point>
        <coordinates>-97.6010742,35.4606476,0</coordinates>
      </Point>
    </Placemark>
    <Placemark>
      <name>ALPR</name>
      <description>OSM node: https://www.openstreetmap.org/node/13893708601
Manufacturer: Flock Safety
Direction: 16;194;315
Zone: traffic
Camera type: fixed</description>
      <Point>
        <coordinates>-97.3972436,35.435203,0</coordinates>
      </Point>
    </Placemark>
    <Placemark>
      <name>ALPR</name>
      <description>OSM node: https://www.openstreetmap.org/node/13893709301
Manufacturer: Flock Safety
Direction: 345;158;255
Zone: traffic
Camera type: fixed</description>
      <Point>
        <coordinates>-97.4021511,35.4497637,0</coordinates>
      </Point>
    </Placemark>
    <Placemark>
      <name>ALPR</name>
      <description>OSM node: https://www.openstreetmap.org/node/13893711201
Manufacturer: Flock Safety
Direction: 153
Zone: traffic
Camera type: fixed</description>
      <Point>
        <coordinates>-97.40614,35.4498376,0</coordinates>
      </Point>
    </Placemark>
    <Placemark>
      <name>ALPR</name>
      <description>OSM node: https://www.openstreetmap.org/node/13893712001
Manufacturer: Flock Safety
Direction: 336
Zone: traffic
Camera type: fixed</description>
      <Point>
        <coordinates>-97.406005,35.4497038,0</coordinates>
      </Point>
    </Placemark>
    <Placemark>
      <name>ALPR</name>
      <description>OSM node: https://www.openstreetmap.org/node/13894304901
Manufacturer: Flock Safety
Direction: 62
Zone: traffic
Camera type: fixed</description>
      <Point>
        <coordinates>-97.9856985,34.5069727,0</coordinates>
      </Point>
    </Placemark>
    <Placemark>
      <name>ALPR</name>
      <description>OSM node: https://www.openstreetmap.org/node/13894714501
Manufacturer: Flock Safety
Direction: 238;32
Zone: traffic
Camera type: fixed</description>
      <Point>
        <coordinates>-95.9016362,36.1046774,0</coordinates>
      </Point>
    </Placemark>
    <Placemark>
      <name>ALPR</name>
      <description>OSM node: https://www.openstreetmap.org/node/13896361002
Manufacturer: Flock Safety
Direction: 246
Zone: traffic
Camera type: fixed</description>
      <Point>
        <coordinates>-97.932016,34.5362123,0</coordinates>
      </Point>
    </Placemark>
    <Placemark>
      <name>ALPR</name>
      <description>OSM node: https://www.openstreetmap.org/node/13896362801
Manufacturer: Flock Safety
Direction: 121
Zone: traffic
Camera type: fixed</description>
      <Point>
        <coordinates>-97.9320181,34.5362249,0</coordinates>
      </Point>
    </Placemark>
    <Placemark>
      <name>ALPR</name>
      <description>OSM node: https://www.openstreetmap.org/node/13897916201
Manufacturer: Flock Safety
Direction: 20
Zone: traffic
Camera type: fixed</description>
      <Point>
        <coordinates>-97.5407808,35.3514394,0</coordinates>
      </Point>
    </Placemark>
    <Placemark>
      <name>ALPR</name>
      <description>OSM node: https://www.openstreetmap.org/node/13900261264
Manufacturer: Flock Safety
Direction: 60
Zone: traffic
Camera type: fixed</description>
      <Point>
        <coordinates>-97.3370161,36.8111518,0</coordinates>
      </Point>
    </Placemark>
    <Placemark>
      <name>ALPR</name>
      <description>OSM node: https://www.openstreetmap.org/node/13900261265
Manufacturer: Flock Safety
Direction: 255
Zone: traffic
Camera type: fixed</description>
      <Point>
        <coordinates>-97.3373996,36.8114858,0</coordinates>
      </Point>
    </Placemark>
    <Placemark>
      <name>ALPR</name>
      <description>OSM node: https://www.openstreetmap.org/node/13902051301
Manufacturer: Flock Safety
Direction: 247
Zone: traffic
Camera type: fixed</description>
      <Point>
        <coordinates>-97.6747023,35.6531143,0</coordinates>
      </Point>
    </Placemark>
    <Placemark>
      <name>ALPR</name>
      <description>OSM node: https://www.openstreetmap.org/node/13903019001
Manufacturer: Flock Safety
Direction: 55
Zone: traffic
Camera type: fixed</description>
      <Point>
        <coordinates>-95.3911202,35.7486233,0</coordinates>
      </Point>
    </Placemark>
    <Placemark>
      <name>ALPR</name>
      <description>OSM node: https://www.openstreetmap.org/node/13905917301
Manufacturer: Flock Safety
Direction: 6
Zone: traffic
Camera type: fixed</description>
      <Point>
        <coordinates>-97.5548873,35.3626384,0</coordinates>
      </Point>
    </Placemark>
    <Placemark>
      <name>ALPR</name>
      <description>OSM node: https://www.openstreetmap.org/node/13905917501
Manufacturer: Flock Safety
Direction: 214
Zone: traffic
Camera type: fixed</description>
      <Point>
        <coordinates>-97.555013,35.3626584,0</coordinates>
      </Point>
    </Placemark>
    <Placemark>
      <name>ALPR</name>
      <description>OSM node: https://www.openstreetmap.org/node/13905996951
Manufacturer: Flock Safety
Camera type: fixed</description>
      <Point>
        <coordinates>-97.5493202,35.6099309,0</coordinates>
      </Point>
    </Placemark>
    <Placemark>
      <name>ALPR</name>
      <description>OSM node: https://www.openstreetmap.org/node/13907845301
Manufacturer: Flock Safety
Direction: 84
Zone: traffic
Camera type: fixed</description>
      <Point>
        <coordinates>-97.1360053,34.1747931,0</coordinates>
      </Point>
    </Placemark>
    <Placemark>
      <name>ALPR</name>
      <description>OSM node: https://www.openstreetmap.org/node/13908296401
Manufacturer: Flock Safety
Direction: 0
Zone: traffic
Camera type: fixed</description>
      <Point>
        <coordinates>-98.4746372,34.6099579,0</coordinates>
      </Point>
    </Placemark>
    <Placemark>
      <name>ALPR</name>
      <description>OSM node: https://www.openstreetmap.org/node/13908489501
Manufacturer: Flock Safety
Direction: 187;325
Zone: traffic
Camera type: fixed</description>
      <Point>
        <coordinates>-94.8773672,36.9003402,0</coordinates>
      </Point>
    </Placemark>
    <Placemark>
      <name>ALPR</name>
      <description>OSM node: https://www.openstreetmap.org/node/13910794201
Manufacturer: Flock Safety
Direction: 161
Zone: traffic
Camera type: fixed</description>
      <Point>
        <coordinates>-97.3710155,35.4928045,0</coordinates>
      </Point>
    </Placemark>
    <Placemark>
      <name>ALPR</name>
      <description>OSM node: https://www.openstreetmap.org/node/13910795301
Manufacturer: Flock Safety
Direction: 180;35;324
Zone: traffic
Camera type: fixed</description>
      <Point>
        <coordinates>-97.3706381,35.4783621,0</coordinates>
      </Point>
    </Placemark>
    <Placemark>
      <name>ALPR</name>
      <description>OSM node: https://www.openstreetmap.org/node/13910800201
Manufacturer: Flock Safety
Direction: 35;220
Zone: traffic
Camera type: fixed</description>
      <Point>
        <coordinates>-97.4065301,35.4933626,0</coordinates>
      </Point>
    </Placemark>
    <Placemark>
      <name>ALPR</name>
      <description>OSM node: https://www.openstreetmap.org/node/13913452701
Manufacturer: Flock Safety
Direction: 188
Zone: traffic
Camera type: fixed</description>
      <Point>
        <coordinates>-97.126379,34.1619667,0</coordinates>
      </Point>
    </Placemark>
    <Placemark>
      <name>ALPR</name>
      <description>OSM node: https://www.openstreetmap.org/node/13913615702
Manufacturer: Flock Safety
Direction: 255
Zone: traffic
Camera type: fixed</description>
      <Point>
        <coordinates>-94.9378578,33.9540705,0</coordinates>
      </Point>
    </Placemark>
    <Placemark>
      <name>ALPR</name>
      <description>OSM node: https://www.openstreetmap.org/node/13913616101
Manufacturer: Flock Safety
Direction: 115
Zone: traffic
Camera type: fixed</description>
      <Point>
        <coordinates>-94.8428817,33.9169696,0</coordinates>
      </Point>
    </Placemark>
    <Placemark>
      <name>ALPR</name>
      <description>OSM node: https://www.openstreetmap.org/node/13913873101
Manufacturer: Flock Safety
Direction: 136
Zone: traffic
Camera type: fixed</description>
      <Point>
        <coordinates>-94.8311507,36.9985657,0</coordinates>
      </Point>
    </Placemark>
    <Placemark>
      <name>ALPR</name>
      <description>OSM node: https://www.openstreetmap.org/node/13913877201
Manufacturer: Flock Safety
Direction: 158
Zone: traffic
Camera type: fixed</description>
      <Point>
        <coordinates>-94.8421262,36.9204023,0</coordinates>
      </Point>
    </Placemark>
    <Placemark>
      <name>ALPR</name>
      <description>OSM node: https://www.openstreetmap.org/node/13914871501
Manufacturer: Flock Safety
Direction: 146
Zone: traffic
Camera type: fixed</description>
      <Point>
        <coordinates>-97.9671326,34.5479188,0</coordinates>
      </Point>
    </Placemark>
    <Placemark>
      <name>ALPR</name>
      <description>OSM node: https://www.openstreetmap.org/node/13915423902
Manufacturer: Flock Safety
Direction: 317;33;108
Zone: traffic
Camera type: fixed</description>
      <Point>
        <coordinates>-97.388298,35.435145,0</coordinates>
      </Point>
    </Placemark>
    <Placemark>
      <name>ALPR</name>
      <description>OSM node: https://www.openstreetmap.org/node/13917917201
Manufacturer: Flock Safety
Direction: 355
Zone: traffic
Camera type: fixed</description>
      <Point>
        <coordinates>-94.8771953,36.9195174,0</coordinates>
      </Point>
    </Placemark>
    <Placemark>
      <name>ALPR</name>
      <description>OSM node: https://www.openstreetmap.org/node/13918047301
Manufacturer: Flock Safety
Direction: 38
Zone: traffic
Camera type: fixed</description>
      <Point>
        <coordinates>-95.8651899,36.0590998,0</coordinates>
      </Point>
    </Placemark>
    <Placemark>
      <name>ALPR</name>
      <description>OSM node: https://www.openstreetmap.org/node/13920558302
Manufacturer: Motorola Solutions
Direction: 300;66
Zone: traffic
Camera type: fixed</description>
      <Point>
        <coordinates>-97.4750908,35.5307952,0</coordinates>
      </Point>
    </Placemark>
    <Placemark>
      <name>ALPR</name>
      <description>OSM node: https://www.openstreetmap.org/node/13920859001
Manufacturer: Flock Safety
Direction: 252
Zone: traffic
Camera type: fixed</description>
      <Point>
        <coordinates>-97.1418387,35.4350239,0</coordinates>
      </Point>
    </Placemark>
    <Placemark>
      <name>ALPR</name>
      <description>OSM node: https://www.openstreetmap.org/node/13921059001
Manufacturer: Axon Enterprise
Direction: 343
Zone: traffic
Camera type: fixed</description>
      <Point>
        <coordinates>-97.6009357,35.4353874,0</coordinates>
      </Point>
    </Placemark>
    <Placemark>
      <name>ALPR</name>
      <description>OSM node: https://www.openstreetmap.org/node/13921063101
Manufacturer: Flock Safety
Direction: 335
Zone: traffic
Camera type: fixed</description>
      <Point>
        <coordinates>-97.5832005,35.4482596,0</coordinates>
      </Point>
    </Placemark>
    <Placemark>
      <name>ALPR</name>
      <description>OSM node: https://www.openstreetmap.org/node/13921066601
Manufacturer: Flock Safety
Direction: 250
Zone: traffic
Camera type: fixed</description>
      <Point>
        <coordinates>-97.5716211,35.4498644,0</coordinates>
      </Point>
    </Placemark>
    <Placemark>
      <name>ALPR</name>
      <description>OSM node: https://www.openstreetmap.org/node/13921363001
Manufacturer: Flock Safety
Direction: 90
Zone: traffic
Camera type: fixed</description>
      <Point>
        <coordinates>-95.9489967,36.0446468,0</coordinates>
      </Point>
    </Placemark>
    <Placemark>
      <name>ALPR</name>
      <description>OSM node: https://www.openstreetmap.org/node/13923291101
Manufacturer: Flock Safety
Direction: 326
Zone: traffic
Camera type: fixed</description>
      <Point>
        <coordinates>-98.4221345,34.623417,0</coordinates>
      </Point>
    </Placemark>
    <Placemark>
      <name>ALPR</name>
      <description>OSM node: https://www.openstreetmap.org/node/13923905631
Manufacturer: Axon Enterprise
Direction: 120
Zone: traffic
Camera type: fixed</description>
      <Point>
        <coordinates>-97.5999086,35.4060134,0</coordinates>
      </Point>
    </Placemark>
    <Placemark>
      <name>ALPR</name>
      <description>OSM node: https://www.openstreetmap.org/node/13927842101
Manufacturer: Flock Safety
Direction: 144
Zone: traffic
Camera type: fixed</description>
      <Point>
        <coordinates>-97.283105,36.8114472,0</coordinates>
      </Point>
    </Placemark>
    <Placemark>
      <name>ALPR</name>
      <description>OSM node: https://www.openstreetmap.org/node/13927844101
Manufacturer: Flock Safety
Direction: 250
Zone: traffic
Camera type: fixed</description>
      <Point>
        <coordinates>-97.2830963,36.8116285,0</coordinates>
      </Point>
    </Placemark>
    <Placemark>
      <name>ALPR</name>
      <description>OSM node: https://www.openstreetmap.org/node/13931059201
Manufacturer: Flock Safety
Direction: 133;227;317
Zone: traffic
Camera type: fixed</description>
      <Point>
        <coordinates>-97.4234298,35.435446,0</coordinates>
      </Point>
    </Placemark>
    <Placemark>
      <name>ALPR</name>
      <description>OSM node: https://www.openstreetmap.org/node/13931758601
Manufacturer: Flock Safety
Direction: 0
Zone: traffic
Camera type: fixed</description>
      <Point>
        <coordinates>-97.1595221,35.2978964,0</coordinates>
      </Point>
    </Placemark>
    <Placemark>
      <name>ALPR</name>
      <description>OSM node: https://www.openstreetmap.org/node/13931776801
Manufacturer: Flock Safety
Direction: 94
Zone: traffic
Camera type: fixed</description>
      <Point>
        <coordinates>-97.5655557,35.3770956,0</coordinates>
      </Point>
    </Placemark>
    <Placemark>
      <name>ALPR</name>
      <description>OSM node: https://www.openstreetmap.org/node/13931777201
Manufacturer: Flock Safety
Direction: 180
Zone: traffic
Camera type: fixed</description>
      <Point>
        <coordinates>-97.5688225,35.3770739,0</coordinates>
      </Point>
    </Placemark>
    <Placemark>
      <name>ALPR</name>
      <description>OSM node: https://www.openstreetmap.org/node/13931778901
Manufacturer: Flock Safety
Direction: 69
Zone: traffic
Camera type: fixed</description>
      <Point>
        <coordinates>-97.5654967,35.4206256,0</coordinates>
      </Point>
    </Placemark>
    <Placemark>
      <name>ALPR</name>
      <description>OSM node: https://www.openstreetmap.org/node/13931820701
Manufacturer: Axon Enterprise
Direction: 316
Zone: traffic
Camera type: fixed</description>
      <Point>
        <coordinates>-97.5315311,35.4933691,0</coordinates>
      </Point>
    </Placemark>
    <Placemark>
      <name>ALPR</name>
      <description>OSM node: https://www.openstreetmap.org/node/13931962934
Direction: -60
Zone: street</description>
      <Point>
        <coordinates>-95.9179087,36.1606871,0</coordinates>
      </Point>
    </Placemark>
    <Placemark>
      <name>Lowe's ALPR</name>
      <description>OSM node: https://www.openstreetmap.org/node/13935485201
Operator: Lowe's
Manufacturer: Flock Safety
Direction: 79
Zone: traffic
Camera type: fixed</description>
      <Point>
        <coordinates>-97.1633089,34.1896153,0</coordinates>
      </Point>
    </Placemark>
    <Placemark>
      <name>ALPR</name>
      <description>OSM node: https://www.openstreetmap.org/node/13937150401
Manufacturer: Flock Safety
Direction: 213
Zone: traffic
Camera type: fixed</description>
      <Point>
        <coordinates>-97.5760588,35.6081907,0</coordinates>
      </Point>
    </Placemark>
    <Placemark>
      <name>ALPR</name>
      <description>OSM node: https://www.openstreetmap.org/node/13937151501
Manufacturer: Flock Safety
Direction: 116
Zone: traffic
Camera type: fixed</description>
      <Point>
        <coordinates>-97.5669801,35.6086752,0</coordinates>
      </Point>
    </Placemark>
    <Placemark>
      <name>ALPR</name>
      <description>OSM node: https://www.openstreetmap.org/node/13937151502
Manufacturer: Flock Safety
Direction: 236
Zone: traffic
Camera type: fixed</description>
      <Point>
        <coordinates>-97.5673014,35.6047755,0</coordinates>
      </Point>
    </Placemark>
    <Placemark>
      <name>ALPR</name>
      <description>OSM node: https://www.openstreetmap.org/node/13937151503
Manufacturer: Flock Safety
Direction: 237
Zone: traffic
Camera type: fixed</description>
      <Point>
        <coordinates>-97.5673008,35.5979962,0</coordinates>
      </Point>
    </Placemark>
    <Placemark>
      <name>ALPR</name>
      <description>OSM node: https://www.openstreetmap.org/node/13937152001
Manufacturer: Flock Safety
Direction: 233
Zone: traffic
Camera type: fixed</description>
      <Point>
        <coordinates>-97.5672487,35.5991292,0</coordinates>
      </Point>
    </Placemark>
    <Placemark>
      <name>ALPR</name>
      <description>OSM node: https://www.openstreetmap.org/node/13937454701
Manufacturer: Flock Safety
Direction: 115;236;269
Zone: traffic
Camera type: fixed</description>
      <Point>
        <coordinates>-97.4191843,35.4498528,0</coordinates>
      </Point>
    </Placemark>
    <Placemark>
      <name>Lowe's ALPR</name>
      <description>OSM node: https://www.openstreetmap.org/node/13937812801
Operator: Lowe's
Manufacturer: Flock Safety
Direction: 191;359
Zone: traffic
Camera type: fixed</description>
      <Point>
        <coordinates>-94.8774581,36.8709071,0</coordinates>
      </Point>
    </Placemark>
    <Placemark>
      <name>ALPR</name>
      <description>OSM node: https://www.openstreetmap.org/node/13937841201
Manufacturer: Flock Safety
Direction: 133;317
Zone: traffic
Camera type: fixed</description>
      <Point>
        <coordinates>-94.840084,36.8914954,0</coordinates>
      </Point>
    </Placemark>
    <Placemark>
      <name>ALPR</name>
      <description>OSM node: https://www.openstreetmap.org/node/13937844401
Manufacturer: Flock Safety
Direction: 312;131
Zone: traffic
Camera type: fixed</description>
      <Point>
        <coordinates>-94.8415557,36.8914882,0</coordinates>
      </Point>
    </Placemark>
    <Placemark>
      <name>ALPR</name>
      <description>OSM node: https://www.openstreetmap.org/node/13938424802
Manufacturer: Flock Safety
Direction: 218
Zone: traffic
Camera type: fixed</description>
      <Point>
        <coordinates>-96.1288139,36.1552126,0</coordinates>
      </Point>
    </Placemark>
    <Placemark>
      <name>ALPR</name>
      <description>OSM node: https://www.openstreetmap.org/node/13938426201
Manufacturer: Flock Safety
Direction: 67
Zone: traffic
Camera type: fixed</description>
      <Point>
        <coordinates>-96.1347057,36.1410564,0</coordinates>
      </Point>
    </Placemark>
    <Placemark>
      <name>ALPR</name>
      <description>OSM node: https://www.openstreetmap.org/node/13939208901
Manufacturer: Flock Safety
Direction: 42;133;213
Zone: traffic
Camera type: fixed</description>
      <Point>
        <coordinates>-97.4063162,35.4547295,0</coordinates>
      </Point>
    </Placemark>
    <Placemark>
      <name>ALPR</name>
      <description>OSM node: https://www.openstreetmap.org/node/13939531201
Manufacturer: Flock Safety
Direction: 55
Zone: traffic
Camera type: fixed</description>
      <Point>
        <coordinates>-97.5184473,35.348755,0</coordinates>
      </Point>
    </Placemark>
    <Placemark>
      <name>ALPR</name>
      <description>OSM node: https://www.openstreetmap.org/node/13939543502
Manufacturer: Flock Safety
Direction: 51
Zone: traffic
Camera type: fixed</description>
      <Point>
        <coordinates>-97.511719,35.3633222,0</coordinates>
      </Point>
    </Placemark>
    <Placemark>
      <name>ALPR</name>
      <description>OSM node: https://www.openstreetmap.org/node/13939570901
Manufacturer: Flock Safety
Direction: 81
Zone: traffic
Camera type: fixed</description>
      <Point>
        <coordinates>-96.828982,33.9401749,0</coordinates>
      </Point>
    </Placemark>
    <Placemark>
      <name>ALPR</name>
      <description>OSM node: https://www.openstreetmap.org/node/13939653201
Manufacturer: Flock Safety
Direction: 251
Zone: traffic
Camera type: fixed</description>
      <Point>
        <coordinates>-97.1247519,35.4349405,0</coordinates>
      </Point>
    </Placemark>
    <Placemark>
      <name>ALPR</name>
      <description>OSM node: https://www.openstreetmap.org/node/13944146501
Manufacturer: Flock Safety
Direction: 82
Zone: traffic
Camera type: fixed</description>
      <Point>
        <coordinates>-97.9669482,34.5026565,0</coordinates>
      </Point>
    </Placemark>
    <Placemark>
      <name>ALPR</name>
      <description>OSM node: https://www.openstreetmap.org/node/13946069901
Manufacturer: Flock Safety
Direction: 239
Zone: traffic
Camera type: fixed</description>
      <Point>
        <coordinates>-97.9423777,35.5080547,0</coordinates>
      </Point>
    </Placemark>
    <Placemark>
      <name>ALPR</name>
      <description>OSM node: https://www.openstreetmap.org/node/13948582901
Manufacturer: Flock Safety
Direction: 265
Zone: traffic
Camera type: fixed</description>
      <Point>
        <coordinates>-97.9692443,34.5071483,0</coordinates>
      </Point>
    </Placemark>
    <Placemark>
      <name>ALPR</name>
      <description>OSM node: https://www.openstreetmap.org/node/13948684401
Manufacturer: Flock Safety
Direction: 254
Zone: traffic
Camera type: fixed</description>
      <Point>
        <coordinates>-97.5494963,35.5946967,0</coordinates>
      </Point>
    </Placemark>
    <Placemark>
      <name>ALPR</name>
      <description>OSM node: https://www.openstreetmap.org/node/13948707901
Manufacturer: Flock Safety
Direction: 0;91;161
Zone: traffic
Camera type: fixed</description>
      <Point>
        <coordinates>-97.4061693,35.4421665,0</coordinates>
      </Point>
    </Placemark>
    <Placemark>
      <name>Lowe's ALPR</name>
      <description>OSM node: https://www.openstreetmap.org/node/13948707902
Operator: Lowe's
Manufacturer: Flock Safety
Direction: 233
Zone: traffic
Camera type: fixed</description>
      <Point>
        <coordinates>-97.4018987,35.4362191,0</coordinates>
      </Point>
    </Placemark>
    <Placemark>
      <name>Lowe's ALPR</name>
      <description>OSM node: https://www.openstreetmap.org/node/13948708401
Operator: Lowe's
Manufacturer: Flock Safety
Direction: 8
Zone: traffic
Camera type: fixed</description>
      <Point>
        <coordinates>-97.4030784,35.435596,0</coordinates>
      </Point>
    </Placemark>
    <Placemark>
      <name>ALPR</name>
      <description>OSM node: https://www.openstreetmap.org/node/13948749401
Manufacturer: Flock Safety
Direction: 236
Zone: traffic
Camera type: fixed</description>
      <Point>
        <coordinates>-97.5672623,35.6064643,0</coordinates>
      </Point>
    </Placemark>
    <Placemark>
      <name>ALPR</name>
      <description>OSM node: https://www.openstreetmap.org/node/13948749601
Manufacturer: Axis Communications
Direction: 115
Zone: traffic
Camera type: fixed</description>
      <Point>
        <coordinates>-97.5670129,35.6086666,0</coordinates>
      </Point>
    </Placemark>
    <Placemark>
      <name>ALPR</name>
      <description>OSM node: https://www.openstreetmap.org/node/13948796401
Manufacturer: Flock Safety
Direction: 155
Zone: traffic
Camera type: fixed</description>
      <Point>
        <coordinates>-97.5722564,35.6072438,0</coordinates>
      </Point>
    </Placemark>
    <Placemark>
      <name>ALPR</name>
      <description>OSM node: https://www.openstreetmap.org/node/13950481602
Manufacturer: Flock Safety
Direction: 344
Zone: traffic
Camera type: fixed</description>
      <Point>
        <coordinates>-97.5655091,35.4062155,0</coordinates>
      </Point>
    </Placemark>
    <Placemark>
      <name>ALPR</name>
      <description>OSM node: https://www.openstreetmap.org/node/13950502102
Manufacturer: Flock Safety
Direction: 167
Zone: traffic
Camera type: fixed</description>
      <Point>
        <coordinates>-97.5655887,35.4061317,0</coordinates>
      </Point>
    </Placemark>
    <Placemark>
      <name>ALPR</name>
      <description>OSM node: https://www.openstreetmap.org/node/13951149001
Manufacturer: Flock Safety
Direction: 59;229;302
Zone: traffic
Camera type: fixed</description>
      <Point>
        <coordinates>-97.4057589,35.4350672,0</coordinates>
      </Point>
    </Placemark>
    <Placemark>
      <name>ALPR</name>
      <description>OSM node: https://www.openstreetmap.org/node/13952000101
Manufacturer: Flock Safety
Direction: 347
Zone: traffic
Camera type: fixed</description>
      <Point>
        <coordinates>-97.6364261,35.4621835,0</coordinates>
      </Point>
    </Placemark>
    <Placemark>
      <name>ALPR</name>
      <description>OSM node: https://www.openstreetmap.org/node/13952462302
Manufacturer: Flock Safety
Direction: 338
Zone: traffic
Camera type: fixed</description>
      <Point>
        <coordinates>-97.521225,35.3917652,0</coordinates>
      </Point>
    </Placemark>
    <Placemark>
      <name>ALPR</name>
      <description>OSM node: https://www.openstreetmap.org/node/13952677501
Manufacturer: Flock Safety
Direction: 84
Zone: traffic
Camera type: fixed</description>
      <Point>
        <coordinates>-97.1845037,35.4929729,0</coordinates>
      </Point>
    </Placemark>
    <Placemark>
      <name>ALPR</name>
      <description>OSM node: https://www.openstreetmap.org/node/13953164601
Manufacturer: Flock Safety
Direction: 328
Zone: traffic
Camera type: fixed</description>
      <Point>
        <coordinates>-95.8773118,36.0029745,0</coordinates>
      </Point>
    </Placemark>
    <Placemark>
      <name>ALPR</name>
      <description>OSM node: https://www.openstreetmap.org/node/13953797101
Manufacturer: Flock Safety
Direction: 242
Zone: traffic
Camera type: fixed</description>
      <Point>
        <coordinates>-97.2309551,35.49351,0</coordinates>
      </Point>
    </Placemark>
    <Placemark>
      <name>ALPR</name>
      <description>OSM node: https://www.openstreetmap.org/node/13953867201
Manufacturer: Flock Safety
Direction: 352
Zone: traffic
Camera type: fixed</description>
      <Point>
        <coordinates>-97.5091955,35.5668017,0</coordinates>
      </Point>
    </Placemark>
    <Placemark>
      <name>ALPR</name>
      <description>OSM node: https://www.openstreetmap.org/node/13954742601
Manufacturer: Flock Safety
Direction: 142
Zone: traffic
Camera type: fixed</description>
      <Point>
        <coordinates>-96.3873179,35.8217035,0</coordinates>
      </Point>
    </Placemark>
    <Placemark>
      <name>ALPR</name>
      <description>OSM node: https://www.openstreetmap.org/node/13956071501
Manufacturer: Flock Safety
Direction: 233
Zone: traffic
Camera type: fixed</description>
      <Point>
        <coordinates>-97.9597497,34.5020895,0</coordinates>
      </Point>
    </Placemark>
    <Placemark>
      <name>ALPR</name>
      <description>OSM node: https://www.openstreetmap.org/node/13956565401
Manufacturer: Flock Safety
Direction: 0
Zone: traffic
Camera type: fixed</description>
      <Point>
        <coordinates>-96.2226601,36.1335862,0</coordinates>
      </Point>
    </Placemark>
    <Placemark>
      <name>ALPR</name>
      <description>OSM node: https://www.openstreetmap.org/node/13956893401
Manufacturer: Flock Safety
Direction: 359
Zone: traffic
Camera type: fixed</description>
      <Point>
        <coordinates>-97.6955215,35.4239685,0</coordinates>
      </Point>
    </Placemark>
    <Placemark>
      <name>ALPR</name>
      <description>OSM node: https://www.openstreetmap.org/node/13958269901
Manufacturer: Flock Safety
Direction: 334
Zone: traffic
Camera type: fixed</description>
      <Point>
        <coordinates>-97.1297979,33.7656055,0</coordinates>
      </Point>
    </Placemark>
    <Placemark>
      <name>ALPR</name>
      <description>OSM node: https://www.openstreetmap.org/node/13958285102
Manufacturer: Flock Safety
Direction: 338
Zone: traffic
Camera type: fixed</description>
      <Point>
        <coordinates>-97.4234292,35.416049,0</coordinates>
      </Point>
    </Placemark>
    <Placemark>
      <name>ALPR</name>
      <description>OSM node: https://www.openstreetmap.org/node/13958478601
Manufacturer: Flock Safety
Direction: 0;157;322
Zone: traffic
Camera type: fixed</description>
      <Point>
        <coordinates>-97.3886811,35.4784956,0</coordinates>
      </Point>
    </Placemark>
    <Placemark>
      <name>ALPR</name>
      <description>OSM node: https://www.openstreetmap.org/node/13958480801
Manufacturer: Flock Safety
Direction: 0;268
Zone: traffic
Camera type: fixed</description>
      <Point>
        <coordinates>-97.4061623,35.4784549,0</coordinates>
      </Point>
    </Placemark>
    <Placemark>
      <name>ALPR</name>
      <description>OSM node: https://www.openstreetmap.org/node/13958837325
Manufacturer: Flock Safety
Direction: 350
Zone: traffic
Camera type: fixed</description>
      <Point>
        <coordinates>-97.5314975,35.6091765,0</coordinates>
      </Point>
    </Placemark>
    <Placemark>
      <name>ALPR</name>
      <description>OSM node: https://www.openstreetmap.org/node/13959226901
Manufacturer: Flock Safety
Direction: 138
Zone: traffic
Camera type: fixed</description>
      <Point>
        <coordinates>-97.9413424,36.3903619,0</coordinates>
      </Point>
    </Placemark>
    <Placemark>
      <name>ALPR</name>
      <description>OSM node: https://www.openstreetmap.org/node/13959231401
Manufacturer: Flock Safety
Direction: 119
Zone: traffic
Camera type: fixed</description>
      <Point>
        <coordinates>-97.5301749,35.4788209,0</coordinates>
      </Point>
    </Placemark>
    <Placemark>
      <name>ALPR</name>
      <description>OSM node: https://www.openstreetmap.org/node/13960859966
Manufacturer: Flock Safety
Direction: 205
Zone: street
Camera type: fixed</description>
      <Point>
        <coordinates>-97.4790099,35.3029174,0</coordinates>
      </Point>
    </Placemark>
    <Placemark>
      <name>ALPR</name>
      <description>OSM node: https://www.openstreetmap.org/node/13960983201
Manufacturer: Flock Safety
Direction: 0
Zone: traffic
Camera type: fixed</description>
      <Point>
        <coordinates>-95.8855645,36.1320926,0</coordinates>
      </Point>
    </Placemark>
    <Placemark>
      <name>ALPR</name>
      <description>OSM node: https://www.openstreetmap.org/node/13962393504
Manufacturer: Flock Safety
Direction: 162
Zone: traffic
Camera type: fixed</description>
      <Point>
        <coordinates>-97.5404523,35.5582447,0</coordinates>
      </Point>
    </Placemark>
    <Placemark>
      <name>ALPR</name>
      <description>OSM node: https://www.openstreetmap.org/node/13963878111
Manufacturer: Flock Safety
Direction: 0
Zone: traffic
Camera type: fixed</description>
      <Point>
        <coordinates>-95.5177353,36.4376074,0</coordinates>
      </Point>
    </Placemark>
    <Placemark>
      <name>Casino Security ALPR</name>
      <description>OSM node: https://www.openstreetmap.org/node/13966745127
Operator: Casino Security
Manufacturer: Leonardo
Direction: 35
Zone: entrance</description>
      <Point>
        <coordinates>-95.9640924,36.0437022,0</coordinates>
      </Point>
    </Placemark>
    <Placemark>
      <name>Casino Security ALPR</name>
      <description>OSM node: https://www.openstreetmap.org/node/13966764962
Operator: Casino Security
Manufacturer: Rekor
Direction: 235
Zone: entrance</description>
      <Point>
        <coordinates>-95.9639469,36.0439299,0</coordinates>
      </Point>
    </Placemark>
    <Placemark>
      <name>ALPR</name>
      <description>OSM node: https://www.openstreetmap.org/node/13968938601
Manufacturer: Flock Safety
Direction: 184
Zone: traffic
Camera type: fixed</description>
      <Point>
        <coordinates>-95.5212634,36.4347582,0</coordinates>
      </Point>
    </Placemark>
    <Placemark>
      <name>ALPR</name>
      <description>OSM node: https://www.openstreetmap.org/node/13969064001
Manufacturer: Flock Safety
Direction: 154
Zone: traffic
Camera type: fixed</description>
      <Point>
        <coordinates>-95.793827,36.0848291,0</coordinates>
      </Point>
    </Placemark>
    <Placemark>
      <name>ALPR</name>
      <description>OSM node: https://www.openstreetmap.org/node/13969169401
Manufacturer: Flock Safety
Direction: 48
Zone: traffic
Camera type: fixed</description>
      <Point>
        <coordinates>-96.098681,36.1374257,0</coordinates>
      </Point>
    </Placemark>
    <Placemark>
      <name>ALPR</name>
      <description>OSM node: https://www.openstreetmap.org/node/13969178801
Manufacturer: Flock Safety
Direction: 47
Zone: traffic
Camera type: fixed</description>
      <Point>
        <coordinates>-96.0777959,36.1436788,0</coordinates>
      </Point>
    </Placemark>
    <Placemark>
      <name>ALPR</name>
      <description>OSM node: https://www.openstreetmap.org/node/13969188401
Manufacturer: Flock Safety
Direction: 72
Zone: traffic
Camera type: fixed</description>
      <Point>
        <coordinates>-96.0495278,36.1479832,0</coordinates>
      </Point>
    </Placemark>
    <Placemark>
      <name>ALPR</name>
      <description>OSM node: https://www.openstreetmap.org/node/13972150603
Manufacturer: Flock Safety
Direction: 356
Zone: traffic
Camera type: fixed</description>
      <Point>
        <coordinates>-96.3991692,35.0801907,0</coordinates>
      </Point>
    </Placemark>
    <Placemark>
      <name>ALPR</name>
      <description>OSM node: https://www.openstreetmap.org/node/13972539901
Manufacturer: Flock Safety
Direction: 66
Zone: traffic
Camera type: fixed</description>
      <Point>
        <coordinates>-96.1195021,36.10464,0</coordinates>
      </Point>
    </Placemark>
    <Placemark>
      <name>ALPR</name>
      <description>OSM node: https://www.openstreetmap.org/node/13973092001
Manufacturer: Flock Safety
Direction: 130
Zone: traffic
Camera type: fixed</description>
      <Point>
        <coordinates>-97.353349,35.4931482,0</coordinates>
      </Point>
    </Placemark>
    <Placemark>
      <name>ALPR</name>
      <description>OSM node: https://www.openstreetmap.org/node/13973142502
Manufacturer: Flock Safety
Direction: 19;134
Zone: traffic
Camera type: fixed</description>
      <Point>
        <coordinates>-94.8776666,36.8789424,0</coordinates>
      </Point>
    </Placemark>
    <Placemark>
      <name>ALPR</name>
      <description>OSM node: https://www.openstreetmap.org/node/13973145301
Manufacturer: Flock Safety
Direction: 319;204
Zone: traffic
Camera type: fixed</description>
      <Point>
        <coordinates>-94.8774129,36.8791399,0</coordinates>
      </Point>
    </Placemark>
    <Placemark>
      <name>ALPR</name>
      <description>OSM node: https://www.openstreetmap.org/node/13974496401
Manufacturer: Flock Safety
Direction: 145
Zone: traffic
Camera type: fixed</description>
      <Point>
        <coordinates>-97.3710452,35.4641547,0</coordinates>
      </Point>
    </Placemark>
    <Placemark>
      <name>ALPR</name>
      <description>OSM node: https://www.openstreetmap.org/node/13974736302
Manufacturer: Flock Safety
Direction: 128
Zone: traffic
Camera type: fixed</description>
      <Point>
        <coordinates>-95.9696322,35.9810489,0</coordinates>
      </Point>
    </Placemark>
    <Placemark>
      <name>ALPR</name>
      <description>OSM node: https://www.openstreetmap.org/node/13974804601
Manufacturer: Flock Safety
Direction: 318
Zone: traffic
Camera type: fixed</description>
      <Point>
        <coordinates>-97.1376639,33.7949829,0</coordinates>
      </Point>
    </Placemark>
    <Placemark>
      <name>ALPR</name>
      <description>OSM node: https://www.openstreetmap.org/node/13975239301
Manufacturer: Flock Safety
Direction: 147
Zone: traffic
Camera type: fixed</description>
      <Point>
        <coordinates>-97.5834295,35.4351157,0</coordinates>
      </Point>
    </Placemark>
    <Placemark>
      <name>ALPR</name>
      <description>OSM node: https://www.openstreetmap.org/node/13976137901
Manufacturer: Flock Safety
Direction: 64;314
Zone: traffic
Camera type: fixed</description>
      <Point>
        <coordinates>-97.9683479,34.50277,0</coordinates>
      </Point>
    </Placemark>
    <Placemark>
      <name>ALPR</name>
      <description>OSM node: https://www.openstreetmap.org/node/13977569601
Manufacturer: Flock Safety
Direction: 316;321
Zone: traffic
Camera type: fixed</description>
      <Point>
        <coordinates>-95.8882125,36.1845161,0</coordinates>
      </Point>
    </Placemark>
    <Placemark>
      <name>ALPR</name>
      <description>OSM node: https://www.openstreetmap.org/node/13978930501
Manufacturer: Flock Safety
Direction: 35
Zone: traffic
Camera type: fixed</description>
      <Point>
        <coordinates>-95.8908637,36.1859741,0</coordinates>
      </Point>
    </Placemark>
    <Placemark>
      <name>ALPR</name>
      <description>OSM node: https://www.openstreetmap.org/node/13978930502
Manufacturer: Flock Safety
Direction: 346;192
Zone: traffic
Camera type: fixed</description>
      <Point>
        <coordinates>-95.8955745,36.1885796,0</coordinates>
      </Point>
    </Placemark>
    <Placemark>
      <name>ALPR</name>
      <description>OSM node: https://www.openstreetmap.org/node/13978934001
Manufacturer: Flock Safety
Direction: 171
Zone: traffic
Camera type: fixed</description>
      <Point>
        <coordinates>-95.8933436,36.1877543,0</coordinates>
      </Point>
    </Placemark>
    <Placemark>
      <name>ALPR</name>
      <description>OSM node: https://www.openstreetmap.org/node/13979249301
Manufacturer: Flock Safety
Direction: 149
Zone: traffic
Camera type: fixed</description>
      <Point>
        <coordinates>-97.4605502,35.638159,0</coordinates>
      </Point>
    </Placemark>
    <Placemark>
      <name>Lowe's ALPR</name>
      <description>OSM node: https://www.openstreetmap.org/node/13979330701
Operator: Lowe's
Manufacturer: Flock Safety
Direction: 261
Zone: traffic
Camera type: fixed</description>
      <Point>
        <coordinates>-97.0673111,36.74772,0</coordinates>
      </Point>
    </Placemark>
    <Placemark>
      <name>ALPR</name>
      <description>OSM node: https://www.openstreetmap.org/node/13979336601
Manufacturer: Flock Safety
Direction: 293
Zone: traffic
Camera type: fixed</description>
      <Point>
        <coordinates>-95.8896814,36.1847014,0</coordinates>
      </Point>
    </Placemark>
    <Placemark>
      <name>ALPR</name>
      <description>OSM node: https://www.openstreetmap.org/node/13979336602
Manufacturer: Flock Safety
Direction: 88
Zone: traffic
Camera type: fixed</description>
      <Point>
        <coordinates>-95.9044609,36.1829192,0</coordinates>
      </Point>
    </Placemark>
    <Placemark>
      <name>ALPR</name>
      <description>OSM node: https://www.openstreetmap.org/node/13979338101
Manufacturer: Flock Safety
Direction: 182
Zone: traffic
Camera type: fixed</description>
      <Point>
        <coordinates>-95.9043735,36.1842275,0</coordinates>
      </Point>
    </Placemark>
    <Placemark>
      <name>ALPR</name>
      <description>OSM node: https://www.openstreetmap.org/node/13979340001
Manufacturer: Flock Safety
Direction: 182
Zone: traffic
Camera type: fixed</description>
      <Point>
        <coordinates>-95.9043735,36.1842275,0</coordinates>
      </Point>
    </Placemark>
    <Placemark>
      <name>ALPR</name>
      <description>OSM node: https://www.openstreetmap.org/node/13979344701
Manufacturer: Flock Safety
Direction: 62
Zone: traffic
Camera type: fixed</description>
      <Point>
        <coordinates>-95.9041051,36.1815724,0</coordinates>
      </Point>
    </Placemark>
    <Placemark>
      <name>ALPR</name>
      <description>OSM node: https://www.openstreetmap.org/node/13983211601
Manufacturer: Flock Safety
Direction: 166
Zone: traffic
Camera type: fixed</description>
      <Point>
        <coordinates>-97.9726968,35.5059416,0</coordinates>
      </Point>
    </Placemark>
    <Placemark>
      <name>ALPR</name>
      <description>OSM node: https://www.openstreetmap.org/node/13983626701
Manufacturer: Flock Safety
Direction: 221
Zone: traffic
Camera type: fixed</description>
      <Point>
        <coordinates>-97.2965654,35.7251599,0</coordinates>
      </Point>
    </Placemark>
    <Placemark>
      <name>ALPR</name>
      <description>OSM node: https://www.openstreetmap.org/node/13983626702
Manufacturer: Flock Safety
Direction: 314
Zone: traffic
Camera type: fixed</description>
      <Point>
        <coordinates>-97.296575,35.7251498,0</coordinates>
      </Point>
    </Placemark>
    <Placemark>
      <name>ALPR</name>
      <description>OSM node: https://www.openstreetmap.org/node/13985531901
Manufacturer: Flock Safety
Direction: 167
Zone: traffic
Camera type: fixed</description>
      <Point>
        <coordinates>-97.4681162,35.4279065,0</coordinates>
      </Point>
    </Placemark>
    <Placemark>
      <name>ALPR</name>
      <description>OSM node: https://www.openstreetmap.org/node/13986219301
Manufacturer: Flock Safety
Direction: 241
Zone: traffic
Camera type: fixed</description>
      <Point>
        <coordinates>-97.4956041,35.3773599,0</coordinates>
      </Point>
    </Placemark>
    <Placemark>
      <name>ALPR</name>
      <description>OSM node: https://www.openstreetmap.org/node/13986221001
Manufacturer: Flock Safety
Direction: 0
Zone: traffic
Camera type: fixed</description>
      <Point>
        <coordinates>-97.5050332,35.3923794,0</coordinates>
      </Point>
    </Placemark>
    <Placemark>
      <name>ALPR</name>
      <description>OSM node: https://www.openstreetmap.org/node/13986259501
Manufacturer: Flock Safety
Direction: 163
Zone: traffic
Camera type: fixed</description>
      <Point>
        <coordinates>-97.3709243,35.0401142,0</coordinates>
      </Point>
    </Placemark>
    <Placemark>
      <name>ALPR</name>
      <description>OSM node: https://www.openstreetmap.org/node/13986259701
Manufacturer: Motorola Solutions
Direction: 183
Zone: traffic
Camera type: fixed</description>
      <Point>
        <coordinates>-97.3716639,35.0403651,0</coordinates>
      </Point>
    </Placemark>
    <Placemark>
      <name>ALPR</name>
      <description>OSM node: https://www.openstreetmap.org/node/13986379301
Manufacturer: Flock Safety
Direction: 69
Zone: traffic
Camera type: fixed</description>
      <Point>
        <coordinates>-97.3674361,34.9983281,0</coordinates>
      </Point>
    </Placemark>
    <Placemark>
      <name>ALPR</name>
      <description>OSM node: https://www.openstreetmap.org/node/13986383501
Manufacturer: Flock Safety
Direction: 0
Zone: traffic
Camera type: fixed</description>
      <Point>
        <coordinates>-97.3683517,34.9857837,0</coordinates>
      </Point>
    </Placemark>
    <Placemark>
      <name>ALPR</name>
      <description>OSM node: https://www.openstreetmap.org/node/13987068701
Manufacturer: Flock Safety
Direction: 316
Zone: traffic
Camera type: fixed</description>
      <Point>
        <coordinates>-96.438979,36.2768932,0</coordinates>
      </Point>
    </Placemark>
    <Placemark>
      <name>ALPR</name>
      <description>OSM node: https://www.openstreetmap.org/node/13987277101
Manufacturer: Flock Safety
Direction: 0
Zone: traffic
Camera type: fixed</description>
      <Point>
        <coordinates>-97.1397921,34.1612959,0</coordinates>
      </Point>
    </Placemark>
    <Placemark>
      <name>ALPR</name>
      <description>OSM node: https://www.openstreetmap.org/node/13988695101
Manufacturer: Flock Safety
Direction: 145
Zone: traffic
Camera type: fixed</description>
      <Point>
        <coordinates>-97.0417664,36.9851365,0</coordinates>
      </Point>
    </Placemark>
    <Placemark>
      <name>ALPR</name>
      <description>OSM node: https://www.openstreetmap.org/node/13988700801
Manufacturer: Flock Safety
Direction: 328
Zone: traffic
Camera type: fixed</description>
      <Point>
        <coordinates>-97.0416379,36.9820387,0</coordinates>
      </Point>
    </Placemark>
    <Placemark>
      <name>ALPR</name>
      <description>OSM node: https://www.openstreetmap.org/node/13988705101
Manufacturer: Flock Safety
Direction: 328
Zone: traffic
Camera type: fixed</description>
      <Point>
        <coordinates>-97.0416379,36.9820387,0</coordinates>
      </Point>
    </Placemark>
    <Placemark>
      <name>ALPR</name>
      <description>OSM node: https://www.openstreetmap.org/node/13989070201
Manufacturer: Flock Safety
Direction: 0
Zone: traffic
Camera type: fixed</description>
      <Point>
        <coordinates>-97.7089034,35.3773094,0</coordinates>
      </Point>
    </Placemark>
    <Placemark>
      <name>ALPR</name>
      <description>OSM node: https://www.openstreetmap.org/node/13989070301
Manufacturer: Flock Safety
Direction: 159
Zone: traffic
Camera type: fixed</description>
      <Point>
        <coordinates>-97.6543616,35.4787531,0</coordinates>
      </Point>
    </Placemark>
    <Placemark>
      <name>ALPR</name>
      <description>OSM node: https://www.openstreetmap.org/node/13989584208
Manufacturer: Flock Safety
Direction: 340
Zone: traffic
Camera type: fixed</description>
      <Point>
        <coordinates>-94.767332,36.5749704,0</coordinates>
      </Point>
    </Placemark>
    <Placemark>
      <name>ALPR</name>
      <description>OSM node: https://www.openstreetmap.org/node/13989584209
Manufacturer: Flock Safety
Direction: 250
Zone: traffic
Camera type: fixed</description>
      <Point>
        <coordinates>-94.7678922,36.5739015,0</coordinates>
      </Point>
    </Placemark>
    <Placemark>
      <name>ALPR</name>
      <description>OSM node: https://www.openstreetmap.org/node/13990476501
Manufacturer: Flock Safety
Direction: 178
Zone: traffic
Camera type: fixed</description>
      <Point>
        <coordinates>-95.9780454,36.0773856,0</coordinates>
      </Point>
    </Placemark>
    <Placemark>
      <name>ALPR</name>
      <description>OSM node: https://www.openstreetmap.org/node/13990504001
Manufacturer: Flock Safety
Direction: 257
Zone: traffic
Camera type: fixed</description>
      <Point>
        <coordinates>-95.9867318,36.1447618,0</coordinates>
      </Point>
    </Placemark>
    <Placemark>
      <name>ALPR</name>
      <description>OSM node: https://www.openstreetmap.org/node/13991139701
Manufacturer: Flock Safety
Direction: 47
Zone: traffic
Camera type: fixed</description>
      <Point>
        <coordinates>-97.1330666,33.9402316,0</coordinates>
      </Point>
    </Placemark>
    <Placemark>
      <name>ALPR</name>
      <description>OSM node: https://www.openstreetmap.org/node/13996882801
Manufacturer: Axon Enterprises
Direction: 346
Zone: Q690604
Camera type: fixed</description>
      <Point>
        <coordinates>-97.6010383,35.478835,0</coordinates>
      </Point>
    </Placemark>
    <Placemark>
      <name>ALPR</name>
      <description>OSM node: https://www.openstreetmap.org/node/13997623201
Manufacturer: Flock Safety
Direction: 76
Zone: traffic
Camera type: fixed</description>
      <Point>
        <coordinates>-97.4411764,35.4207159,0</coordinates>
      </Point>
    </Placemark>
    <Placemark>
      <name>ALPR</name>
      <description>OSM node: https://www.openstreetmap.org/node/13998547901
Manufacturer: Flock Safety
Direction: 301
Zone: traffic
Camera type: fixed</description>
      <Point>
        <coordinates>-97.4200217,35.4453317,0</coordinates>
      </Point>
    </Placemark>
    <Placemark>
      <name>ALPR</name>
      <description>OSM node: https://www.openstreetmap.org/node/14000380601
Manufacturer: Flock Safety
Direction: 80
Zone: traffic
Camera type: fixed</description>
      <Point>
        <coordinates>-98.3781892,34.6087537,0</coordinates>
      </Point>
    </Placemark>
    <Placemark>
      <name>ALPR</name>
      <description>OSM node: https://www.openstreetmap.org/node/14000383001
Manufacturer: Flock Safety
Direction: 254
Zone: traffic
Camera type: fixed</description>
      <Point>
        <coordinates>-98.3780386,34.6089923,0</coordinates>
      </Point>
    </Placemark>
    <Placemark>
      <name>ALPR</name>
      <description>OSM node: https://www.openstreetmap.org/node/14000383701
Manufacturer: Flock Safety
Direction: 63
Zone: traffic
Camera type: fixed</description>
      <Point>
        <coordinates>-98.3579511,34.6085735,0</coordinates>
      </Point>
    </Placemark>
    <Placemark>
      <name>ALPR</name>
      <description>OSM node: https://www.openstreetmap.org/node/14000384301
Manufacturer: Flock Safety
Direction: 250
Zone: traffic
Camera type: fixed</description>
      <Point>
        <coordinates>-98.352233,34.6087928,0</coordinates>
      </Point>
    </Placemark>
    <Placemark>
      <name>ALPR</name>
      <description>OSM node: https://www.openstreetmap.org/node/14000676401
Manufacturer: Flock Safety
Direction: 348
Zone: traffic
Camera type: fixed</description>
      <Point>
        <coordinates>-97.5343493,35.5221536,0</coordinates>
      </Point>
    </Placemark>
    <Placemark>
      <name>ALPR</name>
      <description>OSM node: https://www.openstreetmap.org/node/14000812401
Manufacturer: Flock Safety
Direction: 246
Zone: traffic
Camera type: fixed</description>
      <Point>
        <coordinates>-97.4220187,35.4515657,0</coordinates>
      </Point>
    </Placemark>
    <Placemark>
      <name>ALPR</name>
      <description>OSM node: https://www.openstreetmap.org/node/14004472003
Manufacturer: Flock Safety
Direction: 111
Zone: traffic
Camera type: fixed</description>
      <Point>
        <coordinates>-96.4253763,34.0017742,0</coordinates>
      </Point>
    </Placemark>
    <Placemark>
      <name>ALPR</name>
      <description>OSM node: https://www.openstreetmap.org/node/14005442401
Manufacturer: Flock Safety
Direction: 320
Zone: traffic
Camera type: fixed</description>
      <Point>
        <coordinates>-97.493131,35.347692,0</coordinates>
      </Point>
    </Placemark>
    <Placemark>
      <name>ALPR</name>
      <description>OSM node: https://www.openstreetmap.org/node/14006542101
Manufacturer: Flock Safety
Direction: 0;285;77
Zone: traffic
Camera type: fixed</description>
      <Point>
        <coordinates>-97.3797326,35.4640314,0</coordinates>
      </Point>
    </Placemark>
    <Placemark>
      <name>ALPR</name>
      <description>OSM node: https://www.openstreetmap.org/node/14006805402
Manufacturer: Flock Safety
Direction: 70
Zone: traffic
Camera type: fixed</description>
      <Point>
        <coordinates>-97.3747217,35.0296452,0</coordinates>
      </Point>
    </Placemark>
    <Placemark>
      <name>ALPR</name>
      <description>OSM node: https://www.openstreetmap.org/node/14007117101
Manufacturer: Flock Safety
Direction: 69
Zone: traffic
Camera type: fixed</description>
      <Point>
        <coordinates>-97.0672825,36.7477161,0</coordinates>
      </Point>
    </Placemark>
    <Placemark>
      <name>ALPR</name>
      <description>OSM node: https://www.openstreetmap.org/node/14007118401
Manufacturer: Flock Safety
Direction: 190
Zone: traffic
Camera type: fixed</description>
      <Point>
        <coordinates>-97.0685648,36.74595,0</coordinates>
      </Point>
    </Placemark>
    <Placemark>
      <name>ALPR</name>
      <description>OSM node: https://www.openstreetmap.org/node/14007422201
Manufacturer: Axon Enterprise
Direction: 114
Zone: traffic
Camera type: fixed</description>
      <Point>
        <coordinates>-97.5318351,35.4931586,0</coordinates>
      </Point>
    </Placemark>
    <Placemark>
      <name>ALPR</name>
      <description>OSM node: https://www.openstreetmap.org/node/14007718101
Manufacturer: Flock Safety
Direction: 156
Zone: traffic
Camera type: fixed</description>
      <Point>
        <coordinates>-94.7939553,34.2627401,0</coordinates>
      </Point>
    </Placemark>
    <Placemark>
      <name>ALPR</name>
      <description>OSM node: https://www.openstreetmap.org/node/14007718701
Manufacturer: Flock Safety
Direction: 283
Zone: traffic
Camera type: fixed</description>
      <Point>
        <coordinates>-94.7992043,34.265522,0</coordinates>
      </Point>
    </Placemark>
    <Placemark>
      <name>ALPR</name>
      <description>OSM node: https://www.openstreetmap.org/node/14007718703
Manufacturer: Flock Safety
Direction: 322
Zone: traffic
Camera type: fixed</description>
      <Point>
        <coordinates>-97.5299646,35.3633264,0</coordinates>
      </Point>
    </Placemark>
    <Placemark>
      <name>ALPR</name>
      <description>OSM node: https://www.openstreetmap.org/node/14011036101
Manufacturer: Flock Safety
Direction: 174
Zone: traffic
Camera type: fixed</description>
      <Point>
        <coordinates>-98.4748809,34.6080333,0</coordinates>
      </Point>
    </Placemark>
    <Placemark>
      <name>ALPR</name>
      <description>OSM node: https://www.openstreetmap.org/node/14013522701
Manufacturer: Flock Safety
Direction: 179
Zone: traffic
Camera type: fixed</description>
      <Point>
        <coordinates>-98.404844,34.6322865,0</coordinates>
      </Point>
    </Placemark>
    <Placemark>
      <name>ALPR</name>
      <description>OSM node: https://www.openstreetmap.org/node/14014811602
Manufacturer: Flock Safety
Direction: 141
Zone: traffic
Camera type: fixed</description>
      <Point>
        <coordinates>-97.1240416,33.7596685,0</coordinates>
      </Point>
    </Placemark>
    <Placemark>
      <name>ALPR</name>
      <description>OSM node: https://www.openstreetmap.org/node/14014815601
Manufacturer: Flock Safety
Direction: 348
Zone: traffic
Camera type: fixed</description>
      <Point>
        <coordinates>-97.123936,33.7595135,0</coordinates>
      </Point>
    </Placemark>
    <Placemark>
      <name>ALPR</name>
      <description>OSM node: https://www.openstreetmap.org/node/14015880402
Manufacturer: Flock Safety
Direction: 174
Zone: traffic
Camera type: fixed</description>
      <Point>
        <coordinates>-97.1286358,33.7655617,0</coordinates>
      </Point>
    </Placemark>
    <Placemark>
      <name>ALPR</name>
      <description>OSM node: https://www.openstreetmap.org/node/14016386201
Manufacturer: Flock Safety
Direction: 150
Zone: traffic
Camera type: fixed</description>
      <Point>
        <coordinates>-95.3938409,35.7554746,0</coordinates>
      </Point>
    </Placemark>
    <Placemark>
      <name>ALPR</name>
      <description>OSM node: https://www.openstreetmap.org/node/14018803001
Manufacturer: Motorola Solutions
Direction: 143
Zone: traffic
Camera type: fixed</description>
      <Point>
        <coordinates>-97.5948413,35.4063945,0</coordinates>
      </Point>
    </Placemark>
    <Placemark>
      <name>ALPR</name>
      <description>OSM node: https://www.openstreetmap.org/node/14018993201
Manufacturer: Flock Safety
Direction: 101
Zone: traffic
Camera type: fixed</description>
      <Point>
        <coordinates>-95.988751,35.9593135,0</coordinates>
      </Point>
    </Placemark>
    <Placemark>
      <name>ALPR</name>
      <description>OSM node: https://www.openstreetmap.org/node/14019026203
Manufacturer: Flock Safety
Direction: 60
Zone: traffic
Camera type: fixed</description>
      <Point>
        <coordinates>-97.937848,35.4062406,0</coordinates>
      </Point>
    </Placemark>
    <Placemark>
      <name>ALPR</name>
      <description>OSM node: https://www.openstreetmap.org/node/14020292601
Manufacturer: Flock Safety
Direction: 0
Zone: traffic
Camera type: fixed</description>
      <Point>
        <coordinates>-95.9027524,36.1157104,0</coordinates>
      </Point>
    </Placemark>
    <Placemark>
      <name>ALPR</name>
      <description>OSM node: https://www.openstreetmap.org/node/14020293601
Manufacturer: Flock Safety
Direction: 173
Zone: traffic
Camera type: fixed</description>
      <Point>
        <coordinates>-95.8988427,36.1135039,0</coordinates>
      </Point>
    </Placemark>
    <Placemark>
      <name>ALPR</name>
      <description>OSM node: https://www.openstreetmap.org/node/14020296001
Manufacturer: Flock Safety
Direction: 49
Zone: traffic
Camera type: fixed</description>
      <Point>
        <coordinates>-95.9053978,36.1147868,0</coordinates>
      </Point>
    </Placemark>
    <Placemark>
      <name>ALPR</name>
      <description>OSM node: https://www.openstreetmap.org/node/14020298301
Manufacturer: Flock Safety
Direction: 209
Zone: traffic
Camera type: fixed</description>
      <Point>
        <coordinates>-95.9056284,36.1159996,0</coordinates>
      </Point>
    </Placemark>
    <Placemark>
      <name>ALPR</name>
      <description>OSM node: https://www.openstreetmap.org/node/14020642801
Manufacturer: Flock Safety
Direction: 174
Zone: traffic
Camera type: fixed</description>
      <Point>
        <coordinates>-95.9265896,36.3368102,0</coordinates>
      </Point>
    </Placemark>
    <Placemark>
      <name>ALPR</name>
      <description>OSM node: https://www.openstreetmap.org/node/14020968701
Manufacturer: Flock Safety
Direction: 150
Zone: traffic
Camera type: fixed</description>
      <Point>
        <coordinates>-97.7603262,35.5078612,0</coordinates>
      </Point>
    </Placemark>
    <Placemark>
      <name>ALPR</name>
      <description>OSM node: https://www.openstreetmap.org/node/14021205613
Manufacturer: Flock Safety
Direction: 260
Zone: traffic
Camera type: fixed</description>
      <Point>
        <coordinates>-97.4414937,35.3110855,0</coordinates>
      </Point>
    </Placemark>
    <Placemark>
      <name>ALPR</name>
      <description>OSM node: https://www.openstreetmap.org/node/14021205615
Manufacturer: Flock Safety
Direction: 170
Zone: traffic
Camera type: fixed</description>
      <Point>
        <coordinates>-97.4448374,35.334085,0</coordinates>
      </Point>
    </Placemark>
    <Placemark>
      <name>ALPR</name>
      <description>OSM node: https://www.openstreetmap.org/node/14021207097
Manufacturer: Flock Safety
Direction: 15
Zone: traffic
Camera type: fixed</description>
      <Point>
        <coordinates>-97.4490103,35.3340083,0</coordinates>
      </Point>
    </Placemark>
    <Placemark>
      <name>ALPR</name>
      <description>OSM node: https://www.openstreetmap.org/node/14021218048
Manufacturer: Flock Safety
Direction: 15
Zone: traffic
Camera type: fixed</description>
      <Point>
        <coordinates>-97.4447195,35.3339521,0</coordinates>
      </Point>
    </Placemark>
    <Placemark>
      <name>ALPR</name>
      <description>OSM node: https://www.openstreetmap.org/node/14021224901
Manufacturer: Flock Safety
Direction: 195
Zone: traffic
Camera type: fixed</description>
      <Point>
        <coordinates>-97.4490106,35.3338111,0</coordinates>
      </Point>
    </Placemark>
    <Placemark>
      <name>ALPR</name>
      <description>OSM node: https://www.openstreetmap.org/node/14022205001
Manufacturer: Flock Safety
Direction: 161
Zone: traffic
Camera type: fixed</description>
      <Point>
        <coordinates>-97.3886603,35.4498278,0</coordinates>
      </Point>
    </Placemark>
    <Placemark>
      <name>ALPR</name>
      <description>OSM node: https://www.openstreetmap.org/node/14022275002
Manufacturer: Flock Safety
Direction: 345;197
Zone: traffic
Camera type: fixed</description>
      <Point>
        <coordinates>-97.3883239,35.449597,0</coordinates>
      </Point>
    </Placemark>
    <Placemark>
      <name>ALPR</name>
      <description>OSM node: https://www.openstreetmap.org/node/14022799601
Manufacturer: Flock Safety
Direction: 167
Zone: traffic
Camera type: fixed</description>
      <Point>
        <coordinates>-97.5302787,35.3880685,0</coordinates>
      </Point>
    </Placemark>
    <Placemark>
      <name>ALPR</name>
      <description>OSM node: https://www.openstreetmap.org/node/14022954201
Manufacturer: Flock Safety
Direction: 181
Zone: traffic
Camera type: fixed</description>
      <Point>
        <coordinates>-96.0330342,34.5264786,0</coordinates>
      </Point>
    </Placemark>
    <Placemark>
      <name>ALPR</name>
      <description>OSM node: https://www.openstreetmap.org/node/14022956101
Manufacturer: Flock Safety
Direction: 275
Zone: traffic
Camera type: fixed</description>
      <Point>
        <coordinates>-96.0330477,34.5264819,0</coordinates>
      </Point>
    </Placemark>
    <Placemark>
      <name>HOA ALPR</name>
      <description>OSM node: https://www.openstreetmap.org/node/14024313513
Operator: HOA
Manufacturer: Flock Safety
Direction: 355
Zone: entrance</description>
      <Point>
        <coordinates>-96.0256659,36.0026243,0</coordinates>
      </Point>
    </Placemark>
    <Placemark>
      <name>ALPR</name>
      <description>OSM node: https://www.openstreetmap.org/node/14024946195</description>
      <Point>
        <coordinates>-95.3949225,35.9595362,0</coordinates>
      </Point>
    </Placemark>
    <Placemark>
      <name>ALPR</name>
      <description>OSM node: https://www.openstreetmap.org/node/14024946196</description>
      <Point>
        <coordinates>-95.3949644,35.9592821,0</coordinates>
      </Point>
    </Placemark>
    <Placemark>
      <name>ALPR</name>
      <description>OSM node: https://www.openstreetmap.org/node/14024946197</description>
      <Point>
        <coordinates>-95.3945878,35.9593473,0</coordinates>
      </Point>
    </Placemark>
    <Placemark>
      <name>ALPR</name>
      <description>OSM node: https://www.openstreetmap.org/node/14024946198</description>
      <Point>
        <coordinates>-95.3945556,35.9596143,0</coordinates>
      </Point>
    </Placemark>
    <Placemark>
      <name>ALPR</name>
      <description>OSM node: https://www.openstreetmap.org/node/14024946200</description>
      <Point>
        <coordinates>-95.8865263,36.0391134,0</coordinates>
      </Point>
    </Placemark>
    <Placemark>
      <name>ALPR</name>
      <description>OSM node: https://www.openstreetmap.org/node/14026713408
Manufacturer: Flock Safety
Direction: 338
Zone: traffic
Camera type: fixed</description>
      <Point>
        <coordinates>-95.7972932,36.2200372,0</coordinates>
      </Point>
    </Placemark>
    <Placemark>
      <name>ALPR</name>
      <description>OSM node: https://www.openstreetmap.org/node/14027366001
Manufacturer: Flock Safety
Direction: 336;69;141;214
Zone: traffic
Camera type: fixed</description>
      <Point>
        <coordinates>-95.7619372,36.1621688,0</coordinates>
      </Point>
    </Placemark>
    <Placemark>
      <name>ALPR</name>
      <description>OSM node: https://www.openstreetmap.org/node/14027587701
Manufacturer: Flock Safety
Direction: 86
Zone: traffic
Camera type: fixed</description>
      <Point>
        <coordinates>-96.0000348,36.7518253,0</coordinates>
      </Point>
    </Placemark>
    <Placemark>
      <name>ALPR</name>
      <description>OSM node: https://www.openstreetmap.org/node/14027690355
Manufacturer: Flock Safety
Direction: 215;70
Zone: traffic
Camera type: fixed</description>
      <Point>
        <coordinates>-97.3178027,35.4498973,0</coordinates>
      </Point>
    </Placemark>
    <Placemark>
      <name>ALPR</name>
      <description>OSM node: https://www.openstreetmap.org/node/14027763055
Manufacturer: Flock Safety
Direction: 80
Zone: traffic
Camera type: fixed</description>
      <Point>
        <coordinates>-95.922222,35.9113785,0</coordinates>
      </Point>
    </Placemark>
    <Placemark>
      <name>ALPR</name>
      <description>OSM node: https://www.openstreetmap.org/node/14027763056
Manufacturer: Flock Safety
Direction: 80
Zone: traffic
Camera type: fixed</description>
      <Point>
        <coordinates>-95.9222456,35.9088225,0</coordinates>
      </Point>
    </Placemark>
    <Placemark>
      <name>ALPR</name>
      <description>OSM node: https://www.openstreetmap.org/node/14027781962
Manufacturer: Flock Safety
Direction: 5
Zone: traffic
Camera type: fixed</description>
      <Point>
        <coordinates>-95.9721159,35.9740051,0</coordinates>
      </Point>
    </Placemark>
    <Placemark>
      <name>ALPR</name>
      <description>OSM node: https://www.openstreetmap.org/node/14027781964
Manufacturer: Flock Safety
Direction: 260
Zone: traffic
Camera type: fixed</description>
      <Point>
        <coordinates>-95.9626915,35.9756067,0</coordinates>
      </Point>
    </Placemark>
    <Placemark>
      <name>ALPR</name>
      <description>OSM node: https://www.openstreetmap.org/node/14028868297
Manufacturer: Flock Safety
Direction: 70
Zone: traffic
Camera type: fixed</description>
      <Point>
        <coordinates>-95.736296,35.8854125,0</coordinates>
      </Point>
    </Placemark>
    <Placemark>
      <name>ALPR</name>
      <description>OSM node: https://www.openstreetmap.org/node/14029089402
Manufacturer: Flock Safety
Direction: 158
Zone: traffic
Camera type: fixed</description>
      <Point>
        <coordinates>-97.9372479,35.5218239,0</coordinates>
      </Point>
    </Placemark>
    <Placemark>
      <name>ALPR</name>
      <description>OSM node: https://www.openstreetmap.org/node/14029762902
Manufacturer: Flock Safety
Direction: 341
Zone: traffic
Camera type: fixed</description>
      <Point>
        <coordinates>-97.9725801,35.5220227,0</coordinates>
      </Point>
    </Placemark>
    <Placemark>
      <name>ALPR</name>
      <description>OSM node: https://www.openstreetmap.org/node/14029770901
Manufacturer: Motorola Solutions
Direction: 24
Zone: traffic
Camera type: fixed</description>
      <Point>
        <coordinates>-97.4803108,35.2539261,0</coordinates>
      </Point>
    </Placemark>
    <Placemark>
      <name>ALPR</name>
      <description>OSM node: https://www.openstreetmap.org/node/14029771401
Manufacturer: Motorola Solutions
Direction: 291
Zone: traffic
Camera type: fixed</description>
      <Point>
        <coordinates>-97.4800426,35.2541319,0</coordinates>
      </Point>
    </Placemark>
    <Placemark>
      <name>ALPR</name>
      <description>OSM node: https://www.openstreetmap.org/node/14029891801
Manufacturer: Flock Safety
Direction: 85;271;333
Zone: traffic
Camera type: fixed</description>
      <Point>
        <coordinates>-97.4179061,35.4641649,0</coordinates>
      </Point>
    </Placemark>
    <Placemark>
      <name>ALPR</name>
      <description>OSM node: https://www.openstreetmap.org/node/14030265595
Manufacturer: Flock Safety
Zone: traffic
Camera type: fixed</description>
      <Point>
        <coordinates>-95.9040946,36.0386492,0</coordinates>
      </Point>
    </Placemark>
    <Placemark>
      <name>ALPR</name>
      <description>OSM node: https://www.openstreetmap.org/node/14030265596
Manufacturer: Flock Safety
Zone: traffic
Camera type: fixed</description>
      <Point>
        <coordinates>-95.9041006,36.0343997,0</coordinates>
      </Point>
    </Placemark>
    <Placemark>
      <name>ALPR</name>
      <description>OSM node: https://www.openstreetmap.org/node/14031583802
Manufacturer: Flock Safety
Direction: 19
Zone: traffic
Camera type: fixed</description>
      <Point>
        <coordinates>-95.9689898,36.1640606,0</coordinates>
      </Point>
    </Placemark>
    <Placemark>
      <name>ALPR</name>
      <description>OSM node: https://www.openstreetmap.org/node/14031709301
Manufacturer: Flock Safety
Direction: 326;0;279
Zone: traffic
Camera type: fixed</description>
      <Point>
        <coordinates>-97.4203552,35.3198802,0</coordinates>
      </Point>
    </Placemark>
    <Placemark>
      <name>ALPR</name>
      <description>OSM node: https://www.openstreetmap.org/node/14032351302
Manufacturer: Flock Safety
Direction: 160
Zone: traffic
Camera type: fixed</description>
      <Point>
        <coordinates>-97.4237128,35.4206064,0</coordinates>
      </Point>
    </Placemark>
    <Placemark>
      <name>ALPR</name>
      <description>OSM node: https://www.openstreetmap.org/node/14032483301
Manufacturer: Flock Safety
Direction: 309
Zone: traffic
Camera type: fixed</description>
      <Point>
        <coordinates>-97.4235573,35.4063143,0</coordinates>
      </Point>
    </Placemark>
    <Placemark>
      <name>ALPR</name>
      <description>OSM node: https://www.openstreetmap.org/node/14032491301
Manufacturer: Flock Safety
Direction: 227
Zone: traffic
Camera type: fixed</description>
      <Point>
        <coordinates>-97.4235573,35.4063143,0</coordinates>
      </Point>
    </Placemark>
    <Placemark>
      <name>Simon Property Group ALPR</name>
      <description>OSM node: https://www.openstreetmap.org/node/14038397901
Operator: Simon Property Group
Manufacturer: Flock Safety
Direction: 180
Zone: traffic
Camera type: fixed</description>
      <Point>
        <coordinates>-95.959422,36.0424998,0</coordinates>
      </Point>
    </Placemark>
    <Placemark>
      <name>Simon Property Group ALPR</name>
      <description>OSM node: https://www.openstreetmap.org/node/14038398701
Operator: Simon Property Group
Manufacturer: Flock Safety
Direction: 199
Zone: traffic
Camera type: fixed</description>
      <Point>
        <coordinates>-95.9611798,36.0450579,0</coordinates>
      </Point>
    </Placemark>
    <Placemark>
      <name>ALPR</name>
      <description>OSM node: https://www.openstreetmap.org/node/14038412160
Manufacturer: Flock Safety
Direction: 63
Zone: traffic
Camera type: fixed</description>
      <Point>
        <coordinates>-97.98341,34.5215225,0</coordinates>
      </Point>
    </Placemark>
    <Placemark>
      <name>ALPR</name>
      <description>OSM node: https://www.openstreetmap.org/node/14038412161
Manufacturer: Flock Safety
Direction: 52
Zone: traffic
Camera type: fixed</description>
      <Point>
        <coordinates>-97.9942954,34.4924105,0</coordinates>
      </Point>
    </Placemark>
    <Placemark>
      <name>ALPR</name>
      <description>OSM node: https://www.openstreetmap.org/node/14040087301
Manufacturer: Flock Safety
Direction: 154
Zone: traffic
Camera type: fixed</description>
      <Point>
        <coordinates>-95.7204383,36.0169929,0</coordinates>
      </Point>
    </Placemark>
    <Placemark>
      <name>ALPR</name>
      <description>OSM node: https://www.openstreetmap.org/node/14041596701
Manufacturer: Flock Safety
Direction: 54
Zone: traffic
Camera type: fixed</description>
      <Point>
        <coordinates>-95.7974732,36.0754114,0</coordinates>
      </Point>
    </Placemark>
    <Placemark>
      <name>ALPR</name>
      <description>OSM node: https://www.openstreetmap.org/node/14041727601
Manufacturer: Axon Enterprise
Direction: 257
Zone: traffic
Camera type: fixed</description>
      <Point>
        <coordinates>-97.4601329,35.5223536,0</coordinates>
      </Point>
    </Placemark>
    <Placemark>
      <name>ALPR</name>
      <description>OSM node: https://www.openstreetmap.org/node/14042019501
Manufacturer: Flock Safety
Direction: 152
Zone: traffic
Camera type: fixed</description>
      <Point>
        <coordinates>-97.476845,35.5075015,0</coordinates>
      </Point>
    </Placemark>
    <Placemark>
      <name>ALPR</name>
      <description>OSM node: https://www.openstreetmap.org/node/14044106802
Manufacturer: Flock Safety
Direction: 269
Zone: traffic
Camera type: fixed</description>
      <Point>
        <coordinates>-97.5148237,35.5655785,0</coordinates>
      </Point>
    </Placemark>
    <Placemark>
      <name>ALPR</name>
      <description>OSM node: https://www.openstreetmap.org/node/14045771501
Manufacturer: Axon Enterprise
Direction: 349
Zone: traffic
Camera type: fixed</description>
      <Point>
        <coordinates>-97.6187815,35.4788364,0</coordinates>
      </Point>
    </Placemark>
    <Placemark>
      <name>ALPR</name>
      <description>OSM node: https://www.openstreetmap.org/node/14045775901
Manufacturer: Axis Communications
Direction: 85
Zone: traffic
Camera type: fixed</description>
      <Point>
        <coordinates>-97.5738866,35.4784477,0</coordinates>
      </Point>
    </Placemark>
    <Placemark>
      <name>ALPR</name>
      <description>OSM node: https://www.openstreetmap.org/node/14045922001
Manufacturer: Flock Safety
Direction: 342
Zone: traffic
Camera type: fixed</description>
      <Point>
        <coordinates>-97.9369701,35.5099429,0</coordinates>
      </Point>
    </Placemark>
    <Placemark>
      <name>Mark Allen Chevrolet ALPR</name>
      <description>OSM node: https://www.openstreetmap.org/node/14050021402
Operator: Mark Allen Chevrolet
Manufacturer: Flock Safety
Direction: 65
Zone: entrance</description>
      <Point>
        <coordinates>-96.0112575,35.9201521,0</coordinates>
      </Point>
    </Placemark>
    <Placemark>
      <name>ALPR</name>
      <description>OSM node: https://www.openstreetmap.org/node/14051893502
Manufacturer: Flock Safety
Direction: 282
Zone: traffic
Camera type: fixed</description>
      <Point>
        <coordinates>-95.8210691,36.0829353,0</coordinates>
      </Point>
    </Placemark>
    <Placemark>
      <name>ALPR</name>
      <description>OSM node: https://www.openstreetmap.org/node/14051902501
Manufacturer: Leonardo
Direction: 147
Zone: traffic
Camera type: fixed</description>
      <Point>
        <coordinates>-95.815459,36.077645,0</coordinates>
      </Point>
    </Placemark>
    <Placemark>
      <name>ALPR</name>
      <description>OSM node: https://www.openstreetmap.org/node/14051922801
Manufacturer: Leonardo
Direction: 179
Zone: traffic
Camera type: fixed</description>
      <Point>
        <coordinates>-95.8153212,36.0753447,0</coordinates>
      </Point>
    </Placemark>
    <Placemark>
      <name>ALPR</name>
      <description>OSM node: https://www.openstreetmap.org/node/14051925101
Manufacturer: Leonardo
Direction: 96
Zone: traffic
Camera type: fixed</description>
      <Point>
        <coordinates>-95.815183,36.0754383,0</coordinates>
      </Point>
    </Placemark>
    <Placemark>
      <name>ALPR</name>
      <description>OSM node: https://www.openstreetmap.org/node/14051926901
Manufacturer: Leonardo
Direction: 0
Zone: traffic
Camera type: fixed</description>
      <Point>
        <coordinates>-95.815288,36.0755505,0</coordinates>
      </Point>
    </Placemark>
    <Placemark>
      <name>ALPR</name>
      <description>OSM node: https://www.openstreetmap.org/node/14051927401
Manufacturer: Leonardo
Direction: 265
Zone: traffic
Camera type: fixed</description>
      <Point>
        <coordinates>-95.8154327,36.0754706,0</coordinates>
      </Point>
    </Placemark>
    <Placemark>
      <name>ALPR</name>
      <description>OSM node: https://www.openstreetmap.org/node/14051978601
Manufacturer: Leonardo
Direction: 179
Zone: traffic
Camera type: fixed</description>
      <Point>
        <coordinates>-95.7795871,36.0753681,0</coordinates>
      </Point>
    </Placemark>
    <Placemark>
      <name>ALPR</name>
      <description>OSM node: https://www.openstreetmap.org/node/14051979201
Manufacturer: Leonardo
Direction: 90
Zone: traffic
Camera type: fixed</description>
      <Point>
        <coordinates>-95.7793728,36.0755043,0</coordinates>
      </Point>
    </Placemark>
    <Placemark>
      <name>ALPR</name>
      <description>OSM node: https://www.openstreetmap.org/node/14051980401
Manufacturer: Leonardo
Direction: 0
Zone: traffic
Camera type: fixed</description>
      <Point>
        <coordinates>-95.7795373,36.0756562,0</coordinates>
      </Point>
    </Placemark>
    <Placemark>
      <name>ALPR</name>
      <description>OSM node: https://www.openstreetmap.org/node/14051983001
Manufacturer: Leonardo
Direction: 271
Zone: traffic
Camera type: fixed</description>
      <Point>
        <coordinates>-95.7796935,36.0755826,0</coordinates>
      </Point>
    </Placemark>
    <Placemark>
      <name>ALPR</name>
      <description>OSM node: https://www.openstreetmap.org/node/14052090701
Manufacturer: Flock Safety
Direction: 202;135
Zone: traffic
Camera type: fixed</description>
      <Point>
        <coordinates>-97.7270035,35.4061063,0</coordinates>
      </Point>
    </Placemark>
    <Placemark>
      <name>ALPR</name>
      <description>OSM node: https://www.openstreetmap.org/node/14052426702
Manufacturer: Flock Safety
Direction: 265;96
Zone: traffic
Camera type: fixed</description>
      <Point>
        <coordinates>-97.7248446,35.4005114,0</coordinates>
      </Point>
    </Placemark>
    <Placemark>
      <name>ALPR</name>
      <description>OSM node: https://www.openstreetmap.org/node/14052441802
Manufacturer: Flock Safety
Direction: 274
Zone: traffic
Camera type: fixed</description>
      <Point>
        <coordinates>-94.737081,34.026387,0</coordinates>
      </Point>
    </Placemark>
    <Placemark>
      <name>ALPR</name>
      <description>OSM node: https://www.openstreetmap.org/node/14053932901
Manufacturer: Flock Safety
Direction: 0
Zone: traffic
Camera type: fixed</description>
      <Point>
        <coordinates>-97.5765505,35.6680175,0</coordinates>
      </Point>
    </Placemark>
    <Placemark>
      <name>ALPR</name>
      <description>OSM node: https://www.openstreetmap.org/node/14053932902
Manufacturer: Flock Safety
Direction: 0
Zone: traffic
Camera type: fixed</description>
      <Point>
        <coordinates>-97.5793043,35.6681895,0</coordinates>
      </Point>
    </Placemark>
    <Placemark>
      <name>ALPR</name>
      <description>OSM node: https://www.openstreetmap.org/node/14055053701
Manufacturer: Flock Safety
Direction: 0
Zone: traffic
Camera type: fixed</description>
      <Point>
        <coordinates>-97.5815495,35.6679873,0</coordinates>
      </Point>
    </Placemark>
    <Placemark>
      <name>ALPR</name>
      <description>OSM node: https://www.openstreetmap.org/node/14055971901
Manufacturer: Flock Safety
Direction: 182
Zone: traffic
Camera type: fixed</description>
      <Point>
        <coordinates>-94.7370482,34.0293144,0</coordinates>
      </Point>
    </Placemark>
    <Placemark>
      <name>ALPR</name>
      <description>OSM node: https://www.openstreetmap.org/node/14057656901
Manufacturer: Flock Safety
Direction: 211
Zone: traffic
Camera type: fixed</description>
      <Point>
        <coordinates>-95.967258,35.9739409,0</coordinates>
      </Point>
    </Placemark>
    <Placemark>
      <name>ALPR</name>
      <description>OSM node: https://www.openstreetmap.org/node/14058774401
Manufacturer: Flock Safety
Direction: 267
Zone: traffic
Camera type: fixed</description>
      <Point>
        <coordinates>-97.4768319,35.4641086,0</coordinates>
      </Point>
    </Placemark>
    <Placemark>
      <name>ALPR</name>
      <description>OSM node: https://www.openstreetmap.org/node/14060174701
Manufacturer: Axis Communications
Direction: 333
Zone: traffic
Camera type: fixed</description>
      <Point>
        <coordinates>-97.5833445,35.5117007,0</coordinates>
      </Point>
    </Placemark>
    <Placemark>
      <name>ALPR</name>
      <description>OSM node: https://www.openstreetmap.org/node/14060175101
Manufacturer: Axis Communications
Direction: 158
Zone: traffic
Camera type: fixed</description>
      <Point>
        <coordinates>-97.5834463,35.5110708,0</coordinates>
      </Point>
    </Placemark>
    <Placemark>
      <name>ALPR</name>
      <description>OSM node: https://www.openstreetmap.org/node/14060319701
Manufacturer: Flock Safety
Direction: 341
Zone: traffic
Camera type: fixed</description>
      <Point>
        <coordinates>-96.2518719,34.1712159,0</coordinates>
      </Point>
    </Placemark>
    <Placemark>
      <name>ALPR</name>
      <description>OSM node: https://www.openstreetmap.org/node/14060380700
Manufacturer: Flock Safety
Direction: 30
Zone: traffic
Camera type: fixed</description>
      <Point>
        <coordinates>-96.487901,36.3050163,0</coordinates>
      </Point>
    </Placemark>
    <Placemark>
      <name>ALPR</name>
      <description>OSM node: https://www.openstreetmap.org/node/14060430201
Manufacturer: Flock Safety
Direction: 140
Zone: traffic
Camera type: fixed</description>
      <Point>
        <coordinates>-96.4644691,36.3182094,0</coordinates>
      </Point>
    </Placemark>
    <Placemark>
      <name>ALPR</name>
      <description>OSM node: https://www.openstreetmap.org/node/14060744001
Manufacturer: Genetec
Direction: 298
Zone: traffic
Camera type: fixed</description>
      <Point>
        <coordinates>-99.6717202,35.61371,0</coordinates>
      </Point>
    </Placemark>
    <Placemark>
      <name>ALPR</name>
      <description>OSM node: https://www.openstreetmap.org/node/14060745501
Manufacturer: Flock Safety
Direction: 101
Zone: traffic
Camera type: fixed</description>
      <Point>
        <coordinates>-97.6158331,35.5273835,0</coordinates>
      </Point>
    </Placemark>
    <Placemark>
      <name>ALPR</name>
      <description>OSM node: https://www.openstreetmap.org/node/14061815501
Manufacturer: Axis Communications
Direction: 80
Zone: traffic
Camera type: fixed</description>
      <Point>
        <coordinates>-97.5028216,35.5222612,0</coordinates>
      </Point>
    </Placemark>
    <Placemark>
      <name>ALPR</name>
      <description>OSM node: https://www.openstreetmap.org/node/14061815801
Manufacturer: Flock Safety
Direction: 48
Zone: traffic
Camera type: fixed</description>
      <Point>
        <coordinates>-94.7433632,36.8015484,0</coordinates>
      </Point>
    </Placemark>
    <Placemark>
      <name>ALPR</name>
      <description>OSM node: https://www.openstreetmap.org/node/14062314765
Manufacturer: Flock Safety
Direction: 240
Zone: traffic
Camera type: fixed</description>
      <Point>
        <coordinates>-97.5094903,35.4353603,0</coordinates>
      </Point>
    </Placemark>
    <Placemark>
      <name>ALPR</name>
      <description>OSM node: https://www.openstreetmap.org/node/14062671401
Manufacturer: Axon Enterprise
Direction: 149
Zone: traffic
Camera type: fixed</description>
      <Point>
        <coordinates>-97.5657608,35.5219978,0</coordinates>
      </Point>
    </Placemark>
    <Placemark>
      <name>ALPR</name>
      <description>OSM node: https://www.openstreetmap.org/node/14062811401
Manufacturer: Flock Safety
Direction: 84
Zone: traffic
Camera type: fixed</description>
      <Point>
        <coordinates>-97.073789,36.4997862,0</coordinates>
      </Point>
    </Placemark>
    <Placemark>
      <name>ALPR</name>
      <description>OSM node: https://www.openstreetmap.org/node/14062866401
Manufacturer: Flock Safety
Direction: 166
Zone: traffic
Camera type: fixed</description>
      <Point>
        <coordinates>-97.565594,35.4350806,0</coordinates>
      </Point>
    </Placemark>
    <Placemark>
      <name>ALPR</name>
      <description>OSM node: https://www.openstreetmap.org/node/14064348007
Manufacturer: Flock Safety
Zone: traffic
Camera type: fixed</description>
      <Point>
        <coordinates>-96.4018641,33.9987468,0</coordinates>
      </Point>
    </Placemark>
    <Placemark>
      <name>ALPR</name>
      <description>OSM node: https://www.openstreetmap.org/node/14064686702
Manufacturer: Flock Safety
Direction: 330
Zone: traffic
Camera type: fixed</description>
      <Point>
        <coordinates>-97.9014187,35.4990885,0</coordinates>
      </Point>
    </Placemark>
    <Placemark>
      <name>ALPR</name>
      <description>OSM node: https://www.openstreetmap.org/node/14064911301
Manufacturer: Neology, Inc.
Direction: 178
Zone: traffic
Camera type: fixed</description>
      <Point>
        <coordinates>-95.9665338,36.0158515,0</coordinates>
      </Point>
    </Placemark>
    <Placemark>
      <name>ALPR</name>
      <description>OSM node: https://www.openstreetmap.org/node/14065048232
Manufacturer: Flock Safety
Direction: 80
Zone: traffic
Camera type: fixed</description>
      <Point>
        <coordinates>-97.5480454,35.4351112,0</coordinates>
      </Point>
    </Placemark>
    <Placemark>
      <name>ALPR</name>
      <description>OSM node: https://www.openstreetmap.org/node/14065050343
Manufacturer: Flock Safety
Direction: 265
Zone: traffic
Camera type: fixed</description>
      <Point>
        <coordinates>-97.5484686,35.4353129,0</coordinates>
      </Point>
    </Placemark>
    <Placemark>
      <name>ALPR</name>
      <description>OSM node: https://www.openstreetmap.org/node/14066755301
Manufacturer: Flock Safety
Direction: 62
Zone: traffic
Camera type: fixed</description>
      <Point>
        <coordinates>-97.7480062,35.3916979,0</coordinates>
      </Point>
    </Placemark>
    <Placemark>
      <name>ALPR</name>
      <description>OSM node: https://www.openstreetmap.org/node/14066926502
Manufacturer: Flock Safety
Direction: 159
Zone: traffic
Camera type: fixed</description>
      <Point>
        <coordinates>-95.9758902,36.1961634,0</coordinates>
      </Point>
    </Placemark>
    <Placemark>
      <name>ALPR</name>
      <description>OSM node: https://www.openstreetmap.org/node/14066926503
Manufacturer: Flock Safety
Direction: 172
Zone: traffic
Camera type: fixed</description>
      <Point>
        <coordinates>-95.97572,36.1963787,0</coordinates>
      </Point>
    </Placemark>
    <Placemark>
      <name>ALPR</name>
      <description>OSM node: https://www.openstreetmap.org/node/14068645701
Manufacturer: Flock Safety
Direction: 152
Zone: traffic
Camera type: fixed</description>
      <Point>
        <coordinates>-97.3531831,35.2906057,0</coordinates>
      </Point>
    </Placemark>
    <Placemark>
      <name>ALPR</name>
      <description>OSM node: https://www.openstreetmap.org/node/14069172101
Manufacturer: Motorola Solutions
Direction: 359
Zone: traffic
Camera type: fixed</description>
      <Point>
        <coordinates>-97.2638591,35.1369758,0</coordinates>
      </Point>
    </Placemark>
    <Placemark>
      <name>ALPR</name>
      <description>OSM node: https://www.openstreetmap.org/node/14069300701
Manufacturer: Flock Safety
Direction: 0
Zone: traffic
Camera type: fixed</description>
      <Point>
        <coordinates>-97.1163132,34.1814295,0</coordinates>
      </Point>
    </Placemark>
    <Placemark>
      <name>ALPR</name>
      <description>OSM node: https://www.openstreetmap.org/node/14069302801
Manufacturer: Flock Safety
Direction: 0
Zone: traffic
Camera type: fixed</description>
      <Point>
        <coordinates>-97.1213496,34.1789011,0</coordinates>
      </Point>
    </Placemark>
    <Placemark>
      <name>ALPR</name>
      <description>OSM node: https://www.openstreetmap.org/node/14069699901
Manufacturer: Flock Safety
Direction: 222
Zone: traffic
Camera type: fixed</description>
      <Point>
        <coordinates>-97.5556413,35.6073481,0</coordinates>
      </Point>
    </Placemark>
    <Placemark>
      <name>ALPR</name>
      <description>OSM node: https://www.openstreetmap.org/node/14069735902
Manufacturer: Flock Safety
Direction: 194
Zone: traffic
Camera type: fixed</description>
      <Point>
        <coordinates>-97.7687234,35.5076394,0</coordinates>
      </Point>
    </Placemark>
    <Placemark>
      <name>ALPR</name>
      <description>OSM node: https://www.openstreetmap.org/node/14070581207
Manufacturer: Flock Safety
Direction: 188
Zone: traffic
Camera type: fixed</description>
      <Point>
        <coordinates>-95.8961669,36.0025549,0</coordinates>
      </Point>
    </Placemark>
    <Placemark>
      <name>ALPR</name>
      <description>OSM node: https://www.openstreetmap.org/node/14070604182
Manufacturer: Flock Safety
Direction: 200
Zone: traffic
Camera type: fixed</description>
      <Point>
        <coordinates>-95.8931566,36.0026659,0</coordinates>
      </Point>
    </Placemark>
    <Placemark>
      <name>ALPR</name>
      <description>OSM node: https://www.openstreetmap.org/node/14071001501
Manufacturer: Flock Safety
Direction: 163
Zone: traffic
Camera type: fixed</description>
      <Point>
        <coordinates>-97.4620619,35.6525944,0</coordinates>
      </Point>
    </Placemark>
    <Placemark>
      <name>ALPR</name>
      <description>OSM node: https://www.openstreetmap.org/node/14071639001
Manufacturer: Flock Safety
Direction: 251
Zone: traffic
Camera type: fixed</description>
      <Point>
        <coordinates>-97.549845,35.6151617,0</coordinates>
      </Point>
    </Placemark>
    <Placemark>
      <name>ALPR</name>
      <description>OSM node: https://www.openstreetmap.org/node/14071666901
Manufacturer: Flock Safety
Direction: 0;0;0;316
Zone: traffic
Camera type: fixed</description>
      <Point>
        <coordinates>-94.9760109,35.8712743,0</coordinates>
      </Point>
    </Placemark>
    <Placemark>
      <name>ALPR</name>
      <description>OSM node: https://www.openstreetmap.org/node/14072129501
Manufacturer: Flock Safety
Direction: 151
Zone: traffic
Camera type: fixed</description>
      <Point>
        <coordinates>-97.6136481,35.6089267,0</coordinates>
      </Point>
    </Placemark>
    <Placemark>
      <name>ALPR</name>
      <description>OSM node: https://www.openstreetmap.org/node/14073014901
Manufacturer: Flock Safety
Direction: 318
Zone: traffic
Camera type: fixed</description>
      <Point>
        <coordinates>-97.4355701,35.5954562,0</coordinates>
      </Point>
    </Placemark>
    <Placemark>
      <name>ALPR</name>
      <description>OSM node: https://www.openstreetmap.org/node/14073401101
Manufacturer: Flock Safety
Direction: 13
Zone: traffic
Camera type: fixed</description>
      <Point>
        <coordinates>-97.5499072,35.6368547,0</coordinates>
      </Point>
    </Placemark>
    <Placemark>
      <name>ALPR</name>
      <description>OSM node: https://www.openstreetmap.org/node/14073559901
Manufacturer: Flock Safety
Direction: 192
Zone: traffic
Camera type: fixed</description>
      <Point>
        <coordinates>-97.4230228,35.6676334,0</coordinates>
      </Point>
    </Placemark>
    <Placemark>
      <name>ALPR</name>
      <description>OSM node: https://www.openstreetmap.org/node/14074005101
Manufacturer: Axon Enterprise
Direction: 64
Zone: traffic
Camera type: fixed</description>
      <Point>
        <coordinates>-97.5783533,35.4931531,0</coordinates>
      </Point>
    </Placemark>
    <Placemark>
      <name>ALPR</name>
      <description>OSM node: https://www.openstreetmap.org/node/14074727376
Manufacturer: Axon Enterprise
Direction: 235
Zone: traffic
Camera type: fixed</description>
      <Point>
        <coordinates>-97.5795865,35.4934076,0</coordinates>
      </Point>
    </Placemark>
    <Placemark>
      <name>ALPR</name>
      <description>OSM node: https://www.openstreetmap.org/node/14074925101
Manufacturer: Axis Communications
Direction: 335
Zone: traffic
Camera type: fixed</description>
      <Point>
        <coordinates>-97.6010759,35.5116084,0</coordinates>
      </Point>
    </Placemark>
    <Placemark>
      <name>ALPR</name>
      <description>OSM node: https://www.openstreetmap.org/node/14074980001
Manufacturer: Flock Safety
Direction: 0
Zone: traffic
Camera type: fixed</description>
      <Point>
        <coordinates>-98.4429825,34.6207501,0</coordinates>
      </Point>
    </Placemark>
    <Placemark>
      <name>ALPR</name>
      <description>OSM node: https://www.openstreetmap.org/node/14075053101
Manufacturer: Flock Safety
Direction: 149
Zone: traffic
Camera type: fixed</description>
      <Point>
        <coordinates>-97.5496963,35.6140062,0</coordinates>
      </Point>
    </Placemark>
    <Placemark>
      <name>ALPR</name>
      <description>OSM node: https://www.openstreetmap.org/node/14075714402
Manufacturer: Flock Safety
Direction: 134
Zone: traffic
Camera type: fixed</description>
      <Point>
        <coordinates>-95.9639553,36.1844209,0</coordinates>
      </Point>
    </Placemark>
    <Placemark>
      <name>ALPR</name>
      <description>OSM node: https://www.openstreetmap.org/node/14075786101
Manufacturer: Flock Safety
Direction: 34
Zone: traffic
Camera type: fixed</description>
      <Point>
        <coordinates>-96.9079343,35.3409449,0</coordinates>
      </Point>
    </Placemark>
    <Placemark>
      <name>ALPR</name>
      <description>OSM node: https://www.openstreetmap.org/node/14075949301
Manufacturer: Flock Safety
Direction: 247
Zone: traffic
Camera type: fixed</description>
      <Point>
        <coordinates>-95.9151685,36.0541581,0</coordinates>
      </Point>
    </Placemark>
    <Placemark>
      <name>ALPR</name>
      <description>OSM node: https://www.openstreetmap.org/node/14077370701
Manufacturer: Flock Safety
Direction: 350
Zone: traffic
Camera type: fixed</description>
      <Point>
        <coordinates>-97.5654713,35.4351974,0</coordinates>
      </Point>
    </Placemark>
    <Placemark>
      <name>ALPR</name>
      <description>OSM node: https://www.openstreetmap.org/node/14077707001
Manufacturer: Flock Safety
Direction: 122
Zone: traffic
Camera type: fixed</description>
      <Point>
        <coordinates>-96.1886088,34.4184383,0</coordinates>
      </Point>
    </Placemark>
    <Placemark>
      <name>ALPR</name>
      <description>OSM node: https://www.openstreetmap.org/node/14077707401
Manufacturer: Flock Safety
Direction: 149
Zone: traffic
Camera type: fixed</description>
      <Point>
        <coordinates>-96.0498686,34.4882754,0</coordinates>
      </Point>
    </Placemark>
    <Placemark>
      <name>ALPR</name>
      <description>OSM node: https://www.openstreetmap.org/node/14077833902
Manufacturer: Axon Enterprise
Direction: 334
Zone: traffic
Camera type: fixed</description>
      <Point>
        <coordinates>-97.5475919,35.4933863,0</coordinates>
      </Point>
    </Placemark>
    <Placemark>
      <name>ALPR</name>
      <description>OSM node: https://www.openstreetmap.org/node/14077863702
Manufacturer: Flock Safety
Direction: 337;205
Zone: traffic
Camera type: fixed</description>
      <Point>
        <coordinates>-96.5696991,36.1804096,0</coordinates>
      </Point>
    </Placemark>
    <Placemark>
      <name>ALPR</name>
      <description>OSM node: https://www.openstreetmap.org/node/14078785004
Manufacturer: Flock Safety
Direction: 151
Zone: traffic
Camera type: fixed</description>
      <Point>
        <coordinates>-94.7886026,36.8202343,0</coordinates>
      </Point>
    </Placemark>
    <Placemark>
      <name>ALPR</name>
      <description>OSM node: https://www.openstreetmap.org/node/14079014905
Manufacturer: Flock Safety
Direction: 60
Zone: traffic
Camera type: fixed</description>
      <Point>
        <coordinates>-95.8777818,36.1891514,0</coordinates>
      </Point>
    </Placemark>
    <Placemark>
      <name>ALPR</name>
      <description>OSM node: https://www.openstreetmap.org/node/14081252401
Manufacturer: Flock Safety
Direction: 0;185
Zone: traffic
Camera type: fixed</description>
      <Point>
        <coordinates>-96.8765699,35.4444456,0</coordinates>
      </Point>
    </Placemark>
    <Placemark>
      <name>ALPR</name>
      <description>OSM node: https://www.openstreetmap.org/node/14083659601
Manufacturer: Flock Safety
Direction: 203
Zone: traffic
Camera type: fixed</description>
      <Point>
        <coordinates>-97.7436971,35.551265,0</coordinates>
      </Point>
    </Placemark>
    <Placemark>
      <name>ALPR</name>
      <description>OSM node: https://www.openstreetmap.org/node/14084843401
Manufacturer: Flock Safety
Direction: 38
Zone: traffic
Camera type: fixed</description>
      <Point>
        <coordinates>-97.4054656,35.4784511,0</coordinates>
      </Point>
    </Placemark>
    <Placemark>
      <name>ALPR</name>
      <description>OSM node: https://www.openstreetmap.org/node/14085651703
Manufacturer: Flock Safety
Direction: 180
Zone: traffic
Camera type: fixed</description>
      <Point>
        <coordinates>-96.1499979,36.1045304,0</coordinates>
      </Point>
    </Placemark>
    <Placemark>
      <name>ALPR</name>
      <description>OSM node: https://www.openstreetmap.org/node/14085843504
Manufacturer: Flock Safety
Direction: 138
Zone: traffic
Camera type: fixed</description>
      <Point>
        <coordinates>-98.6285636,35.870623,0</coordinates>
      </Point>
    </Placemark>
    <Placemark>
      <name>ALPR</name>
      <description>OSM node: https://www.openstreetmap.org/node/14086068801
Manufacturer: Axon Enterprise
Direction: 98
Zone: traffic
Camera type: fixed</description>
      <Point>
        <coordinates>-97.52702,35.4641423,0</coordinates>
      </Point>
    </Placemark>
    <Placemark>
      <name>ALPR</name>
      <description>OSM node: https://www.openstreetmap.org/node/14086589201
Manufacturer: Flock Safety
Direction: 325
Zone: traffic
Camera type: fixed</description>
      <Point>
        <coordinates>-97.6002456,35.4564756,0</coordinates>
      </Point>
    </Placemark>
    <Placemark>
      <name>ALPR</name>
      <description>OSM node: https://www.openstreetmap.org/node/14086873301
Manufacturer: Axis Communications
Direction: 0
Zone: traffic
Camera type: fixed</description>
      <Point>
        <coordinates>-95.7974663,36.0320655,0</coordinates>
      </Point>
    </Placemark>
    <Placemark>
      <name>ALPR</name>
      <description>OSM node: https://www.openstreetmap.org/node/14086877001
Manufacturer: Axis Communications
Direction: 270
Zone: traffic
Camera type: fixed</description>
      <Point>
        <coordinates>-95.7976532,36.0319433,0</coordinates>
      </Point>
    </Placemark>
    <Placemark>
      <name>ALPR</name>
      <description>OSM node: https://www.openstreetmap.org/node/14086881001
Manufacturer: Axis Communications
Direction: 90
Zone: traffic
Camera type: fixed</description>
      <Point>
        <coordinates>-95.7973143,36.0319078,0</coordinates>
      </Point>
    </Placemark>
    <Placemark>
      <name>ALPR</name>
      <description>OSM node: https://www.openstreetmap.org/node/14086881601
Manufacturer: Axis Communications
Direction: 180
Zone: traffic
Camera type: fixed</description>
      <Point>
        <coordinates>-95.7975089,36.0318215,0</coordinates>
      </Point>
    </Placemark>
    <Placemark>
      <name>ALPR</name>
      <description>OSM node: https://www.openstreetmap.org/node/14088479201
Manufacturer: Flock Safety
Direction: 338
Zone: traffic
Camera type: fixed</description>
      <Point>
        <coordinates>-97.1771586,35.0153649,0</coordinates>
      </Point>
    </Placemark>
    <Placemark>
      <name>ALPR</name>
      <description>OSM node: https://www.openstreetmap.org/node/14088500802
Manufacturer: Flock Safety
Direction: 17
Zone: traffic
Camera type: fixed</description>
      <Point>
        <coordinates>-97.5692657,35.5984835,0</coordinates>
      </Point>
    </Placemark>
    <Placemark>
      <name>ALPR</name>
      <description>OSM node: https://www.openstreetmap.org/node/14088503601
Manufacturer: Genetec
Direction: 320
Zone: traffic
Camera type: fixed</description>
      <Point>
        <coordinates>-97.6205004,35.580025,0</coordinates>
      </Point>
    </Placemark>
    <Placemark>
      <name>ALPR</name>
      <description>OSM node: https://www.openstreetmap.org/node/14088513501
Manufacturer: Neology, Inc.
Direction: 359
Zone: traffic
Camera type: fixed</description>
      <Point>
        <coordinates>-97.6122831,35.5800906,0</coordinates>
      </Point>
    </Placemark>
    <Placemark>
      <name>ALPR</name>
      <description>OSM node: https://www.openstreetmap.org/node/14088542701
Manufacturer: Flock Safety
Direction: 68
Zone: traffic
Camera type: fixed</description>
      <Point>
        <coordinates>-95.9689898,36.1640606,0</coordinates>
      </Point>
    </Placemark>
    <Placemark>
      <name>ALPR</name>
      <description>OSM node: https://www.openstreetmap.org/node/14088728501
Manufacturer: Flock Safety
Direction: 180
Zone: traffic
Camera type: fixed</description>
      <Point>
        <coordinates>-97.7041373,35.3915656,0</coordinates>
      </Point>
    </Placemark>
    <Placemark>
      <name>ALPR</name>
      <description>OSM node: https://www.openstreetmap.org/node/14089738101
Manufacturer: Flock Safety
Direction: 284
Zone: traffic
Camera type: fixed</description>
      <Point>
        <coordinates>-97.5824261,35.3430757,0</coordinates>
      </Point>
    </Placemark>
    <Placemark>
      <name>ALPR</name>
      <description>OSM node: https://www.openstreetmap.org/node/14089861301
Manufacturer: Axis Communications
Direction: 344
Zone: traffic
Camera type: fixed</description>
      <Point>
        <coordinates>-97.5301388,35.4352878,0</coordinates>
      </Point>
    </Placemark>
    <Placemark>
      <name>ALPR</name>
      <description>OSM node: https://www.openstreetmap.org/node/14090068601
Manufacturer: Flock Safety
Direction: 225;328
Zone: traffic
Camera type: fixed</description>
      <Point>
        <coordinates>-94.8733131,36.8711716,0</coordinates>
      </Point>
    </Placemark>
    <Placemark>
      <name>ALPR</name>
      <description>OSM node: https://www.openstreetmap.org/node/14090424701
Manufacturer: Motorola Solutions
Direction: 155
Zone: traffic
Camera type: fixed</description>
      <Point>
        <coordinates>-97.5657549,35.4276898,0</coordinates>
      </Point>
    </Placemark>
    <Placemark>
      <name>ALPR</name>
      <description>OSM node: https://www.openstreetmap.org/node/14090707202
Manufacturer: Flock Safety
Direction: 0
Zone: traffic
Camera type: fixed</description>
      <Point>
        <coordinates>-96.7766028,34.0998274,0</coordinates>
      </Point>
    </Placemark>
    <Placemark>
      <name>ALPR</name>
      <description>OSM node: https://www.openstreetmap.org/node/14090708601
Manufacturer: Flock Safety
Direction: 271
Zone: traffic
Camera type: fixed</description>
      <Point>
        <coordinates>-96.3932631,35.0874634,0</coordinates>
      </Point>
    </Placemark>
    <Placemark>
      <name>ALPR</name>
      <description>OSM node: https://www.openstreetmap.org/node/14093436401
Manufacturer: Axon Enterprise
Direction: 166
Zone: traffic
Camera type: fixed</description>
      <Point>
        <coordinates>-97.5658189,35.4785435,0</coordinates>
      </Point>
    </Placemark>
    <Placemark>
      <name>ALPR</name>
      <description>OSM node: https://www.openstreetmap.org/node/14094388701
Manufacturer: Axon Enterprise
Direction: 341
Zone: traffic
Camera type: fixed</description>
      <Point>
        <coordinates>-97.5475623,35.4819304,0</coordinates>
      </Point>
    </Placemark>
    <Placemark>
      <name>ALPR</name>
      <description>OSM node: https://www.openstreetmap.org/node/14094388702
Manufacturer: Axon Enterprise
Direction: 155
Zone: traffic
Camera type: fixed</description>
      <Point>
        <coordinates>-97.565824,35.5109556,0</coordinates>
      </Point>
    </Placemark>
    <Placemark>
      <name>ALPR</name>
      <description>OSM node: https://www.openstreetmap.org/node/14094393703
Manufacturer: Axon Enterprise
Direction: 331
Zone: traffic
Camera type: fixed</description>
      <Point>
        <coordinates>-97.565494,35.5118115,0</coordinates>
      </Point>
    </Placemark>
    <Placemark>
      <name>ALPR</name>
      <description>OSM node: https://www.openstreetmap.org/node/14094427801
Manufacturer: Motorola Solutions
Direction: 44;290
Zone: traffic
Camera type: fixed</description>
      <Point>
        <coordinates>-97.5704918,35.4282627,0</coordinates>
      </Point>
    </Placemark>
    <Placemark>
      <name>ALPR</name>
      <description>OSM node: https://www.openstreetmap.org/node/14095867102
Manufacturer: Axon Enterprise
Direction: 139
Zone: traffic
Camera type: fixed</description>
      <Point>
        <coordinates>-97.5673409,35.6084213,0</coordinates>
      </Point>
    </Placemark>
    <Placemark>
      <name>ALPR</name>
      <description>OSM node: https://www.openstreetmap.org/node/14095868201
Manufacturer: Axon Enterprise
Direction: 60
Zone: traffic
Camera type: fixed</description>
      <Point>
        <coordinates>-97.5839063,35.594503,0</coordinates>
      </Point>
    </Placemark>
    <Placemark>
      <name>ALPR</name>
      <description>OSM node: https://www.openstreetmap.org/node/14098036802
Manufacturer: Flock Safety
Direction: 79
Zone: traffic
Camera type: fixed</description>
      <Point>
        <coordinates>-95.8564085,36.1188698,0</coordinates>
      </Point>
    </Placemark>
    <Placemark>
      <name>ALPR</name>
      <description>OSM node: https://www.openstreetmap.org/node/14098038201
Manufacturer: Flock Safety
Direction: 80
Zone: traffic
Camera type: fixed</description>
      <Point>
        <coordinates>-95.8564085,36.1188698,0</coordinates>
      </Point>
    </Placemark>
    <Placemark>
      <name>ALPR</name>
      <description>OSM node: https://www.openstreetmap.org/node/14098046101
Manufacturer: Flock Safety
Direction: 83
Zone: traffic
Camera type: fixed</description>
      <Point>
        <coordinates>-95.8463512,36.1044412,0</coordinates>
      </Point>
    </Placemark>
    <Placemark>
      <name>ALPR</name>
      <description>OSM node: https://www.openstreetmap.org/node/14098996801
Manufacturer: Flock Safety
Direction: 245;205;135
Zone: traffic
Camera type: fixed</description>
      <Point>
        <coordinates>-97.4235236,35.4498205,0</coordinates>
      </Point>
    </Placemark>
    <Placemark>
      <name>ALPR</name>
      <description>OSM node: https://www.openstreetmap.org/node/14099299001
Manufacturer: Flock Safety
Direction: 225
Zone: traffic
Camera type: fixed</description>
      <Point>
        <coordinates>-97.4361491,35.6528798,0</coordinates>
      </Point>
    </Placemark>
    <Placemark>
      <name>The Home Depot ALPR</name>
      <description>OSM node: https://www.openstreetmap.org/node/14099440601
Operator: The Home Depot
Manufacturer: Flock Safety
Direction: 329
Zone: traffic
Camera type: fixed</description>
      <Point>
        <coordinates>-97.5513009,35.6136263,0</coordinates>
      </Point>
    </Placemark>
    <Placemark>
      <name>The Home Depot ALPR</name>
      <description>OSM node: https://www.openstreetmap.org/node/14099513101
Operator: The Home Depot
Manufacturer: Flock Safety
Direction: 21
Zone: traffic
Camera type: fixed</description>
      <Point>
        <coordinates>-97.5526021,35.6137416,0</coordinates>
      </Point>
    </Placemark>
    <Placemark>
      <name>ALPR</name>
      <description>OSM node: https://www.openstreetmap.org/node/14099704803
Manufacturer: Flock Safety
Direction: 0
Zone: traffic
Camera type: fixed</description>
      <Point>
        <coordinates>-97.4169489,35.4402921,0</coordinates>
      </Point>
    </Placemark>
    <Placemark>
      <name>ALPR</name>
      <description>OSM node: https://www.openstreetmap.org/node/14100132002
Manufacturer: Iteris
Direction: 147
Zone: traffic
Camera type: fixed</description>
      <Point>
        <coordinates>-97.7771016,35.2765695,0</coordinates>
      </Point>
    </Placemark>
    <Placemark>
      <name>ALPR</name>
      <description>OSM node: https://www.openstreetmap.org/node/14100311001
Manufacturer: Flock Safety
Direction: 338-23
Zone: traffic
Camera type: fixed</description>
      <Point>
        <coordinates>-97.623318,35.4602069,0</coordinates>
      </Point>
    </Placemark>
    <Placemark>
      <name>ALPR</name>
      <description>OSM node: https://www.openstreetmap.org/node/14100959401
Manufacturer: Flock Safety
Direction: 181
Zone: traffic
Camera type: fixed</description>
      <Point>
        <coordinates>-95.9044792,36.1176884,0</coordinates>
      </Point>
    </Placemark>
    <Placemark>
      <name>ALPR</name>
      <description>OSM node: https://www.openstreetmap.org/node/14101154203
Manufacturer: Flock Safety
Direction: 56
Zone: traffic
Camera type: fixed</description>
      <Point>
        <coordinates>-97.5046038,35.6196027,0</coordinates>
      </Point>
    </Placemark>
    <Placemark>
      <name>ALPR</name>
      <description>OSM node: https://www.openstreetmap.org/node/14101157201
Manufacturer: Flock Safety
Direction: 238
Zone: traffic
Camera type: fixed</description>
      <Point>
        <coordinates>-97.5045618,35.619709,0</coordinates>
      </Point>
    </Placemark>
    <Placemark>
      <name>ALPR</name>
      <description>OSM node: https://www.openstreetmap.org/node/14101910801
Manufacturer: Flock Safety
Direction: 70
Zone: traffic
Camera type: fixed</description>
      <Point>
        <coordinates>-95.9914614,36.2349229,0</coordinates>
      </Point>
    </Placemark>
    <Placemark>
      <name>ALPR</name>
      <description>OSM node: https://www.openstreetmap.org/node/14101915053
Manufacturer: Flock Safety
Direction: 285
Zone: traffic
Camera type: fixed</description>
      <Point>
        <coordinates>-96.2866361,36.2060942,0</coordinates>
      </Point>
    </Placemark>
    <Placemark>
      <name>ALPR</name>
      <description>OSM node: https://www.openstreetmap.org/node/14102996601
Manufacturer: Flock Safety
Direction: 59
Zone: traffic
Camera type: fixed</description>
      <Point>
        <coordinates>-97.4463101,35.1811808,0</coordinates>
      </Point>
    </Placemark>
    <Placemark>
      <name>ALPR</name>
      <description>OSM node: https://www.openstreetmap.org/node/14103246602
Manufacturer: Flock Safety
Direction: 0
Zone: traffic
Camera type: fixed</description>
      <Point>
        <coordinates>-96.5487987,34.2405494,0</coordinates>
      </Point>
    </Placemark>
    <Placemark>
      <name>ALPR</name>
      <description>OSM node: https://www.openstreetmap.org/node/14103719102
Manufacturer: Flock Safety
Direction: 334
Zone: traffic
Camera type: fixed</description>
      <Point>
        <coordinates>-97.0678342,36.4785006,0</coordinates>
      </Point>
    </Placemark>
    <Placemark>
      <name>ALPR</name>
      <description>OSM node: https://www.openstreetmap.org/node/14103723901
Manufacturer: Flock Safety
Direction: 143
Zone: traffic
Camera type: fixed</description>
      <Point>
        <coordinates>-97.073789,36.4912466,0</coordinates>
      </Point>
    </Placemark>
    <Placemark>
      <name>ALPR</name>
      <description>OSM node: https://www.openstreetmap.org/node/14104236702
Manufacturer: Flock Safety
Direction: 0
Zone: traffic
Camera type: fixed</description>
      <Point>
        <coordinates>-97.116074,34.1786599,0</coordinates>
      </Point>
    </Placemark>
    <Placemark>
      <name>ALPR</name>
      <description>OSM node: https://www.openstreetmap.org/node/14104269001
Manufacturer: Flock Safety
Direction: 0
Zone: traffic
Camera type: fixed</description>
      <Point>
        <coordinates>-96.0115725,36.0822336,0</coordinates>
      </Point>
    </Placemark>
    <Placemark>
      <name>ALPR</name>
      <description>OSM node: https://www.openstreetmap.org/node/14104271101
Manufacturer: Flock Safety
Direction: 341
Zone: traffic
Camera type: fixed</description>
      <Point>
        <coordinates>-96.0114211,36.090036,0</coordinates>
      </Point>
    </Placemark>
    <Placemark>
      <name>Lowe's ALPR</name>
      <description>OSM node: https://www.openstreetmap.org/node/14104379704
Operator: Lowe's
Manufacturer: Flock Safety
Direction: 345
Zone: traffic
Camera type: fixed</description>
      <Point>
        <coordinates>-95.7440518,34.9149277,0</coordinates>
      </Point>
    </Placemark>
    <Placemark>
      <name>ALPR</name>
      <description>OSM node: https://www.openstreetmap.org/node/14104475742
Zone: street</description>
      <Point>
        <coordinates>-97.6665437,35.1247664,0</coordinates>
      </Point>
    </Placemark>
    <Placemark>
      <name>ALPR</name>
      <description>OSM node: https://www.openstreetmap.org/node/14104578701
Manufacturer: Axis Communications
Direction: 0
Zone: traffic
Camera type: fixed</description>
      <Point>
        <coordinates>-95.8152489,35.9957549,0</coordinates>
      </Point>
    </Placemark>
    <Placemark>
      <name>ALPR</name>
      <description>OSM node: https://www.openstreetmap.org/node/14104579001
Manufacturer: Axis Communications
Direction: 173
Zone: traffic
Camera type: fixed</description>
      <Point>
        <coordinates>-95.8152734,35.9954546,0</coordinates>
      </Point>
    </Placemark>
    <Placemark>
      <name>ALPR</name>
      <description>OSM node: https://www.openstreetmap.org/node/14105310201
Manufacturer: Axis Communications
Direction: 0
Zone: traffic
Camera type: fixed</description>
      <Point>
        <coordinates>-95.7616262,36.0611794,0</coordinates>
      </Point>
    </Placemark>
    <Placemark>
      <name>ALPR</name>
      <description>OSM node: https://www.openstreetmap.org/node/14105312701
Manufacturer: Axis Communications
Direction: 68
Zone: traffic
Camera type: fixed</description>
      <Point>
        <coordinates>-95.7614794,36.0609301,0</coordinates>
      </Point>
    </Placemark>
    <Placemark>
      <name>ALPR</name>
      <description>OSM node: https://www.openstreetmap.org/node/14105325701
Manufacturer: Axis Communications
Direction: 168
Zone: traffic
Camera type: fixed</description>
      <Point>
        <coordinates>-95.7617221,36.0607893,0</coordinates>
      </Point>
    </Placemark>
    <Placemark>
      <name>ALPR</name>
      <description>OSM node: https://www.openstreetmap.org/node/14105325702
Manufacturer: Axis Communications
Direction: 352
Zone: traffic
Camera type: fixed</description>
      <Point>
        <coordinates>-95.7973688,36.0611451,0</coordinates>
      </Point>
    </Placemark>
    <Placemark>
      <name>ALPR</name>
      <description>OSM node: https://www.openstreetmap.org/node/14105325801
Manufacturer: Axis Communications
Direction: 260
Zone: traffic
Camera type: fixed</description>
      <Point>
        <coordinates>-95.7619378,36.0609947,0</coordinates>
      </Point>
    </Placemark>
    <Placemark>
      <name>ALPR</name>
      <description>OSM node: https://www.openstreetmap.org/node/14105329401
Manufacturer: Axis Communications
Direction: 252
Zone: traffic
Camera type: fixed</description>
      <Point>
        <coordinates>-95.7977247,36.0610358,0</coordinates>
      </Point>
    </Placemark>
    <Placemark>
      <name>ALPR</name>
      <description>OSM node: https://www.openstreetmap.org/node/14105329402
Manufacturer: Axis Communications
Direction: 169
Zone: traffic
Camera type: fixed</description>
      <Point>
        <coordinates>-95.7975415,36.0608073,0</coordinates>
      </Point>
    </Placemark>
    <Placemark>
      <name>ALPR</name>
      <description>OSM node: https://www.openstreetmap.org/node/14105330701
Manufacturer: Axis Communications
Direction: 81
Zone: traffic
Camera type: fixed</description>
      <Point>
        <coordinates>-95.7971808,36.0608921,0</coordinates>
      </Point>
    </Placemark>
    <Placemark>
      <name>ALPR</name>
      <description>OSM node: https://www.openstreetmap.org/node/14105357701
Manufacturer: Flock Safety
Direction: 112
Zone: traffic
Camera type: fixed</description>
      <Point>
        <coordinates>-95.3269875,36.2495043,0</coordinates>
      </Point>
    </Placemark>
    <Placemark>
      <name>ALPR</name>
      <description>OSM node: https://www.openstreetmap.org/node/14105393902
Manufacturer: Flock Safety
Direction: 238
Zone: traffic
Camera type: fixed</description>
      <Point>
        <coordinates>-97.5677285,35.5850251,0</coordinates>
      </Point>
    </Placemark>
    <Placemark>
      <name>ALPR</name>
      <description>OSM node: https://www.openstreetmap.org/node/14105394102
Manufacturer: Flock Safety
Direction: 236
Zone: traffic
Camera type: fixed</description>
      <Point>
        <coordinates>-97.5865802,35.5948485,0</coordinates>
      </Point>
    </Placemark>
    <Placemark>
      <name>ALPR</name>
      <description>OSM node: https://www.openstreetmap.org/node/14105394103
Manufacturer: Flock Safety
Direction: 248
Zone: traffic
Camera type: fixed</description>
      <Point>
        <coordinates>-97.5677358,35.5925696,0</coordinates>
      </Point>
    </Placemark>
    <Placemark>
      <name>ALPR</name>
      <description>OSM node: https://www.openstreetmap.org/node/14105394201
Manufacturer: Flock Safety
Direction: 139
Zone: traffic
Camera type: fixed</description>
      <Point>
        <coordinates>-97.599941,35.4060794,0</coordinates>
      </Point>
    </Placemark>
    <Placemark>
      <name>ALPR</name>
      <description>OSM node: https://www.openstreetmap.org/node/14106006907
Manufacturer: Flock Safety
Direction: 70
Zone: traffic
Camera type: fixed</description>
      <Point>
        <coordinates>-97.4590182,35.4496828,0</coordinates>
      </Point>
    </Placemark>
    <Placemark>
      <name>ALPR</name>
      <description>OSM node: https://www.openstreetmap.org/node/14106456801
Manufacturer: Flock Safety
Direction: 325
Zone: traffic
Camera type: fixed</description>
      <Point>
        <coordinates>-97.4894053,35.4760888,0</coordinates>
      </Point>
    </Placemark>
    <Placemark>
      <name>ALPR</name>
      <description>OSM node: https://www.openstreetmap.org/node/14106461403
Manufacturer: Flock Safety
Direction: 78
Zone: traffic
Camera type: fixed</description>
      <Point>
        <coordinates>-95.7257135,36.0149829,0</coordinates>
      </Point>
    </Placemark>
    <Placemark>
      <name>ALPR</name>
      <description>OSM node: https://www.openstreetmap.org/node/14106461404
Manufacturer: Flock Safety
Direction: 64
Zone: traffic
Camera type: fixed</description>
      <Point>
        <coordinates>-95.7257518,36.0088015,0</coordinates>
      </Point>
    </Placemark>
    <Placemark>
      <name>ALPR</name>
      <description>OSM node: https://www.openstreetmap.org/node/14106468001
Manufacturer: Flock Safety
Direction: 0
Zone: traffic
Camera type: fixed</description>
      <Point>
        <coordinates>-95.967252,35.9739552,0</coordinates>
      </Point>
    </Placemark>
    <Placemark>
      <name>ALPR</name>
      <description>OSM node: https://www.openstreetmap.org/node/14107562901
Manufacturer: Flock Safety
Direction: 51
Zone: traffic
Camera type: fixed</description>
      <Point>
        <coordinates>-96.0006874,36.1916524,0</coordinates>
      </Point>
    </Placemark>
    <Placemark>
      <name>ALPR</name>
      <description>OSM node: https://www.openstreetmap.org/node/14108369902
Manufacturer: Flock Safety
Direction: 129
Zone: traffic
Camera type: fixed</description>
      <Point>
        <coordinates>-97.5432947,35.7112213,0</coordinates>
      </Point>
    </Placemark>
    <Placemark>
      <name>ALPR</name>
      <description>OSM node: https://www.openstreetmap.org/node/14108376901
Manufacturer: Flock Safety
Direction: 235
Zone: traffic
Camera type: fixed</description>
      <Point>
        <coordinates>-97.5433435,35.7112237,0</coordinates>
      </Point>
    </Placemark>
    <Placemark>
      <name>ALPR</name>
      <description>OSM node: https://www.openstreetmap.org/node/14108511201
Manufacturer: Flock Safety
Direction: 337
Zone: traffic
Camera type: fixed</description>
      <Point>
        <coordinates>-97.5301335,35.4208787,0</coordinates>
      </Point>
    </Placemark>
    <Placemark>
      <name>ALPR</name>
      <description>OSM node: https://www.openstreetmap.org/node/14108518501
Manufacturer: Flock Safety
Direction: 156
Zone: traffic
Camera type: fixed</description>
      <Point>
        <coordinates>-97.5303356,35.4206539,0</coordinates>
      </Point>
    </Placemark>
    <Placemark>
      <name>ALPR</name>
      <description>OSM node: https://www.openstreetmap.org/node/14108926702
Manufacturer: Flock Safety
Direction: 158
Zone: traffic
Camera type: fixed</description>
      <Point>
        <coordinates>-100.5197137,36.8194571,0</coordinates>
      </Point>
    </Placemark>
    <Placemark>
      <name>ALPR</name>
      <description>OSM node: https://www.openstreetmap.org/node/14108971302
Manufacturer: Flock Safety
Direction: 304
Zone: traffic
Camera type: fixed</description>
      <Point>
        <coordinates>-97.5492452,35.7147704,0</coordinates>
      </Point>
    </Placemark>
    <Placemark>
      <name>ALPR</name>
      <description>OSM node: https://www.openstreetmap.org/node/14108973101
Manufacturer: Flock Safety
Direction: 79
Zone: traffic
Camera type: fixed</description>
      <Point>
        <coordinates>-97.549174,35.7147622,0</coordinates>
      </Point>
    </Placemark>
    <Placemark>
      <name>ALPR</name>
      <description>OSM node: https://www.openstreetmap.org/node/14109865801
Manufacturer: Rekor
Direction: 268
Zone: traffic
Camera type: fixed</description>
      <Point>
        <coordinates>-95.7617099,36.0754751,0</coordinates>
      </Point>
    </Placemark>
    <Placemark>
      <name>ALPR</name>
      <description>OSM node: https://www.openstreetmap.org/node/14109865802
Manufacturer: Rekor
Direction: 0
Zone: traffic
Camera type: fixed</description>
      <Point>
        <coordinates>-95.7616848,36.0754929,0</coordinates>
      </Point>
    </Placemark>
    <Placemark>
      <name>ALPR</name>
      <description>OSM node: https://www.openstreetmap.org/node/14109865803
Manufacturer: Rekor
Direction: 87
Zone: traffic
Camera type: fixed</description>
      <Point>
        <coordinates>-95.7616277,36.0754644,0</coordinates>
      </Point>
    </Placemark>
    <Placemark>
      <name>ALPR</name>
      <description>OSM node: https://www.openstreetmap.org/node/14109865804
Manufacturer: Rekor
Direction: 184
Zone: traffic
Camera type: fixed</description>
      <Point>
        <coordinates>-95.761677,36.0754273,0</coordinates>
      </Point>
    </Placemark>
    <Placemark>
      <name>ALPR</name>
      <description>OSM node: https://www.openstreetmap.org/node/14110182002
Manufacturer: Flock Safety
Direction: 103
Zone: traffic
Camera type: fixed</description>
      <Point>
        <coordinates>-96.9299991,35.3854142,0</coordinates>
      </Point>
    </Placemark>
    <Placemark>
      <name>ALPR</name>
      <description>OSM node: https://www.openstreetmap.org/node/14110183101
Manufacturer: Flock Safety
Direction: 108;174;247
Zone: traffic
Camera type: fixed</description>
      <Point>
        <coordinates>-96.9210249,35.3863425,0</coordinates>
      </Point>
    </Placemark>
    <Placemark>
      <name>ALPR</name>
      <description>OSM node: https://www.openstreetmap.org/node/14110186702
Manufacturer: Flock Safety
Direction: 181
Zone: traffic
Camera type: fixed</description>
      <Point>
        <coordinates>-96.9296708,35.3855514,0</coordinates>
      </Point>
    </Placemark>
    <Placemark>
      <name>ALPR</name>
      <description>OSM node: https://www.openstreetmap.org/node/14110186901
Manufacturer: Flock Safety
Direction: 0
Zone: traffic
Camera type: fixed</description>
      <Point>
        <coordinates>-96.9298263,35.3827591,0</coordinates>
      </Point>
    </Placemark>
    <Placemark>
      <name>ALPR</name>
      <description>OSM node: https://www.openstreetmap.org/node/14110188501
Manufacturer: Flock Safety
Direction: 181
Zone: traffic
Camera type: fixed</description>
      <Point>
        <coordinates>-96.9296531,35.383169,0</coordinates>
      </Point>
    </Placemark>
    <Placemark>
      <name>ALPR</name>
      <description>OSM node: https://www.openstreetmap.org/node/14110188502
Manufacturer: Flock Safety
Direction: 99
Zone: traffic
Camera type: fixed</description>
      <Point>
        <coordinates>-96.9299085,35.382973,0</coordinates>
      </Point>
    </Placemark>
    <Placemark>
      <name>ALPR</name>
      <description>OSM node: https://www.openstreetmap.org/node/14110191202
Manufacturer: Flock Safety
Direction: 179
Zone: traffic
Camera type: fixed</description>
      <Point>
        <coordinates>-96.9119787,35.3848247,0</coordinates>
      </Point>
    </Placemark>
    <Placemark>
      <name>ALPR</name>
      <description>OSM node: https://www.openstreetmap.org/node/14110191203
Manufacturer: Flock Safety
Direction: 98
Zone: traffic
Camera type: fixed</description>
      <Point>
        <coordinates>-96.9123326,35.3847264,0</coordinates>
      </Point>
    </Placemark>
    <Placemark>
      <name>ALPR</name>
      <description>OSM node: https://www.openstreetmap.org/node/14110191301
Manufacturer: Flock Safety
Direction: 0
Zone: traffic
Camera type: fixed</description>
      <Point>
        <coordinates>-96.9297848,35.3852582,0</coordinates>
      </Point>
    </Placemark>
    <Placemark>
      <name>ALPR</name>
      <description>OSM node: https://www.openstreetmap.org/node/14110191302
Manufacturer: Flock Safety
Direction: 3
Zone: traffic
Camera type: fixed</description>
      <Point>
        <coordinates>-96.9121949,35.3845659,0</coordinates>
      </Point>
    </Placemark>
    <Placemark>
      <name>ALPR</name>
      <description>OSM node: https://www.openstreetmap.org/node/14110191303
Manufacturer: Flock Safety
Direction: 0
Zone: traffic
Camera type: fixed</description>
      <Point>
        <coordinates>-96.9121933,35.3829132,0</coordinates>
      </Point>
    </Placemark>
    <Placemark>
      <name>ALPR</name>
      <description>OSM node: https://www.openstreetmap.org/node/14110191304
Manufacturer: Flock Safety
Direction: 177
Zone: traffic
Camera type: fixed</description>
      <Point>
        <coordinates>-96.9119714,35.3831646,0</coordinates>
      </Point>
    </Placemark>
    <Placemark>
      <name>ALPR</name>
      <description>OSM node: https://www.openstreetmap.org/node/14110192001
Manufacturer: Flock Safety
Direction: 265
Zone: traffic
Camera type: fixed</description>
      <Point>
        <coordinates>-96.9118422,35.3846753,0</coordinates>
      </Point>
    </Placemark>
    <Placemark>
      <name>ALPR</name>
      <description>OSM node: https://www.openstreetmap.org/node/14110192002
Manufacturer: Flock Safety
Direction: 263
Zone: traffic
Camera type: fixed</description>
      <Point>
        <coordinates>-96.929492,35.3829506,0</coordinates>
      </Point>
    </Placemark>
    <Placemark>
      <name>ALPR</name>
      <description>OSM node: https://www.openstreetmap.org/node/14110208746
Manufacturer: Flock Safety
Direction: 254
Zone: traffic
Camera type: fixed</description>
      <Point>
        <coordinates>-96.9118432,35.383082,0</coordinates>
      </Point>
    </Placemark>
    <Placemark>
      <name>ALPR</name>
      <description>OSM node: https://www.openstreetmap.org/node/14110774202
Manufacturer: Flock Safety
Direction: 256
Zone: traffic
Camera type: fixed</description>
      <Point>
        <coordinates>-97.3645354,35.3887865,0</coordinates>
      </Point>
    </Placemark>
    <Placemark>
      <name>ALPR</name>
      <description>OSM node: https://www.openstreetmap.org/node/14111444601
Manufacturer: Flock Safety
Direction: 87
Zone: traffic
Camera type: fixed</description>
      <Point>
        <coordinates>-95.8150365,35.9955937,0</coordinates>
      </Point>
    </Placemark>
    <Placemark>
      <name>ALPR</name>
      <description>OSM node: https://www.openstreetmap.org/node/14111450501
Manufacturer: Flock Safety
Direction: 266
Zone: traffic
Camera type: fixed</description>
      <Point>
        <coordinates>-95.8154786,35.9956054,0</coordinates>
      </Point>
    </Placemark>
    <Placemark>
      <name>ALPR</name>
      <description>OSM node: https://www.openstreetmap.org/node/14111483501
Manufacturer: Flock Safety
Direction: 0
Zone: traffic
Camera type: fixed</description>
      <Point>
        <coordinates>-97.5060325,35.3924395,0</coordinates>
      </Point>
    </Placemark>
    <Placemark>
      <name>ALPR</name>
      <description>OSM node: https://www.openstreetmap.org/node/14111486801
Manufacturer: Flock Safety
Direction: 94
Zone: traffic
Camera type: fixed</description>
      <Point>
        <coordinates>-97.5068198,35.3930633,0</coordinates>
      </Point>
    </Placemark>
    <Placemark>
      <name>ALPR</name>
      <description>OSM node: https://www.openstreetmap.org/node/14111488602
Manufacturer: Flock Safety
Direction: 94
Zone: traffic
Camera type: fixed</description>
      <Point>
        <coordinates>-97.5068198,35.3930633,0</coordinates>
      </Point>
    </Placemark>
  </Document>
</kml>
